dsh: reasoning:
Let me start by understanding the task. I'm a bounded execution worker named "059". I need to read handoff/map and comms, take one class-bound task, emit valid JSON with IDs, evidence, hash, falsifier, checkpoint, then exit.

Let me explore the workspace.
dsh: reasoning:
No handoff or comms in workspace root. Let me look for a swarm-related directory. There's `workdir`, `ai4math-swarm.tar.gz`, `launch_swarm.sh`, `supervise_swarm.sh`. Also `${I}` directory. Let me search for "handoff" and "comms" directories.
dsh: reasoning:
The swarm is at /data3/guoshaoyang/workdir/ai4math-swarm. Let me look at the map and comms.
dsh: reasoning:
Now I need to understand the task. I'm worker=059. I need to look at the research map, my inbox, and comms. Let me check the research map, inbox for worker 059, and any assignment.
dsh: reasoning:
There is no `worker-059` inbox yet. Let me check the research_map.json, my prompt (maybe there's a runtime instance for worker-059), and check for a spawner that assigns tasks. Let me check `.agents`, `launch_swarm.sh`, `supervise_swarm.sh`, and look for worker-059 references.

Actually the task says "Read handoff/map and comms. Take one class-bound task, emit valid JSON with IDs evidence hash falsifier, checkpoint, then exit. worker=059". So I need to find a class-bound task from the map. Let me look at research_map.json and the map structure.

Let me check if a runtime instance prompt exists for worker-059 — that would tell me exactly what to do.
dsh: reasoning:
Multiple worker-059 instances exist. This is likely a repeated worker that has already run several times. Let me check the most recent instance prompt and meta, plus the previous instance outputs/trajectories to understand what worker-059 is supposed to do and what it has done already.

Let me check the most recent instance (004923).
dsh: reasoning:
I am worker-059 instance at 20260912T004923-968807, currently running. The prompt is the same. Previous instances of worker-059 presumably did work. Let me check their trajectories and stdout, plus what they wrote to outbox/inbox. Let me check if worker-059 has an inbox file (it didn't - the inbox list showed worker-012, worker-015, worker-01, worker-035, worker-041, worker-046, worker-052, worker-06, worker-071, worker-084, worker-085, worker-089, worker-091, worker-16 - no 059). Let me check outbox for worker-059.

Actually the outbox list was truncated at 40 lines. Let me grep for worker-059.
dsh: reasoning:
Now I understand. Worker-059 has been running repeatedly, each time picking a class-bound task from the research map and performing independent verification. The current instance (004923) is me — I've already been started, and this is the 7th run of worker-059.

My job now: read handoff/map and comms, take ONE class-bound task, emit valid JSON with IDs/evidence/hash/falsifier, checkpoint, then exit.

I need to determine what class-bound task remains. The previous runs covered:
1. W059-F1-INDEP-VERDICT-01 — F1/AF-WCC-VAC-GEN (early)
2. W059-F0-ADJUDICATE-01 — F0 adjudication
3. W059-F2A-REV12-VERDICT-01 — F2a rev12
4. W059-F2B-REV12-VERDICT-01 — F2b rev12
5. W059-F1-REV12-VERDICT-01 — F1 rev12

There might be more classes in the taxonomy: AF-WCC-SCALAR-SPH (F3?), plus others. Let me read the ASTRA_HANDOFF.md and the research_map to find open tasks/classes. Also check the ledger and reviews for what's pending.

Let me first look at the ASTRA_HANDOFF.md and the map structure. The map is 3.7MB JSON, so I need to query it programmatically.

Let me start by reading ASTRA_HANDOFF.md.
dsh: reasoning:
Now I need to find an open class-bound task. The previous worker-059 runs picked F0, F1, F2a, F2b verification. What's left?

Options:
1. `AF-WCC-SCALAR-SPH` — the fourth class. W082-F-01 found a defect: "For generic data in the class…" against its own unresolved H4, plus unsourced "equivalently... hidden behind an event horizon". Worker-059's F0 adjudication looked at it partly but the class schema itself (F3? scalar) may not yet have been independently verified at rev12/current hash.

Let me look at the current map for the classes and their hashes, gates, and what artifacts exist. Let me query the map programmatically.

Let me also check the schemas directory (schemas/af_*.yaml), FROZEN revision, and the ledger.
dsh: reasoning:
Now let me look at the gates, claims, and current class hashes. I want to find an open class-bound task with no open owner. Let me inspect the classes:

- F0: canonical taxonomy rev5 `0abb9ed8a961`, companion supplement `d7419b4e8963` rev9
- F1: `cce9c60146d6` rev12
- F2a: `5476a3f2c6bc` rev12
- F2b: `55d0a1ea9bda` rev12
- F3? AF-WCC-SCALAR-SPH — what's its artifact? Let me look for it in the schemas and map.

Actually wait — in the schemas dir we have af_scc_c0_vacuum.yaml, af_scc_c2_vacuum.yaml, af_wcc_vacuum.yaml. There's no scalar schema file. The scalar class may live inside af_wcc_vacuum.yaml or in the F0 taxonomy.

Let me check the map for nodes related to AF-WCC-SCALAR-SPH and their artifacts/reviews. Also check the gates detailed status and the assignments with deadlines.

Let me search the map.
dsh: reasoning:
The map has changed since pass-04 handoff: G-F0 now "pass" and there's a pass-05 decisions file. So now the state is at astra-lifecycle-05. Let me read the latest controller state — `runtime/state/controller_verification/astra-lifecycle-05-decisions.md` or similar, and the latest lifecycle report. Also check updated_at 00:49:19.

Also there's a new gate G-FORM pending with reviewers 17,18. The remaining class-bound task: AF-WCC-SCALAR-SPH (the 4th class in F0) — does it have its own schema? It's referred to as F3 possibly in rev28. Let me look at F0 taxonomy classes and the schemas.

Actually, in the earlier runs, worker-059 verified F1, F2a, F2b. The F0 hard decision item 1 says keep 4 separate classes: AF-WCC-VAC-GEN, AF-SCC-C2-VAC-GEN, AF-SCC-C0-VAC-GEN, AF-WCC-SCALAR-SPH. The schemas present: af_wcc_vacuum.yaml (F1 = AF-WCC-VAC-GEN), af_scc_c2_vacuum.yaml (F2a), af_scc_c0_vacuum.yaml (F2b). The scalar class AF-WCC-SCALAR-SPH likely has no schema yet — it was flagged in W082-F-01 as having a defect in conclusion text.

Wait, earlier rev12 refers to revision 12 of the schemas. Now the handoff mentions rev27/rev28 and rev3. There's an `artifacts/formulation/FROZEN.json` with revision 28 maybe. Let me check the current state of artifacts/formulation.

Let me read the pass-05 decisions and the taxonomy classes, plus find where AF-WCC-SCALAR-SPH lives.
dsh: reasoning:
The taxonomy classes is a dict maybe. Let me inspect. Also read the latest pass-05 decisions file to know current accepted/pending state. Let me do it properly.
dsh: reasoning:
Now I have current state. Key facts as of pass-05 (00:50):

- G-F0 passes at F0 rev5 `0abb9ed8a961`, FROZEN rev28 `2f358f6722d9`.
- G-FORM pending; REC-12 authorized a repair (astra-life05-evidence-binding-repair) that will produce FROZEN rev29 and void rev12 pins.
- AF-WCC-SCALAR-SPH is a coverage gap: "NO F-NODE IN CURRENT MAP (coverage gap)"; CF-21 notes its axes.genericity_kind='unresolved' vs its explicit comeager conclusion — recorded, NOT discharged.
- Worker-059 has already verified F1/F2a/F2b at rev12 and adjudicated F0.

The natural remaining class-bound task: the **fourth class, AF-WCC-SCALAR-SPH** — independent class-binding verification of its taxonomy entry and the CF-21 defect (genericity axis vs comeager conclusion). That's genuinely open (coverage gap, no F-node), class-bound, and useful. It fits "take one class-bound task."

Alternatively, a task could be to verify the F0 rev5 declared taxonomy at `0abb9ed8a961` including the scalar class, since worker-059's earlier F0 adjudication was at rev 276009f4 (superseded). Actually interesting: worker-059's F0 adjudication at 276009f4 found W082-F-01 substantiated — the scalar class conclusion says "For generic data in the class…" against its own unresolved H4. The current taxonomy at rev5 has been rewritten: the scalar conclusion now says "For a comeager set G of data in the class, chosen before and independently of the data..." and genericity_kind='unresolved', but CF-21 records the mismatch axes.genericity_kind='unresolved' vs explicit comeager conclusion. So a bounded task: independent verification of `AF-WCC-SCALAR-SPH` in the frozen F0 rev5 — specifically the CF-21 defect (axis/quantifier consistency), the class-binding of its conclusion predicate, the "no visible singularity" single-q TAIL predicate, the falsifier, and whether it leaks into/from the other three classes. That's exactly a "class-bound task" with a natural falsifier and hash-bound evidence.

Given that my role is a bounded execution worker and worker-059 has produced review events with verdicts, the most valuable contribution now is an independent review of the scalar class entry, closing coverage gap — or at least providing hash-bound evidence for it.

But wait: pass-05 may already have an assignment for this? Let me check REC-17+ and the remaining decisions. Also check the assignment cards for scalar (maybe worker cards). Let me read the rest of the decisions file, and grep the map for "SCALAR".

Also important: the FROZEN rev28 might list revision pin for F0 = 0abb9ed8. Note the current taxonomy file's sha may have changed (updated_at 00:31). Let me measure hashes now to ground evidence.

Also check reviews dir for any current review of scalar class.

Let me read the rest of decisions and grep.
dsh: reasoning:
The scalar class has been reviewed multiple times already (worker-072, worker-094, reviews 248, etc.), but mostly at 276009f4 or the earlier revision. At rev5 0abb9ed8a961, several reviewers accepted with the CF-21 residual (genericity_kind=unresolved vs comeager conclusion) as non-blocking. REC-11 says CF-21 recorded, NOT discharged.

So what's the best "one class-bound task" that isn't already done and has real information gain? Options:

1. **Independent verification of AF-WCC-SCALAR-SPH at F0 rev5 `0abb9ed8a961`** — specifically the CF-21 residual: is `axes.genericity_kind='unresolved'` with `genericity_value_status='unresolved_pending_L1'` and H4 unresolved actually consistent with the rev5 conclusion "For a comeager set G of data in the class, chosen before and independently of the data..."? Plus the "NO visible singularity" single-q TAIL predicate and D1 set-based residue. This is class-bound, open (CF-21 not discharged), and would provide an independent verdict/evidence at the frozen hash. But there's already substantial review coverage (5 accepts at the hash, with the residual flagged non-blocking). An additional independent check would be of marginal but nonzero value.

   Actually wait — REC-11 says reviewers' accept was at the measured hash, and CF-21 is recorded as a residual, not discharged. But is there an actual *defect*? Let's think: the taxonomy's own `field_vocabulary` rule says a generic-quantified claim must name genericity_kind AND genericity_topology. The rev5 scalar class has genericity_kind='unresolved' out of allowed? Let me check `field_vocabulary` in rev5. One review (387) says: "field_vocabulary.genericity_kind.allowed (lines 142-144) is entirely alias forms plus 'unresolved'; 'unresolved' is defined by neither rule_spec.json genericity_kind nor VOCAB_ALIASES.json, and it is..." That's a hard failure candidate raised by review 387 at F0 rev5? Let me check review 387's timestamp and verdict. It might be an open hard finding against F0 rev5 or an older revision.

2. **Verify the FROZEN rev28 manifest and the F0 rev5 canonical publication** — but this is more of a binding check the leads are doing.

3. **A class-bound task on the N0 class binding**: N0 node is AF-WCC-SCALAR-SPH, and G-NUM is pending. There's an assignment for the N0 verdict. But worker-059 as a bounded worker isn't the lead; still, independent verification of the N0 class binding / order claim could be valuable. But earlier worker-059 did F1/F2 verification, so the natural continuation is formulation.

Given "Take one class-bound task", I think the cleanest is: **independent adjudication of the CF-21 residual on AF-WCC-SCALAR-SPH at frozen F0 rev5 `0abb9ed8a961`, deciding whether it is a blocking class-binding defect (as worker-094 called it a 'major') or a dischargeable metadata staleness (as REC-11 says, the conclusion text is authoritative)**. This directly produces a review event with verdict + score + falsifier, hash-bound evidence, and helps the controller decide whether F0's gate pass is safe and whether a repair is needed (F0 bytes are FROZEN; any write voids the gate).

But hold on. Before choosing, let me check if there's an explicit open worker assignment card or inbox message for worker-059 — no inbox file for worker-059, and worker assignments list doesn't include worker-059. The prompt says "no inbox card existed; no open owner" pattern from previous runs. Let me check the newest cards in the inboxes of leads for scalar-related tasks (astra-life05 cards). The 6 pass-05 cards are all owned by leads. So no worker-059 card.

However, there might be fresh uncommitted traffic. Let me check the last lines of rejected.jsonl? No — check the most recent outbox events and the map's assignments with deadlines ~02:xx to see if worker slots got cards. Also, importantly, the supervisor may have spawned me to work on something specific generated by the swarm. Let me check the supervisor log tail and launch_swarm.sh to see how worker tasks are chosen.

Actually, the bounded worker prompt is generic, and previous runs each chose their own task from the map. So it's up to me. I should pick the highest-value open class-bound task.

Let me consider what's genuinely open and class-bound with real epistemic value:

Looking at REC-11 residual CF-21 and REC-12 (evidence-binding repair authorized): the repair is bounded to (1) taxonomy_cases rebind, (2) refresh f0_binding.consistency_evidence_sha256 in all three schemas, (3) F1 variant SET/CH strictness text, (4) FROZEN rev29. No class id/hypothesis/conclusion/axis change. But CF-21 (scalar genericity axis) is explicitly NOT discharged and cannot be repaired under REC-12 ("No class id, hypothesis, conclusion predicate, axis semantics or F0 canonical byte may change").

So an independent adjudication of CF-21 is timely and useful: it determines whether G-FORM/G-F0 must reopen. It's class-bound to AF-WCC-SCALAR-SPH. Evidence: F0 rev5 bytes, rule_spec.json genericity rules, VOCAB_ALIASES.json, field_vocabulary, coverage_gaps CG1, open_questions. Falsifier: e.g., a governing rule that makes 'unresolved' a legal axis token with comeager conclusion; or a class-contract supplement (F0-R d7419b4e) that specifies the pending semantics.

That seems like a strong choice. But I must be careful: is it maybe already adjudicated by the controller as non-blocking, making my independent review just noise? REC-11 explicitly says "Recorded, NOT discharged; the conclusion text is authoritative and the axis token is stale metadata. A future F0 revision repairing it must re-run the F0 round." That's the controller's *position*, not a machine adjudication. An independent measurement of whether the taxonomy's own rules are violated would either corroborate the controller's discharge rationale or falsify it (i.e., show the rules make it a genuine class-binding defect). That's exactly the kind of check that adds information: does any *canonical rule in the artifact itself* require a nameable genericity_kind/topology for the comeager conclusion? If yes, then the accepted artifact is internally inconsistent — a hard finding on the class-binding surface, and the "stale metadata" characterization is wrong. If no, then the controller's discharge rationale is machine-supported.

Also I recall claim 145's falsifier: "F1: bytes at an owner sha256 whose genericity.kind is still provisional/unresolved or whose topology_or_measure is empty -> that DISCHARGED row is falsified." Hmm, that refers to F1/F2 schemas' genericity slots, not the scalar class.

Also there's H4 in the scalar class: let me read it. From the taxonomy output, hypotheses H1-H4 were truncated. Let me read the scalar class in full.

Let me also check rule_spec.json's genericity rules and the field_vocabulary rule text.

Plan:
1. Read the scalar class entry fully from rev5.
2. Read `field_vocabulary` (genericity_kind allowed, rules), `rule_spec.json` genericity kind definitions, VOCAB_ALIASES.json, coverage_gaps CG1, open_questions Q1, class_scope_adjudication D3 record.
3. Build an independent checker (stdlib + PyYAML) with positive/negative controls (mutants) to test:
   - Is `unresolved` in genericity_kind.allowed? Is it defined anywhere (rule_spec, VOCAB_ALIASES)? 
   - Does the artifact's own rule require a named genericity kind whenever a conclusion quantifies generically/comeagerly?
   - Does the conclusion text bind an explicit quantifier and predicate (single-q TAIL, no SET residue, no unsourced 'equivalently')?
   - Class separation: scalar tokens don't leak into the other three classes' conclusions, and the scalar conclusion doesn't assert another class's predicate.
   - Falsifier present and non-vacuous.
4. Produce artifacts: snapshot, checker, evidence JSON, review JSON with verdict/score/hard failures, checkpoint.
5. Append valid JSON events to comms/outbox/worker-059.jsonl (status/artifact/review/blocker/checkpoint) with unique IDs, sha256, falsifier.
6. Write a worker checkpoint file.

Also must be careful about "emit valid JSON with IDs evidence hash falsifier, checkpoint, then exit". So events must validate against research_map/events.schema.json. Let me read that schema, and the comms.py validate function to make sure.

Let me first read the scalar class fully and relevant rules. Then decide the final verdict.

Also, check whether the rev5 taxonomy has already been reviewed by an independent worker for exactly this. Reviews 367 (B3), 337 (K7), 312/324/327 (W038-02-F1 non-blocking), 414/415, 294, 323. Multiple reviews flag it as non-blocking with the declared deferral. So my contribution should be more decisive: an *adjudication* (binding vs non-binding) with machine-checkable rule citations, not just another "non-blocking, noted" finding. The key question: does `axes.genericity_kind='unresolved'` violate the artifact's own validity rules, i.e., is the artifact internally inconsistent by its own rule_spec? Let me look.

Let me read the full scalar class and the rules.
dsh: reasoning:
Now I see the tension clearly:

- `field_vocabulary.genericity_kind.allowed` includes "unresolved" (so axis value is syntactically allowed).
- Rule: "a generic-quantified claim must name genericity_kind AND genericity_topology; 'generic' alone is not a machine-readable value."
- The scalar class conclusion: "For a comeager set G of data in the class..." — this is a generic-quantified claim (quantifies over a comeager set) but `genericity_kind='unresolved'` (not naming a kind) and there's NO `genericity_topology` key in the axes at all (the axes dict has no genericity_topology field for any class — let me check all four classes' axes; for the three vacuum classes, axes has genericity_kind=provisional_baire_residual but also no genericity_topology key!). Hmm, wait: the axes dicts for all four classes lack `genericity_topology`. The field_vocabulary lists it as a required concept; class_scope_adjudication D3 claims comeager quantifier explicit in each conclusion. So there may be a broader issue: no class names genericity_topology in axes.

Interesting. But note: worker-059's earlier F1 rev12 verification found HF-059-F1-02 about F0 storing alias `provisional_baire_residual` while VOCAB_ALIASES declares `residual_comeager` canonical. And reviews 145's falsifier mentions "whose genericity.kind is still provisional/unresolved or whose topology_or_measure is empty -> that DISCHARGED row is falsified."

So the class-bound task could be sharpened to: **independent verification of the genericity-binding contract for AF-WCC-SCALAR-SPH at F0 rev5**: does the class name a machine-readable genericity kind and topology as required by the artifact's own rule, given its conclusion quantifies over a comeager set? And separately, is 'unresolved' a *registered* token under the cross-artifact vocabularies (rule_spec.json, VOCAB_ALIASES.json)? Reviews 387 flagged: "field_vocabulary.genericity_kind.allowed ... 'unresolved' is defined by neither rule_spec.json genericity_kind nor VOCAB_ALIASES.json". That's a cross-artifact registry defect.

Let me look at rule_spec.json genericity rules and VOCAB_ALIASES.json to ground it. Also, need to check what the F0-R supplement d7419b4e says about the scalar class — maybe it names the genericity topology and the pending semantics, which could discharge the "must name" rule by deferral. That's the key potential counter-evidence: the canonical/authoring companion F0-R may define the scalar class's genericity as explicitly deferred with a registered pending token.

Let me read:
- artifacts/formulation/formulation_taxonomy.yaml (companion, d7419b4e) — or is the companion `VARIANT_REGISTRY.json`? The handoff says "declared taxonomy vs class-contract supplement F0-R". Let me find F0-R file: artifacts/formulation/formulation_taxonomy.yaml (rev9) is the supplement d7419b4e.
- artifacts/formulation/VOCAB_ALIASES.json
- artifacts/formulation/rule_spec.json genericity_kind
- artifacts/formulation/KEY_MANIFEST.json
- artifacts/formulation/FROZEN.json rev28 (pins)

Let me inspect these.
dsh: reasoning:
Let me look at the rule_spec.json vocables and rules related to genericity, and the F0-class-contract-supplement (artifacts/formulation/formulation_taxonomy.yaml) — does it have an "axis-registry" that defines genericity for the scalar class?

Also check the class_contracts section mentioned earlier (worker-059 F1 verdict said canonical F0 has no class_contracts section; supplement F0-R has it).

Let me inspect the supplement for scalar class and genericity.
dsh: reasoning:
This is very rich. Now I see a genuine, sharp, class-bound defect ecosystem around **AF-WCC-SCALAR-SPH genericity**:

1. **Declared F0 rev5 taxonomy** (`research_map/formulation_taxonomy.yaml#0abb9ed8a961`):
   - Class axes: `genericity_kind: unresolved`, `genericity_value_status: unresolved_pending_L1`, H4 explicitly unresolved ("must be named before any claim is filed"), no `genericity_topology` key at all.
   - Conclusion: "For a comeager set G of data in the class, chosen before and independently of the data, every member's MGHD admits I+ and there is NO visible singularity..." — a comeager-quantified claim.
   - `field_vocabulary.genericity_kind.rule`: "a generic-quantified claim must name genericity_kind AND genericity_topology; 'generic' alone is not a machine-readable value."
   - So the class's own conclusion is a generic-quantified claim with genericity_kind = "unresolved" (i.e., not named) and no topology. **Internal inconsistency** unless "unresolved" counts as "named".
   
   Note the vocabulary allowed list includes "unresolved" — and genericity_topology's allowed list includes "unresolved" too. So one reading: "unresolved" is a legal *pending* value, and the rule "must name genericity_kind" is satisfied by naming it as unresolved? That's a stretch: the rule says "'generic' alone is not a machine-readable value", and the class conclusion uses "comeager", not bare "generic". Hmm, "comeager" is more specific — it implies residual_comeager in a Baire space, but doesn't name the topology. Yet the axis says unresolved.

2. **F0-R supplement** (`artifacts/formulation/formulation_taxonomy.yaml#d7419b4e8963`, rev9, class-contract + axis-registry):
   - `axis_registry.genericity_axis.frozen['AF-WCC-SCALAR-SPH'] = "unresolved"` with `scalar_note`: "the spherical-scalar class has no schema node yet; its genericity notion is left UNRESOLVED and owned by that future node... This matches research_map/formulation_taxonomy.yaml (worker-01 rev3), which records genericity as provisional for this class."
     - The note is stale in two ways: (a) it cites "worker-01 rev3" while the declared taxonomy is rev5 — worker-01 rev3 recorded genericity as *provisional* (provisional_baire_residual), whereas rev5 records it as *unresolved*; (b) it says "left UNRESOLVED" while the rev5 conclusion binds a comeager set. Also `genericity_axis.values` list does NOT include "unresolved"! Wait: axis_registry.genericity_axis.values = ["residual_comeager","full_measure","open_dense_escape","finite_codimension_complement","none"], but frozen has "unresolved" for scalar. So the value "unresolved" is not in the supplement's own values list either.

3. **VOCAB_ALIASES.json#46cd9f1e** (canonical alias registry, owner lead-formulation):
   - `genericity_kind` canonical keys: residual_comeager, open_dense_escape, full_measure, none. No "unresolved" key, no "provisional_baire_residual" key (it's an alias of residual_comeager but policy says "accepted aliases are equivalent for consistency checks only and must never appear in a new canonical artifact").
   - So neither F0's axis value `unresolved` nor the three vacuum classes' `provisional_baire_residual` is a canonical token in VOCAB_ALIASES. (Worker-059's F1 verdict already found the alias conflict for `provisional_baire_residual`; the scalar `unresolved` is a different, unregistered token.)

4. **rule_spec.json#40f9bb9e** (R07): "genericity.kind in vocabulary; ... genericity.topology_or_measure named". The vocabulary (`rule_spec.vocabularies.genericity_kind`) = [residual_comeager, full_measure, open_dense_escape, finite_codimension_complement, none] — **"unresolved" is not in it**. But R07 applies_to "all" — schemas, though. Does R07 apply to F0 taxonomy classes? It says "applies_to: all" and speaks of `genericity.kind` etc. (schema fields), so it's schema-focused. Still, the F0 declared taxonomy is the governing class definition.

So the sharp class-bound task: **adjudicate the AF-WCC-SCALAR-SPH genericity binding at the frozen F0 rev5** — decide whether the class's conclusion (a comeager-generic claim) is (a) legitimately deferred (per REC-11/axis_registry scalar_note/CG1/H4.unresolved) or (b) an unregistered-token / unnamed-genericity defect that blocks *the class's own binding* and is mis-scoped as a mere "stale metadata" residual.

The thing that makes this a *decidable* verification rather than opinion: cross-registry token membership and the artifact's own rule text. Specifically:
- `unresolved` ∉ rule_spec.vocabularies.genericity_kind (the frozen vocabulary) 
- `unresolved` ∉ VOCAB_ALIASES.genericity_kind canonical keys
- `unresolved` ∉ F0-R axis_registry.genericity_axis.values (while it IS in the `frozen` map)
- `field_vocabulary.genericity_kind.allowed` includes it, and genericity_topology.allowed = [unresolved, named_by_F1, named_by_F2]
- The class's own H4: genericity notion "must be named before any claim is filed", and `genericity_value_status=unresolved_pending_L1`, `coverage_gaps CG1` (no F-node), `open_questions Q1`.

Verdict options: The class entry is *internally* consistent with an explicit deferral ("unresolved" is an allowed pending value; conclusion states the quantifier it would use; H4 says it must be named before any claim is filed). Class-level conclusion text is the authoritative surface. So the more defensible verdict: the **deferral is legitimate at class-definition level** (the class may state what a future claim must look like), but the token is **not registered in either cross-artifact vocabulary**, so any *claim* bound to this class right now cannot satisfy R07's "kind in vocabulary" and the F0-R scalar_note is stale (cites rev3 and says "left UNRESOLVED" while the conclusion binds comeager). The controller's "stale metadata, conclusion authoritative" discharge is *half* supported: conclusion text is fine as a class contract; the axis token is unregistered, and the D3 "confirmed discharged for ALL FOUR classes" record is only true for the *conclusion-text* half, not the *axis* half.

Hmm, but is this really the best task? It's more "metadata adjudication" than new class content. But worker-059's prior tasks were exactly independent verification of class schemas, so it fits the established worker role. And it's class-bound to AF-WCC-SCALAR-SPH, the only class without an F-node and with an open residual (CF-21) explicitly "NOT discharged". We can produce a decisive, hash-bound, falsifiable verdict plus concrete machine-checkable evidence.

Alternatively, more substantive: **verify the AF-WCC-SCALAR-SPH class contract itself against the model** — e.g., check that the conclusion's single-q TAIL predicate matches the F1 canonical predicate (the class_scope_adjudication D1 says F1 carries ONE canonical visibility predicate; scalar conclusion must use the same predicate, not variant SET). At rev5 it does use the single-q TAIL predicate (the D1/D3 discharge note says so). But there is an interesting subtlety: the scalar conclusion's tail predicate says "the tail gamma([t0,T)) is not contained in J^-(q) intersect M" — visible from I+ means contained in J^-(I+)? The F1 canonical single-q TAIL predicate should be checked for exact token/text equality or semantic equivalence with the canonical one. Let me check F1's canonical predicate text and the genericity predicate. There might be a real mismatch: scalar conclusion says "there is NO visible singularity from I+: for every future-inextendible causal geodesic gamma of finite affine length, for every q in I+ and every t0 in [0,T), the tail gamma([t0,T)) is not contained in J^-(q) intersect M." Is that the same as F1's? Let me check the F1 schema's conclusion predicate.

Also, the scalar class is the only WCC class not owned by F1; its conclusion must not assert "no visible singularity" if the canonical predicate is "no future-inextendible causal geodesic of finite affine length is visible from I+" — these look equivalent, good.

Also: the "singularities that form are hidden behind an event horizon" sentence — is that an unsourced equivalence/inflation? Reviewer 248 K3 flagged "unsourced 'equivalently' bridge between J-(I+)-completeness and no-visible-singularity in AF-WCC-SCALAR-SPH line 406" at 276009f4. At rev5, the text no longer says "equivalently" but still says "The singularities that form are hidden behind an event horizon and no singularity is visible from I+." That sentence is arguably a restatement, not an equivalence. The demoted SET wording is bracketed as a marked mention.

So the scalar class text at rev5 looks repaired on the previous hard findings; the remaining live question is CF-21 (genericity axis vs comeager conclusion) — exactly what the controller recorded as not discharged.

I'll take this task:

**Task ID:** `W059-SCALARSPH-GEN-BIND-01`
**Scope:** independent adjudication of the CF-21 residual on AF-WCC-SCALAR-SPH at frozen F0 rev5 `0abb9ed8a961` (FROZEN rev28 `2f358f6722d9`), deciding whether it is (a) a dischargeable metadata staleness or (b) a blocking class-binding defect, with cross-registry token membership measured against VOCAB_ALIASES (46cd9f1e), rule_spec (40f9bb9e), and F0-R supplement (d7419b4e).

Deliverables:
- snapshot of F0 rev5 (and supplemental files as needed) with hashes
- own checker (stdlib+PyYAML) with deterministic single-defect mutants + positive/negative controls
- evidence JSON + adjudication/review JSON (verdict + score + hard failures + falsifier)
- checkpoint JSON
- valid events appended to comms/outbox/worker-059.jsonl per PROTOCOL (status, claim/artifact, review, blocker, checkpoint)

Let me now do the actual verification work carefully.

Steps:
1. Snapshot canonical F0 rev5 to artifacts/worker-059/scalar_sph_genericity/snapshot/.
2. Write checker `check_scalar_sph_genericity.py` that reads pinned files and measures:
   - C1: class exists, axes, hypotheses H1-H4, conclusion text
   - C2: genericity_kind value vs F0 field_vocabulary.allowed (present)
   - C3: genericity_kind value vs axis_registry.genericity_axis.values (NOT present) → defect
   - C4: genericity_kind value vs VOCAB_ALIASES canonical keys (NOT present) → defect
   - C5: genericity_kind value vs rule_spec.vocabularies.genericity_kind (NOT present) → defect
   - C6: genericity_topology key present in axes? (NOT present for all four classes) → defect (rule says must name kind AND topology)
   - C7: conclusion quantifier explicit before data (regex/structural; positive control on the three vacuum classes; mutation control)
   - C8: D1 predicate: bracket-marked demoted SET wording is a marked mention; conclusion does not assert within-J-(I+) containment as the class predicate (assertive-text check like reviewer 294)
   - C9: D3 record claims discharged for ALL FOUR classes; measure whether the class's axis half is discharged (kind named) — false under cross-registry reading
   - C10: H4.unresolved=true and genericity_value_status unresolved_pending_L1 vs conclusion's truth-apt comeager statement — classify as declared deferral
   - C11: class-separation: scalar class entry doesn't contain C2/C0 conclusion tokens or composite leakage
   - C12: F0-R scalar_note staleness: cites "worker-01 rev3" and "genericity as provisional"; declared rev5 has unresolved — check exact text
   - C13: coverage gap CG1 present; no F-node owns class (map check)
   - C14: falsifier/non-vacuity of class conclusion? The taxonomy class has no per-class `falsifier` field (F1/F2 schemas do). Check whether taxonomy requires one... The class entry has test_cases but no falsifier. Hmm — this may be a finding, but the F0 gate criteria only require ids/disjointness/reviewers. Let me check whether there's a per-class falsifier requirement in rule_spec for F0. R14 applies to schemas. I'll note it as advisory: the class-binding surface has no tier-1 falsifier (the three vacuum classes delegate to F1/F2; scalar has no F-node so no falsifier exists anywhere) — that strengthens the "unresolved" status and is a genuine coverage gap consequence.

3. Mutants: create 7-10 deterministic single-defect mutants in tmp dir, verify the checker flags each. E.g.:
   - M1: rename genericity_kind to "residual_comeager" in scalar class → should flag "declared kind differs from F0-R frozen axis" (cross-artifact divergence) but the cross-registry membership becomes OK... Need controls that are directionally right: the checker should report a *divergence* not "still defect". I'll design assertions so each mutant changes a specific check outcome.
   - M2: remove the comeager quantifier from conclusion → C7 fails.
   - M3: add an unsourced "equivalently" back → C8 fails (forbidden unregistered equivalence).
   - M4: assert SET predicate as class predicate (unbracket the demoted wording as assertive) → C8 fails.
   - M5: change conclusion_type to strong_cosmic_censorship_C2 → leakage check fails.
   - M6: change axes.genericity_kind to an unregistered token "foo" → C2 fails.
   - M7: remove the D1/D3 discharge note → D3 evidence check flags.
   - M8: add genericity_topology:"named_by_F1" to scalar axes (i.e., a *false* naming) → should flag mismatch with scalar H4/unresolved and with F0-R.
   Positive control: the unmutated pinned files with expectations.

4. Verdict. Based on measurements, what's the honest verdict? Let me actually run the checks before deciding. Likely: `revise` (score ~3.5-4.0) with one blocking finding: the AF-WCC-SCALAR-SPH genericity token `unresolved` is unregistered in both cross-artifact registries and the class names no `genericity_topology`, so the D3 "discharged for ALL FOUR classes" record is false on the axis half; the conclusion text half is repaired. Since F0 bytes are frozen and G-F0 passed, the correct disposition is a *bounded controller repair to the metadata* (register `unresolved`/pending token or amend axis to a registered token + add topology=pending) without touching class semantics — plus flag that REC-11's characterization "stale metadata" is *partially* right (conclusion authoritative) but "conclusion text is authoritative" doesn't make the unregistered token legal under the artifact's own field vocabulary rule.

Wait — careful. Does `field_vocabulary.genericity_kind.allowed` include "unresolved"? Yes. So under F0's *own* vocabulary, the axis token IS legal. The unregistered-ness is at the *cross-artifact* level (VOCAB_ALIASES is described as canonical token registry with policy "must never appear in a new canonical artifact"; rule_spec genericity_kind is the frozen vocabulary for schemas). And the field_vocabulary rule says "a generic-quantified claim must name genericity_kind AND genericity_topology" — with "unresolved" allowed in genericity_kind and genericity_topology allowed lists. So F0's own rule is arguably satisfied: the claim names genericity_kind = "unresolved" and genericity_topology is *absent* — that's the violation: the key isn't present at all in the class axes. Unless "names" is satisfied by the class-level `genericity_value_status`.

Hmm, do any of the four classes have genericity_topology? Let me check: axes for the vacuum classes = family, matter_model, symmetry, asymptotics, regularity_token, genericity_kind, conclusion_type. No genericity_topology. So *all four* omit genericity_topology, while field_vocabulary says a generic-quantified claim must name genericity_kind AND genericity_topology. This is a systematic F0 field-level omission, not scalar-specific! That's a bigger finding and affects F0 at a passed gate. Hmm interesting. But maybe genericity_topology is owned by F1/F2 and recorded elsewhere (in schemas' genericity.topology_or_measure). The taxonomy's own F0 field_vocabulary should then perhaps not require it... but it does state the rule.

So the sharpest, most valuable finding is:

**HF: F0 rev5 `field_vocabulary.genericity_kind.rule` requires every generic-quantified claim (i.e., every one of the four class conclusions, all of which quantify over a comeager/... set) to name `genericity_topology`, but no class carries a `genericity_topology` axis; and for AF-WCC-SCALAR-SPH the `genericity_kind` token `unresolved` is not a member of the frozen `rule_spec.genericity_kind` vocabulary nor a canonical key of `VOCAB_ALIASES.genericity_kind`. Consequence: the "comeager" quantifier in the scalar conclusion is not backed by a named genericity kind/topology on the class-binding surface, while D3 records the quantifier as discharged for all four classes.**

That's class-bound (scalar is the worst case, being "unresolved"), hash-bound, falsifiable (a repair that adds registered tokens/named topology, or proof that F1/F2 schemas are the sole naming site and F0's rule is advisory).

But hold on — is there a possibility this is *already known and recorded* as CF-21? CF-21: "AF-WCC-SCALAR-SPH axes.genericity_kind='unresolved' vs its explicit comeager conclusion... Recorded, NOT discharged; the conclusion text is authoritative and the axis token is stale metadata." So the controller knows the mismatch but characterizes it as metadata staleness. My added value: (a) the *cross-registry* unregistered-token measurement (not recorded in CF-21), (b) the *F0-wide* missing genericity_topology (possibly not recorded), (c) a decision on whether the G-F0 pass's evidence base (5 accepts) examined this — some accepts did note it non-blocking; (d) a bounded repair recipe.

Let me verify claims about reviews: does any existing review record the missing genericity_topology or the rule_spec membership? Let me grep reviews for "genericity_topology" and "unresolved" and "R07". Also check `reviews/INDEX.md` and the open-review coverage at F0 hash: REC-11 says review coverage F0: 5.

Let me be rigorous and check what's already known so I don't duplicate. Search the repo for "genericity_topology".
dsh: reasoning:
Let me look at the F0 review at rev5 that has genericity_topology mentions: F0-review-16/18/19/094 (these are F0 reviews at earlier revisions?), and F0-conformance-038-rev28.json, G-F0-final-verify-r2.json, F0-indep-082-rev5.json, F0-independent-worker-082.json. Let me check what they say about genericity_topology — specifically whether the missing topology was already flagged, and how it was dispositioned.

Also check worker-073/f0_frozen_verify report — did it check the rule?

Let me grep the relevant text.
dsh: reasoning:
Important: F-094-F0-01 already found the missing genericity_topology slot in all classes at 276009f4 (major, non-blocking), and F-16F0-4 too. At rev5 (0abb9ed8), F0-review-18 (accept 4.0) records the same as a non-blocking finding, and F0-review-19 accept 4.0 also flags it with a remedy. G-F0-final-verify-r2 (00:50, after my start) accepts with O-GF0-R2-1 as major non-blocking.

So the missing genericity_topology is already known, recorded in reviews at rev5, and dispositioned non-blocking by accepting reviewers. CF-21 records the scalar mismatch.

Given that, what NEW class-bound task can I take that is not duplicative? The instruction says "Take one class-bound task". It doesn't have to be novel research; it should be a bounded execution task producing valid JSON with evidence/hash/falsifier. But as a careful worker I should add information rather than duplicate. 

Options for genuinely new, decisive work:

**Option A: Adjudicate the cross-artifact token membership of the scalar class's genericity token.** Known: reviews 19 and 94 noted the rule/axis mismatch. Not yet measured: that `unresolved` is absent from `rule_spec.vocabularies.genericity_kind` (40f9bb9e) and absent as a canonical key in `VOCAB_ALIASES.genericity_kind` (46cd9f1e), while `field_vocabulary.genericity_kind.allowed` (F0's own) includes it. Whether the two independent registries are binding for F0 is a controller question. This is a *registry-legality* question: the canonical artifact contains tokens that are illegal under the two registries that together define the vocabulary. Worker-059's F1 verdict (HF-059-F1-02) already established the analogous conclusion-axis conflict for the three vacuum classes (provisional_baire_residual vs residual_comeager) and genericity axis for F1. So the scalar variant completes that matrix. But my earlier run (f1_rev12_verdict) built `registry_matrix.json` covering F0/F1/F2a/F2b for conclusion tokens and genericity tokens? Let me check that artifact: artifacts/worker-059/f1_rev12_verdict/registry_matrix.json. It might already include the scalar `unresolved` token. If yes, the task is duplicative of my own prior work.

**Option B: Adjudicate F0 rev5's D3 record truth** — `class_scope_adjudication.resolved_divergences[D3]` says "the comeager quantifier is now stated explicitly in each class conclusion text and bound before the data; confirmed discharged for ALL FOUR classes". Measure independently: (i) all four conclusions contain an explicit quantifier; (ii) "bound before the data" — check order; (iii) the scalar class's `axes.genericity_kind` is not a named kind, so D3's "discharged" claim is *conclusion-text-true* but *axis-false*; (iv) the certifying checker `check_taxonomy_consistency.py` inspect? Known from W082-F-02: D3 guard only inspects C2/C0 pair. At rev5, does the checker now compare all four? Review 225 findings[1] says "the checker DOES compare AF-WCC-SCALAR-SPH's genericity axis label (classes_compared includes all four)". So that was repaired.

**Option C: Take a *different* class-bound task entirely** — e.g., the N0 numerics node for class AF-WCC-SCALAR-SPH, G-NUM is pending and there's an assignment `astra-life04-n0-verify` (lead-audit, 03:00) and `astra-life05-gnum-protocol-adjudication` (lead-audit, 02:15). Worker-012 also has an N0 card 02:15/03:00. But G-NUM is a lead-owned verdict; a worker independent verification of the N0 order claim (class AF-WCC-SCALAR-SPH) could be valuable: independently re-run the flat-space spherical scalar-wave convergence and check the ledger/N0 node claim at pinned hashes. Worker-059 has not done numerics verification. However, there are already many N0 verifications (worker-046, -057, -081, -012...). Risk of duplication is high. Also, the numerics lock allows N0 work.

**Option D: Verify the F0-R supplement's stale scalar_note** (cites worker-01 rev3 and "provisional" while declared rev5 says unresolved, and its genericity_axis.values lacks "unresolved"). This is a concrete, novel, machine-checkable divergence between the two F0 logical artifacts (canonical declared vs companion supplement). REC-11 dispositions the companion as consistency-checked, not byte-identical. The `axis_registry.genericity_axis.frozen['AF-WCC-SCALAR-SPH']="unresolved"` agrees in value with canonical, but `values` list omits "unresolved", and the scalar_note's provenance claim is stale/wrong ("matches ... worker-01 rev3, which records genericity as provisional"). Also the three vacuum classes: supplement freezes `residual_comeager`, canonical has `provisional_baire_residual` — the supplement's own policy says aliases must never appear in a new canonical artifact, and its frozen map uses the canonical form. That's the known alias conflict.

Honestly, the highest-value *new* contribution available to a bounded worker right now might be Option A+D combined, but framed as one class-bound task: **cross-artifact registry adjudication for AF-WCC-SCALAR-SPH genericity binding at F0 rev5 + F0-R rev9**, answering: which artifact governs the class's genericity token, is the token legal in each registry, and does the D3 record's claim hold on the axis half? Verdict + repair recipe + falsifier. It's exactly the shape of my prior F1 verdict (which the swarm consumed).

But wait: my own prior F1 verdict already has a `registry_matrix.json`. Let me look at it to see if scalar is covered. If it already covers F0 genericity axis including scalar unresolved, then Option A is partly done. Let me check.

Also, I should check `reviews/` for the F0 review at rev5 by worker-016: "F-16F0-4 ... genericity vocabulary instantiation ... OPEN ... Not blocking while claims_theorem_status is false and F1/F2 own the topology". And the F0-review-19 remedy. So it's known; my task would be to *adjudicate* the known non-blocking dispositions with a machine measurement and a binding recommendation.

Let me look at my prior F1 registry matrix artifact.
dsh: reasoning:
My prior F1 registry matrix already covers the scalar class's genericity_kind = "unresolved" and finds it neither canonical nor an alias ("f0_token_canonical": false, "f0_token_is_alias": false, verdict "no_schema_yet"). So Option A is already partly covered by my own prior work — but it did not include rule_spec (40f9bb9e) as a registry, nor the F0-R supplement's axis_registry, nor the missing genericity_topology slot, nor the D3 record. And prior run's registry_matrix is an artifact of the F1 verdict; its finding focuses on conclusion tokens for F2a/F2b.

Still, I want a task that's not duplicative. Let me step back and consider the swarm's actual open critical path:

- G-FORM is pending. The operative blockers: evidence-binding repair (REC-12) → FROZEN rev29 → verify-gform-r3 (lead-audit). The repair will change schemas' f0_binding; must be verified after.
- G-AUDIT pending: classsep calibration, A0 detector scope, A1 coverage.
- G-LIT pending: L0 blind accepts, L1 fine.
- G-NUM pending: protocol adjudication + N0 accept.
- F0 passed but CF-21 residual open (metadata).

A bounded worker task that would be *directly on the critical path* and class-bound: **pre-verify the REC-12 repair's four items are the only changes needed and that no class-semantics change occurs** — but the repair hasn't landed yet (deadline 01:40; it's ~00:50). I could check whether it has landed (leader may be working now). Not yet likely.

Alternatively: **independent verification of the F0→F1/F2a/F2b `f0_binding.consistency_evidence_sha256` repair target** — the repair will refresh it to the live consistency evidence 9e335e9b. A worker could pre-compute the canonical re-run result so that the lead's repair is independently corroborated. But my prior F2b verdict already independently reproduced 9e335e9b byte-identically. Duplicative.

Another angle: **the G-FORM gate criteria requires "reviewers 17,18 accept with cited sha256"**. At the rev29 pins these will be re-run. Not worker-059's job.

Hmm. What about **the L0/L1 literature side** — a class-bound task on AF-WCC-SCALAR-SPH literature coverage: worker-072 found 0/10 bound entries discharge the class's WCC conclusion. A new bounded task: independent verification of the *class-coverage* claim at current ledger hash a1674f094979 — i.e., re-measure which ledger entries are class-bound to AF-WCC-SCALAR-SPH and whether any now discharges/governs the class's WCC conclusion (given L0 was rebuilt at 00:35–00:44 with axis split). That is class-bound, on the critical path for G-LIT (L0 review round needs evidence at the new hash), and likely NOT yet re-measured at a1674f094979 — worker-072's report was at the old ce42d205 hash. Claim 186 references F0 rev5 + ledger a1674f094979 and says 0/10 discharge — wait, claim 186 evidence_refs include snapshots/theorems.a1674f094979.jsonl. So claim 186 already covers the new ledger hash. Hmm, when was claim 186 added? Claims list is append-only; 186 is fairly recent (near the end). So that's covered too.

Let me look at what's genuinely unowned and useful. Perhaps the best approach is to check the *most recent* outbox traffic to see what other workers are doing right now and where a gap is. Also check the supervisor.log and launch_swarm.sh to understand worker task generation — maybe there IS a mechanism giving each worker a task, and worker-059 has a designed role.

Let me check the supervisor/launch scripts and the latest supervisor log lines.
dsh: reasoning:
Now I understand the swarm setup better: the supervisor launches many worker slots with the generic prompt. Each worker picks a task. My prior runs established a niche: independent verification of formulation artifacts, with a high-quality instrument.

New idea for a genuinely valuable, non-duplicative class-bound task on the critical path: **the F0 gate passed, but the F0 gate's acceptance evidence includes reviews at the measured hash; REC-11 says "DIRECTIVE: canonical F0 bytes are FROZEN". However, per the map, G-F0's evidence_refs include `reviews/F0-review-025.json#0abb9ed8a961`, `F0-review-18`, `F0-review-19`, `F0-conformance-038-rev28`, plus worker-078. But which reviews are *at* the hash and *count as independent verdicts*? A worker can run the controller's own audit tools to check whether the F0 promotion satisfies PROTOCOL rule 2: artifact exists, sha256 in runtime/state/artifact_hashes.json, reviewer verdict at the hash, ≥2 independent accepts. The audit tool `research_map/audit_evidence.py` exists. But running controller tools mutates global state (registry writes), which previous worker-059 runs deliberately avoided. I could run it read-only? audit_evidence.py writes the registry. Avoid.

Let me think about what class-bound task yields the most information for the swarm in the remaining window, while staying in worker-059's lane (formulation verification, no global mutation):

Candidate: **F0-rev5 acceptance-integrity audit for the *scalar* class**: verify that at least two *independent* reviewer verdicts at 0abb9ed8 actually examined the AF-WCC-SCALAR-SPH class entry (not just overall taxonomy), as G-F0's criteria require 2 independent reviewer verdicts. If some accepts did not inspect the scalar conclusion, then the gate pass's evidence for the *fourth class* is weaker than recorded — which connects to REC-11 residual CF-21 ("3 reviewers non-blocking, worker-094 major"). This is a measurable question: for each F0 accept at 0abb9ed8, does its evidence/findings reference the scalar class conclusion text/axis? This is exactly the kind of "verdict coverage" measurement that A1 needs ("2 independent verdicts per formulation target"). And it's class-bound.

Hmm, but the question "which reviewer verdicts count as per-class coverage" is already partly covered by A1-rebind-coverage.json. Let me check that file: it likely maps reviewers per target. If it already measures per-class coverage, then a re-measure would be duplicative. Let me look.

Also, F0 review at rev5 by worker-016 (F-16F0-4) etc. Actually there are only a handful of reviews at 0abb9ed8: F0-review-18 (accept 4.0), F0-review-19 (accept 4.0), F0-conformance-038-rev28 (accept 3.5), G-F0-final-verify-r2 (accept 4.0), F0-indep-082-rev5 (accept 4.0), plus worker-078 (per REC-11), plus F0-review-094/16 (revise at 276009f4? no—F0-review-16 created 00:23:45 at 276009f4; F0-review-094 created 00:29 at 276009f4). Let me check which reviews target 0abb9ed8 and their verdicts, and whether they inspect the scalar class.

A cleaner, sharper, and high-value task just occurred to me: **F0 rev5 acceptance-hash integrity vs FROZEN rev28**: G-F0 passed at 0abb9ed8 with 5 accepts. But REC-12's authorized repair will produce FROZEN rev29 and may touch schemas + taxonomy_cases, NOT F0 bytes. Meanwhile, the *map* (research_map.json) has now been updated many times since 00:31. Does the F0 artifact still measure 0abb9ed8? Yes, we measured it. Is F0's declared artifact registered in runtime/state/artifact_hashes.json at the measured hash? Let me check. If a later write happened... no, it's stable.

Let me look at the problem from the "what does the controller need next" angle. The handoff says the critical path to G-FORM is the rev29 repair then re-review. A worker can best help by (1) supplying an independent instrument the lead-audit can use, or (2) verifying components of the repair as they land.

Actually — wait. There might be a *new* opportunity: the pass-05 evidence-binding repair is due 01:40 and it's now ~00:52. The lead-formulation is running now. Since the repair will produce new schema bytes (rev13) and FROZEN rev29, a worker could prepare an independent *pre-registered* verification protocol for the rev29 pins (so the re-review is fast and not self-referential). But that's a bit indirect.

Alternatively, **take the F0-R supplement (companion) as the target**: the FROZEN rev28 pins both F0 logical artifacts, and REC-11 says the supplement is consistency-checked. Has anyone independently verified the *supplement* at d7419b4e (rev9)? The prior F1 verdict mentions the supplement only via the lead_contract_sha256 binding. Reviewers of F0 mostly reviewed the canonical declared taxonomy. A class-bound task: **verify the F0-R class_contracts entry for AF-WCC-SCALAR-SPH (the class with no schema node) against the canonical taxonomy entry at 0abb9ed8** — four sub-checks: class id present, components consistent, hypotheses/exclusions consistent, genericity axis frozen value consistent, and the `scalar_note` provenance/citation accuracy. This is a genuinely *under-reviewed* artifact: the supplement is a frozen logical artifact pinned in FROZEN rev28 and is the source of the F1/F2 `class_contract_pointer` (per worker-059's early F1 finding, the pointer resolves only in the authoring mirror). This is right in worker-059's lane (it already found the class_contract_pointer issue), class-bound (scalar class), and likely not yet done.

Let me check: does the F0-R supplement even have a class_contracts entry for AF-WCC-SCALAR-SPH? Earlier output printed class_contracts keys: AF-WCC-VAC-GEN, AF-SCC-C2-VAC-GEN, AF-SCC-C0-VAC-GEN, then truncated. Let me check for the scalar key. If absent, that's a concrete coverage finding: the supplement's class_contracts covers only 3 classes, while frozen_classes may list 4. The axis_registry has the scalar with "unresolved". Let me inspect.

Let me also check `contract_divergences`, `unresolved_items`, `review_status` in the supplement, and whether it has a `frozen_classes` entry for scalar.

If the supplement lacks a scalar class contract, then: (a) there's no F-node and no class contract for the fourth class — the coverage gap is deeper than CG1 states; (b) the axis_registry scalar_note says its genericity is "left UNRESOLVED and owned by that future node", yet H4 says owned by L0/L1 (no F-node) — ownership inconsistency between the two F0 artifacts. That's a concrete, machine-checkable divergence between the two pinned logical artifacts of F0, on the class with the open CF-21 residual.

This looks like a strong, novel, class-bound task:

**W059-SCALARSPH-CONTRACT-01**: independent cross-artifact verification of the AF-WCC-SCALAR-SPH class contract between the frozen F0 declared taxonomy (0abb9ed8) and its F0-R companion supplement (d7419b4e), with the genericity-binding registry check against rule_spec (40f9bb9e) and VOCAB_ALIASES (46cd9f1e); decide whether the companion pair is consistent for this class and whether CF-21 is dischargeable as metadata staleness or must be repaired before any claim binds to the class.

Deliverables: snapshot copies, own checker + mutants, evidence JSON, review JSON (verdict/score/hard failures/advisories), checkpoint, outbox events.

This is bounded, class-bound, hash-bound, falsifiable. Let me first verify the facts by inspecting the supplement thoroughly. Let me dump the supplement's sections relevant to scalar: frozen_classes, class_contracts keys, axis_registry.genericity_axis (already seen), contract_divergences, unresolved_items, review_status, implication_ledger.
dsh: reasoning:
Interesting! The supplement's D3 says: class = "all three vacuum classes" (NOT all four). It says the comeager quantifier is now explicit "in each class conclusion text" within the scope "all three vacuum classes". So the supplement's D3 record explicitly scopes to the three vacuum classes. But the canonical declared taxonomy's `class_scope_adjudication.resolved_divergences[D3]` says "confirmed discharged for ALL FOUR classes, including AF-WCC-SCALAR-SPH". So there's a divergence between the two F0 logical artifacts about D3's scope for the scalar class! The supplement says 3 vacuum classes; the canonical says all four including scalar. And per CF-21, the scalar class's genericity axis remains unresolved.

That is a concrete, machine-checkable cross-artifact divergence:
- canonical F0#0abb9ed8: D3 = all four classes, "confirmed discharged for ALL FOUR classes, including AF-WCC-SCALAR-SPH"
- supplement F0-R#d7419b4e: D3.class = "all three vacuum classes", resolution "explicit in each class conclusion text" (within that scope)

And the supplement's axis_registry scalar_note says the scalar class's genericity is left UNRESOLVED and owned by that future F-node, and cites "worker-01 rev3 ... records genericity as provisional" — while canonical rev5 records genericity_kind=unresolved (not provisional), and H4 says owned by "L0/L1 (no F-node owns this class in the current map)" whereas the supplement says "owned by that future node" (a future F-node). So ownership differs: canonical H4 → L0/L1; supplement → future F-node.

Also `frozen_classes` includes scalar; `class_contracts` includes scalar. Let me look at the scalar class_contracts entry in the supplement in full — this is important for the class contract verification.

So my task shapes up as:

**W059-SCALARSPH-CONTRACT-01 — independent cross-artifact contract verification for AF-WCC-SCALAR-SPH between the two FROZEN-pinned F0 logical artifacts.**

Checks:
1. Class present in both frozen_classes; class_ids match canonical (4 ids).
2. class_contracts['AF-WCC-SCALAR-SPH'] content vs canonical class entry: components, hypotheses, exclusions, conclusion_type, genericity.
3. Genericity axis: supplement freezes "unresolved" for scalar; "unresolved" ∉ supplement's own `axis_registry.genericity_axis.values` (self-inconsistency!); canonical axes.genericity_kind="unresolved" ∈ canonical field_vocabulary.allowed but ∉ rule_spec.vocabularies.genericity_kind and ∉ VOCAB_ALIASES canonical keys.
4. D3 scope divergence: canonical says all four discharged; supplement says three vacuum classes. Measurable string/semantic difference.
5. Ownership divergence for the unresolved genericity: canonical H4 owned_by L0/L1 vs supplement scalar_note "owned by that future node" (future F-node); CG1 (canonical) says no F-node; supplement says future node. Verify which is consistent with the map (map has no F3/F4 node for scalar — let me check group nodes).
6. Stale provenance: supplement scalar_note cites worker-01 rev3 "records genericity as provisional"; canonical rev5 records it as unresolved and genericity_value_status unresolved_pending_L1.
7. `genericity_topology` absent in both canonical axes (all four classes) and in supplement's axis_registry for scalar (the supplement's axis_registry has genericity_axis with values/frozen/scalar_note but no "topology" key). The canonical field_vocabulary declares genericity_topology with allowed values including "unresolved" and a rule requiring it to be named for generic-quantified claims. Independent reviewers F-16F0-4, F-094-F0-01, F0-review-18/19 flagged this; it remains uninstantiated at rev5. For the scalar class, the consequence: H4 says "must be named before any claim is filed", and CG1 says no schema node — so the class is *closed to claims* until named; but the conclusion text nonetheless asserts a comeager set. Is that a defect or a declared deferral? The honest adjudication: the class-level entry is a *contract* ("if a claim is filed, this is the statement"), and H4 explicitly gates claims; therefore the deferral is legitimate at class-definition level — the class is not truth-apt yet. But the D3 "discharged for ALL FOUR classes" record overstates: only the *conclusion-text* half is discharged for scalar; the *axis* half (genericity kind) is unresolved. Recommend scoping D3 to the three vacuum classes (as the supplement already does) or annotating the canonical record.

So verdict likely: **revise** with one blocking-ish finding on the *record* (not the class semantics): a cross-artifact contradiction in the D3 discharge scope + unregistered token + missing topology. But since F0 is frozen and passed, and reviewers dispositioned as non-blocking because `claims_theorem_status=false`, the correct severity could be "major/non-blocking for G-F0 (no theorem-status claim), blocking for any claim binding to AF-WCC-SCALAR-SPH". That's a nuanced, useful verdict that doesn't try to un-pass a gate from a worker seat (which the authority note forbids anyway).

Actually, let me reconsider: is there any *stronger* task? What if the F0-R supplement's scalar class_contract contains an actual contract defect (e.g., conclusion_predicate inconsistent with canonical single-q predicate, or a conclusion type mismatch)? Let me read the scalar class_contract in full before finalizing. That could turn a metadata finding into a real class-binding finding.

Let me dump the supplement's AF-WCC-SCALAR-SPH contract.
dsh: reasoning:
Now I have a rich set of concrete cross-artifact findings. Let me be systematic and decide the final scope of the one task, then execute with rigor.

**Task: W059-SCALARSPH-CROSSART-01**
Independent cross-artifact contract verification of the AF-WCC-SCALAR-SPH class across the two FROZEN-rev28-pinned F0 logical artifacts:
- A = `research_map/formulation_taxonomy.yaml` (declared F0 taxonomy, rev5, sha 0abb9ed8a961) — F0 node artifact, governs G-F0
- B = `artifacts/formulation/formulation_taxonomy.yaml` (class-contract supplement F0-R, rev9, sha d7419b4e8963)
and cross-registry token legality vs:
- R1 = `artifacts/formulation/VOCAB_ALIASES.json` (46cd9f1e)
- R2 = `artifacts/formulation/rule_spec.json` (40f9bb9e)
plus FROZEN rev28 pin (2f358f67).

Planned measurements (checker):
1. Both artifacts parse strictly (no duplicate keys).
2. Class id set: A.class_ids == B.frozen_classes == 4 ids, scalar present in both.
3. Scalar class present in A.classes and B.class_contracts.
4. Component consistency: A.axes {family WCC, matter massless_scalar_field, symmetry spherical, asymptotics AF, regularity null} vs B.components {AF, WCC, massless scalar field, spherical, GEN, none} → consistent (B uses prose).
5. conclusion_type: A "weak_cosmic_censorship" vs B "weak_cosmic_censorship" → consistent; and canonical in VOCAB_ALIASES (yes: weak_cosmic_censorship is canonical key) → clean.
6. Predicate consistency: A conclusion single-q TAIL; B conclusion_predicate "no future-incomplete causal geodesic visible from I+ (the spherical version of the WCC predicate)" → consistent at prose level. Check A's conclusion contains no assertive SET wording (the bracket note); and B has no 'contained in J-(I+)' assertive text.
7. Genericity binding:
   a. A.axes.genericity_kind = "unresolved"; value ∈ A.field_vocabulary.genericity_kind.allowed (true); value ∈ R2.vocabularies.genericity_kind (false); value ∈ R1 canonical keys (false).
   b. A.axes has no `genericity_topology` key though A.field_vocabulary declares the slot and its rule requires kind AND topology for a generic-quantified claim; the scalar conclusion is explicitly comeager-generic → violation at rev5 (also true for the other three classes; check all four).
   c. B.axis_registry.genericity_axis.frozen[scalar]="unresolved" but B.axis_registry...values lacks "unresolved" → B is internally inconsistent (self-divergence).
   d. D3 scope: A.class_scope_adjudication.resolved_divergences[D3].resolution claims discharge "for ALL FOUR classes, including AF-WCC-SCALAR-SPH"; B.contract_divergences.items[D3].class = "all three vacuum classes" and its resolution is scoped accordingly → direct contradiction between A and B on the scalar class's D3 discharge.
   e. Ownership: A.classes[scalar].H4.owned_by = "L0/L1 (no F-node owns this class in the current map)"; B.axis_registry...scalar_note = "...owned by that future node" (an F-node) → contradiction. Also A.coverage_gaps CG1 "no schema node (F-node)" and A.provenance.schema_owner "NO F-NODE IN CURRENT MAP (coverage gap)" vs B.class_contracts[scalar].node_id "unmapped (N0 depends on F0 only)". Verify against the research map: formulation group nodes (F0/F1/F2a/F2b) — is there any node owning scalar? Let me check the map nodes.
   f. Stale provenance in B scalar_note: "This matches research_map/formulation_taxonomy.yaml (worker-01 rev3), which records genericity as provisional for this class." → A rev5 records genericity_kind=unresolved, genericity_value_status=unresolved_pending_L1; also A is rev5 (not rev3). So the note's claimed match is stale/wrong.
   g. GEN component in B says "GEN" while the class's genericity is unresolved → B's own tag implies genericity, but that's the class naming convention (all four have GEN).
8. H4 gate: A H4 text "Genericity notion ... is unresolved and must be named before any claim is filed." → any F0 conclusion's truth-apt status; declared deferral: `genericity_value_status=unresolved_pending_L1` and CG1. This is a declaration, not a defect per se; classify as "closed to claims" state. Check whether any *claim* in the map binds to scalar class with a theorem-level conclusion_type and the claim's evidential basis relies on the comeager conclusion → if yes, that's a live violation of H4 ("must be named before any claim is filed"). That would be a genuinely strong finding! Let me measure: claims with class_id/class_ids containing AF-WCC-SCALAR-SPH and conclusion_type in (theorem, conditional_theorem, formal_model?) — from the earlier dump: claims[12],[17],[18],[79],[99],[148],[159],[168] are numerics N0 claims (calibration; not WCC theorem). Claim[42]/[130]/[186] are coverage claims (0 entries discharge) — explicitly not mathematics claims. So no bound claim asserts the class WCC conclusion. Let me verify mechanically: scan claims binding scalar for conclusion_type and statement; classify which assert the class conclusion. If none, H4 is honored → supports non-blocking.

This measurement (claims-binding audit) makes the adjudication decisive and evidence-based: **the deferral is honored by all live claims at the pinned map**, so the defect is confined to the two F0 records (A's D3 scope + B's scalar_note/axis values), not to any promoted result. Verdict: `revise` (records), score ~3.5, with findings:
- HF-01 (binding, cross-artifact contradiction): D3 discharge scope contradiction A vs B for scalar.
- HF-02 (registry): scalar genericity token "unresolved" unregistered in R1/R2; no genericity_topology instantiated (F0-wide), so the A field_vocabulary rule is unmet at the frozen hash; B's own axis values list excludes the token it freezes.
- HF-03 (provenance staleness): B scalar_note cites rev3/provisional vs A rev5/unresolved; ownership contradiction (L0/L1 vs future F-node vs unmapped).
- Advisory: H4 honored by all current claims (measured), so no promoted result is affected; recommend bounded repair limited to records (A's D3 sentence, B's scalar_note/values, plus canonical genericity_topology: "unresolved" per class) — no class semantics change, no F0 byte change without re-round.
- Falsifier: a ruling that B's axis values list is non-binding prose; or a repair adding the registered token/named topology; or any hash drift.

Hmm wait. But there's a subtlety: F0 gate pass directive says canonical F0 bytes are FROZEN; a repair would reopen the gate. So the verdict's remedy must respect that: the *recommendation* is either (i) accept the contradiction as a recorded residual with a controller finding that supersedes A's D3 sentence for the scalar class, or (ii) revise F0 and re-run accepts. That's a controller decision, not mine.

Also I should double check the claim "5 accepts at F0" and that at least 2 review the scalar class. But that's A1 coverage; I can note it.

One more consideration: is the D3 contradiction *real text*? Let me re-read A's D3 resolution exactly: "the comeager quantifier is now stated explicitly in each class conclusion text and bound before the data; confirmed discharged for ALL FOUR classes, including AF-WCC-SCALAR-SPH, whose conclusion text carried the demoted set-based wording until rev5 (worker-16 B-16F0-2 / worker-082 W082-F-02)". Yes — explicit. B's D3: class "all three vacuum classes"; resolution: "DECLARED F0 amendment: the comeager quantifier is now explicit in each class conclusion text and bound before the data". Scope "all three vacuum classes" excludes scalar. This is a genuine scope contradiction between the two pinned F0 logical artifacts.

Also check: A's D3 field name is `class_scope_adjudication.resolved_divergences[D3]`, B's is `contract_divergences.items[D3]`. The supplement is supposed to be "consistency-checked against the declared taxonomy". The canonical consistency tool `check_taxonomy_consistency.py` (evidence 9e335e9b) is claimed to report CONSISTENT — and indeed it only checks conclusion quantifiers / D1/D3 by pattern for C2/C0 pair (per W082-F-02). At rev5, review 225 says the checker compares all four genericity axis labels. Does it compare D3 scope records? Almost certainly not — it can't, since the two records differ in scope yet the tool reports consistent. That is a measurable divergence: the certification tool reports `CONSISTENT` while the two pinned artifacts' D3 records disagree in scope for the scalar class. That's a strong finding: **the consistency certification does not cover the record it names**. I can demonstrate it by running the canonical tool (read-only, as prior F2b run did: "Independent sandbox re-run of the canonical tool on current trees ... prints CONSISTENT (4 classes, 0 divergences)") and contrasting with my own diff of the records. 

Let me now locate the canonical tool and check what it does, then do the work. Let me find check_taxonomy_consistency.py.

Plan of execution:
1. Create dir `artifacts/worker-059/scalar_sph_crossart/`.
2. Snapshot A,B,R1,R2 + FROZEN to `snapshot/` (copy bytes), record sha256.
3. Write `check_scalar_crossart.py` (stdlib+PyYAML) implementing ~30 checks with expected values + mutant harness (single-defect mutants, deterministic, in-memory/tmp).
4. Run: clean pinned files → expected results; mutants → each mutation detected.
5. Run canonical corroboration: `python3 artifacts/formulation/tools/check_taxonomy_consistency.py` (find path) and map node listing; save stdout.
6. Measure claims bound to scalar class (from pinned map snapshot).
7. Write `independent_evidence.json`, `review_F0scalar_0abb9ed8.json`, `checkpoint_w059_scalar_crossart.json`, `postrun_annex.json`, emitted hashes.
8. Append events to comms/outbox/worker-059.jsonl (validate each against research_map/events.schema.json using the project's validator).
9. Final re-hash of all pinned files (drift check) and exit with summary.

Let me first find the consistency tool and map nodes. Also read events.schema.json and how prior run validated events (they used research_map.schemas.validate_event). Let me check research_map/schemas module.
dsh: reasoning:
The map nodes confirm: no F-node for scalar; N0 "Flat-space scalar-wave test" is the node bound to scalar. So:
- A (canonical) H4.owned_by: "L0/L1 (no F-node owns this class in the current map)" — consistent with the map.
- B (supplement) scalar_note: "...owned by that future node" — refers to a future F-node; B class_contracts scalar node_id: "unmapped (N0 depends on F0 only)". So B's scalar ownership is "unmapped/future node" vs A's L0/L1. Divergence in ownership attribution.

Interesting: A says genericity owned by L0/L1; B says owned by a future F-node; CG1 says no F-node. Also canonical provenance.schema_owner = "NO F-NODE IN CURRENT MAP (coverage gap)". So ownership is inconsistent between A and B. Good finding.

Also, note there's a worker-001 "f0_genericity_audit" artifact — someone already audited F0 genericity! Let me check it to avoid duplicating and to see if the D3 scope contradiction was already found. Also worker-017 "vocab_source_adjudication". Let me check those two quickly.

Let me grep reviews/artifacts for "all three vacuum classes" D3 scope contradiction or "D3" + scalar scope.
dsh: reasoning:
Worker-001 ran a genericity audit at 00:40-00:42, proposing patches. Let me read its report to know exactly what it found and proposed — to avoid duplication and to cite it as corroboration (or to falsify it). This is important for my novelty check.

Let me read report.json and coupling_evidence.json and the patch diffs.
dsh: reasoning:
Excellent — worker-001 has already done a self-audit titled "F0 genericity two-slot coherence" at 00:40–00:42, proposing exactly the fix (add genericity_topology: unresolved; scalar kind → provisional_baire_residual) and demonstrating with a coupled consistency-arm experiment. This covers much of my planned findings 7a/7b and the patch. But note:

1. Worker-001's audit is an **author-side self-audit of a frozen artifact; "not a reviewer verdict and no theorem-status claim"** (per report_on_proposed.scope_note). Its findings G-KIND-TOPOLOGY-CONFLATION (medium), G-TOPOLOGY-SLOT-ABSENT (medium for all), G-RULE-SCOPE-CONFLICT (low), G-INSTRUMENT-GAP (medium), G-GUARD-VACUOUS (low).
2. It did NOT report:
   - The **D3 record scope contradiction** between canonical ("ALL FOUR classes, including AF-WCC-SCALAR-SPH") and supplement ("all three vacuum classes"). This is a distinct cross-artifact record contradiction.
   - The **ownership attribution contradiction** (canonical H4 owned_by L0/L1 vs supplement scalar_note "owned by that future node" vs class_contracts scalar node_id "unmapped").
   - The **unregistered-token measurement** vs rule_spec (40f9bb9e) and VOCAB_ALIASES canonical keys (46cd9f1e): `unresolved` ∉ R2.vocabularies.genericity_kind and ∉ R1 canonical keys, while field_vocabulary allows it. Worker-001's patch makes scalar `provisional_baire_residual`, which is an *alias* in R1 (policy forbids aliases in new canonical artifacts) and is the very token my F1 verdict found conflicting. So worker-001's proposed fix would trade one registry defect for another! That's a genuinely important adversarial finding: **the staged repair (worker-001's patch) is not registry-clean** — it would put a VOCAB alias into a new canonical artifact, and the supplement frozen map would use `residual_comeager` while canonical uses `provisional_baire_residual`, re-creating the F0-vs-VOCAB conflict on the scalar class. A review of the *proposed* patch is high-value: it prevents the controller/lead from adopting a repair that re-opens CF-20/registry conflicts.

Wait — actually, the alias conflict was already established in my F1 verdict for the three vacuum classes and F0 genericity axis. Worker-001's patch for the three vacuum classes only adds genericity_topology and leaves `provisional_baire_residual` (alias) in place. Since F0 is frozen and the repair policy may tolerate aliases (field_vocabulary.allowed admits aliases), it's the same open controller question. But for the scalar class, worker-001 *changes* `unresolved` → `provisional_baire_residual`, which introduces the alias into a new canonical artifact (where currently `unresolved` is at least not an alias, just unregistered). Both are unregistered in R2; neither is registry-clean. So the staged patch does not resolve the registry question — it converts "unregistered non-alias token" into "registered alias", which is exactly what CF-20/REC-12 says must not change ("No class id, hypothesis, conclusion predicate, axis semantics or F0 canonical byte may change" — a genericity_kind change IS axis semantics! REC-12 explicitly forbids axis semantics change in the authorized repair).

Hmm, wait: worker-001's patch might be a proposal for a *future F0 revision*, not the REC-12 repair. But it's important: **REC-12 forbids axis semantics change**, and worker-001's canonical patch changes scalar axes.genericity_kind from `unresolved` to `provisional_baire_residual` — an axis-semantics change. So if the lead adopted it under the REC-12 card, it would violate the card's bounds. That's worth stating as a review finding (advisory to the controller, not an accusation).

Let me check whether worker-001's proposal has been adopted / is staged. Worker-001 is running right now (launched 00:50:04). The artifact is from 00:42 (previous instance of worker-001). Let me check its outbox events and whether any proposal was ingested. Also check `proposed/` directory in the swarm root (there's `proposals/` and `proposed/` dirs).

So now my task crystallizes, and it is genuinely additive:

**W059-SCALARSPH-AXIS-ADJ-01**: Independent adjudication of the AF-WCC-SCALAR-SPH genericity-axis repair space at the frozen F0 pair (0abb9ed8 / d7419b4e), covering:
(a) the cross-artifact D3 record contradiction (new);
(b) the ownership attribution contradiction (new);
(c) the registry legality of every candidate token under R1/R2 (completing the matrix: `unresolved` unregistered non-alias; `provisional_baire_residual` registered *alias* forbidden in new canonical artifacts; `residual_comeager` canonical) (new in this combination for the scalar class at this hash);
(d) adversarial review of worker-001's staged patch: does the canonical-only arm violate REC-12's bounds? Is the coupled fix registry-clean? (new);
(e) claims-binding audit: does any live claim violate H4 ("must be named before any claim is filed")? (new; decides materiality).
(f) whether the two-slot rule is satisfied at the frozen hash (corroborates worker-001 G-TOPOLOGY-SLOT-ABSENT).

Verdict: likely `revise` (advisory) with:
- HF-01: cross-artifact D3 scope contradiction (binding for record integrity; measurable; the consistency tool reports CONSISTENT, so the certification is silent on it).
- HF-02: no registry-clean scalar genericity token currently exists under the frozen registries: `unresolved` unregistered; `provisional_baire_residual` is an alias that the VOCAB policy forbids in a new canonical artifact and R2 doesn't list; `residual_comeager` would contradict the class's own `genericity_value_status=unresolved_pending_L1`/H4 if written now (it would fix the kind but still leave topology unnamed). Therefore the controller must designate the scalar kind explicitly (registering a new token, or applying the supplement's official alias-equivalence policy which permits canonical-token use) before any claim binds.
- Advisories: worker-001 patch is not adoptable under REC-12 as-written (axis-semantics change); claims-binding audit shows H4 honored today (0 claims assert the class conclusion), so no promoted result is affected — the defect is prospective, not retrospective.
- Falsifier: a controller ruling designating one governing registry and a legal scalar token (or a repair that adds a registered kind + named topology) at new pinned bytes, or evidence that the consistency tool/D3 records are non-binding prose.

That's a solid, bounded, class-bound task with real information gain, distinct from worker-001's self-audit and from my prior verdicts.

Before executing, let me check a few more things:
1. Worker-001's outbox events (did it emit claims/blockers? Is its proposal pending?)
2. Whether `check_taxonomy_consistency.py` indeed reports CONSISTENT at the frozen pair and what it checks (so I can cite it and show what it misses). Read the tool.
3. The map's claims binding scalar: measure conclusion_types.
4. The events schema/validator to emit valid JSON.

Let me proceed. First read the consistency tool and check the schema. Then start writing artifacts.

Also time check: it's ~00:53. Bounded run. Let's move efficiently.

Let me read check_taxonomy_consistency.py (6.4KB) and events.schema.json.
dsh: reasoning:
Now I have a clear picture of the canonical consistency tool:
- It compares class id sets, family, regularity, conclusion_type (alias-canonicalized), exclusions/test_cases presence, SCC obstruction, genericity kind (alias-canonicalized via VOCAB_ALIASES), C0 variants/data_class, and recomputes D1-D3 from the canonical conclusion texts. 
- Crucially: `div` is computed from the CANONICAL text only. For D3, it only checks `AF-SCC-C0-VAC-GEN` contains "for every data set in the class" and comeager absent in C2/C0 texts — at rev5 the texts have comeager, so no D3 divergence is reported. It never compares the two artifacts' **D3 record scope** (A says all four; B says three vacuum classes), and never checks `genericity_topology`.
- It reports CONSISTENT at the frozen pair (need to verify by running, but worker-001's coupling_evidence says arm A_current_pair = CONSISTENT exit 0).

Now, the critical new insight: **the canonical consistency certificate `CONSISTENT (4 classes, 0 contract-text divergences)` coexists with an explicit scope contradiction in the two pinned D3 records**:
- A (`class_scope_adjudication.resolved_divergences[D3].resolution`): "confirmed discharged for ALL FOUR classes, including AF-WCC-SCALAR-SPH"
- B (`contract_divergences.items[D3].class`): "all three vacuum classes"
and the two records are both part of the FROZEN rev28 logical artifacts that the tool claims to cross-check. The tool cannot see it (it recomputes `div` rather than comparing stored records).

Plus:
- The scalar class's genericity token `unresolved` is not in R2's frozen vocabulary and not a canonical key/alias in R1 (verified in my prior matrix: is_alias false).
- Worker-001's staged patch would change scalar `genericity_kind` → `provisional_baire_residual`, which is a registered *alias* in R1 whose policy says aliases "must never appear in a new canonical artifact", and R2's vocabulary doesn't list it either — so the staged canonical-only fix is not registry-clean, and it changes axis semantics (forbidden by REC-12's bounds).
- Ownership divergence: A H4 owned_by L0/L1 vs B "owned by that future node", B node_id "unmapped (N0 depends on F0 only)", CG1 no F-node.
- H4 says "must be named before any claim is filed": let me measure whether any claim bound to scalar asserts the class conclusion. If none, the class is not truth-apt and no promoted claim is affected.

This is a solid review: independent, adversarial to both the frozen pair and the staged fix, with a decisive materiality measurement.

Let me now check worker-001's outbox to see whether the patch proposal was formally emitted/pending, so my review can target it. Also check the `proposed/` directory.
dsh: reasoning:
Worker-001 emitted the genericity audit as an artifact + status, and now a coverage-scan task. Its patch is a proposal (coupling_evidence says "not_applied": true), and the emitted events show it as an artifact. So my review of the proposal is timely: the lead/controller could adopt it in the rev13/rev29 repair.

Now, one more consideration: REC-12's repair card is specifically bounded to 4 items, "No class id, hypothesis, conclusion predicate, axis semantics or F0 canonical byte may change." So worker-001's canonical patch (changing scalar genericity_kind AND adding genericity_topology to all four classes) is NOT within REC-12. The lead might fold it into a separate F0 revision later. My review should be precise: it reviews the *proposal*, not the authorized repair; recommendation is that adopting the canonical arm alone under REC-12 would exceed the card and void G-F0; a coupled fix can only be done as a fresh F0 revision with re-review, and even then the token choice must be registry-clean.

Let me also check: is `provisional_baire_residual` in R2's vocabulary? R2.vocabularies.genericity_kind = [residual_comeager, full_measure, open_dense_escape, finite_codimension_complement, none] → NO. And R1: it's an alias of residual_comeager → forbidden in new canonical artifacts by policy. And `unresolved`: R2 no; R1 no (neither canonical nor alias). `residual_comeager`: R2 yes; R1 canonical yes. So **no legal genericity_kind token currently exists in F0 for an unresolved scalar class under the two registries** — except that F0's own field_vocabulary.allowed admits `provisional_baire_residual` and `unresolved`. The registries disagree fundamentally about what values are legal (this is the same conflict my F1 verdict found, now sharpened for the scalar case: the *only* R1/R2-clean token is `residual_comeager`, but writing that would fix a kind the class says is unresolved).

Wait, careful: would writing residual_comeager violate H4? H4 says the genericity notion is unresolved. If the conclusion already commits to a comeager set, then the *kind* is fixed (residual/comeager) and only the topology is unresolved — that's worker-001's G-KIND-TOPOLOGY-CONFLATION argument. The supplement's class contract says "genericity in the spherically symmetric constraint manifold" and components.genericity "GEN". So arguably the kind IS residual_comeager and only topology pending. In that reading, the registry-clean fix is: axes.genericity_kind = "residual_comeager" (canonical in both R1 and R2), axes.genericity_topology = "unresolved" (allowed by F0 field_vocabulary; but not in R1/R2 — those registries don't cover the topology axis; field_vocabulary.genericity_topology.allowed = [unresolved, named_by_F1, named_by_F2]), and `genericity_value_status` stays unresolved_pending_L1, H4 text updated to say topology unresolved (hypothesis text change → semantics change, needs fresh F0 revision).

So the review's constructive output: a **legal-repair matrix** for the scalar genericity binding:
- Option 0 (status quo): kind=unresolved — R1/R2-illegal, two-slot rule unmet (no topology), D3 record contradiction. Verdict: not acceptable for a claim.
- Option 1 (worker-001 patch): kind=provisional_baire_residual + topology=unresolved — R1-alias (forbidden in new canonical artifact), absent from R2, and changes axis semantics under REC-12. Verdict: not registry-clean; needs a registered canonical token or an explicit alias policy waiver.
- Option 2 (controller-designated): kind=residual_comeager + topology=unresolved — registry-clean on both R1/R2 for the kind, drops the "provisional" marker though the topology is pending; requires H4/status text to move the pending-ness to topology (semantics change → new F0 revision + re-review).
- Option 3 (register the pending token): amend R1/R2 to register a canonical pending token (e.g., "pending_topology") and/or register `unresolved` as canonical; then F0's current token becomes legal by designation — smallest F0 byte change (only D3 record + topology slot), but changes the registries (controller/lead decision).

And the decisive materiality measurement: claims binding scalar — do any assert the class conclusion? Let me measure.

Also the missing generic topology slot check: all four classes (corroborating worker-001).

Now let me also double-check the D3 scope claim in B: `contract_divergences.items[D3].class` = "all three vacuum classes" and `resolution` = "...explicit in each class conclusion text and bound before the data" — no mention of scalar. A's D3 resolution explicitly includes scalar. So the contradiction is real and measurable.

Also A's D3 status "resolved"; B's D3 status "resolved". So both claim resolved but for different class sets. The supplement is supposed to be "consistency-checked against the declared taxonomy". The canonical checker validates that A's recomputed divergences == [] and writes the evidence. It doesn't compare the stored records. Strong finding.

Now let me start building. First create the task directory and snapshots. I'll write files with the `write` tool where possible, and use python heredocs for the checker.

Plan for artifacts:
```
artifacts/worker-059/scalar_sph_axis_adjudication/
  snapshot/
    formulation_taxonomy.canonical.0abb9ed8a961.yaml
    formulation_taxonomy.supplement.d7419b4e8963.yaml
    VOCAB_ALIASES.46cd9f1eb534.json
    rule_spec.40f9bb9e657b.json
    FROZEN.2f358f6722d9.json
    research_map.11311ab36005.json  (map snapshot for claims audit)
  check_scalar_sph_axis.py        (checker + mutants)
  independent_evidence.json
  axis_legality_matrix.json
  claims_binding_audit.json
  review_F0scalar_0abb9ed8.json
  checkpoint_w059_scalar_axis.json
  corroboration/
    check_taxonomy_consistency_stdout.txt
    validate_map_stdout.txt  (maybe)
  postrun_annex.json
  emitted_hashes.json
```

First snapshot the map hash now. Note traffic continues; map is mutating. I'll pin the map as read at snapshot time.

Let me get to work. First create dirs and snapshots, and record hashes.
dsh: reasoning:
Snapshots taken. Now write the independent checker. Design:

`check_scalar_sph_axis.py` — stdlib + PyYAML, reads the snapshot directory (configurable root), performs checks, supports `--mutate NAME` by producing a mutated in-memory copy and re-running, and prints JSON results.

Checks (each with id, expected, measured, verdict):
Structural:
- S1: canonical parses with no duplicate mapping keys (strict).
- S2: supplement parses strict.
- S3: class id set equality across A.class_ids / A.classes / B.frozen_classes / B.class_contracts (4 ids).
- S4: scalar class present in both; A.axes present.

Cross-artifact contract:
- X1: family WCC vs components.censorship WCC.
- X2: matter_model massless_scalar_field vs components.matter prose "massless scalar field" (normalized).
- X3: symmetry spherical vs components.symmetry spherical.
- X4: regularity null vs "none".
- X5: conclusion_type canonical-equivalent weak_cosmic_censorship.
- X6: conclusion predicate family: A conclusion contains single-q TAIL structure ("for every q in I+" and "tail" and "not contained in J^-(q)"), and does NOT assertively contain the SET wording (outside bracket-note mentions); B conclusion_predicate mentions "no future-incomplete causal geodesic visible from I+".
- X7: exclusions non-empty both; both exclude non-spherical and SCC content.
- X8: positive test case exists both; negative exists both.

Genericity binding:
- G1: A.axes.genericity_kind value; membership in A.field_vocabulary.allowed (expect True).
- G2: membership in R2.vocabularies.genericity_kind (expect False for "unresolved").
- G3: membership in R1 canonical keys ∪ aliases; classify canonical/alias/unregistered (expect unregistered).
- G4: A.axes has genericity_topology key (expect False) while the class conclusion is generic-quantified (comeager regex) → rule violation per A.field_vocabulary.genericity_kind.rule.
- G5: all four classes: topology slot present (expect 0/4).
- G6: B.axis_registry.genericity_axis.frozen[scalar] value; membership in B...values (expect False → supplement self-inconsistency).
- G7: B frozen kind canonical-equivalence with A kind (tool's canon()) — expect equal (both unresolved).
- G8: B scalar_note provenance claim: regex "worker-01 rev3" and "provisional"; A revision is 5 and kind is unresolved → stale note (expect mismatch).
- G9: ownership: A H4.owned_by contains "L0/L1" and "no F-node"; B scalar_note "owned by that future node"; B class_contracts[scalar].node_id starts "unmapped" → expect contradiction.
- G10: map node ownership: no formulation F-node owns scalar (expect: formulation nodes own F1/F2a/F2b; N0 node class_ids == scalar) → A consistent with map; B "future node" unsupported at pinned map.

D3/D1 record consistency:
- R1c: A D1 status resolved and WCC conclusion uses single-q predicate (no assertive SET).
- R2c: A D3 resolution scope mentions "ALL FOUR classes" and includes scalar; B D3 class scope == "all three vacuum classes" and its resolution doesn't mention scalar → contradiction = True.
- R3c: canonical tool consistency report: run tool in sandbox? The tool writes to artifacts/formulation/evidence/taxonomy_consistency.json (mutates a canonical evidence file — avoid!). I'll run it in a sandbox copy of the tree (like prior runs) to avoid mutating canonical artifacts. Actually prior F2b run created `sandbox_consistency/` with a copied tree. I'll do the same: copy the needed subset (research_map/formulation_taxonomy.yaml, artifacts/formulation/{formulation_taxonomy.yaml,VOCAB_ALIASES.json}, tools/check_taxonomy_consistency.py) and run there; the tool writes its output inside the sandbox. Then read the sandbox output. Expect CONSISTENT with 0 divergences despite the D3 record contradiction → certification blindness.
- R4c: claims-binding audit: from the pinned map snapshot, enumerate claims with scalar in class_id/class_ids; for each record conclusion_type/epistemic status and whether the statement asserts the class WCC conclusion (heuristic: contains 'visible' or 'censorship' + not negated?) → manually classify. I'll produce a table with conclusion_type counts and list. Expect 0 claims asserting the WCC class conclusion. This measures H4 materiality.
- R5c: FROZEN rev28 pins both artifacts at measured hashes (expect pass).

Mutants (each a single-defect mutation to the canonical snapshot; check that the corresponding check flips):
- M1: kind → "residual_comeager" → G2/G3 flip to legal; R? (documents that only R1/R2-legal token is residual_comeager).
- M2: add genericity_topology: "unresolved" to scalar axes → G4 flips (topology present); G5 count 1.
- M3: kind → "provisional_baire_residual" (worker-001 patch arm) → G3 flips to alias_registered; G2 stays unregistered; records that the patch trades unregistered for alias.
- M4: D3 resolution text scope trimmed to three classes → R2c contradiction becomes False (positive control that the contradiction detector is sensitive and that the supplement's wording would clear it).
- M5: D3 resolution in A edited to remove "including AF-WCC-SCALAR-SPH" → R2c flips.
- M6: scalar conclusion replaced with SET wording assertively → X6 flips.
- M7: supplement scalar_note revision citation "rev5" → G8 flips (staleness detector sensitivity).
- M8: supplement scalar_note ownership "L0/L1" → G9 flips (ownership detector sensitivity).
- M9: FROZEN pin for canonical changed → R5c flips.
- M10: remove scalar from A.classes → S3/S4 flip.

I need the checker to be deterministic and self-contained. Let me write it now. I'll implement a `run_checks(A,B,R1,R2,FROZEN,mapdoc)` returning a list of dicts {id, desc, expected, measured, pass}. Mutation harness: copy input docs deeply, apply mutation via function, rerun, and assert the target check's pass flips from True→False (or measured changes as expected). I'll define mutants with a `target` check id and an expectation.

Let me write this file. It'll be long but straightforward. Use pathlib, yaml, json, re, copy.

Important: no canonical-gate imports (the tool is re-run in sandbox, but the checker itself is independent).

Let me write the file with the write tool. I need to be careful with YAML duplicate-key strictness: use a custom loader that raises on duplicate mapping keys (yaml.SafeLoader subclass).

For the map snapshot: it's the full map at 00:53 (4MB). Fine.

Implementation details for text checks:
- A scalar conclusion text: get `A['classes']['AF-WCC-SCALAR-SPH']['conclusion']['text']`.
- Assertive SET detection: strip bracketed notes `[...]` then search for `J^-\(I\+\)` or `J-(I+)`; expect absent. Also search for "contained in J" patterns.
- generic quantified: `re.search(r'comeager|generic|dense|measure', text, re.I)`; for the strict rule, "comeager" counts.
- single-q tail: `'tail' in text.lower()` and `'for every q in I+' in text` and `'J^-(q)' in text`.

For claims audit:
- iterate map['claims']; a claim is scalar-bound if exact token in class_id or class_ids list.
- classify `conclusion_type` values; and a boolean `asserts_class_conclusion` if the statement talks about the WCC conclusion: statement contains ('visible' or 'cosmic censorship' or 'no naked singularity') and not any negator phrase like 'not a', 'does not', 'no claim', 'calibration', 'coverage', '0/10', 'does not discharge'. I'll compute a heuristic flag and then also manually verify by printing statements. Let me first inspect the scalar-bound claims' statements and conclusion_types from the snapshot before hardcoding the classifier. Let me print them.
dsh: reasoning:
The claims list is huge (95 scalar-bound), but the key measurement for H4 materiality: which claims assert the class's WCC conclusion as a theorem? None of the conclusion_types are `theorem` — they're numerical_evidence, formal_model, open_problem, stability_result. Claim[42]/[186] are open_problem coverage claims saying no entry discharges the class conclusion. So H4 ("must be named before any claim is filed") — strictly, "any claim" could mean any claim filed to the class, but all are scope-bound calibration/coverage/instrument claims, none asserting the class WCC conclusion. So the materiality statement: 0/95 scalar-bound claims assert the class conclusion; the class is not truth-apt; the defect is prospective.

I'll implement the claims audit with an explicit classifier:
- `asserts_wcc_conclusion`: conclusion_type in a theorem-ish set {'theorem','conditional_theorem'} OR (statement contains WCC conclusion assertion patterns like 'every member's MGHD admits I+' / 'no visible singularity' / 'weak cosmic censorship holds') AND conclusion_type not in scope-note categories.
Simplest robust approach: classify by conclusion_type: theorem/conditional_theorem → asserts; everything else → not theorem-level. Plus report counts per conclusion_type. Then additionally list any claim whose statement contains 'no visible singularity' or 'visible from I+' (to prove none assert it). Let me count those.

Let me check quickly how many scalar-bound claims contain 'visible' in statement (assertive sense).
dsh: reasoning:
Confirmed: 0/95 scalar-bound claims assert the class WCC conclusion; 0 theorem/conditional_theorem. So H4's gate ("must be named before any claim is filed") is honored in the sense that no claim asserts the class conclusion. Good — materiality = prospective.

Now let me write the checker. I'll write it to the artifact dir. It must:
- Accept `--root` (repo root) and `--snapshot` dir defaults.
- Strict YAML loader with duplicate key detection.
- Run checks on the pinned snapshot files.
- Have mutants and a `--mutants` mode.
- Emit a JSON report.

Let me write it now. I'll keep it ~500 lines. Then run it.

Key exact strings to compare (from snapshots):
- A D3 resolution: "the comeager quantifier is now stated explicitly in each class conclusion text and bound before the data; confirmed discharged for ALL FOUR classes, including AF-WCC-SCALAR-SPH, whose conclusion text carried the demoted set-based wording until rev5 (worker-16 B-16F0-2 / worker-082 W082-F-02)"
- B D3: class "all three vacuum classes", resolution "DECLARED F0 amendment: the comeager quantifier is now explicit in each class conclusion text and bound before the data"
- B scalar_note: "the spherical-scalar class has no schema node yet; its genericity notion is left UNRESOLVED and owned by that future node. The three vacuum classes freeze residual_comeager. This matches research_map/formulation_taxonomy.yaml (worker-01 rev3), which records genericity as provisional for this class."
- A H4 owned_by: "L0/L1 (no F-node owns this class in the current map)"
- B class_contracts scalar node_id: "unmapped (N0 depends on F0 only)"
- A provenance.schema_owner: "NO F-NODE IN CURRENT MAP (coverage gap)"

Checks list (final):
STRUCT:
 S1 strict parse canonical
 S2 strict parse supplement
 S3 class id sets equal: A.class_ids == A.classes keys == B.frozen_classes == B.class_contracts keys == 4
 S4 scalar present both

CONTRACT:
 X1 family/ censorship
 X2 matter_model
 X3 symmetry
 X4 regularity token
 X5 conclusion_type canonical-equal
 X6 A scalar conclusion: single-q tail predicate present and no assertive SET words
 X7 B scalar conclusion_predicate non-empty and counts as WCC
 X8 exclusions non-empty both; both exclude SCC content and non-spherical
 X9 test cases present both

GENERICITY:
 G1 A kind in A.field_vocabulary.genericity_kind.allowed (True)
 G2 A kind in R2.vocabularies.genericity_kind (False → defect)
 G3 A kind in R1 canonical keys (False); in aliases (False) → unregistered (defect)
 G4 A scalar axes has genericity_topology key (False) while conclusion generic-quantified (True) → rule violation
 G5 topology slot present in all four classes (0/4 → rule violation F0-wide)
 G6 B frozen scalar kind in B...values (False → supplement internal inconsistency)
 G7 B frozen scalar kind canonical-equal to A kind (True)
 G8 B scalar_note cites 'worker-01 rev3' and 'provisional' — measured A revision 5 and kind 'unresolved' → stale note (defect if note claims match)
 G9 ownership: A H4 owned_by mentions L0/L1; B note 'that future node'; B node_id 'unmapped' → three-way inconsistency (defect)
 G10 map: no F-node in formulation group owns scalar; N0 node class==scalar → A consistent, B 'future node' unsupported

RECORDS:
 R1c A D1 status resolved and WCC canonical conclusion is single-q (True)
 R2c D3 scope contradiction: A contains 'ALL FOUR classes' and 'AF-WCC-SCALAR-SPH'; B D3 class == 'all three vacuum classes' and B D3 resolution lacks scalar mention → contradiction True (defect)
 R3c canonical tool blind: sandbox run reports CONSISTENT while R2c contradiction exists → certification gap True (defect)
 R4c claims audit: 0/95 scalar-bound claims assert class conclusion (materiality prospective)
 R5c FROZEN rev28 pins A and B at measured hashes (True)

Mutants (11):
 M01 kind→residual_comeager: G3 measured becomes canonical (defect flag flips)
 M02 add topology unresolved: G4 flips (topology present)
 M03 kind→provisional_baire_residual: G3 measured becomes alias
 M04 A D3 resolution scoped to three classes: R2c contradiction False
 M05 remove 'including AF-WCC-SCALAR-SPH' from A D3: R2c False
 M06 assertive SET in scalar conclusion: X6 False
 M07 supplement note citation rev3→rev5: G8 False (stale note detector)
 M08 supplement note ownership → 'owned by L0/L1': G9 False
 M09 FROZEN canonical pin changed: R5c False
 M10 remove scalar from A.classes: S3 False

I'll define each mutant as (name, mutator, target_check, expect_after: bool) and verify that target check's pass value changes to expect_after.

For M01/M03 expected G3 pass changes True→False (still defective but different flavor)? Better: define G3 as a *classification* check with expected="unregistered" so mutant M01 flips measured to "canonical" and the check "G3_kind_is_unregistered" fails. That keeps the checker's expectations meaningful for the pinned bytes and demonstrates sensitivity.

For M02: G4 is expected "topology absent" → mutant makes it present → fails. Good.

For M04/M05: R2c expected "contradiction True" → mutants make it False → fails.

Let me now write the script.

Also for R3c, the checker itself can create the sandbox and run the canonical tool via subprocess (allowed: no canonical-gate imports, just subprocess run of the canonical tool in a copied tree). But the checker should be deterministic and not depend on network. I'll implement sandbox creation inside the checker: copy `snapshot/formulation_taxonomy.canonical...yaml` → sandbox/research_map/formulation_taxonomy.yaml, supplement → sandbox/artifacts/formulation/formulation_taxonomy.yaml, vocab, and the canonical tool from repo (read-only) → sandbox/artifacts/formulation/tools/. Run `python3 tool` with cwd sandbox; capture stdout + exit code + the written evidence file (sandbox). This is what prior runs did. Good — one command does everything.

Let me write the file now.
dsh: reasoning:
Now run it. There's an unused variable `ccanon, cclass` placeholder that calls canon_kind weirdly — it passes {"genericity_kind": {}} and ctok; fine but useless. It won't crash. Let me run.
dsh: reasoning:
The mutant harness semantics are inverted for checks whose baseline is a FAILURE (defect present). The baseline has defects (G3/G4/R2c/G8/G9 fail), so "detected" should mean the mutation *changes the measured value in the expected direction*, i.e., the mutation either fixes the defect (pass flips False→True) or changes the measurement. My current detection logic requires base["pass"] True, which is wrong for defect-present checks.

I need to fix the harness: each mutant targets a check, and detection = the mutated measured/pass differs from baseline in the expected way. Let me define per-mutant "expect_after" as the expected `pass` value after mutation:
- M01 (kind→residual_comeager): G3 baseline False (unregistered) → after True (canonical). Expect after=True → detected if mutated_pass != baseline_pass (True != False) and == expect.
- M02 (topology installed): G4 False → True. expect True.
- M03: G3 False → True (alias registered). expect True.
- M04/M05: R2c False → True.
- M06: X6 True → False. expect False.
- M07: G8 False → ? note citation refreshed but "provisional" still there → still False. Hmm: G8 requires no rev3 AND no provisional; removing rev3 leaves provisional → still False. Detection should be measured change: baseline measured "note rev3=True provisional=True", mutated "rev3=False provisional=True" → changed. I should make M07 also replace "provisional"→"unresolved"? No — the point is sensitivity to the rev3 citation. Better: expect_after=False but require `mutated_measured != baseline_measured` (change detection) OR treat G8 as two sub-checks. Simpler: change mutant M07 to refresh note fully: replace "worker-01 rev3" and "records genericity as provisional" → "records genericity as unresolved". Then G8 flips False→True, clean detection.
- M08: G9 False → note owner L0/L1; but B.node_id still "unmapped" → G9 still False. Make M08 also set bc node_id to "F3 (future)"? No, the point is ownership note. Let me redefine G9 detection differently: maybe split G9 into G9a (A.H4 no-F-node vs note future node) and G9b (B node_id unmapped). Mutants: M08a note→L0/L1 flips G9a; M08b node_id→"F3" flips G9b. Or make M08 replace all three: note "owned by L0/L1", node_id "F3 (future node)" → then G9 True. That's a multi-field mutant but coherent: "ownership harmonized". Acceptable as a single semantic defect fix.
- M06: X6 baseline True → after False. Wait baseline X6 is... G-checks: X6 should be True on pinned bytes (single-q tail, no assertive SET). Let me check baseline results. The tail shows baseline_pass False for M06's target X6! That means X6 currently fails on pinned bytes. Why? Let me look at the full report. Possibly `"J^-(q)" in assertive` fails because the text uses "J^-(q) intersect M" — should contain "J^-(q)". Or "for every q in I+" — text says "for every q in I+ and every t0 in [0,T)" → contains. Hmm, and tail present. set_assertive: strip_brackets removes `[...]` — but the rev5 note is `[rev5: D1/D3 discharge for this class. The superseded set-based wording contained-in-J-(I+) is the variant SET predicate and is NOT this class's predicate.]` → stripped. So SET shouldn't match... unless the earlier sentence triggers: "the tail gamma([t0,T)) is not contained in J^-(q) intersect M" — no I+. Let me see the actual baseline checks.

Similarly M07/M08 baseline False is expected (defects), but X6 baseline False is unexpected. And R2c baseline False (defect present, expected). G3/G4/G8/G9 baseline False (defects). Let me print the head of the report.

Let me fix the harness and inspect X6. First look at the full report head.
dsh: reasoning:
The error: `c['desc']` — in the mutants, `c` is a dict... no, wait: the loop `for c in d['checks']` — `d['checks']` contains dicts. `c['pass']` fine. `c['id']` fine. `('PASS' if c['pass'] else 'FAIL')` fine... The error says 'bool' object is not subscriptable, so one element of d['checks'] is a bool. Why? Because in my checker I appended `checks.append({... "pass": not (...)})` — that's fine. Oh! The `add` function uses parameter named `ok`... fine.

Hmm, maybe `d['checks']` got shadowed? No. Let me look: in run_checks, `out` list. In main, `checks = run_checks(...)`. Then append R3c dict. Then `failures = [c for c in checks if not c["pass"]]`. Fine.

Wait — the printed output shows only S1/S2/S3 lines then error at line 4 in the loop. Actually the first three lines printed fine, then error — meaning `d['checks'][3]` is a bool? That can't be from `add`... unless one `add` call has wrong argument order: `add(cid, desc, expected, measured, ok)` → appends dict. All calls pass 5 args.

Hmm, actually maybe json round-trip is fine. Let me debug directly: print types. Alternatively the error might be from `c['measured'][:170]` where measured is a bool (True) — that IS subscriptable error on bool! Yes: `c['measured']` for S4 is `True` (a bool: I passed `True` as measured in S4: `add("S4", ..., True, SCALAR in ..., ...)`). So `True[:170]` fails. Same for X9: measured `bool(...)`. OK — just print without slicing non-strings.

Not a code bug in the checker; just my inspection script. Let me redo.

X6 failed. Why? Let me examine the scalar conclusion text and my predicate. Let me test the regexes.
dsh: reasoning:
X6 fails because the assertive text got cut: `[... [0,T) ...]` — my bracket-stripping regex removed `[0,T)` as if it were a marked mention! That truncated the text right at `[0,T)`, so "tail gamma..." and "J^-(q)" disappeared. I need a smarter strip: only remove bracket spans that are *annotations* — e.g., brackets not containing commas that look like intervals. Better: strip bracket spans that contain a colon, or that start with "[rev" / contain "superseded" / "variant". Simplest robust approach: remove bracket spans whose content contains `:` or length > 40 or starts with a letter-word followed by `:`. Intervals like `[0,T)` contain a comma and `)` but no colon. Let me define: remove `\[[^\]]*\]` only when content matches `^\s*[A-Za-z][^]]*:` OR contains 'superseded' OR 'variant' OR 'NOT this class'. 

Actually the safest for the check: compare against a pinned *phrase list*. But for mutant detection (M06), I need the assertive scan. Let me use: strip bracket spans that contain a colon (`:`) — the rev5 note contains "rev5:" → stripped. Interval `[0,T)` has no colon → kept. Any other annotations? `[Corrected after R2: ...]` has colon. Good heuristic: `re.sub(r"\[(?=[^\]]*:)[^\]]*\]", " ", text)`.

Then X6's `tail` and `J^-(q)` should be found. Also M06's assertive SET text will still be caught.

Now fix the mutant harness semantics. Redefine each mutant with `expect_after_pass` (the pass value expected after mutation) and detection = (mutated_pass == expect_after) and (mutated_pass != baseline_pass). For M07 (note fully refreshed) and M08 (ownership harmonized) I'll update the mutators.

M07: replace "worker-01 rev3" → "worker-01 rev5", "records genericity as provisional" → "records genericity as unresolved", and maybe "notion is left UNRESOLVED" → "kind is residual_comeager and topology is left unresolved"? G8 only checks rev3/provisional so first two suffice.
M08: replace note "owned by that future node" → "owned by L0/L1", and set bc node_id = "F3 (future node)" → then G9: A.H4 no F-node True, note future node False, node_id not unmapped True → pass.

Let me patch the file.

Also, the "R3c" check semantics: expected "not (green and contradiction)" measured True/False, pass = not(...) → currently FAIL, meaning the certification gap exists (tool green + contradiction live). That's intended as a defect-present check (like R2c). For mutants, no mutant targets R3c. Fine. But maybe I should report the *gap* as a finding rather than "check failed" — it's fine; failures list = findings.

Also fix the leftover placeholder line `ccanon, cclass = canon_kind(...)` — remove for cleanliness.

Let me apply edits.
dsh: reasoning:
Now fix the mutant detection logic in main: detection = (baseline_pass != mutated_pass) and (mutated_pass == expect_after). Let me edit.
dsh: reasoning:
M10 crashed (exception branch) so it lacks baseline_pass, causing KeyError in my print. That's fine, M10 is detected=True. M06 still fails: baseline X6 still False — my bracket fix didn't get X6 to pass? Let me debug: the strip function now keeps `[0,T)`, and strips `[rev5: ...]`. Let's recompute. Maybe the assertive text includes "tail gamma([t0,T))" → tail True, 'J^-(q)' True... unless the regex `\[[^\]]*\]` doesn't match `[0,T)` at all (no closing `]`!) — `[0,T)` has `)` not `]`. So the original regex never removed it! Then why was tail False before? Wait, the original regex `\[[^\]]*\]` requires a closing `]`. `[0,T)` has no `]`, so it wouldn't match... unless it matched from `[0,T)` to the `]` at the end of the rev5 note: `[0,T), the tail ... [rev5: ...]` — yes! It matched the whole span from `[0,T)` to the final `]`, removing everything between. My new repl function checks `":" in inner[1:]` — the giant match contains the colon from "rev5:" → strips it too. Damn.

I need a better bracket matcher: only strip `[...]` where the bracket content doesn't contain an unmatched `[`. Simplest: first remove the known annotation pattern `\[rev5:[^\]]*\]`, `\[Corrected[^\]]*\]`, `\[[A-Za-z0-9_-]+: [^\]]*\]` (annotation with a colon). Let me just do: `re.sub(r"\[(?:rev\d+|[A-Za-z][A-Za-z0-9 _-]{0,20}):[^\[\]]*\]", " ", text)`. This won't match `[0,T)` since it has no colon after a word.

The rev5 note begins `[rev5: D1/D3 discharge ...]` → matches. Are there other annotation brackets in the scalar conclusion? Only that one. Other classes may have similar. X6 only uses scalar.

Also for the mutants M06: the substituted text has no brackets → set_assertive True, tail False → X6 False. Baseline after fix: tail True, set False → X6 True. Detection: base True != after False and after==False → detected.

Let me fix strip_brackets accordingly.
dsh: reasoning:
Now the instrument is green on the structural/contract surface (X1–X9, R1c, R4c, R5c pass) and 10/10 mutants detected. Nine measured defects/findings:
- G2: token not in frozen rule_spec vocabulary.
- G3: token unregistered in VOCAB_ALIASES.
- G4: scalar generic-quantified claim lacks genericity_topology.
- G5: F0-wide missing topology slot (0/4).
- G6: supplement freezes a value absent from its own values list.
- G8: supplement scalar_note stale provenance (rev3/provisional).
- G9: ownership contradiction (A H4 L0/L1 vs B note future node and node_id unmapped).
- R2c: D3 scope contradiction A vs B.
- R3c: canonical consistency certificate green despite R2c.
And pass: X6 scalar conclusion uses single-q tail predicate, no assertive SET; R4c no claim asserts class conclusion; R5c FROZEN pins match; R1c D1 resolved.

Now let me also verify the canonical-tool sandbox didn't touch the canonical evidence file (compute its hash before/after). I should record the pre-existing canonical evidence hash and re-measure at finalize. Also confirm the tool wrote only inside the sandbox (temp dir deleted anyway).

Next: check the claimed worker-001 patch arm result with my own registry measurement — I already have M01/M03 demonstrating: residual_comeager→canonical; provisional_baire_residual→alias. So the staged patch (M03) converts the scalar token into a registered alias — but the VOCAB policy forbids aliases in a new canonical artifact. And R2 doesn't contain it either. So no registry-clean repair exists without a controller ruling. I should include an explicit `axis_legality_matrix.json` artifact with the three candidate tokens and their status in R1/R2/F0-field-vocabulary, plus the REC-12 bound analysis.

Let me also double-check the REC-12 text to quote accurately: "No class id, hypothesis, conclusion predicate, axis semantics or F0 canonical byte may change." — yes, from decisions REC-12. Worker-001's canonical patch changes `axes.genericity_kind` (axis semantics) for the scalar class and adds a new axis key to all four classes. So adopting it under REC-12 exceeds the card. But is worker-001 proposing it under REC-12? Its artifact says "author-side self-audit of a frozen artifact; not a reviewer verdict" with `not_applied: true`. It doesn't claim the repair card. I'll frame it as: "any adoption of the staged proposal is outside REC-12's bounds and requires a fresh F0 revision + re-run of the F0 round; and even then the token must be chosen from the governing registry, which today admits no legal value for the unresolved case."

Now let me create the axis_legality_matrix.json and claims_binding_audit.json artifacts with a small script (so they're reproducible), then the review JSON and checkpoint, then emit events.

For the review JSON, follow the style of my prior reviews (e.g., review_F1_cce9c60146d6.json) so the swarm tooling can read it. Let me inspect that file's structure quickly to match keys.

Then event emission: I'll write an emit script similar to prior ones, appending events to comms/outbox/worker-059.jsonl, validating against research_map/events.schema.json. Let me check how prior run validated: it used `research_map.schemas.validate_event`. Let me look at research_map/schemas.py for the function signature.

Also note: outbox currently has 36 lines; I must append, not overwrite. Event IDs unique with my task prefix.

Let me look at prior review file and schemas.py.
dsh: reasoning:
Good. Now let me create:
1. `axis_legality_matrix.json` — reproducible via a small script or directly, with the three candidate tokens and registry status + REC-12 bound analysis + measured mutant backing.
2. `claims_binding_audit.json` — from the checker's R4c measurement plus per-conclusion_type counts.
3. `review_F0scalar_0abb9ed8.json` — the review verdict.
4. `checkpoint_w059_scalar_axis.json`.
5. `postrun_annex.json`, `emitted_hashes.json`.
6. Emit events.

Let me first compute the D3 quotes and exact evidence strings, plus counts for claims audit, and write the matrix files with a small python script that reads the checker output (so numbers are bound).

Let me write a generator script `make_artifacts.py` for reproducibility. Actually, to save time, I'll generate them with a heredoc script but keep the script in the artifact dir for provenance. Let me write `make_review_artifacts.py`.

Key content of the review:

verdict: "revise", score 3.5 (or 4.0?). Let me think about the score. The class content surface is green: contract fields consistent, single-q predicate repaired, D1 resolved, no claim asserts the conclusion, FROZEN pins match. The defects are record/registry/metadata with one cross-artifact contradiction on the D3 record. Since F0 bytes are frozen and G-F0 passed, and the defect does not affect any promoted claim, but the D3 record is factually wrong for the scalar class and the token is unregistered in both registries with no registry-clean repair path defined, this is a genuine "revise" of the *record/registry*, not of the class semantics. Score 3.5 seems right (prior F0 adjudication at 276009f4 scored 3.0 for content defects; here content is green but record integrity has a contradiction + registry illegality). I'll go 3.5.

Hard failures (worker-level):
- HF-059-SPH-01 (blocking for record integrity; class-binding surface): D3 discharge record contradiction between A and B for the scalar class; canonical consistency certificate green (R3c) → the record cannot be cited as evidence that D3 is discharged for the scalar class. Falsifier: a controller ruling or a single-scope D3 record in both artifacts.
- HF-059-SPH-02 (blocking pending controller ruling): no registry-clean genericity token for the scalar class under the two registries: `unresolved` unregistered in R1/R2; the staged `provisional_baire_residual` is an R1 alias forbidden in new canonical artifacts and absent from R2; only `residual_comeager` is clean but would fix a kind the class declares unresolved. The two-slot rule (A.field_vocabulary) is unmet at the frozen hash for the scalar class (and F0-wide topology slot 0/4). Falsifier: one governing registry designated and a legal token+topology written at new pinned bytes.
Findings (non-blocking/advisory):
- F-059-SPH-01: ownership contradiction G9 (A H4 L0/L1 vs B future node vs B node_id unmapped) — three-way, no owner.
- F-059-SPH-02: supplement internal inconsistency G6 (+ G8 stale note).
- F-059-SPH-03: F0-wide topology slot absent 0/4 (corroborates worker-001 G-TOPOLOGY-SLOT-ABSENT, F-16F0-4, F-094-F0-01, F0-review-18/19 non-blocking dispositions).
- F-059-SPH-04: materiality measured: 95 scalar-bound claims, 0 theorem-level, 0 asserting the class conclusion → H4 deferral honored; no promoted result affected; defect is prospective. This supports the controller's "not blocking while claims_theorem_status=false" disposition *for the class content*, but not for the D3 record claim.
- F-059-SPH-05: worker-001 staged patch review: canonical arm changes axes.genericity_kind (axis semantics) → outside REC-12's explicit bound; even as a fresh F0 revision it is not registry-clean (alias). Recommend not adopting M03 arm as-is.
- F-059-SPH-06: instrument/independence caveats: own instrument stdlib+PyYAML, no canonical gate imports; 10/10 mutants; canonical tool corroborated in sandbox; checks/limits.

next_falsifier: "A controller ruling designating the governing genericity registry for the scalar class, plus a single F0 revision whose D3 record has one class scope in both A and B, whose scalar genericity_kind is a canonical token of that governing registry and whose genericity_topology is instantiated, at new FROZEN-pinned bytes — or evidence that the two D3 records are non-binding prose (then HF-01 drops to advisory). Hash drift of A 0abb9ed8 or B d7419b4e voids the verdict."

Evidence refs: checker, evidence json, matrix, claims audit, snapshots.

Also, per PROTOCOL rule 5 "Reject your own output before sending: does the artifact exist? does the falsifier actually falsify? does the class id match the file?" — I'll validate hashes before emitting.

Let me now write the generator script that:
- loads independent_evidence.json
- computes claims audit summary (recompute from snapshot)
- writes axis_legality_matrix.json, claims_binding_audit.json
- writes review JSON, checkpoint JSON
- prints hashes

Then a separate emit script to append events and validate.

Let me write make_review_artifacts.py.
dsh: reasoning:
I referenced `check_measured(ev, "G5")` which isn't defined. Let me fix that before running. Replace with a helper or inline. Also there's a weird line `A = json.loads("{}") if False else None` — harmless but ugly; remove. And `PIN["supplement_F0FR"] if False else PIN["supplement_F0R"]` — clean up.

Let me fix these.
dsh: reasoning:
Wait — the evidence json hash differs from the earlier run? Because earlier I reran the checker and wrote it; fine. But note the checker output includes a `canonical_tool_sandbox.tree` path with a random temp dir name (`w059-axis-XXXX`), making `independent_evidence.json` non-deterministic across runs! That's bad for reproducibility. I should make the sandbox path deterministic (fixed relative name) and re-run. Let me fix `sandbox_consistency` to use a deterministic sandbox dir under a `.sandbox` subdir inside the artifact dir (or temp but record only relative "consistency_sandbox"). Prior runs used `artifacts/worker-059/.../sandbox_consistency/`. Let me change to a persistent sandbox dir `D/sandbox_consistency` (recreated each run, deterministic) and record its relative path. This also lets me save the tool's stdout to corroboration.

Also the sandbox tree copies pinned snapshots; the tool writes evidence inside sandbox only. Good.

Let me edit the checker: use `workdir = root/artifacts/worker-059/scalar_sph_axis_adjudication` and sandbox at that path; no tempfile. Then re-run twice to confirm determinism (same sha of evidence json). Also save `corroboration/check_taxonomy_consistency_stdout.txt` and `validate_map_stdout.txt`.

Also I should run `research_map/validate_map.py` for corroboration (read-only? It prints VALID; does it write anything? Let me check quickly — prior run saved stdout to corroboration. validate_map.py likely only reads. I'll check it doesn't write.)

Let me make these changes.
dsh: reasoning:
The `cons["tree"]` field uses `sb.relative_to(workdir)` — workdir is now art_dir, so tree = "sandbox_consistency". Good.

Also remove the now-unused `tempfile` import? It's harmless but let me keep it clean — actually it's still imported and unused; fine, but flake isn't run. Let me remove to be tidy. Actually leave it; no impact.

Now, also note the sandbox copies the tool from `root/artifacts/formulation/tools/check_taxonomy_consistency.py`. Good.

Re-run the checker twice and verify deterministic sha of independent_evidence.json (excluding timing—none). Then re-run make_review_artifacts.py (which embeds hashes—but note the matrix/review embed `independent_evidence.json` path, not its hash; the emitted_hashes will record). Then generate corroboration for validate_map.

Let me run.
dsh: reasoning:
Deterministic (same sha twice). Review/matrix/claims/checkpoint hashes unchanged (they don't embed the evidence hash — good).

Now corroboration: run `research_map/validate_map.py` (check if it writes). Let me check its code for writes quickly, then run and save stdout. Also confirm canonical artifacts unchanged (compare hashes to pins) and the canonical evidence file hash before/after (it should be untouched by my sandbox run).

Then write the emit script.

Let me check validate_map.py headers for write operations.
dsh: reasoning:
Interesting: the canonical evidence file mtime is 00:55 — someone (the lead's repair?) rewrote it at 00:55, after my snapshot. Its hash is still 9e335e9ba1bf... (same as before). Fine — bytes identical, idempotent rewrite. I must note drift monitoring: at finalize re-check.

validate_map.py has no writes (grep found none). Run it and save stdout to corroboration. Also run the checker once more after to make sure my sandbox didn't alter anything.

Then emit events. Let me write the emit script now.

Events to append (all with actor worker-059, unique IDs prefix `w059-scalarspaxis-20260912T0056-`):
1. `artifact` — snapshot bundle? Better one event per artifact with path + sha256:
   - artifact: independent_evidence.json (artifact_type=independent_verification)
   - artifact: axis_legality_matrix.json
   - artifact: claims_binding_audit.json
   - artifact: check_scalar_sph_axis.py (instrument)
   - artifact: checkpoint_w059_scalar_axis.json (checkpoint)
2. `review` — target_id "F0/AF-WCC-SCALAR-SPH", verdict revise, score 3.5, hard_failures ids, findings summary, evidence_refs, falsifier.
3. `blocker` — node F0, description, needed_to_unblock, evidence_refs.
4. `status` — node F0, status active, hours 0.4, summary, evidence_refs, next_falsifier.
5. `claim` — optional: a formal_model claim stating the measured cross-artifact contradiction and registry matrix, with class_id SCALAR, conclusion_type formal_model, assumptions, falsifier, evidence_refs. This is valuable as a machine-readable claim. Let me emit one claim with the D3 contradiction + registry measurement.

Total 10 events (5 artifact + review + blocker + status + claim = 9; plus maybe an artifact for the review json itself → 10).

Event schema requirements:
- artifact: node_id, artifact_type, path, sha256, validation_status (+ event_id, event_type, created_at, actor)
- review: target_id, reviewer, verdict, score, hard_failures, findings
- blocker: node_id, description, needed_to_unblock, evidence_refs
- status: node_id, status, hours, summary, evidence_refs, next_falsifier
- claim: class_id, statement, conclusion_type, assumptions, falsifier, evidence_refs

Then validate each with research_map.schemas.validate_event, append to comms/outbox/worker-059.jsonl (append mode), and write emitted_hashes.json.

Before emitting, verify each referenced path exists and sha256 matches (falsifier check per PROTOCOL rule 5). I'll build that into the emit script.

Also record the current outbox line count before append, and re-verify no duplicate event_ids against existing lines.

Let me write emit_scalar_axis_events.py.
dsh: reasoning:
Before emitting, run corroboration: validate_map and re-hash canonical artifacts. Also double check that the review's hard_failures/findings are lists of strings in the event (yes, built as strings).

One concern: the event schema's `claim` conclusion_type must be in the allowed set — "formal_model" is allowed. Good.

Another: review event requires `hard_failures` and `findings` — present.

Let me run validate_map and save corroboration, then re-verify canonical hashes, then emit.
dsh: reasoning:
Important drift detected: `artifacts/formulation/FROZEN.json` has changed! It was `2f358f6722d9...` (rev28) and now measures `3d9e3d77fd87...`. The evidence-binding repair (REC-12, lead-formulation) apparently just landed a new FROZEN revision (rev29). The deadline was 01:40; it's ~00:57. This is exactly the "hash drift voids the verdict" clause in my falsifier — but careful: my task is bound to the FROZEN **rev28 pairing** of A and B. A and B themselves still measure the same hashes (0abb9ed8 / d7419b4e). Only the FROZEN manifest moved to a new revision.

What does this mean for my verdict?
- My review asserts R5c: "FROZEN rev28 pins both F0 logical artifacts at the measured hashes" — that was true at snapshot time (00:52). Now FROZEN.json has been republished (likely rev29) — my snapshot of FROZEN rev28 is preserved at `snapshot/FROZEN.2f358f6722d9.json` and measures 2f358f67, so the measurement remains reproducible from the snapshot.
- But the review's `reviewed_sha256`/verdict is bound to A 0abb9ed8 and B d7419b4e which are unchanged. The D3 contradiction lives in A and B, so it persists at rev29 unless the repair edited them (it must not edit A per REC-12; B supplement edits weren't in REC-12's four items either... item (2) refreshes f0_binding in the three schemas; item (1) taxonomy_cases; item (3) F1 variant text; item (4) FROZEN rev29. Wait, item (3) says "correct the F1 variant SET/CH strictness text at the worker-076 lines" — that's schemas/af_wcc_vacuum.yaml? Hmm, no: it says "F1 variant SET/CH strictness text" — that might be in the F1 schema or the supplement? Actually the supplement B holds variant registry? F1 schema holds variants. Let me check whether B changed. B still measures d7419b4e per my measurement above. A unchanged.

So my verdict's pinned A/B hashes remain valid; only the FROZEN manifest revision moved. My review's `companion_sha256`/`reviewed_sha256` are A/B. The R5c check used the *snapshot* FROZEN rev28, so it stays reproducible. But I must:
1. Re-run the checker with the *live* FROZEN to see the new revision (the checker reads snapshot, so it won't see the drift). I should add a finalize/drift annex that records: FROZEN.json live now = 3d9e3d77 (rev unknown), A/B unchanged, and my verdict binds to the rev28 manifest snapshot.
2. Update the falsifier/next_falsifier and review notes to mention that FROZEN has moved to a new revision at 00:5x, that A/B are unchanged, and that the controller must apply the verdict against the rev28 pins (as recorded) — and that a rev29 pin that still pins A 0abb9ed8 and B d7419b4e does not void the A/B findings.

Actually, better: quickly inspect the new FROZEN.json to see its revision and whether it pins A/B at the same hashes. If rev29 still pins A/B identically and only updates schema pins, my findings survive and I can state that explicitly with the new hash. Let me check.

This is a good example of live-traffic drift management. Let me read the new FROZEN head.
dsh: reasoning:
FROZEN revision 29 was published at 00:55:02 (the REC-12 repair landed) and it **still pins A at 0abb9ed8 and B at d7419b4e**. So my A/B findings survive unchanged; only the manifest itself moved. 

I should:
1. Update the checker/evidence to also record the *live* FROZEN rev29 pin (post-repair), demonstrating A/B pins unchanged across rev28→rev29. I can add a postrun annex (not modify the pinned-run evidence) that records:
   - live FROZEN.json sha256 3d9e3d77fd87, revision 29, frozen_at 00:55:02, pins A/B unchanged.
   - live A/B hashes re-measured = pins.
   - verdict remains valid; the rev28 snapshot in my artifact dir keeps R5c reproducible.
2. Update review's note/next_falsifier to mention the drift and that it does not void the A/B findings. But the review JSON is already written and hashed; I should append a `postrun_annex.json` and reference it, rather than silently change the review. Actually, changing the review is fine too as long as I re-emit with the updated hash — but my review explicitly binds to rev28 and the falsifier says hash drift of A/B voids it, not FROZEN revision. The cleanest: keep review as-is (it accurately describes the rev28 measurement), and add a postrun annex recording the rev29 drift with re-measured A/B == pins, plus note that the D3 contradiction and registry matrix are unaffected because A and B bytes did not move. Also the R5c check's *live* value now differs from the snapshot; I'll record both.

3. The evidence R5c should perhaps get a companion check R5c_live using the live FROZEN. Since the checker reads snapshots only, I'll put the live re-measure in the annex generated by a small finalize script, and include it in the emitted events (postrun annex artifact event). Also I need to re-run the emit script with the annex included in evidence_refs? The emit hasn't run yet. Good — I can generate the annex first, then emit once, including the annex.

Let me create `finalize_annex.py` that:
- re-hashes live A, B, R1, R2, FROZEN, canonical evidence
- loads live FROZEN rev/revision/pins
- asserts A/B pins equal my reviewed hashes
- writes `postrun_annex.json` with drift table and verdict-survival statement
- also writes `emitted_hashes.json`? No, that's done by emit.

Then update emit script to include the annex as an artifact event + evidence ref (and in the status summary mention drift handled). Simpler: add `annex` to ART dict and one more artifact event. The emit script computes hashes at run time; the annex must exist before running. 

Also note: since FROZEN moved, there may be new schema bytes (rev13) now. Not needed for my task.

One more important thing: my review's claim "FROZEN rev28 pins both artifacts" — the live manifest is rev29 but pins unchanged. The postrun annex covers it.

Let me write and run finalize_annex.py, then patch emit_scalar_axis_events.py to include the annex.
dsh: reasoning:
Now patch the emit script to include the annex and finalize script as artifacts and mention drift in the status. Then run the pre-checks and emit.

Let me edit emit_scalar_axis_events.py:
- add to ART: "annex": postrun_annex.json, "finalize": finalize_annex.py
- add artifact events for both
- add annex to ev_refs
- status summary mention: "FROZEN republished rev29 at 00:55:02 during the run; A/B bytes unchanged, live pins match, annex records survival".

Let me apply.
dsh: reasoning:
Also update emitted_hashes.json generation — it currently writes artifact_sha256 H (which now includes annex/finalize). Fine.

Before emitting, let me do a final fresh re-run of the full pipeline in order to freeze the hashes (checker → make artifacts → annex → emit). Note: the review/matrix hashes don't depend on the annex. But `emitted_hashes.json` written by emit will capture everything.

One concern: the emit script writes `emitted_hashes.json` AFTER appending events; the file is not itself referenced in events. Fine.

Let me run the full sequence and then inspect the last lines of the outbox + verify validation. Also check the outbox count before (36 lines).

Actually wait: my event `evidence_refs` includes `independent_evidence.json#<sha>` etc. — those sha values are full 64-hex, and the pre-check verifies them on disk. Good.

Also the review event's `findings` list strings — fine.

Let me run the sequence now.
dsh: reasoning:
11 events appended (outbox went 46 → 57). Wait — earlier I saw the worker-059 outbox had 36 lines at ~00:48; now it had 46 before my append. Did another worker-059 instance (a concurrent run) append 10 events between 00:49 and now? Hmm, the supervisor spawned many worker-059 instances; the previous one I saw at 004923 is *me*. But there may be concurrent worker-059 processes launched at 00:49:23? Only one at that timestamp. But between 00:48:53 (my prior run's events) and now, the outbox grew from 36 to 46 lines. Let me check what those 10 extra lines are — maybe the previous instance (004359) appended after I read it (its stdout summary said "10 valid upward events appended"), and my earlier tail read at 00:52 showed the last 5 lines at timestamp 00:48:53 — so 36→46 could be events from the 004923 run... but that's me. Hmm, wait: the 004359 run's summary was printed at 00:43:59 in trajectory, but its events have created_at 00:48:53? That's odd (future-dated). Actually the F1 rev12 instance (004359) said "10 valid upward events appended ... event IDs w059-f1rev12-20260912T004853-*". Its trajectory exit was at 00:43:59 but events stamped 00:48:53. Whatever — those were the lines I saw at 36.

So who appended 36→46? Possibly another worker-059 instance launched at 00:49:44 or 00:50:24 (the supervisor launches worker-059 repeatedly!). Let me check the tail of the outbox before my events to see if another worker-059 run raced me with a different task. This matters for "emit valid JSON with IDs" — duplicate task risk. Let me look at lines 37-46.

Also possible: my own emit ran twice? No, appended 11 once. Let me inspect.
dsh: reasoning:
The 36→46 growth was my own earlier reading incomplete (the F1 rev12 run's 10 events). No race. My 11 events are lines 47–57.

Now final steps:
1. Validate the whole outbox again (all lines parse, my events validate) — a final audit.
2. Final drift re-measure: A/B/R1/R2 unchanged; my artifact hashes still match emitted_hashes.json.
3. Check the checkpoint requirement: I have a worker-level checkpoint artifact + runtime/state? The prompt says "checkpoint, then exit". Previous runs wrote an artifact checkpoint (and sometimes runtime/state/w059_*.json). I deliberately avoid global state writes per worker-059's stance. But "checkpoint" is satisfied by the artifact checkpoint + status event with checkpoint_id. Should I also write `runtime/state/w059_scalar_axis_checkpoint.json`? Prior run (f1 rev12) wrote `runtime/state/w059_f1_rev12_checkpoint.json` in addition. That's under runtime/state (worker-level file, not controller-owned global state). Writing a small worker checkpoint file there is consistent with prior behavior and the instruction "checkpoint". The authority note says worker events cannot set status/gate; a worker-specific checkpoint file is fine. Let me add `runtime/state/w059_scalar_axis_checkpoint.json` (same content as artifact checkpoint, plus artifact hashes). Then reference it? Events already emitted; adding a file after emission without an event is OK but slightly untidy. I could emit one more artifact event for it. But then emitted_hashes.json becomes stale (it's regenerated only by emit script). Hmm.

Given the instruction says checkpoint, and my artifact checkpoint exists with a checkpoint_id in the status event, that's arguably sufficient (the prior F1 run did both). To keep the event stream and hashes consistent, I'll write the runtime/state checkpoint file and append one artifact event for it using a small follow-up (re-run modified emit? No — that would duplicate). Better: extend the emit script? It already ran. I'll write a tiny `emit_checkpoint_state_event.py`? That adds complexity.

Alternative: The checkpoint file in runtime/state is a *copy* of the artifact checkpoint; I can write it and include its hash in a final `emitted_hashes.json` update without an event — but then it's unreferenced. Prior run referenced `runtime/state/w059_f1_rev12_checkpoint.json` in its stdout summary but I'm not sure it emitted an event for it. Its outbox shows artifact-checkpoint event for the artifact path only. So writing the runtime/state copy without an event matches prior practice. I'll do that and update emitted_hashes.json accordingly (regenerate with the extra entry).

Actually — simpler and cleaner: my checkpoint artifact + event already satisfy "checkpoint". I'll also drop the runtime/state copy for parity with prior run and note it. Let me do it:
- write runtime/state/w059_scalar_axis_checkpoint.json = {"task_id", "checkpoint_id", "artifact", "artifact_sha256", "artifacts": {...}, "verdict", "next_falsifier"}
- update emitted_hashes.json to include it.

Hmm, but modifying emitted_hashes.json after the emit script wrote it means its content is hand-edited. I'll regenerate it with a tiny script that includes all artifacts + the runtime/state copy, ensuring the recorded hashes match disk. Since emitted_hashes.json isn't itself referenced by events, that's fine.

Let me also double-check: are there any *new* worker-059 instances running concurrently that might also write to the outbox? The supervisor keeps launching. If another worker-059 instance starts while I finish, no conflict as long as event_ids differ (they use their own timestamp). My IDs use 00:56; fine.

Final audit script:
- parse outbox lines; validate each; assert 57 lines and my 11 IDs present once.
- re-hash artifacts and compare to emitted_hashes.json (after regeneration).
- re-hash live canonicals and confirm A/B/R1/R2 unchanged.
- print summary.

Let me write the checkpoint copy + final audit.
dsh: reasoning:
Now the final audit. Let me run a comprehensive final check:
1. All 57 outbox lines parse and validate; my 11 event_ids unique.
2. All artifact hashes in emitted_hashes.json match disk.
3. Live canonical A/B/R1/R2 unchanged vs reviewed pins; FROZEN rev29 pins A/B.
4. Review JSON hard failures/falsifier present; class id matches file.
5. Confirm no canonical files were modified by me: the only canonical-ish file that changed during my run was FROZEN.json (republished by the lead — not me; its mtime 00:55 and owner lead-formulation). I should be careful: did *I* modify FROZEN.json? No — my sandbox copied it. The live FROZEN changed at 00:55:02 per its own content, by the lead. Also taxonomy_consistency.json was rewritten at 00:55 (idempotent, same bytes) presumably by the lead's repair. My sandbox used a copy. Good.

Let me also verify that the canonical evidence file is still 9e335e9b and record it in the final summary.

Run final audit.
dsh: reasoning:
Everything checks out:
- 57 valid events, no duplicates, 11 mine.
- All artifact hashes match.
- Canonical A/B/R1/R2/evidence unchanged; FROZEN now rev29 (lead's repair) still pinning A/B at reviewed hashes.
- Review has verdict/score/HFs/falsifier; class id matches.

One more check: the instruction "emit valid JSON with IDs evidence hash falsifier, checkpoint, then exit." Done: 11 schema-valid JSON events with event_ids, evidence_refs + sha256, falsifier fields, review/claim/blocker/status, artifact checkpoint + runtime/state checkpoint.

Let me do a final quick drift check right before exit and produce the summary. Also, should I update the review JSON's note to mention the rev29 drift? The postrun annex covers it and is referenced in events. Review's `next_falsifier` says hash drift of A 0abb9ed8 or B d7419b4e voids it — correct.

Let me verify no other worker-059 instance is mid-write (paranoia) — not needed.

I'll also double check the D3 contradiction claim once more by reading the raw text from the live files (not snapshots) to ensure it's not an artifact of my parse: A class_scope_adjudication D3 resolution includes "ALL FOUR"; B contract_divergences item D3 class "all three vacuum classes". Already verified from snapshots taken from live files; live files unchanged. Good.

Final summary to user. Keep it concise: task taken, what was verified, findings, artifacts, events, checkpoint, falsifier, and note that I'm exiting. No global state mutated.

Let me get the exact line numbers in outbox for my events to cite (47–57), and the final artifact list with hashes for the summary. Actually I have emitted_hashes.json. Let me read it once for the summary numbers.
dsh: reasoning:
Everything final. Now write the concise final answer: task taken, method, verdict, findings, evidence/hashes, events, checkpoint, falsifier, exit note.

Keep it bounded and clear, as worker-059's style: structured summary.
