dsh: reasoning:
Let me start by understanding the environment. The user says: "You are a bounded execution worker. Read handoff/map and comms. Take one class-bound task, emit valid JSON with IDs evidence hash falsifier, checkpoint, then exit. worker=066"

I need to find the handoff/map and comms files in the workspace. Let me look around.
dsh: reasoning:
The task mentions "handoff/map and comms". Let me look for directories named handoff, comms, or similar. Probably in workdir or a swarm directory. Let me check the tmp dir, workdir, and look for "handoff".
dsh: reasoning:
Found /data3/guoshaoyang/workdir/ai4math-swarm with comms. Let me list that directory.
dsh: reasoning:
Let's read HANDOFF.md, README.md, comms/PROTOCOL.md, and research_map. Also check runtime for worker=066.
dsh: reasoning:
Now, the worker id is 066. But protocol lists agent ids deepseek-flash-01..20. Perhaps there are workers numbered up to 066 or beyond. Let's look at research_map, runtime, inbox/outbox to find the assignment for worker 066.

Let me check research_map directory and the map. Also check inbox for a worker file.
dsh: reasoning:
The inbox contains worker-012, worker-015, worker-035, worker-041, worker-046, worker-052 but not worker-066 yet. Maybe my assignment hasn't been written yet, or I need to read the map to find my task. Let me look at the runtime/instances directory which likely has worker instances. Let me search for "066".
dsh: reasoning:
There are worker-066 instance directories. Let me inspect the latest one: worker-066-20260912T004923-968807. Also check runtime/control/OVERNIGHT_PLAN.md and OVERNIGHT_HANDOFF.md. The instance directory likely contains a prompt/assignment.
dsh: reasoning:
Interesting — this stderr.log mirrors my own session. So this is the harness capturing my run as worker-066. The prompt is exactly what I was given. So I am worker 066. I need to read the handoff/map and comms, take one class-bound task, emit valid JSON with IDs, evidence, hash, falsifier, checkpoint, then exit.

Let me look at the earlier worker-066 instances to see what previous runs did (they may have tasks assigned). And read runtime/control/OVERNIGHT_PLAN.md, OVERNIGHT_HANDOFF.md, WAKE_CHECKS. Also look at research_map/ASTRA_HANDOFF.md and ARCHITECTURE.md.

Let me also look at inbox for worker-0xx files and see the format, plus comms/outbox/assignments.
dsh: reasoning:
The assignments directory is empty. Let me look at the ASTRA_HANDOFF.md and ARCHITECTURE.md, and the research_map.json structure. Also check inbox for worker-052 (a recent one) to see how tasks are assigned to worker slots and what kind of message format they use. Let me look at those worker inbox files, and the outbox for worker-066 if any.

Also check "proposed" and "proposals" directories. And the ledger directory.

Let me read the map's top-level structure first.
dsh: reasoning:
These are assignments for other workers (052, 046, 041). Worker 066 may not have an inbox file. The instruction says "Take one class-bound task" — perhaps I need to pick an unclaimed task from the research map myself. Let me read ASTRA_HANDOFF.md which likely explains the current state and available tasks. Also look at proposed/ and proposals/ directories. And check the ledger.

Let me read ASTRA_HANDOFF.md fully.
dsh: reasoning:
I'm worker-066, and there is no inbox file for me (worker-066 not in inbox). The instruction says "Take one class-bound task". So I need to select an available task myself. Let me check whether there is a worker-066 outbox, and also look at the most recent lifecycle events and proposals to find unassigned tasks.

Let me check:
1. comms/outbox for worker-066
2. map assignments: jq the research_map.json for assignments and their status
3. proposed/ and proposals/ directories
4. The latest lifecycle events to see what tasks are open

Let me look at the map json structure. It's 3.7MB. Use python to summarize.
dsh: reasoning:
Wait — G-F0 is now "pass" at 00:48:43 with hash 66bf917bd368? The map was updated after the handoff. There's also a worker-066.jsonl outbox. Let me read it. Also need to see the latest state: gates, assignments. Let me read worker-066 outbox and check the full map's gate states, assignments list with status.
dsh: reasoning:
Now I understand: previous worker-066 runs each took one bounded task. This instance (worker-066-20260912T004923) is a fresh run. The user instruction: "Read handoff/map and comms. Take one class-bound task, emit valid JSON with IDs evidence hash falsifier, checkpoint, then exit."

The G-F0 gate is now pass. Notably, the gate list says G-FORM pending: F1, F2a, F2b. There's a known open defect: F2b at 55d0a1ea carrying the two containment defects. My predecessor worker-066 wrote the repair proposal and blocker. But that's done.

I should take ONE class-bound task and complete it, then emit valid JSON with IDs/evidence/hash/falsifier, and checkpoint, then exit.

Let me look at the current state more carefully to choose a genuinely valuable, bounded, class-bound task. Key options:

1. Independent verification of a newly-passed G-F0 (but it just passed at 00:48:43; the gate seems to have passed after rev28 F0 hash 66bf917bd368 — wait: "no accept verdict exists at the current hash 66bf917bd368". Maybe F0 changed to 66bf917bd368? Let me check the current F0 hash and review coverage.

2. G-FORM open items: F1/F2a/F2b pending. The F2b defect is open with a proposed fix pending owner action.

3. L0 literature reconcile (CF-19) — L0 drifted.

4. N0 stop-rule — numerics N0 flat-space.

Let me read the FROZEN.json and check current hashes, and check what gate audits require. Also, "class-bound task" means the task must bind to one of the four classes (AF-WCC-VAC-GEN, AF-SCC-C2-VAC-GEN, AF-SCC-C0-VAC-GEN, AF-WCC-SCALAR-SPH). Audit tasks are class-bound (a C2 statement in C0 etc.).

Let me inspect the current state and pending gate audit details. Also, check the latest lifecycle decisions to see what work is still needed and what is already in-flight (assignments).

Given bounded work and that this is a fresh instance of worker-066 whose previous runs did: rev25 verdict, F2 aggregator verdict, F2b containment adjudication, F2b repair prereg. The natural continuation: the F2b repair is still unpublished (owner action). But I cannot write canonical paths. So maybe the next useful bounded class-bound task is a *verification of the live F2b* after checking whether the owner applied the repair. Let me check whether F2b moved.

Also there's an open R2 blind review assignment for F2a/F0 given to workers 041/046/052. G-F0 just passed at 00:48:43 — interesting; then those reviews are moot? Let me check the actual state.

Let me get a compact view of the map: gates with unmet, review coverage, assignments with status, and current artifact hashes. Write a small python summarizer.
dsh: reasoning:
The map updated at 00:50:08. G-F0 is pass, but G-FORM pending with new hashes: F1 at 7a3e1f93, F2a at 23fec0e9, F2b at e6b1af2b. So the formulation lead has apparently repaired/re-frozen the schemas (rev? new hashes). The old F2b 55d0a1ea defects may now be fixed at e6b1af2b. But G-FORM now has revise verdicts at current hashes: "F2b at e6b1af2b has a revise verdict (HF-B1 composite-regularity exemption, HF-B2 node_id mismatch)".

So the live hashes now (00:50) are F1 7a3e1f93, F2a 23fec0e9, F2b e6b1af2b. The G-FORM gate unmet lists revise verdicts with specific hard failures:
- F1 revise: flash-16 r2, lead-audit
- F2a revise: HF-A1 dangling extension_predicate, HF-A2 forall mismatch
- F2b revise: HF-B1 composite-regularity exemption, HF-B2 node_id mismatch

A great bounded class-bound task: independently verify F2b at e6b1af2b against the two declared hard failures HF-B1/HF-B2 (or check whether they've been repaired at the new hash), and/or check the specific unmet items. This is class-bound (AF-SCC-C0-VAC-GEN).

But wait — is the repair at e6b1af2b already verified? The gate says no accept at current hash. There's a blind review assignment audit-r2-F2b-a/b to workers 015/035 but those were at the *old* pin 55d0a1ea (assignment created 00:44:18, deadline 02:15). Those verdicts are now stale since F2b moved to e6b1af2b at ~00:49.

Hmm, but careful: my job is ONE bounded task. Options:

(a) Verify F2b at e6b1af2b: does it carry the two prior containment defects? Does it carry HF-B1 (composite-regularity exemption) and HF-B2 (node_id mismatch)? Produce hash-bound verdict + evidence + falsifier + checkpoint. Class-bound: AF-SCC-C0-VAC-GEN. That's directly contributing to G-FORM closure by determining whether the new rev fixes the known failures, and by independently checking the *new* hash since existing verdicts bind old bytes.

(b) Verify the F2b repair-prereg harness passes on the new live hash (re-run prereg.py adapted to the new hash).

Let me first measure current hashes and see if the F2b live file at e6b1af2b still has the defects. Let me also check whether the R2 review files exist (reviews/F2b-review-rev27-a/b.json) — those were assigned to workers 015/035 at pin 55d0a1ea. If the pin moved, those are void.

Actually, hold on. Let me re-read the G-FORM unmet: "F2a at 23fec0e9 has revise verdicts with hard failures HF-A1 (dangling extension_predicate) and HF-A2 (forall mismatch)" and "F2b at e6b1af2b has a revise verdict (HF-B1 composite-regularity exemption, HF-B2 node_id mismatch)". These are *current* hashes with revise verdicts. So the latest freeze (rev13?) is at new hashes and there are already revise verdicts at these hashes. Hmm, but those hard failures might be from earlier hashes re-bound? Let me check the reviews and map's declared/measured hashes.

Wait - perhaps G-F0's pass at 00:48:43 and the G-FORM updated_at same time. Let me check current measured hashes on disk and the reviews index. Let me look at the controller_gate_audit for G-FORM details, plus check files: schemas/af_wcc_vacuum.yaml, af_scc_c2_vacuum.yaml, af_scc_c0_vacuum.yaml, and FROZEN.json.

Also there's "astra-life05-evidence-binding-repair" assigned to lead-formulation and "astra-life05-verify-gform-r3" to lead-audit — new lifecycle pass 05 in progress. My task should not duplicate in-flight assignments. A worker-level independent check on the newest F2b hash could be valuable but might duplicate the lead's work. However, workers are the breadth executors; the instruction explicitly says "Take one class-bound task, emit valid JSON with IDs evidence hash falsifier, checkpoint, then exit."

Let me measure the current state on disk first.
dsh: reasoning:
Interesting! On disk right now:
- F1 = cce9c60146d6 (not 7a3e1f93)
- F2a = 5476a3f2c6bc (not 23fec0e9)
- F2b = 55d0a1ea9bda (not e6b1af2b)

But the map (updated 00:50:08) says G-FORM unmet references F1 at 7a3e1f93, F2a at 23fec0e9, F2b at e6b1af2b. So either the map is ahead of disk (declared hashes from a formulation pass that hasn't been published), or the map is quoting older/newer hashes from review targets.

Hmm wait. Let me check review targets: maybe reviews exist at those hashes. Let me grep reviews for those prefixes. Also check the formulation lead's latest outbox for the rev28 publication. The map might have been updated by the lifecycle pass 05 with declared hashes that were *then* reverted? Or the physics: pass 05 ran lifecycle events which recorded new FROZEN rev28 hashes 7a3e1f93/23fec0e9/e6b1af2b but then... hmm, the disk has rev27 hashes. Let me investigate:

1. What does FROZEN.json say (rev28?) about the three schemas' hashes?
2. Where are reviews at 7a3e1f93 etc.?
3. The gate audit G-FORM record.

This discrepancy itself is potentially my class-bound task: the G-FORM gate state references hashes that don't exist on disk — a hash-binding failure. But careful — the map may list *targets of recorded verdicts* (which bind superseded bytes). Let me look at the G-FORM audit entry.
dsh: reasoning:
Now this is much clearer. The G-FORM gate audit at 00:49:19 (authoritative, live) says:
- measured canonical hashes: F1 cce9c60146d6, F2a 5476a3f2c6bc, F2b 55d0a1ea9bda (matches disk!)
- Review scan at these hashes: F1 1 distinct accept (worker-088), F2a 0 accepts, F2b 1 distinct accept (worker-098).
- Need 2 independent accepts per schema for G-FORM (probably).

So the gate `unmet` list I printed earlier appears stale relative to the live audit reason. Wait no — the gates[].unmet entries mention 7a3e1f93 etc. Hmm, there might be inconsistency between `gates[].unmet` (set at 00:48:43) and `controller_gate_audit` (00:49:19). Let me check timestamps. The gate G-FORM updated_at 00:48:43 but controller_gate_audit checked_at 00:49:19. The controller audit is more recent and says F1/F2a/F2b measured hashes cce9c601/5476a3f2/55d0a1ea — which matches disk.

Wait, but the G-FORM unmet says "F1 at 7a3e1f93 has revise verdicts... F2a at 23fec0e9... F2b at e6b1af2b..." Those are different hashes. Maybe those were the hashes at the earlier time 00:48:43 (rev13?) and then the formulation lead reverted/re-published at 00:49 back to rev12/rev27? That seems odd. OR maybe the FROZEN.json has declared rev28 hashes and the writer reverted.

Let me check what hashes exist: do files with hash 7a3e1f93 exist anywhere? Let me grep the reviews directory and artifacts for these prefixes. Also check FROZEN.json contents.

Actually the key insight: the live G-FORM gate needs 2 independent accepts (distinct reviewers) at each of the current canonical hashes: F1 has 1 (worker-088), F2a has 0, F2b has 1 (worker-098). So there's a clear bounded class-bound task: provide an independent hash-bound review verdict for F2a at 5476a3f2c6bc (class AF-SCC-C2-VAC-GEN) — currently 0 accepts. Or F2b at 55d0a1ea (but worker-098 already accepted; need a second independent accept — that would also close the requirement).

Best value: F2a has 0 accepts at the live hash → my single independent accept/revise verdict contributes directly. But hold on: the previous worker-066 already adjudicated C0 and C2 at these hashes, and worker-008 found defects in C0. The D2 F2b at 55d0a1ea still has live defects (per my predecessor's adjudication). worker-098 accepted F2b at 55d0a1ea? Then my predecessor's revise verdict for F2b and worker-098's accept conflict — that itself is a reviewable item. But as a worker taking ONE task, reviewing F2a at 5476a3f2 (0 accepts, currently no known blocking defect) is the highest-value, clean class-bound task.

But wait: the map's G-FORM `unmet` from 00:48:43 says "F2a at 23fec0e9 has revise verdicts with hard failures HF-A1 (dangling extension_predicate) and HF-A2 (forall mismatch)". If F2a on disk is 5476a3f2 and the map's gate unmet refers to 23fec0e9, maybe the file moved backwards? Let me verify by checking review files: find reviews whose target is 23fec0e9 or 5476a3f2. Let me also look at artifacts/formulation/FROZEN.json to see declared hashes (rev28?).

Let me inspect reviews/INDEX.md and list recent reviews.
dsh: reasoning:
FROZEN.json rev28, frozen_at 00:35:08. Let's get the declared hashes for the three schemas and rev27/rev28 deltas. Also check the F1/F2a/F2b hashes referenced: 7a3e1f93, 23fec0e9, e6b1af2b. Let me search the FROZEN rev28_delta and rev27_delta.
dsh: reasoning:
Let me look at the files structure: f['files'] is a list of strings perhaps. Let me check KEY_MANIFEST.json for the hashes. Also search for the prefixes 7a3e1f93, 23fec0e9, e6b1af2b across the repo to find what they are.
dsh: reasoning:
Let me check reviews/F2a-review-088.json and reviews/F2b-review-097/098, and the INDEX.md to understand review coverage. Also find which reviews are "accept" at the live hashes. The key actionable gap: F2a needs a second (indeed, a first) independent accept at 5476a3f2c6bc; F2b needs a second accept at 55d0a1ea; F1 needs a second accept at cce9c601.

Since G-FORM requires ≥2 distinct accepts per schema (per the gate criteria: "A1 needs two independent verdicts per formulation/literature target at a cited sha256"), a worker taking ONE class-bound task can deliver one independent verdict on one target. The most valuable: F2a at 5476a3f2c6bc (class AF-SCC-C2-VAC-GEN) since it has 0 accepts. But caution: worker-066 predecessor did "F2 aggregator verdict" and "F2b adjudication". For F2a, is there a known revise verdict at 5476a3f2? The gate audit says F2a [0 distinct accept reviewers]. There might be revise verdicts. The unmet list mentions HF-A1/HF-A2 for F2a, but at hash 23fec0e9 — which may be an older/superseded hash. Wait, does 23fec0e9 appear in F2a reviews? Let me check which review targets bind 5476a3f2 vs 23fec0e9.

Plan:
1. Determine whether F2a 5476a3f2 has any review verdicts and what they say.
2. Do an independent hash-bound review of F2a at 5476a3f2c6bc: check the four gate criteria (4 class ids... no, per-schema: class leakage, disjointness, conclusion type separation, assumptions, falsifier decidability) plus the specific known failure modes HF-A1 (dangling extension_predicate) and HF-A2 (forall mismatch) — verify whether they're still live at the new hash.
3. Write verdict JSON to reviews/ (probably reviews/F2a-review-worker066.json), evidence to artifacts/worker-066/f2a_independent_verdict/, emit events to comms/outbox/worker-066.jsonl, checkpoint to runtime/state/, then exit.

Actually, "emit valid JSON with IDs evidence hash falsifier" — the deliverable is a JSON event. So I need to write valid JSON events with event_id, evidence_refs, hash, falsifier.

But wait — is writing to reviews/ allowed? Previous workers wrote reviews/F0-review-rev27-a.json etc. Reviews dir is writable (rwxrwxr-x). Yes.

Before deciding let me check the actual review coverage and the two specific F2a hard failures. Let me look at reviews/F2a-review-088.json (an accept by worker-088?) and the F2a gate criteria. Let me also check INDEX.md.
dsh: reasoning:
There are recent F2a reviews: F2a-review-rev27-c.json (00:49), F2a-rev12-verdict-090.json (00:44), F2a-review-088-rev12.json (00:44). The gate audit says F2a 0 distinct accept reviewers at measured hash 5476a3f2c6bc. So those latest verdicts are probably revise/no-accept. Let me check F2a-review-rev27-c.json (newest, 00:49) — that's likely at the live hash. And F2a-rev12-verdict-090.json / F2a-review-088-rev12.json.

Note the timestamps: I'm running at ~00:50. There's a lot of parallel activity. I must be careful not to duplicate; the highest-value independent action is an accept/reject verdict at the live hash. But if the live F2a has a known hard failure (revision conflict), my independent verdict should honestly report it. Taking the task = "independent hash-bound verdict on F2a at live hash 5476a3f2c6bc", whatever the outcome — that's still valid work (a revise with hard failure is also evidence for the gate; the gate needs accepts, but an honest revise is a legitimate result).

However, there may be a better task: the G-FORM gate's most concrete blockers:
- F2a at 23fec0e9 HF-A1 dangling extension_predicate, HF-A2 forall mismatch (from gates.unmet at 00:48:43, but current measured is 5476a3f2 — wait, maybe I misread; let me recheck whether 23fec0e9 is a hash of F2a at rev13, and whether the file was reverted).

Hold on. Let me look at the timeline: FROZEN rev28 frozen 00:35. Gate audit at 00:49:19 measured F2a=5476a3f2. The gates[].unmet at 00:48:43 says "F2a at 23fec0e9 has revise verdicts with hard failures HF-A1/HF-A2". Maybe the formulation lead published rev13 (23fec0e9) at ~00:46-00:48, then the lifecycle pass at 00:49 saw... no, the measurement says 5476a3f2. Hmm, but maybe the formulation lead reverted to rev12 after pass 05? Or the map's assignment entries reference a "sandbox" rev13 that wasn't published. Let me grep reviews for 23fec0e9 to see which review binds it.

Let me check what's in reviews/F2a-review-rev27-c.json and what hash. Also check the newest lifecycle report (astra-life05) to understand the live state, and the formulation lead outbox tail.
dsh: reasoning:
Now the picture is clear:

Live F2a (5476a3f2) has multiple revise verdicts, all pointing to the same clearable defect: `f0_binding.consistency_evidence_sha256` declared 675a99d0d25b2b37, but the referenced file artifacts/formulation/evidence/taxonomy_consistency.json measures 9e335e9ba1bfcf77. So F2a has a hash-binding hard failure that blocks G-FORM, and every reviewer flags it. 0 accepts.

F2b (55d0a1ea) has the two containment defects (per predecessor) and a revise verdict; worker-098 accepted? Let me check reviews/F2b-repair-verify-worker-098.json — maybe worker-098 verified the *repair proposal* and accepted it at candidate hash, not the live schema. The gate audit says F2b has 1 distinct accept reviewer ['worker-098'] at the live hash 55d0a1ea. Hmm, that conflicts with predecessor's revise. Let me check.

F1 (cce9c601) has 1 accept (worker-088) at live hash, needs a second.

The most valuable bounded class-bound task for me: an independent verdict on F1 or F2a at live hash. But all reviewers currently revise F2a for the same reason; adding a fourth revise at the same hash adds little information. Unless... my task could be to independently verify the *declared-hash chain defect* itself (that's what worker-090/088/069 already did). Duplicative.

Alternatively, the best value: F2b at live 55d0a1ea — resolve the conflict between worker-098's accept and worker-066 predecessor's revise. If worker-098's accept is invalid (e.g., lacks independence, or binds a candidate not live bytes), then G-FORM shouldn't count it. A hash-bound independent adjudication of that conflict would be high-value and class-bound (AF-SCC-C0-VAC-GEN).

Or: F1 needs a 2nd independent accept at cce9c601. Worker-088 accepted F1 at rev12? Let me check reviews/F1-review-088-rev12.json vs the live hash. The gate audit says F1 [1 distinct accept reviewer ['worker-088']] at live hash cce9c601. So a second independent verdict on F1 could close that half of G-FORM. F1 is class AF-WCC-VAC-GEN. But is F1's accept warranted? My predecessor's rev25 verdict on F1 was revise due to duplicate keys and R17-R31 undeclared — but that was rev25 bytes (9a8bd4c9), superseded by rev12 (cce9c601). The new rev12 F1 may have fixed those. If I independently review F1 at cce9c601 and find it clean, I'd deliver a second accept — directly closing one G-FORM item. That's high value: it converts a gate requirement (2 accepts) to met.

But I must be honest: if there are live defects, I must report revise. Let me check whether F1 rev12 still has the issues: duplicate keys, R17-R31 undeclared. The rev27 delta says duplicate revised_at keys collapsed to revision_history. So duplicate keys are fixed. R17-R31 vs rule_spec: need to check rule_spec version now.

Time check: ~00:51. Bounded task ~1 agent-hour. Good.

Let me plan the task: 
**W066-F1-REV12-INDEPENDENT-VERDICT-01**: Independent, hash-bound acceptance review of schemas/af_wcc_vacuum.yaml at cce9c60146d6a907082ade91c67c8ac658bd796d1241f9bb8965c3d2aa69daa3 (rev12), class AF-WCC-VAC-GEN, node F1. Deliverable: verdict JSON in reviews/, evidence bundle in artifacts/worker-066/f1_rev12_verdict/, review+artifact+claim+status events in comms/outbox/worker-066.jsonl, checkpoint in runtime/state/.

Wait — but the "comms" protocol says worker agent ids are like deepseek-flash-XX but recent instances use worker-NNN ids. The outbox already has worker-066.jsonl, so I append there. Important: the ingest is controller-driven; I just write to outbox.

Before committing, check whether another worker is already assigned to review F1 at rev12: assignments audit-r2-F1-a (worker-071) and audit-r2-F1-b (worker-085), plus bindchain addenda. Those were created at 00:44:18 with F1 pin — let me check the pin in those cards! If they pin cce9c601 (rev12) and those workers are running now, then my independent F1 review would duplicate in-flight work. Let me read worker-071/085 inbox and check if their verdicts have landed.

Actually, from the earlier grep of reviews, I saw reviews/F1-review-088-rev12.json and F1-review-088.json. Let me check which workers have already delivered accepts at cce9c601 and whether 071/085 have written reviews.

Let me check:
1. comms/inbox/worker-071.jsonl and worker-085.jsonl (their assignments/pins).
2. reviews/F1-review-088-rev12.json verdict.
3. ls reviews/F1*.
4. Check whether 071/085 wrote verdict files.
dsh: reasoning:
Workers 071 and 085 are assigned blind F1 reviews at pin cce9c601 and haven't yet written reviews/F1-review-rev27-a.json or -b.json (not in ls). They're likely in flight. So doing my own F1 review would be a third in-flight review — duplicative but independent. Hmm. The plan says "target ~100 independent worker slots" and each instance takes one bounded task — duplication of independent verification is expected in a swarm (blind reviews).

But is there something *only* worker-066 can do? The predecessor found F2b defects at 55d0a1ea; worker-098 accepted F2b (contradiction). Let me check that accept: reviews/F2b-repair-verify-worker-098.json. If worker-098's accept is at the live 55d0a1ea and ignores the live containment defects, that's a review conflict affecting G-FORM's coverage count. Adjudicating it is high value and class-bound. But careful — I shouldn't just re-review F2b to "win" an argument; I should independently verify with evidence.

Let me check the F2b accept.
dsh: reasoning:
Let me read worker-098's accept verdict in full — if it accepted 55d0a1ea, does it mention the containment sentences? Let me look at its findings. Also check its independence: it may have been the author of the repair candidate (98f9ec83... interesting: candidate 98f9ec83 was named by worker-066's predecessor; "worker-098" is a different id). Actually candidate hash "98f9ec83c487" is a content hash, not worker id. Fine.

Let me read worker-098 verdict in detail.
dsh: reasoning:
worker-098's accept at 55d0a1ea covers B1/B2/B3 but did NOT check the two containment defects that worker-066 predecessor found (inverted size premise + live denial). So both can be true: the schema passed worker-098's checks while still carrying text-level containment inconsistencies. G-FORM counts worker-098's accept, but if the containment defects are real, the accept may be "sound scope-limited" but the schema still fails other reviewers.

Now, what should I do? Think about what maximizes value within one bounded task and doesn't duplicate in-flight work:

In-flight assignments at the live hashes:
- F1: workers 071/085 blind reviews (in flight)
- F2a: workers 046/091 blind reviews (in flight) at pin 5476a3f2? Their card said "schemas/af_scc_c2_vacuum.yaml at pin 5476a3f2c6bc" — yes! from the earlier worker-046 inbox: pin 5476a3f2c6bc... wait, it said "at pin 5476a3f2c6bc7196eb0bde4c7ae7c2b64182c77362f76a1124703fe4f8e504ce"? Let me re-read: worker-046's card said "Independent blind G-FORM review of F2a (schemas/af_scc_c2_vacuum.yaml) at pin 5476a3f2c6bc7196eb0bde4c7ae7c2b64182c77362f76a1124703fe4f8e504ce" — yes, that's the live hash. So F2a has 2 blind reviews in flight.
- F2b: workers 015/035 blind reviews at pin 55d0a1ea (in flight).
- F0: 041/052 at rev28 hash? Their card says pin 0abb9ed8a961 (F0 rev5) — but G-F0 just passed at 66bf917bd368?? Hmm, gates G-F0 evidence says pass and unmet references current hash 66bf917bd368. But the measured live F0 is 0abb9ed8a961 on disk. Again the mystery hash. Let me look at the current G-F0 audit (controller_gate_audit['G-F0']).

Given all these in-flight reviews, a third independent review of F1/F2a/F2b would be somewhat duplicative but is exactly how the swarm is designed (blind independent reviews; the gate needs 2 accepts each, and currently only F1 has 1, F2b has 1, F2a has 0 — all other verdicts are revise).

The most useful contribution: F2a has zero accepts and multiple revise verdicts all citing one hard failure: consistency_evidence_sha256 mismatch (declared 675a99d0 vs measured 9e335e9b). That's a *binding* defect, trivially checkable. My task could be: independently verify whether the declared F2a hash chain resolves, and — more useful — whether the declared 675a99d0 corresponds to any real file (maybe an older version of taxonomy_consistency.json that existed at freeze time). Pointing out the root cause and the minimal repair (update the binding to the measured hash or restore the pinned evidence) would be valuable. But the owner (lead-formulation) has the assignment astra-life05-evidence-binding-repair; they're presumably fixing exactly that. 

Hmm. Actually, maybe the best value task: check whether the *repair* the owner publishes (astra-life05-evidence-binding-repair) is correct — but it hasn't landed yet.

Alternatively, take a task on the F2b containment defect: the owner needs to repair it; my predecessor produced the exact patch. I could verify whether candidate 98f9ec83 still applies to the live bytes after any repin, and produce the acceptance harness verdict. But predecessor already did that at 00:48.

Wait — maybe the situation has moved: the map shows new hashes F1 7a3e1f93 / F2a 23fec0e9 / F2b e6b1af2b in the gates[].unmet at 00:48:43. Those may be hashes from *rev13* that the formulation lead produced in a sandbox and which the lifecycle pass 05 referenced. But disk shows rev12 hashes. Let me search the formulation lead's outbox tail to see the latest publication events. This will tell me whether a rev13 exists somewhere (tmp/w0xx sandbox) and whether the evidence-binding repair is imminent.

Also let me check the newest lifecycle state: runtime/state/controller_verification/astra-lifecycle-05-decisions.json.
dsh: reasoning:
Now the live state is very clear:

REC-12: Authorizes astra-life05-evidence-binding-repair (lead-formulation, deadline 01:40) bounded to 4 items, including refreshing f0_binding.consistency_evidence_sha256 in all three schemas to live 9e335e9ba1bf, and publishing FROZEN rev29. That repair will change F1/F2a/F2b bytes → all rev12 pins void; re-review is astra-life05-verify-gform-r3 at rev29 pins.

So:
- Reviewing F1/F2a/F2b at rev12 hashes now would be wasted (pins about to be voided by rev29 within the hour).
- The valuable bounded class-bound task: prepare/verify the rev29 evidence-binding repair *independently* — e.g., a pre-registered repair-acceptance harness that checks the four authorized edits, or independently verify the resulting rev29 hash chain once published. But rev29 may not be published yet.

Alternatively, my task could be to deliver an independent *bind-chain audit* of the three schemas' declared hashes at the current bytes and determine exactly which declared hashes fail to resolve, i.e., the CF-20 defect — this is exactly what the in-flight bindchain addenda (workers 046/071/085/015/035) do. But REC-12 already voids those. Actually a cleaner task: build the *rev29 acceptance checklist*: the exact pre-registered checks that the repaired bytes must satisfy (4 bounded edits, no other byte changes except revision metadata), with a re-runnable checker and controls. Then when rev29 lands, the checker can be run. But "pre-registration" is what predecessor did for F2b; there's a risk of duplicating lead-formulation's own work.

Hmm. Let me think about what is both class-bound, bounded, and not duplicative:

Option A: Independent verification of the *specific* claim underlying CF-20/REC-12: that the declared `f0_binding.consistency_evidence_sha256` (675a99d0...) does not resolve to any current file, AND determine what 675a99d0 actually was (maybe it was the hash of taxonomy_consistency.json at freeze time rev27); verify whether the mismatch is a stale-pin (repairable metadata) or indicates the schemas were bound to a different evidence content (semantic issue). Deliverable: hash-chain audit artifact + verdict + falsifier. Class-bound: all three schemas, but I can bind to one class (F2a, AF-SCC-C2-VAC-GEN) to keep it "one class-bound task". This adds genuine information: REC-12 says "refresh to live 9e335e9b after a clean check run" — but does the live evidence *contain* the declarations the schemas rely on? If the live taxonomy_consistency.json is a *different content* than what 675a99d0 pinned (e.g., regenerated), then simply refreshing the pin may paper over a semantic gap. Verifying this is exactly the kind of "control" the project values. That's a strong, bounded, high-value task: determine whether the live evidence file still supports the F2a f0_binding claim, i.e., whether the repair is metadata-only or whether content changed.

Let me check: does 675a99d0 exist anywhere? Search the filesystem for a file with that hash (artifacts/formulation/evidence/ and tmp snapshots). If we can find the old content, diff it against live 9e335e9b, and see whether the semantic content changed. This directly informs whether REC-12 item (2) is safe ("no class id, hypothesis, conclusion predicate, axis semantics may change").

That's a genuinely valuable independent check and bounded. Let me do that.

Actually, even better: a *pre-registered acceptance check for the REC-12 repair*, centered on item 2: after repair, f0_binding.consistency_evidence_sha256 must equal the measured live evidence file; the live evidence file must state the consistency result the schemas rely on; and the repair must not change any class id, hypothesis, conclusion predicate, or axis semantics in the three schemas. I can:
1. Pin the current bytes (rev28/rev12) of F1/F2a/F2b + taxonomy_consistency.json.
2. Establish the baseline: list of "semantic" fields, hashed canonically (e.g., normalized YAML excluding f0_binding.consistency_evidence_sha256, revised_at, revision_history, checked_at etc.).
3. Find 675a99d0 content if recoverable; diff.
4. Emit pre-registered checker `accept_rev29_repair.py` + controls, ready to run when rev29 lands.
5. Verdict: what the repair must satisfy; whether the stale pin masks content divergence.

If 675a99d0 is unrecoverable, that's itself important: the schemas' declared evidence hash resolves to nothing on disk — a provenance gap. Let me check.

Let me search the whole workspace for files with that hash. Use find + sha256sum on candidates: tmp sandboxes, artifacts/formulation/evidence, save dirs, etc. Maybe the hash appears in a manifest with a path.

Let me grep for "675a99d0" across the repo to see all references.
dsh: reasoning:
Wait! taxonomy_consistency.json was just modified at 00:51:22 (right now!) — mtime 00:51:22, size 495 bytes. Its hash is 9e335e9b (still). Hmm, maybe someone is writing to it right now (the lead-formulation doing the repair). Actually the file's mtime is 00:51:22 which is about now; it may have just been regenerated (same content hash 9e335e9b).

I need to be careful: files are moving under me. The live F1/F2a/F2b may also be moving as the owner publishes rev29. Let me re-measure the three schemas right now and check if they changed (they were 7a3e1f93/23fec0e9/e6b1af2b in the map's earlier unmet note! Maybe those were the *rev29-in-progress* hashes and then... no).

Actually wait. Let me reconsider: maybe the repair has already happened and then been reverted? Let me check mtimes and hashes now.

Also — a critical realization: the task instruction says "Take one class-bound task". I've spent some time reading. Let me settle on a task now, given the live situation: the owner is actively repairing (files moving). A review task at moving bytes is risky. The pre-registration approach is the right one: build a *repair-acceptance harness* that can be run at whatever rev29 bytes land, pre-registered now against the rev28 baseline. But the owner's repair is imminent (deadline 01:40).

Hmm, but what's the actual value? Let me look at what REC-12 item 2 says: "refresh f0_binding.consistency_evidence_sha256 in all three schemas to the live taxonomy_consistency.json (9e335e9ba1bf) after a clean check_taxonomy_consistency.py run". The key risk: the live taxonomy_consistency.json at 495 bytes might be a *regenerated, content-different* file from whatever 675a99d0 was. If the schemas' f0_binding claims (e.g., "taxonomy consistency checked, all four class ids present, disjointness holds") rely on evidence content that no longer exists, then refreshing the pin is a provenance whitewash. An independent checker should:
1. Recover or bound what 675a99d0 was (search copies in tmp/snapshots).
2. Verify live evidence content actually contains the claims the schemas cite.
3. Pre-register acceptance criteria for the rev29 repair: bounded diff (only the four items), hash chain resolves, semantic fields unchanged, checker passes.
4. Emit the harness so the lead can run it.

That is a single bounded class-bound task (F2a, AF-SCC-C2-VAC-GEN; or all three but with F2a as the bound class).

Let me look at the live evidence file content and the schemas' f0_binding blocks, then find copies of 675a99d0. Let me also check tmp/w031_f2a_preflight/sandbox (a pinned sandbox that may contain a copy of the old evidence!).

Actually, the lead has an in-flight repair; I should coordinate by NOT writing to canonical paths (I can't anyway) and by delivering the harness + verdict.

Let me first measure current state and read the key files. Let me be efficient: read taxonomy_consistency.json, the f0_binding blocks of the three schemas, and search for a copy whose sha256 = 675a99d0.
dsh: reasoning:
Very interesting! The mtime of taxonomy_consistency.json keeps updating (00:51:22 → 00:51:30) with the same content hash. Someone (the formulation lead's repair tool) is re-running check_taxonomy_consistency.py repeatedly, rewriting the same content.

The live schemas (rev12) declare consistency_evidence_sha256 = 675a99d0... while the live evidence file measures 9e335e9b... So the defect is real and open. The repair (REC-12) will refresh the schema pins to 9e335e9b.

The key open question I can answer independently and that is genuinely valuable: **What is 675a99d0?** If a file with that hash existed at 00:31:41 (checked_at) and has since been regenerated with different content, then the bound evidence content has changed — and a repair that only updates the hash would bind the schemas to *different evidence content* than what was actually checked when the binding was declared. Since the schema's rule says "if the declared F0 artifact changes hash, this binding must be refreshed and the consistency check re-run", the question is whether the declaration is merely stale (same semantic content) or diverged (different content).

Let me search for a copy of the 495-byte file with hash 675a99d0 in snapshots. Search all files under the repo (excluding node_modules) for sha256 = 675a99d0. That's a lot of files (maybe 100k). I can limit to small JSON files, especially any `taxonomy_consistency.json` copies. Let me find all files named taxonomy_consistency.json and hash them.

Also check git history! The repo is a git repo (workdir/.git). Maybe the old version of the file is in git history. Let me check git log for that path.

Let me do both.
dsh: reasoning:
Excellent! The old evidence content 675a99d0 is recoverable from many pinned copies (e.g., artifacts/worker-022/evbind_guard/pinned/taxonomy_consistency.675a99d0d25b.json, worker-086/gform_rev12/pinned/..., worker-092/evbind/pinned/..., worker-096/.../snapshots/taxonomy_consistency.enriched.675a99d0.json).

Also, lots of workers (022, 030, 043, 044, 045, 047, 086, 092, 096, 083, 090) have already done evidence-binding tasks! So a plain "find the mismatch" task is heavily duplicated. Notably worker-096 did "evidence_binding_adjudication" with enriched/canonical snapshots. Let me diff the old 675a99d0 vs live 9e335e9b to see what content changed. Then decide whether there's a still-unanswered question.

Let me diff:
- artifacts/worker-092/evbind/pinned/taxonomy_consistency.675a99d0.json vs live.
dsh: reasoning:
The difference is exactly: the old 675a99d0 file had two extra fields `map_taxonomy_sha256`, `lead_contract_sha256`, `measured_at` (i.e., the evidence *self-bound* the F0 tree hashes). The live 9e335e9b file lacks those three fields. So the content *did* change: someone removed the hash-binding fields from the evidence file. This is exactly the "semantic mutation" issue: the evidence file no longer records which taxonomy bytes it checked. That's why worker-096 called one snapshot "enriched".

So REC-12's item (2) — "refresh f0_binding.consistency_evidence_sha256 in all three schemas to the live taxonomy_consistency.json (9e335e9b) after a clean check_taxonomy_consistency.py run" — binds the schemas to an evidence file that is *weaker* than the one originally declared (no longer self-binding the taxonomy hashes). That would be a regression in evidence quality: the evidence could be true for a different taxonomy revision.

But wait: is that already known? Many workers have already flagged exactly this (worker-096 "evidence_binding_adjudication", worker-092 "evbind", worker-030 "evidence_pin_repair", worker-086 "evidence_collision", worker-044 "f2b_acceptance_oracle"...). The map's CF-20/REC-12 mention "stale evidence-binding pins" routed to the repair. Let me check what worker-096 concluded and whether there's a recorded finding like "the live evidence is a downgraded version". Let me look at the controller findings CF-20 and reviews/G-FORM-evidence-collision-086.json etc.

Actually, let me step back and decide the ONE task. Instead of re-litigating the known evidence pin mismatch, a genuinely unclosed and valuable question: **Does the repair as authorized (REC-12) preserve the F0 hash-binding property of the evidence?** I.e., the acceptance criteria for the rev29 repair should require the evidence file itself to carry `map_taxonomy_sha256`/`lead_contract_sha256`/`measured_at` (as the 675a99d0 version did), not merely refresh the schema pin to a weaker 9e335e9b file. If the repair is executed literally ("refresh to live 9e335e9b"), the resulting FROZEN rev29 would bind schemas to evidence that no longer pins the F0 bytes — a hash-chain weakening.

This is a concrete, bounded, class-bound verification task: independent pre-registered acceptance harness for the REC-12 rev29 repair, centered on the hash-chain property. Deliverable: 
- a checker (`accept_rev29_repair.py`) that when rev29 lands verifies: (a) declared consistency_evidence_sha256 == measured live file; (b) live evidence contains map_taxonomy_sha256 == measured F0 canonical hash and lead_contract_sha256 == measured supplement hash and measured_at; (c) the only changed YAML paths vs rev12 are the authorized ones; (d) semantic-field digest unchanged; (e) class ids/hypotheses/conclusion predicates unchanged; (f) the taxonomy_consistency checker actually re-run gives consistent=true against the current trees (not just a stale file).
- Evidence of the current failing state (live evidence lacks the three binding fields → literal REC-12 refresh would produce a gate-passing state whose evidence does not bind F0 bytes).
- A verdict + falsifier + checkpoint.

But hmm — is this maybe already covered by worker-096/030's work? Let me check worker-096's verdict file. If they already established the "enriched vs canonical" distinction and routed it, then my task should reference that and add the *pre-registered acceptance* for the repair. Let me look quickly.
dsh: reasoning:
Now I have a clear picture of the live controversy:

Worker-096 recommends O3: restore the *enriched* evidence 675a99d0 at the canonical path (no schema hash moves, rev12 verdicts survive) + patch the checker guard. REC-12 instead says: refresh the three schemas' pins to live 9e335e9b (which moves all three schema hashes and voids rev12 verdicts, and leaves weaker evidence).

So there is a live *disagreement* between worker-096's recommendation and the authorized REC-12 repair path. That's a genuinely open, high-value question, and it's exactly where an independent bounded worker can contribute: **adjudicate between O1/O3 (restore enriched evidence, keep rev12 hashes) and O2 (refresh pins, move to rev29)** on the merits — specifically: which repair yields gate evidence that is reproducible and hash-binding, and does the REC-12 path leave the evidence unable to bind the F0 taxonomy bytes?

But careful: adjudicating a controller decision may exceed worker authority. However, workers can emit claims/reviews/advisories; the controller decides. And worker-096 already did a big adjudication. My contribution would need to be *new* information, not a re-run.

What new information can I add? The decisive question in this O1-vs-O2 choice: **does restoring the enriched evidence 675a99d0 require the schemas' declared hash to change?** No: if the canonical evidence file is restored to enriched content, then declared 675a99d0 resolves; no schema write needed. So O3 preserves rev12 verdicts. But the enriched content has `measured_at: 00:32:02` and pins map taxonomy 0abb9ed8/d7419b4e — both still the live hashes. So restoring it is valid *if* the checker's output at the current trees still equals the enriched content (i.e., the consistency check result is the same). Since the current check output is the same JSON minus three fields, and the F0 hashes haven't moved, enriched content is still true.

The risk: the *tool* `check_taxonomy_consistency.py` regenerates the weaker format; a guard patch is needed so future runs don't clobber enriched evidence. Worker-096 proposed a checker patch (proposed_checker_patch.diff). Maybe that patch hasn't been applied/verified. A bounded high-value task: independently verify worker-096's proposed checker patch (does it actually prevent clobbering enriched evidence while still performing the consistency check? does it preserve exit codes? controls?), and produce a hash-bound verdict, so the owner can apply it. Hmm.

Alternatively, the simplest bounded high-value task: settle the O1/O3 vs O2 question with a decisive experiment: measure exactly what the gate-required property is, and demonstrate which path satisfies it without weakening evidence. But again, worker-096 did much.

Let me consider a different angle. Let me look at what the controller REC-12 actually did after 00:50. Check the latest events for astra-life05-evidence-binding-repair and whether the repair already landed. If the repair landed, then a review of rev29 is the task (and G-FORM needs it). Let me check the latest state (it's ~00:53 now). Files move fast. Let me re-measure and check the newest events. Also check whether F1/F2a/F2b are still rev12.

Then decide: If rev29 landed, my task = independent bind-chain + acceptance review of the rev29 bytes. If not landed, my task = pre-registered acceptance harness for the REC-12 repair with the O2-vs-O3 evidence-binding property as the decisive criterion (new information: demonstrate that the literal REC-12 item 2 produces a *false* binding under the schema's own rule — evidence must bind the taxonomy hashes it checked; live evidence doesn't).

Let me look at the newest events (last ~50 lines of events.jsonl tail or the outbox of lead-formulation / worker-096) and re-measure.
dsh: reasoning:
The swarm is extremely active. My window: rev29 repair hasn't landed yet (F1/F2a/F2b still rev12 hashes as of 00:52:01).

Given the intense activity, the best thing I can do as a *bounded execution worker* is a task that:
1. Is class-bound (one class).
2. Is hash-bound and independently falsifiable.
3. Produces new information not already produced.
4. Fits within ~30-60 minutes of work and one lifecycle.
5. Doesn't touch canonical paths.

Candidate: **"O3-preview" independent verification**: Worker-096 recommends restoring the enriched evidence 675a99d0 (O1/O3) instead of REC-12's re-pin (O2). The controller chose O2 (REC-12). The decisive new-information question the controller will need: *If O2 proceeds as written, does the resulting gate evidence satisfy the schemas' own binding rule ("if the declared F0 artifact changes hash, this binding must be refreshed and the consistency check re-run")?* The live evidence file (9e335e9b) does not itself record which taxonomy bytes were checked, so refreshing the schema pin to it yields a declaration that cannot be independently reproduced from the evidence alone. Worker-096 said this. What's *not* established with a control: a concrete, machine-checkable acceptance test that distinguishes "bound evidence" from "unbound evidence", with positive/negative controls. Worker-096 did propose a checker patch. Hmm.

Alternative candidate: **Verify the O1/O3 restore path is actually sound**: test whether the enriched evidence 675a99d0 can be reproduced *exactly* from the live trees by running the consistency checker with an "--enrich" mode (the pinned copies exist). I.e., independently reproduce 675a99d0 byte-exactly from live F0 taxonomy + supplement at 00:32:02-equivalent inputs, showing the restore is not a fabrication. That is: re-run the consistency check myself, enrich with measured hashes, and compare to 675a99d0. If byte-exact → O3 is reproducible evidence, strengthening the case. If not → identify why.

But does the checker support enrichment? Let me look at the tool. Let me read artifacts/formulation/tools/check_taxonomy_consistency.py and worker-096's patch. Actually, worker-030's "evidence_pin_repair" sandbox has r3_patched_exact with 675a99d0 content — so they already built the patched/enriched output. And worker-096 proposed a checker patch. This area is picked over.

Let me step back and survey *other* nodes for less-covered, high-value class-bound work:
- G-LIT: L0 at a1674f09 needs 2 accepts (0 now); literature lead just filed blockers about detector undercount. A hash-bound L0 review (ledger hygiene: class tokens outside the frozen four, source_meta scope fields) is class-bound and in demand. But L0 is huge (62+ rows).
- G-NUM: N0 stoprule; cnfem triage; replication harness invariant. REC says N0 needs protocol adjudication (astra-life05-gnum-protocol-adjudication, lead-audit).
- G-AUDIT: A0 rubric has no reviewer verdict; A1 coverage.
- G-FORM: needs rev29 re-review after repair.

Given "class-bound" (the instruction likely means bound to one of the four formulation classes), the formulation node is the natural place. And the *currently most decisive* open formulation question is the F2b containment defect (class AF-SCC-C0-VAC-GEN), which blocks F2b acceptance and is not repaired by REC-12! Note REC-12 explicitly excludes "class id, hypothesis, conclusion predicate, axis semantics" changes. So the F2b containment defects (H1 inverted size premise, H2 live denial) will STILL be live at rev29! Unless the owner repairs them too (item list is bounded to 4 items; the F2b containment repair is not among them). So after rev29 lands, F2b will still carry the two containment defects. My predecessor's blocker remains open, and worker-034/015/077/063 also found related things.

The highest-value bounded task now: produce the **authoritative, independently reproducible containment-defect verdict at the rev29 bytes**, i.e., wait for rev29 (deadline 01:40), then run the fresh checker on the new hash, reporting whether H1/H2 survive. But I can't wait around indefinitely; the instance should be bounded (~1 hour). It's 00:52; repair deadline 01:40. Too long to wait.

Alternatively, do something that is valuable *regardless* of rev29 timing: verify the F2b containment defect at rev12 is *semantically real* and not a non-normative prose artifact — the open question the predecessor explicitly left ("or a reviewer shows the two clauses are non-normative prose"). That's a bounded, decisive review: adjudicate whether the two clauses are normative (i.e., bind class semantics) by testing them against the schema's machine-checked fields, the rule spec, and the class-separation checker. If normative, the repair must include them; if non-normative, the blocker dissolves. This is class-bound (AF-SCC-C0-VAC-GEN), new, decisive, and within one lifecycle.

Hmm, but the predecessor already argued they're live defects; the lead-formulation may fold the fix in. Let me check what the current gate G-FORM unmet says about F2b: "F2b at e6b1af2b has a revise verdict (HF-B1 composite-regularity exemption, HF-B2 node_id mismatch)". Wait, e6b1af2b again! These hashes (7a3e1f93, 23fec0e9, e6b1af2b) appear in the gates.unmet — maybe they are hashes of the *sandbox rev13 repair staging files* that the lifecycle pass 05 measured from the lead-formulation's working tree? Let me find files with those hashes. Earlier grep showed ./schemas/af_wcc_vacuum.yaml contains the literal string "7a3e1f93"! Let me check what that reference is — maybe revision_history notes referencing an older revision hash. Let me grep the context.

Actually in schemas/af_wcc_vacuum.yaml, "7a3e1f93" appears as text. Let me see. That could be a revision-history entry. Similarly 23fec0e9 and e6b1af2b might appear in the respective schema files' revision histories. So those are *older* revision hashes (rev11?) mentioned in notes. The gates.unmet list may be stale/mistaken references. Let me check.

Let me grep the context lines.
dsh: reasoning:
Now it's clear: 7a3e1f93 is a *harvested draft* hash referenced in the F1 provenance; 23fec0e9 and e6b1af2b are older revision hashes bound by various reviews. The gates[].unmet strings are stale/loose references to review verdicts at superseded hashes. The authoritative current measurement: F1 cce9c601, F2a 5476a3f2, F2b 55d0a1ea, per the controller_gate_audit at 00:49:19.

And reviews/F2b-review-18.json by deepseek-flash-18 with HF-B1/HF-B2 binds e6b1af2b — a superseded hash. So the G-FORM unmet line refers to that older verdict.

OK. Decision time. I've spent ~10 minutes. Let me now pick the task and execute. Between:

(A) F2b containment-defect normativity adjudication at 55d0a1ea (class AF-SCC-C0-VAC-GEN) — decisive, bounded, extends predecessor's work with a new instrument (normativity test), and directly affects whether the F2b defect must be repaired before G-FORM can pass. New information: predecessor said "or a reviewer shows the two clauses are non-normative prose"; nobody has done that; and the lead's authorized repair (REC-12) excludes class-semantics changes, so if the clauses are normative, rev29 still fails and the gate will stall. This is high-value and time-critical: the lead is publishing rev29 by 01:40; if my finding says the F2b clauses are normative and must be fixed in the same revision, it can be folded in.

(B) Evidence-binding acceptance harness for rev29.

(C) A second independent F2a/F1 review at rev12 (soon voided; duplicated by in-flight 071/085/046/091).

(A) is the strongest. Let me scope it precisely:

**Task W066-F2B-CONTAINMENT-NORMATIVITY-01** (class AF-SCC-C0-VAC-GEN, node F2b):
Question: At pinned bytes schemas/af_scc_c0_vacuum.yaml#55d0a1ea9bda (rev12), the two containment clauses identified as H1 (:245 inverted size premise in implication_ledger.forbidden_transfers[0].reason) and H2 (:151 live containment denial in regularity.must_not_conflate[0]) — are they *normative* (they bind the class contract, licensing/conclusion semantics, or a machine-checked rule), or *non-normative prose* whose repair is optional?

Method: 
- Pin bytes; snapshot.
- Machine-locate the clauses and their carriers.
- Test normativity with multiple independent probes:
  1. Rule-spec conformance: does rule_spec.json / check_class_schema.py enforce or reference these paths (are they in the schema's declared field set / rules R01-R31)? Does the canonical gate's rule list include a containment/immutability check that reads these clauses?
  2. Semantic role: does the clause sit in a structural section whose other members are machine-read (implication_ledger, regularity) or in an advisory block? Does any other field *derive* from it (conclusion, transfer_rules, anti_scope, class_components)? Build a reference graph: which fields/keys are consumed by the gate and which are prose only.
  3. Consistency with C2 sibling: C2's corresponding entry has the corrected wording — evidence that the author treats the field as normative content (it was fixed there), and that the C0 denial contradicts the class's own declared chain.
  4. Mutation controls: patch live with a *strengthened* denial (e.g., adding "C0 and C2 are disjoint") and see whether any canonical checker (check_class_schema.py, classsep) fires; patch with corrected wording and see the same checker result. If no checker fires either way, the clauses are not *machine-enforced*, but that doesn't make them non-normative — need textual normativity tests: are the clauses in the declared "must_not_conflate" list (a normative field name) vs a comment.
  5. A0 evaluation rubric: does HF taxonomy include a category that covers this (the gate owner's own criteria)? Does the lead-audit G-FORM criteria (class leakage, conclusion inflation) catch it?

Then verdict: normative → repair required; state minimal acceptance test (the predecessor's patch + checker). Non-normative → blocker dissolves with reasons. Either way it's useful.

Deliverables:
- artifacts/worker-066/f2b_containment_normativity/: PINNED.json, report.json (verdict JSON with ids/evidence/hash/falsifier), evidence/checks.json, evidence/controls.json, README.md, verify_normativity.py (re-runnable).
- reviews/F2b-containment-normativity-worker-066.json (verdict file)
- Events appended to comms/outbox/worker-066.jsonl: task status, artifact events, review, claim, blocker/status, checkpoint status.
- runtime/state/w066_f2b_containment_normativity_checkpoint.json + use research_map/checkpoint.py? The protocol says checkpoint via `python3 research_map/checkpoint.py` for the full snapshot. Previous worker-066 wrote both an artifact checkpoint and ran the controller checkpoint script. Let me check how previous worker instances checkpointed. The predecessor's F2b task: "Checkpoint written to runtime/state/w066_f2b_repair_prereg_checkpoint.json" and also ran checkpoint.py? For rev25 they ran the checkpoint script producing runtime/state/checkpoints/ckpt-....json. Running the controller checkpoint.py writes global state — is that allowed for workers? The protocol says checkpoint.py is a controller command but predecessor used it. I can write a worker-local checkpoint (runtime/state/<me>_<target>_checkpoint.json) as the review cards require ("Write one checkpoint under runtime/state/<you>_<target>_checkpoint.json"). I'll do that, and also maybe run checkpoint.py if it's non-destructive. Safer: worker-local checkpoint only, per the review card language.

Also "emit valid JSON with IDs evidence hash falsifier" — my report/verdict/events must carry event_id, evidence_refs with #sha256-prefix, hashes, falsifier.

Before starting, let me quickly check:
1. Can I write to reviews/ and artifacts/ (permissions)? artifacts is rwxrwxr-x owned by guoshaoyang — yes. reviews too.
2. The canonical gate tool: artifacts/formulation/tools/check_class_schema.py and the rule_spec. I need to run it on a sandbox copy (not canonical).
3. Python with yaml available? Let me check.

Let me set up the todo list and begin. First, read the relevant parts of F2b, rule_spec.json, and the gate tool. Also read predecessor's report to build on it (avoid duplication and reuse its pins/checker).

Actually — hold on. There's a risk my normativity adjudication duplicates worker-063/077/034/095 etc. Let me check whether anyone already adjudicated normativity. grep for "non-normative" in reviews and artifacts.
dsh: reasoning:
Important discovery: rule_spec R06 says `must_not_conflate` is a *required, non-empty list* in the regularity block, and check_class_schema.py R06 checks emptiness only. So the field is machine-required (normative field), but its *content* (the denial sentence) is not semantically checked. Does R06's requirement make the clause's content normative? The field is part of the frozen class contract. Content of a required normative field that directly contradicts the document's own chain — this is class-leakage/conflation relevant: the clause "No containment with C2 or C0 is asserted here" denies the declared cross-class relation, i.e., it may falsely discharge the conflation requirement. The gate criterion "disjointness tests" and "class leakage" likely depend on these.

Now let me check the predecessor's README/report for whether they already considered normativity. Let me grep the predecessor artifacts for "normative". Then I'll define my task as the normativity adjudication and make sure it's genuinely additive: the predecessor explicitly wrote "alternatively a reviewer may rule the two clauses non-normative at the bound hash, which this adjudication does not." So it's an open question flagged as the alternative resolution. Nobody has answered it. 

My task: **W066-F2B-CONTAINMENT-NORMATIVITY-01**. Decide whether the two clauses are normative under the frozen rule spec and the schema's own structure, with machine evidence + controls. This is the exact open decision needed by the owner before rev29: REC-12's bounded scope excludes semantics changes; if the clauses are normative, the owner must either include the F2b repair in the same revision (out of REC-12 scope → needs controller authorization) or G-FORM will re-fail at rev29.

Let me now execute. Steps:
1. Pin live bytes (F2b 55d0a1ea, F2a 5476a3f2, F1 cce9c601, F0 taxonomy 0abb9ed8, supplement d7419b4e, rule_spec 40f9bb9e, gate tool 000e09e4, classsep tool, FROZEN 2f358f6722) into a snapshot dir.
2. Read the exact clauses and their carriers; extract machine-readable structure.
3. Run the canonical checker on the pristine snapshot (record verdict).
4. Normativity probe battery:
   a. Field-level: is must_not_conflate a rule-required field (R06)? Is implication_ledger.forbidden_transfers consumed by any rule/tool? Check rule_spec for the field names and the checker code paths.
   b. Document-level: does any other field derive from / cite the clauses? Build a citation graph within the doc: keys referencing containment/immutability.
   c. Contradiction test: the doc's own chain at :238-:247 vs the denial; classify the denial's logical content; check whether the denial, if true, would break declared transfer rules (T1 licensing C0=>C2 transfer).
   d. Sibling test: C2's parallel entry wording (corrected) — shows authorship intent that this field carries content, not boilerplate.
   e. Mutation probes: 
      - M1: replace denial with corrected nesting statement → canonical checker verdict unchanged (expected: unchanged, since R06 only checks non-empty).
      - M2: strengthen denial to assert disjointness → checker unchanged (shows no machine enforcement).
      - M3: empty the field → checker fails R06 (proves the field is machine-required, i.e., part of the normative schema).
      - M4: invert chain order in implication_ledger → checker unchanged?
      These show the clause content is unenforced by machines but the field itself is normative. Then the normativity of *content* must be argued from the doc's own semantics.
   f. Rule-spec declared rule R06 text (verbatim), plus check_class_schema.py lines.
   g. Gate criteria: G-FORM's disjointness/class-separation criteria and A1 rubric categories; does the denial bear on "must_not_conflate" (the class-separation requirement)? The field name itself is normative: "must not conflate" — a denial that contradicts the declared chain inside the must_not_conflate list is a normative content defect.
5. Verdict JSON with IDs, evidence hashes, falsifier; controls pre-registered.
6. Write artifacts, review file, events, checkpoint.

This is a solid bounded task. Let me start. First, set up the todo list. Then create the workspace and snapshot.

Note on time: aim to finish by ~01:30. Let's move fast.

Let me first read predecessor's checker and README to leverage, plus the relevant F2b sections. Files: artifacts/worker-066/f2b_containment_adjudication/. Let me list and read.
dsh: reasoning:
The predecessor did an excellent job. The explicit open falsifier: "or if a reviewer shows the two clauses are non-normative prose at the bound hash." My task is exactly that adjudication.

Let me now build. First, create the task directory and snapshot/pin. I'll write a script that:
1. Pins inputs (sha256, bytes, mtime) and copies them to pinned/.
2. Extracts normativity evidence.

Key probes for normativity:

P1. Rule-spec requirement: read rule_spec.json R06 verbatim; check `must_not_conflate` required non-empty (machine-enforced field) — the field is normative.
P2. Gate tool behavior: run check_class_schema.py (canonical) on pristine snapshot → verdict pass. Then mutants:
   - MUT-A: empty must_not_conflate → expect R06 fail (proves content is machine-required at least non-empty).
   - MUT-B: replace denial with corrected nesting (candidate semantics) → expect pass (content not machine-checked).
   - MUT-C: strengthen denial to "C0 and C2 are disjoint classes with no containment in either direction" → expect pass (no semantic enforcement of content).
   - MUT-D: flip the implication chain → expect pass (chain not machine-checked).
   These establish: the field is normative (required), but its content is machine-unenforced. That's important nuance: "not machine-enforced" ≠ "non-normative".
P3. Document-internal normative signaling: does the document itself label these blocks as binding? Look at keys: `implication_ledger` with `transfers`, `forbidden_transfers`, `extension_class_containment`; `regularity.must_not_conflate`; also `acceptance_alignment`, `claim_promotion`, `no_status_claim`. Determine if there's a `normative: false` / `advisory` marker on either carrier. If none, the default in a class-contract schema is normative.
P4. Derivation/reference graph: which other fields in the doc reference the clauses or derive from them (e.g., transfer_rules T1, anti_scope, conclusion_text)? If the forbidden-transfer reason is cited by the transfer table or the conclusion, then the inverted premise propagates. Check `transfer_rules`, `conclusion`, `anti_scope`, `must_not_conflate` cross-refs.
P5. Sibling C2 evidence: C2's parallel field carries the corrected nesting and a bracket note recording the earlier denial as wrong ("[R2 major: ... was wrong]"). Authors treating it as content.
P6. Rule-spec R06's stated purpose: "regularity block separates ... must_not_conflate is a non-empty list". Also check whether any rule (R01-R31) mentions implication_ledger/forbidden_transfers. If a rule requires the forbidden_transfers reasons to be consistent, then H1 is normative. Let me grep rule_spec for implication_ledger.
P7. G-FORM gate criteria and A0 rubric: contains "class leakage" (HF-02?), "conclusion inflation". If discipline requires no contradictory cross-class denial, normativity follows from the gate criteria.
P8. Classifier test: does the denial at :151 negate a `class_components`/`class_identity_variants`/`anti_scope` claim? Compute the set of containment assertions in the doc and check whether the denial contradicts ≥1 of them; also whether the denial is inside a field whose name starts with "must_".

Then verdict: NORMATIVE CONTENT (repair required) with the specific reasoning and the fact that machine enforcement is absent (so the repair-acceptance test must include a text-level checker like predecessor's; the canonical gate alone cannot catch it).

Also produce the acceptance criterion for rev29: since REC-12 excludes class-semantics changes, either (a) the owner folds the 2-edit repair into the same revision (needs controller authorization because it exceeds REC-12's four bounded items), or (b) G-FORM re-review at rev29 will hit the same H1/H2 and F2b cannot be accepted. My report should state this and give a decision-ready recommendation. Worker authority: advisory only.

Alright. Let me write the snapshot/pin script and the probe script. Keep them self-contained, using PyYAML from the system.

Time to write code. I'll create /data3/guoshaoyang/workdir/ai4math-swarm/artifacts/worker-066/f2b_containment_normativity/.

First the pin/snapshot script. I'll include: 
- inputs: schemas/af_scc_c0_vacuum.yaml, schemas/af_scc_c2_vacuum.yaml, schemas/af_wcc_vacuum.yaml, research_map/formulation_taxonomy.yaml, artifacts/formulation/formulation_taxonomy.yaml, artifacts/formulation/rule_spec.json, artifacts/formulation/tools/check_class_schema.py, artifacts/formulation/evidence/taxonomy_consistency.json, artifacts/formulation/FROZEN.json, evaluation_rubric.yaml
- copy each to pinned/<flattened name>, record sha256/bytes/mtime.

Then the checker script with probes and controls.

Let me look at the relevant parts of the F2b file first (lines ~140-160, ~230-280) and rule_spec structure, and check the gate tool's rule list. Let me read those regions.
dsh: reasoning:
Very useful. rule_spec R16: "implication_ledger records the one-way statements (extension-class containment C2 subset C0; therefore C0-inextendibility entails C2-inextendibility) and marks the converse and any WCC<->SCC transfer as forbidden_or_unresolved". So the `implication_ledger` IS a normative block with a machine-checked rule (R16). H1 lives in `implication_ledger.forbidden_transfers[0].reason`, a normative block. And R06 requires `must_not_conflate` non-empty in the normative `regularity` block. So both carriers are normative blocks with rules.

Also check_class_schema.py:53 mentions a pattern treating forbidden_transfers as a block that likely gets a leakage scan relaxation. Let me read check_class_schema.py R16 code and the leakage-scan handling to see how forbidden_transfers/must_not_conflate content is treated (e.g., occurrences inside these blocks may be exempted from the lexical leakage scan — "explicit forbidden-phrase quotation"). This matters for H2: the denial sentence may be suppressing a leakage detection? Let me read lines 340-400 and the leakage scan code.

Also note C0 line ~151 text: "No containment with C2 or C0 is asserted here" — inside must_not_conflate. R13 forbids composite regularity "(C0|C2)\s*(or|and|/)\s*(C0|C2)" outside an explicit forbidden-phrase quotation. Interesting: the denial itself contains "C2 or C0" — a composite token! Is it exempted because it's inside must_not_conflate? Let me check R13/R12 code.

This could yield a strong normativity finding: the denial sentence uses a composite regularity token "C2 or C0" in a normative block, and R13 has a specific exemption for forbidden-phrase quotations. If the exemption only applies when the phrase is quoted as forbidden, then the live denial may either (a) be exempted as a quotation, or (b) wrongly exploit the exemption. Let me examine.

Let me read the relevant checker code.
dsh: reasoning:
Rich material. Key machine facts:

1. R16 explicitly machine-checks `implication_ledger.one_way_entailments` and `forbidden_transfers` (presence + direction tokens) and a prose-converse regex over `regularity`, `implication_ledger`, etc. So the ledger is normative and content-checked at the direction level. H1 (inverted *size premise* in a forbidden_transfers reason) is NOT caught by R16's token checks (the tokens C2->this class are correct; only the semantic premise "strictly larger" is wrong). So H1 is a *content* defect in a machine-enforced normative block, escaping the machine check — exactly the gap.

2. R06 requires `must_not_conflate` non-empty; note that EXEMPT_KEY regex includes `must_not` — leakage tokens inside must_not_conflate are legitimate as *negative/prescriptive* statements. The H2 denial at :151 is such a negative statement. So the field is normative (a "must not" list) but the tool treats its content as prescriptive negative content exempt from leakage scanning. The denial contradicts the document's own assertive chain (:238). Thus H2 is a normative-content defect that the machine deliberately exempts from scanning — i.e., the exemption assumes the negative statements are *correct* denials; a false denial is undetectable.

So the normativity case is strong:
- Both carriers are machine-required fields of the frozen class contract (R06, R16) — not comments.
- R16 is specifically designed to enforce the containment direction; the tool's own docstring/comment ("worker-08 found a C2-subsumes-C0 sentence in an unscanned field") shows the author treats containment prose inside these blocks as semantic content that must be checked. This is direct evidence from the rule spec that containment statements are normative.
- EXEMPT_KEY shows that `must_not_*` subtrees are "negative/prescriptive" — by construction normative.
- The scalar itself ("must_not_conflate") names a class-separation obligation; a false denial inside it can falsely discharge the obligation (class leakage risk).

Probes to run:
1. Canonical gate on pristine snapshot → expect pass (already documented by worker-098; I'll re-run).
2. MUT-1: empty must_not_conflate → R06 fail (field required). 
3. MUT-2: replace H2 denial with corrected nesting (candidate wording) → gate pass (content unenforced).
4. MUT-3: strengthen denial to "C0 and C2 are disjoint; no containment in either direction" → gate pass (false denial unenforced) — this is the crucial control showing the machine cannot distinguish a false denial from a true one.
5. MUT-4: reverse the chain in extension_class_containment ("E_C2 contains ... E_C0") → does R16 fire? The R16 fwd/rev regexes scan for "C2 ... entails ... C0" and "C0 ... is implied by ... C2" in specific fields. Reversing the chain string may not match the regexes (it's a set-containment statement, not an implication). Expect pass → shows inverted chain also unenforced. But careful: this control is somewhat aggressive; it's a sandbox mutant, fine.
6. MUT-5: change forbidden_transfers[0].from to "no proper future C0 extension" and to "this class" → R16 fires "forbids the required C0 => C2 entailment" (shows R16 DOES enforce direction tokens) → positive control that the block is machine-enforced. 
7. MUT-6: delete implication_ledger entirely → R16 fail (block required).
8. MUT-7: remove `reason` from forbidden_transfers[0] → does R16 fail? Probably not (only `from`/`to` tokens checked) → shows the *reason* prose is part of a required entry but its content is unchecked → supports "reason is normative content with a machine blind spot".
9. Text-level: run predecessor's adjudicate.py on pristine (H1+H2) and candidate (none) — already done; I can reuse the pinned checks. For independence I should re-run it or my own checker; simplest: re-run predecessor's checker in a copy (it's available), and report that as evidence of the text-level detector, and record that the canonical gate alone passes both.

Also a decisive structural probe: the C0 document's own `transfer_rules` (T1?) and `one_way_entailments` express the same relation as H1's reason. Let me extract all containment claims and see whether the H1 reason contradicts ≥1 normative field. Also check if `forbidden_transfers[0].reason` is referenced/duplicated elsewhere.

Additional probe: check the classsep tool (class separation checker) — whether it flags the H2 denial. `artifacts/formulation/tools/check_class_schema.py` is the gate; there's also a classsep tool (worker-098 did a classsep prose shadow). Let me find it: maybe artifacts/audit/... or research_map/class_separation.py. The evidence audit (audit_evidence.py) had CLASSSEP findings. Let me check whether CLASSSEP scans must_not_conflate. Hmm, time. Let me keep scope bounded: the canonical gate + rule spec + document structure + predecessor's text checker + controls.

Now, deliverable JSON. Let me design the report:

{
 "schema_version":"0.1",
 "task_id":"W066-F2B-CONTAINMENT-NORMATIVITY-01",
 "event_type":"adjudication",
 "node_id":"F2b",
 "class_id":"AF-SCC-C0-VAC-GEN",
 "target":{"path":"schemas/af_scc_c0_vacuum.yaml","sha256":"55d0...","revision":12},
 "question":"...",
 "verdict":"normative" | "non_normative" | "mixed",
 "conclusion": "...",
 "rule_basis":[...],
 "probes":[...],
 "controls":[...],
 "gate_consequence":"...",
 "recommendation":{...},
 "falsifier":"...",
 "evidence_refs":[...],
 "assumptions":[...],
 "limits":"..."
}

Let me now write the scripts. Plan:
- `pin.py`: snapshot inputs, write PINNED.json.
- `normativity.py`: run probes/mutants/controls, write evidence/checks.json, controls.json, report.json.
- `README.md`.
- `reviews/F2b-containment-normativity-worker-066.json` (verdict file referencing report).
- `emit_events.py`: append events (status/artifact/review/claim/blocker/status-checkpoint) to comms/outbox/worker-066.jsonl, computing hashes.
- worker checkpoint runtime/state/w066_f2b_containment_normativity_checkpoint.json.

Let me create the directory and pin script now. I need to be careful about which file paths to snapshot: use canonical live files. The checker needs `rule_spec.json` and `KEY_MANIFEST.json` relative to its parents dir; when running the canonical tool on a sandbox copy, it resolves SPEC = parents[1]/rule_spec.json — so I should run it against a SANDBOX tree that mirrors artifacts/formulation/ layout, with the canonical tool copied in place. Simpler: copy the whole artifacts/formulation/tools + rule_spec.json + KEY_MANIFEST.json into sandbox/artifacts/formulation/, and the schema under sandbox/schemas/. Wait, the tool reads the schema path from argv. Let me check how the tool loads the schema and KEY_MANIFEST (R22). Let me read the main() and load portion quickly.
dsh: reasoning:
The tool loads SPEC and KEY_MANIFEST relative to `__file__.parents[1]` = artifacts/formulation/. So if I copy the tool into my sandbox at `<sandbox>/artifacts/formulation/tools/check_class_schema.py` and put rule_spec.json + KEY_MANIFEST.json in `<sandbox>/artifacts/formulation/`, it works self-contained. It reads the schema from argv (can be anywhere).

Note: exit code 0 even on fail (as worker-098 noted); parse JSON.

Now let me write the pin script. I'll do it in one go with `write` then run. Directory: artifacts/worker-066/f2b_containment_normativity/.

Files to pin:
- schemas/af_scc_c0_vacuum.yaml (target)
- schemas/af_scc_c2_vacuum.yaml (sibling)
- schemas/af_wcc_vacuum.yaml (family context)
- research_map/formulation_taxonomy.yaml (F0 canonical)
- artifacts/formulation/formulation_taxonomy.yaml (supplement)
- artifacts/formulation/rule_spec.json
- artifacts/formulation/tools/check_class_schema.py
- artifacts/formulation/KEY_MANIFEST.json
- artifacts/formulation/FROZEN.json
- artifacts/worker-008/f2b_rev11_dualrepair/candidate_rev12/af_scc_c0_vacuum.yaml (candidate 98f9ec83) — check it exists
- artifacts/worker-066/f2b_containment_adjudication/adjudicate.py (predecessor text checker)

Let me check the candidate path exists. Then write pin.py.

Design of normativity.py:
- Load pinned target doc with yaml.safe_load (PyYAML).
- Extract carriers:
  H1 = implication_ledger.forbidden_transfers[0] (from,to,reason) + extension_class_containment + one_way_entailments
  H2 = regularity.must_not_conflate[0]
- Machine-normativity probes: run gate on pristine + mutants, record verdict/failed_rules.
- Text-level robustness: run predecessor's adjudicate.py on pristine and candidate (capture output) — need to check its CLI. Let me check adjudicate.py usage quickly (head). Actually I can call the module functions if it has a CLI; simpler to run `python3 adjudicate.py --help` and see. Let me check.
- Document-structure probes: 
  * Which top-level keys are machine-required by rule_spec rules (grep rule requirements for "implication_ledger", "regularity.must_not_conflate", "must_not_conflate", "forbidden_transfers", "extension_class_containment").
  * EXEMPT_KEY regex includes must_not/forbidden/reason → show these blocks are treated as prescriptive by the gate.
  * The doc has no `normative: false`/`advisory`/`non_normative` marker on either carrier: text search for "non-normative|advisory|informational|not binding" in the doc → 0 hits (verify).
  * Cross-references: count in-document references to "implication_ledger" and "must_not_conflate" from other fields (e.g., :151 says "see implication_ledger"; :238 chain; anti_scope; subsumption_note). If other normative fields cite the carrier, its content is load-bearing.
  * The denial H2 contradictions: assertions of containment at :238, :242-243, :274 (line numbers from predecessor). I'll re-locate programmatically by collecting all containment sentences.
- Controls (pre-registered):
  C1 pristine → gate pass (expected)
  C2 empty must_not_conflate → gate fail R06
  C3 candidate wording (H2 fixed, H1 fixed) → gate pass
  C4 false denial strengthened ("no containment in either direction") → gate pass  [machine cannot see it]
  C5 forbidden_transfers[0].from set to C0-source (reversed direction) → gate fail R16  [positive control: block IS enforced]
  C6 remove implication_ledger → gate fail R16
  C7 drop `reason` key from forbidden_transfers[0] → gate pass  [reason text unchecked]
  C8 reverse the containment chain string → gate pass  [chain semantics unchecked]
  C9 remove the H2 sentence (empty string in list? list must be non-empty; use [""]?) → hmm, R06 checks truthiness of list; [""] is truthy list but the semantic content gone → gate pass (shows content not checked). Better: replace H2 entry with innocuous text → pass.
  C10 H1 reason set to "C2 is a strictly smaller extension class..." (correct) → gate pass. Shows H1 wrong-vs-right undetectable by gate.
  
Then the normativity verdict:
- The carriers are machine-required normative blocks (R06 non-empty list, R16 require owe+ft and forbid required direction) → NORMATIVE.
- The specific *content* of H1's reason and H2's denial is not machine-checked; the gate passes identical verdicts for the wrong and corrected versions (C4/C7/C8/C10 vs C1/C3) → the gate's pass cannot certify these clauses; the defect stands as a normative-content defect requiring repair (consistent with predecessor).
- The exemption design (EXEMPT_KEY) means must_not_* content is *legitimated as prescriptive*, so a false prescriptive denial is worse than ordinary unscanned prose: it purports to forbid the correct reading.

Recommendation:
- The repair must fold H1+H2 into the same revision as REC-12's evidence-binding repair, because REC-12 excludes semantics changes and the gate cannot catch these; otherwise rev29 will be gate-green but still carry both defects, and any accept at rev29 re-issues the failure.
- If the controller insists REC-12 stays bounded, it must authorize a separate bounded formulation repair card; the predecessor's 2-edit patch is ready and independently re-verified (candidate 98f9ec83).
- Acceptance for the repair: canonical gate PASS (necessary, not sufficient) AND predecessor's order-relative checker returns zero findings AND single-edit revert controls fire exactly one finding each AND C2 sibling unchanged.

Falsifier: my adjudication is falsified if (a) the rule spec or gate treats implication_ledger.forbidden_transfers / regularity.must_not_conflate as non-binding (e.g., a normative:false marker or the block absent from every rule), or (b) the target bytes move, or (c) a re-run shows the corrected and uncorrected bytes produce different canonical-gate verdicts (which would show the gate does check content), or (d) documentation exists at the bound hash declaring these clauses advisory/non-normative.

Good. Let me check the predecessor's adjudicate.py CLI quickly, and candidate existence. Then write files.
dsh: reasoning:
The predecessor's adjudicate.py reads `pinned/` (its own pinned copies) and writes evidence/report.json in its own dir. I can run it as-is (it uses its own pinned files, which are still there) to re-confirm; but I don't want to overwrite its report. I can copy its pinned files into my sandbox and run a copy of adjudicate.py with HERE pointing to my dir. Simplest: copy adjudicate.py to my dir, copy its pinned/ dir too, run it there. That gives an independent re-run (same instrument though — it's my predecessor's, and the note says workers can re-run). For independence I'll write my own minimal text detector for H1/H2 in normativity.py and cross-check against the predecessor's adjudicate.py output; if they agree, record cross-check.

Actually to keep scope tight: my normativity.py will implement its own text-level detectors for H1/H2, and I'll ALSO run the predecessor's checker in my sandbox as a cross-instrument check. Good.

Now write pin.py. Let me write it.
dsh: reasoning:
WAIT. The target_c0 pin is b2ab6acb2bbe7f86 — NOT 55d0a1ea9bda! The canonical F2b file has MOVED since I measured it at 00:52 (55d0a1ea). The rev29 repair may have just landed! Let me check immediately: hash and mtime of schemas/af_scc_c0_vacuum.yaml, c2, wcc, and the other files. sibling_c2 is e9a27996 (was 5476a3f2).

This changes everything: the repair has landed (rev13?), so the normativity adjudication should be at the NEW bytes, and moreover the F2b containment defects may or may not have been fixed in the new revision.

Let me measure everything now and check FROZEN revision, and whether the two clauses are still there. Time-critical.
dsh: reasoning:
Critical live development: at 00:53:20, all three schemas were rewritten (rev13 likely, the REC-12 evidence-binding repair), and **both F2b containment defects are STILL present** at the new bytes (lines 152 and 246). FROZEN.json is still rev28 (not yet re-frozen).

This confirms exactly the risk I identified: the authorized repair (REC-12) refreshed evidence bindings but did NOT repair the normative containment defects. So the task is now even more valuable and time-critical: the repaired rev13 bytes are about to be re-frozen (FROZEN rev29) and re-reviewed (astra-life05-verify-gform-r3), and the two defects survive.

My predecessor's verdict bound 55d0a1ea (now superseded). My normativity adjudication should bind the NEW bytes b2ab6acb — and additionally report that the rev13 repair carried the defects forward (same finding class, new hash) — i.e., re-issue the review at the new pin.

This is a perfect bounded worker task: at the new canonical F2b hash b2ab6acb2bbe7f86:
1. Confirm the two clauses are still live (text-level) — independent checker.
2. Adjudicate normativity (R06/R16 machine-required carriers; content not machine-enforced; no advisory marker).
3. Verify the repairs' effect on the *other* declared hash chains (did rev13 fix evidence binding? declared consistency_evidence_sha256 now? rule_spec R17-R31? duplicate keys?).
4. Emit verdict + evidence + falsifier + checkpoint, and flag that FROZEN rev29 must not freeze F2b with these two defects if G-FORM is to pass, or the owner must fold the 2-edit patch into the same revision (out of REC-12's stated scope → controller authorization needed).

Since files are moving fast, I must pin NOW and work from pinned copies (already pinned at 00:53:39: target_c0 b2ab6acb, sibling_c2 e9a27996, family_wcc bf0c28fa, etc.). Good — the pin caught the new bytes. But the pin also ran while... target/new bytes were written at 00:53:20, pin ran at ~00:53:39 — after the write. Fine. But note the pin copied predecessor_pins etc. Good.

Wait — one concern: were the three schemas written *simultaneously* (00:53:20) mid-repair (e.g., the repair script writes them in sequence and could still be running)? All three mtimes are 00:53:20.68x; consistent. Let me verify stability at the end (re-measure) and record drift.

Also: the evidence file mtime 00:52:37. FROZEN.json not yet updated. The repair may still be in progress (artifact events pending). My task should bind bytes and state that FROZEN rev29/freeze is pending.

Let me now check what changed in F2b between 55d0a1ea and b2ab6acb — specifically whether the repair fixed: evidence binding, duplicate keys, and what revision it declares. Also check the new f0_binding.consistency_evidence_sha256 value.

Then write normativity.py to run probes at b2ab6acb.

Let me first update pin.py? No need — it already pinned the new bytes. But the PINNED.json recorded the new hashes. Let me verify pinned target copy hash = b2ab6acb. Yes ("pinned_copy_sha256" recorded). Let me quickly diff the new C0 vs old pinned copy (from predecessor pinned dir 55d0a1ea).
dsh: reasoning:
The predecessor's pinned dir uses different filenames. Let me list it. Anyway:

- New C0 = rev13, revised_at 00:53:20, evidence binding refreshed to 9e335e9b. Exactly REC-12 item (2). No class-semantics change, and indeed both containment defects survive.

Let me find the predecessor's pinned snapshot name and diff to confirm the exact delta (should be only the f0_binding line + revision history entry + revised_at). Let me list its pinned dir.
dsh: reasoning:
The rev13 delta is exactly the four authorized items (for C0: evidence binding refresh) — no class-semantics change. Both containment defects survive. This is now a precise, time-critical finding.

Now update my PINNED.json pin: the pin.py run captured the new bytes (target_c0 b2ab6acb, sibling_c2 e9a27996, family_wcc bf0c28fa). But I should also pin the **rev12 predecessor snapshot** for the "carried forward" provenance comparison — it's already in the predecessor's pinned dir, and my PINNED.json references predecessor_pins. I'll add the rev12 C0 copy into my pinned/ for self-containment (copy from predecessor pins) and record it. Let me not rerun pin.py (it would re-pin; bytes may move). Actually rerunning would be fine but could pick up another move. Better: append a "prior_rev12" entry to PINNED.json via a small addition to pin.py? Simpler: just copy the file and record in a follow-up: I'll modify pin.py to include prior_rev12 input and rerun; risk of drift is low and it re-pins everything (good hygiene). But if FROZEN/others move again, the pins change consistently. Let me add prior_rev12 and also a stability re-measure step in normativity.py.

Let me update pin.py's INPUTS with:
"prior_rev12_c0": "artifacts/worker-066/f2b_containment_adjudication/pinned/c0_canonical__af_scc_c0_vacuum.yaml"
"prior_rev12_c2": "artifacts/worker-066/f2b_containment_adjudication/pinned/c2_canonical__af_scc_c2_vacuum.yaml"

Then rerun and confirm.

Then write normativity.py. Let me define its functions:

- load pinned target (yaml.safe_load).
- locate carriers: 
  H1 = d['implication_ledger']['forbidden_transfers'][0]
  H2 = d['regularity']['must_not_conflate'][0]
  chain = d['implication_ledger']['extension_class_containment']
- markers: scan whole doc (as text + parsed) for advisory markers: /non[-_ ]?normative|advisory|informational only|not binding|not normative|prose only|nonbinding/ → expect none on carriers.
- rule_basis: from rule_spec, find rules whose `require` mentions implication_ledger / must_not_conflate / forbidden_transfers / extension_class_containment. Record id + verbatim require.
- gate probes: build sandbox tree:
    sandbox/artifacts/formulation/{rule_spec.json, KEY_MANIFEST.json, tools/check_class_schema.py}
    schema files under sandbox/schemas/
  run gate with --json on each mutant; record verdict + failed_rules.
  Mutants (built by editing the parsed YAML? Better by text substitution to keep valid YAML and avoid PyYAML reformat noise; gate only reads semantics, so parsed-based dump is fine. But dumping with yaml.safe_dump changes formatting; the gate doesn't care. Use yaml.safe_dump for mutants except where noted.)
  M0 pristine (exact bytes copy) → pass
  M1 must_not_conflate = [] → fail R06
  M2 H2 entry replaced with corrected nesting wording (candidate wording from candidate file) → pass
  M3 H2 entry replaced with strengthened false denial "C0 and C2 are disjoint extension classes; no containment holds in either direction." → pass
  M4 forbidden_transfers[0].from = "no proper future C0 extension" (reversed) → fail R16
  M5 delete implication_ledger → fail R16
  M6 forbidden_transfers[0].pop('reason') → pass
  M7 chain reversed string → pass
  M8 H1 reason corrected ("strictly smaller") → pass
  M9 H1 reason replaced with "C2 is much bigger, trust me" (nonsense) → pass
- text-level detector (my own, independent of predecessor): 
  parse chain order: extract tokens E_C0, E_H2loc, E_{C^1,1}, E_C2 from extension_class_containment and build order via 'contains' chain; then check H1 reason's comparative claim: contains "C2 is a strictly larger" → contradicts order (C2 smallest). H2: denial regex "No containment with C2 or C0 is asserted here" and presence of ≥1 assertive containment statement (one_way_entailments/chain) → contradiction.
  Report H1/H2 findings on pristine, none on candidate.
- cross-check with predecessor adjudicate.py: run a copy in sandbox with predecessor's pinned inputs? The predecessor checker reads its HERE/pinned. If I copy adjudicate.py into my sandbox along with predecessor's pinned dir, it will run on the rev12 pins, not rev13. To run it on rev13, I'd need to point its pinned c0 file to rev13. Simplest: copy predecessor checker + its pinned/ into crosscheck/, overwrite pinned/c0_canonical__af_scc_c0_vacuum.yaml with my rev13 pinned copy, run, and read report.json (it writes evidence/report.json into crosscheck/). But note it also compares against candidate (rev12 candidate) and rev11 provenance; overwriting only c0 canonical to rev13 should still work (its "rev11 provenance" reads worker008 candidate etc.). There's risk it hardcodes expected line numbers. Given H1/H2 moved lines (151→152, 245→246), its order-relative parsing should handle. Let me try; if it errors, record the failure honestly and rely on my own detector + predecessor's published result at rev12.

Actually, this cross-check is valuable: it demonstrates the rev13 bytes still trigger the same two findings. Let's attempt it.

- Stability/drift: re-measure canonical hashes after the run; if any pinned input moved, record drift and mark verdict scope void on move.

Outputs: evidence/checks.json, evidence/controls.json, report.json.

Let me also incorporate the *gate* verdicts on pristine (should pass) and the "four gate criteria" relevant to normativity.

Then the verdict: "normative_content_defect_confirmed_at_rev13". Score: revise 2.5 (same as predecessor). Recommendation: fold the 2-edit repair into the rev29 freeze or issue a bounded repair card; acceptance requires gate PASS + order-relative checker zero findings + revert controls.

One more probe worth doing for normativity: the A0 evaluation rubric's hard-failure taxonomy — does it have a category covering "normative contradiction inside a required block"? Let me grep evaluation_rubric.yaml for HF categories and "must_not_conflate"/"implication". Quick check now (part of rule basis). Also the G-FORM gate criteria mention "disjointness tests". Let me include an extract.

Let me now update pin.py and write normativity.py. I'll write the big script carefully.

Time budget: it's 00:54. Let's aim to finish by ~01:20.

For the YAML mutant round-trip: yaml.safe_load then yaml.safe_dump may drop comments and reorder; that's fine for the gate. But for faithful mutants I want to preserve everything else. Use safe_dump with sort_keys=False, default_flow_style=False, allow_unicode=True.

For M1 (must_not_conflate = []): dump. Fine.

Also note R22 KEY_MANIFEST unknown-keys check: dumping keeps keys, fine.

Let me write the script.
dsh: reasoning:
Note: family_wcc moved again (bf0c28fa → d9cebb9404b2e79e) between the two pin runs — the formulation lead is still writing (maybe F1 item 3: "correct the F1 variant SET/CH strictness text at the worker-076 lines"). So F1 is still moving; C0/C2 stable at b2ab6acb/e9a27996 for now. I'll note the F1 drift and re-verify C0 stability at the end.

Now write normativity.py. This is the core deliverable. Let me be thorough but efficient.
dsh: reasoning:
Issues to fix before running:
1. `crosscheck_predecessor()` function is broken/unused leftover (references predecessor_pins_dir). Remove it or leave unused — it's unused in main (I inline the crosscheck). It's dead code; remove to avoid confusion.
2. In main, the crosscheck copies `HERE/"pinned"` to work/"pinned_src" (unnecessary) and then copies predecessor's pinned dir to work/"pinned", then overwrites canonical files. Good. But the predecessor's adjudicate.py may reference REPO paths for worker008 candidate etc. It computed REPO = HERE.parents[2] → in the crosscheck work dir, HERE.parents[2] would be /data3/guoshaoyang/workdir/ai4math-swarm/artifacts? Let's compute: work = artifacts/worker-066/f2b_containment_normativity/crosscheck_work. HERE.parents[0] = f2b_containment_normativity, [1] = worker-066, [2] = artifacts. So REPO=artifacts, wrong. Predecessor's adjudicate.py probably uses REPO for reading worker008 candidate and rev11 provenance. That would break the cross-check. Let me inspect its main to see what paths it uses. Simpler: place the crosscheck work dir at the same depth: artifacts/worker-066/<something>/ — e.g., HERE/"cc"/... still depth differs from predecessor's dir: predecessor at artifacts/worker-066/f2b_containment_adjudication → parents[2] = artifacts? No: f2b_containment_adjudication.parents[0]=worker-066, [1]=artifacts, [2]=ai4math-swarm. Right — HERE.parents[2] from artifacts/worker-066/f2b_containment_adjudication = ai4math-swarm. My work dir at artifacts/worker-066/f2b_containment_normativity/crosscheck_work → parents[0]=f2b_containment_normativity, [1]=worker-066, [2]=artifacts. Wrong depth. Fix: make work dir at artifacts/worker-066/f2b_norm_cc (depth: [0]=worker-066, [1]=artifacts, [2]=ai4math-swarm). Good.

3. The predecessor's adjudicate.py writes report.json into...? Let me check its main to know the output path. It said "reads pinned/, writes evidence/ + report.json". Let me check quickly.

4. `checks["post_run_drift"]` constructs weird generator expression inside dict access — works but ugly; fine.

5. M10: must_not_conflate[0] = "" — R06 checks `if not r.get(k)` for the list (truthy since list of 10 strings) and `if not r.get("must_not_conflate")` (truthy). So pass expected. Good.

6. M7 chain reversed — R16 prose-converse regex scans for C2...entails...C0 patterns; my reversed chain string says "E_C2 contains ... E_C0; this class requires the HIGHEST regularity, so its inexistence statement is the weakest." Does fwd regex match "C2 ... (subsumes|implies|entails|establishes|gives|yields) ... C0"? "C2 contains E_{C^1,1} contains E_H2loc contains E_C0; ..." — no verbs from the list. rev regex: "C0 ... follows from|is implied by|is entailed by ... C2" — no. So pass expected. But R16 also checks `tok(e.get("from"))`/`to` for one_way_entailments and forbidden_transfers only, unchanged. Good.

7. M4: from "no proper future C0 extension" to "this class": R16 ft check: tok(from)="C0C2"? The tok lambda: "C0" matches \bC0\b → "C0"; "C2" doesn't match. So tok(from)="C0", tok(to)="this class"→"" (no C0/C2 token? "this class" has no C0; but wait re.search(r"continuous|continuity") no). So tok(from)=="C0" and tok(to)=="C2"? No: tok(to)="" ≠ "C2" → the check `if tok(e.get("from",""))=="C0" and tok(e.get("to",""))=="C2"` fails to fire! Hmm. The R16 forbidden_transfers check requires from token C0 and to token C2. My mutant M4 sets from="no proper future C0 extension" and to="this class" → tok(to)="" so no fail. Then would M4 pass? Let me reconsider: in pristine, ft[0] = from "no proper future C2 extension" → tok="C2"; to "this class" → "". So the *required* C0=>C2 entailment check fires only when from=C0 and to=C2 tokens. To make M4 fail R16, set from="no proper future C0 extension", to="no proper future C2 extension" — then tok(from)=C0, tok(to)=C2 → fail "forbidden_transfers forbids the required C0 => C2 entailment". That's a better mutant: it reverses the required direction. But that changes 2 fields. Fine — it's a control. Expected fail:R16.
Actually wait: does `tok("no proper future C2 extension")` = "C2" only (not "C0C2")? re.search C0 → "C0" appears in "C2"? No. \bC0\b on "C2" no. So "C2". Good.

So update M4: from="no proper future C0 extension", to="no proper future C2 extension". Hmm, but then it duplicates one_way_entailments[0] phrase; that's fine for a mutant.

Alternatively add M4b: from="no proper future C0 extension" to "this class" → expected pass (shows partial enforcement). That's informative: the R16 direction check only fires on the exact C0→C2 token pair. I'll add M4 as the exact reversed pair (fail) and M4b as the mixed (pass) to document the precision limit. Keep prereg consistent.

8. M5 (`pop implication_ledger`): R16 requires owe and ft → fail:R16. But also R22 unknown keys? Removing keys is fine. R16 only for SCC. Good.

Let me also add a control M11: corrected H2 + corrected H1 in one mutant (the candidate semantics) → expect pass; and M12: `must_not_conflate` entry with denial replaced by a quoted forbidden phrase (already C2-style)? Not needed.

9. The `run_gate` uses the sandbox tool; the tool resolves SPEC from the sandbox — good. But the tool also loads `EXT_DEFAULT`, etc. Fine.

10. yaml.safe_dump of the whole doc may reorder keys? sort_keys=False preserves insertion order. Values like the complex nested structures should dump fine. One risk: `yaml.safe_dump` cannot represent some objects (e.g., timestamps parsed as datetime). The doc has quoted date strings mostly, but some unquoted dates may parse as datetime.date objects → safe_dump handles dates fine. Also YAML anchors/aliases? safe_load resolves them. Fine.

11. `text_findings` order regex: chain = "E_C0 contains E_H2loc contains E_{C^1,1} contains E_C2; this class requires the LOWEST...". My regex `E_\{?([A-Za-z0-9^,\\\s]+?)\}?(?=\s+contains|\s*;|$)` — for "E_C0 contains", group would capture "C0"? The lazy quantifier with lookahead \s+contains → yes "C0". For "E_H2loc contains" → "H2loc". For "E_{C^1,1} contains" → captures "C^1,1" (the char class includes ^ and ,). For "E_C2;" → lookahead `\s*;` → "C2". So order = ['C0','H2loc','C^1,1','C2']. Good; `order[0] in ("C0",...)` holds.

12. In `main`, `checks["sha_stability_in_pin"]` reads canonical live file; if it moved, False → report should mark. Fine.

13. Cross-instrument block: predecessor's adjudicate.py expects its `pinned/` filenames. I copy its pinned dir then overwrite. It also reads `worker008_candidate_rev12__af_scc_c0_vacuum.yaml` from pinned (present) and `worker008_addendum_evidence__rev12_addendum.json`, `worker008_candidate_audit__audit_candidate_rev12.json` (present). It may read `frozen_manifest__FROZEN.json` etc. Good. Its own `pinned/f0_declared_taxonomy...` fine. REPO depth fix needed. Let me inspect its main quickly to confirm output path and any hardcoded expectations.

Let me read the tail of adjudicate.py main.
dsh: reasoning:
The predecessor checker hardcodes EXPECT_C0_SHA = 55d0a1ea etc. and `pin_ok` requires match. Also FROZEN files structure. Running it on rev13 would set pin_ok False but still compute findings on the rev13 file (it reads C0_PIN from its pinned dir, which I'd overwrite with rev13 bytes). Findings should still be H1+H2. However, its controls compare against candidate rev12 and rev11 provenance; controls might still match. The report's `pin_ok` false would be visible. That's acceptable for a cross-instrument check (I'll report it as "cross-instrument re-run on rev13 bytes; pin match flag false by design because the instrument's expected rev12 pin is superseded; findings reproduced"). Actually cleaner: don't run the predecessor's instrument on rev13; instead re-run MY OWN text detector (independent) on both rev12 and rev13 to show the clauses are carried forward, and cite the predecessor's published rev12 findings as prior evidence. The cross-instrument with a hardcoded pin adds noise.

But there's value in a second instrument. My detector is simple. Let me instead write a second, differently-structured detector: parse the *candidate* file and check whether the live rev13 sentences equal rev12 (byte-identity) — carried-forward proof. That's already in checks. Plus the order-relative detector. I think that's sufficient; skip the fragile cross-instrument run.

Actually, one more strong independent check I can do cheaply: verify the predecessor's published report findings at rev12 and confirm the exact same sentence spans exist in rev13 by substring equality (already doing). Fine.

Let me simplify normativity.py:
- Remove crosscheck_predecessor dead func.
- Remove the inline cross-instrument subprocess (or keep a light version that runs predecessor adjudicate.py only if it can handle rev13... no, drop).
- Fix M4 to the exact reversed direction pair and add M4b mixed.
- Update PREREG.

Then run.

Also: text_findings compares H2 against `assertive` list from one_way_entailments (4 rows) — fine.

Let me edit the script.
dsh: reasoning:
All 12 controls matched, 2 findings reproduced at rev13 (b2ab6acb), gate passes pristine, no advisory markers.

Wait, `cross_instrument` printed null because I print `cc.get("predecessor_report_verdict")` which no longer exists. Let me check report.json to confirm prior_confirmed loaded. Also verify the controls detail and mutant results. Let me inspect evidence/controls.json and report.json.
dsh: reasoning:
Excellent. All 12 controls match, no drift in the pinned items, findings reproduced at rev13.

`prior_confirmed: [null, null]` — the predecessor report's confirmed_findings entries use a different key (maybe "finding_id" or "id" is nested). Not important; I'll fix to read both keys or just note prior findings from my hardcoded list. Let me quickly check the key name and fix for cleanliness.

Also, report.json has verdict "normative_content_defect" and score 2.5. Good.

Now:
1. Fix the prior_confirmed key extraction (cosmetic).
2. Write README.md.
3. Write the review verdict file to reviews/F2b-containment-normativity-worker-066.json.
4. Emit events to comms/outbox/worker-066.jsonl (status, artifact events, review, claim, blocker, checkpoint status). Must be valid JSON lines with event_id, event_type, created_at, actor, evidence_refs with #hash prefixes, falsifier, class_id, etc.
5. Worker checkpoint runtime/state/w066_f2b_containment_normativity_checkpoint.json.
6. Verify no drift at the end and record.

Let me check predecessor report key names.
dsh: reasoning:
Now write README.md, the review file, events, and checkpoint.

README content: task, target, question, result, evidence table, controls table, rule basis, recommendation, falsifier, limits.

Review file format: follow other reviews (JSON with event_id, event_type, actor, reviewer, target_id, node_id, class_id, gate, artifact, artifact_sha256, reviewed_sha256, verdict, score, hard_failures, findings, evidence_refs, falsifier, independence, counts_as_full_schema_verdict=false).

Then events. The outbox events must be schema-valid (validate_map checks event schema: event_id, event_type, created_at, actor required). Types: status, claim, artifact, blocker, review. Let me model on predecessor's events (w066-f2b-repairprereg-01-*). Include:
1. status (task taken / pre-registration)
2. artifact events for PINNED.json, normativity.py, report.json, checks.json, controls.json, README.md, review file, checkpoint
3. review event (the verdict)
4. claim event (formal_model) with assumption/falsifier
5. blocker event (F2b still fails; rev13 carried clauses; repair outside REC-12 scope)
6. status complete
7. status checkpoint (after writing checkpoint)

Also emit artifact event for the review file itself (review artifact).

Then checkpoint file: runtime/state/w066_f2b_containment_normativity_checkpoint.json with task, events emitted, pins, next falsifier, artifact hashes. Note: the review cards say checkpoint under runtime/state/<you>_<target>_checkpoint.json. Good.

Compute sha256 for each artifact after writing; the events must carry accurate hashes. I'll write an emit_events.py that computes hashes and appends. Ensure one JSON object per line, valid.

Let me write README and review file first, then events script. Keep event created_at = actual now (the swarm has future-dated events; I'll use wall clock).

Also: independently verify the *review file* doesn't already exist and that reviews/ is writable.

Let me write README.
dsh: reasoning:
Now write the review verdict file and the checkpoint, then the emit_events.py.

Review file: reviews/F2b-containment-normativity-worker-066.json. I'll generate it programmatically in emit_events.py so hashes stay consistent? The review event references the review file's hash; but the review file itself is an artifact. Let me create it with a script to keep exact JSON, then compute hashes of everything, then append events.

Simplest: one script `emit_events.py` that:
1. Loads report.json.
2. Builds review file dict → writes reviews/F2b-containment-normativity-worker-066.json.
3. Builds checkpoint dict → writes runtime/state/w066_f2b_containment_normativity_checkpoint.json.
4. Computes sha256 of all deliverables.
5. Appends events to comms/outbox/worker-066.jsonl (one JSON per line).
6. Prints summary.

But the checkpoint should reflect the emitted events (event ids + artifact hashes). I can write the checkpoint after computing hashes and before/after appending — include "events_emitted": list of event_ids. Compute checkpoint hash for the artifact event? Circular if checkpoint's own hash is in an event. Standard approach (per predecessor): write checkpoint file, then emit a status event that references runtime/state path#hash (hash computed after write; the event isn't part of the file). Fine.

Order:
1. Write review file.
2. Write events for: status-taken, artifacts (pinned, py, report, checks, controls, readme, review file), review, claim, blocker, status-complete.
3. Write checkpoint file with all artifact hashes + event ids.
4. Append status-checkpoint event referencing checkpoint hash.
5. Verify outbox lines parse as JSON.

Note: Do not emit an artifact event for the checkpoint before it exists. Good.

Event schema requirements (from events.schema.json) — let me check it to ensure required fields. Let me read events.schema.json and how validate_map validates events. Then write.
dsh: reasoning:
Event types allowed: let me check EVENT_TYPES and per-type required fields in schemas.py.
dsh: reasoning:
Good. Now write emit_events.py with all required fields. Review event requires findings as list (strings or objects ok). Status requires node_id/status/hours/summary/evidence_refs/next_falsifier.

Let me write it.
dsh: reasoning:
A few issues:
1. `readme = json.loads(...)` dead code, harmless but remove.
2. `ev()` signature: I call `ev(event_id=...)`, then `d = {"event_id": ev_id, ...}` — fine.
3. For artifacts loop, event_id uses `p.stem.replace(...)` — for PINNED.json stem="PINNED" → id "w066-f2b-normativity-01-artifact-PINNED"; fine. Evidence checks.json and controls.json have distinct stems; report.json stem "report"; README stem "README"; review file stem "F2b-containment-normativity-worker-066" — that's long but valid. Uniqueness fine.
4. `sha(p)` for each artifact — includes report.json which exists.
5. `verdict["hard_failures"]` are dicts in the review file; event hard_failures = ids list. Good.
6. Review event requires findings — provided.
7. Status events require evidence_refs and next_falsifier — provided.
8. blocker requires node_id/description/needed_to_unblock/evidence_refs — provided.
9. claim requires class_id, statement, conclusion_type, assumptions, falsifier, evidence_refs — provided.
10. Important: verdict file `event_id: w066-f2b-normativity-verdict` — no conflict.
11. Checkpoint path runtime/state exists.
12. The `_ok` function is defined after main but used inside main — Python resolves at call time, fine.

Before emitting: double-check that the target hasn't moved (drift), since the verdict binds b2ab6acb. The emit script doesn't verify. If the file moved, I'd be emitting a stale verdict. Let me re-measure right before running, and if changed, re-pin and rerun normativity. Let me check now.
dsh: reasoning:
Target and sibling stable at my pins. WCC (F1) is at d9cebb94 (moved again after my second pin; my pinned family_wcc is d9cebb94 from the second pin run — good).

Now clean up the dead `readme` line and run emit_events.
dsh: reasoning:
14 events appended. Let me verify:
1. The outbox events are schema-valid (validate_map or comms.py ingest would validate). I validated each with validate_event before appending. Good.
2. Check the emitted lines (tail) and the verdict file.
3. Run research_map/validate_map.py? That validates the map against events.jsonl (only ingested events). My events are in outbox, not ingested. The controller ingests. Could run `python3 research_map/comms.py ingest`? That's a controller action; the protocol says ingest is controller-only. I should NOT ingest (it mutates global state/map). Previous worker instances didn't ingest. Skip.

But I can dry-validate my new outbox lines with the schemas validator (already done inside emit). Let me additionally run a check that all 14 new lines validate (re-read tail lines and validate).

4. Checkpoint file hash and content.
5. Final drift check and maybe update report.json's post_run_drift? It was measured during normativity.py. Fine.

Also: the review event and verdict file both bind b2ab6acb. Note the sibling C2 in the review file: e9a27996.

One more important consideration: the controller's review-scan counts distinct accept reviewers; my verdict is revise, so it doesn't move G-FORM coverage — but it adds a hash-bound blocker that the gate owner needs. That's the right outcome.

Let me verify the tail of the outbox and re-validate all appended events.
dsh: reasoning:
All 14 events validate. Checkpoint records 13 events (before the checkpoint event itself), correct.

Remaining:
1. Update the todo list (all done).
2. Final drift check of the pinned target: confirm C0 still b2ab6acb at exit and record. If it moved, my verdict is void-on-move but still accurate for the bound bytes; I should note it. Let me check.
3. Clean up sandbox dir? The sandbox contains mutated YAML files. They're inside my artifact dir; fine to keep as reproducibility evidence, but they could be mistaken for canonical? They're clearly under artifacts/worker-066/.../sandbox/. Worker-098 kept sandboxes. Keep them; add note? The README doesn't mention sandbox. Fine.
4. The instruction says "checkpoint, then exit". Done.
5. Maybe also append an erratum if the target moved. Check now.

Also, I should double check that my review file doesn't conflict with a file another worker may have written concurrently (reviews/F2b-containment-normativity-worker-066.json is unique to me). Good.

Let me do the final drift check and print a summary.
dsh: reasoning:
FROZEN.json now says revision 29! It was updated between 00:55 and 00:56 (was rev28 at 00:53). The owner froze rev29. But the C0/C2 canonical bytes are still b2ab6acb/e9a27996 (rev13). So FROZEN rev29 = rev13 bytes, which still carry the two containment defects. This makes my finding even more urgent: rev29 is now frozen with both defects. Let me verify FROZEN rev29 declares the same C0/C2 hashes (b2ab6acb / e9a27996) and check rev29_delta. Also check whether my pinned FROZEN (2f358f6722 = rev28) is now superseded — my report references FROZEN rev28 context. I should note this in the checkpoint/verdict as a post-emit update (erratum) since the target hash binding (b2ab6acb) is unchanged, but the freeze revision changed. That's important for the G-FORM re-review.

Let me check FROZEN now and whether the declared C0 hash matches. Then emit a short erratum status event (valid JSON) and update the checkpoint to note FROZEN moved rev28→rev29 while the target bytes are unchanged.

Also verify the three schemas' declared revisions and that FROZEN rev29 lists them. Let me look.
dsh: reasoning:
Confirmed: FROZEN rev29 (frozen_at 00:55:02, sha 3d9e3d77) declares exactly the bytes I reviewed (C0 b2ab6acb, C2 e9a27996, F1 d9cebb94), and rev29_delta confirms the repair was bounded to the four items with "no class id/hypothesis/conclusion predicate/genericity change" — i.e., the containment clauses were outside scope and remain.

This is a significant time-critical result: FROZEN rev29 is now frozen with both normative defects, and G-FORM re-review (astra-life05-verify-gform-r3) is presumably starting now.

I should emit an erratum/addendum event: the freeze landed after my checkpoint; target bytes unchanged; the review binds the same hashes and now also binds FROZEN rev29 (I can cite FROZEN#3d9e3d77 as evidence that the frozen bytes carry the defects). Also update my checkpoint file with a `post_checkpoint_update` field and add the FROZEN rev29 hash. And update the report? The report's `prior_rev12`/frozen context doesn't mention rev29 — I can add an "erratum" event rather than rewriting the report (writing a new erratum artifact is cleaner and hash-stable).

Plan:
1. Write artifacts/worker-066/f2b_containment_normativity/ERRATUM.json: records FROZEN rev28→rev29 move after the review, declares FROZEN rev29 sha 3d9e3d77, verifies declared C0/C2 hashes equal the reviewed bytes, and states the verdict is unchanged and now binds rev29.
2. Append an artifact event for ERRATUM.json and a status event (erratum) to the outbox, plus update the checkpoint file.
3. Validate and finish.

Note: FROZEN may keep moving; erratum binds 3d9e3d77.

Let me write this quickly with a small script (erratum.py) so hashes are computed correctly. Keep it concise.
dsh: reasoning:
Erratum emitted. Now final verification and wrap up:

1. Verify all required fields in review file (target_id, reviewer, verdict, score, hard_failures, findings) — done.
2. Verify the instruction's requirements: "emit valid JSON with IDs evidence hash falsifier, checkpoint, then exit."
   - IDs: task_id W066-F2B-CONTAINMENT-NORMATIVITY-01, finding IDs W066-R13-F2B-H1/H2, event IDs. ✓
   - evidence: evidence_refs with path#sha256 prefixes; artifact events with sha256. ✓
   - hash: target/sibling/frozen/artifact hashes. ✓
   - falsifier: present in report, review, claim, status, erratum. ✓
   - checkpoint: runtime/state/w066_f2b_containment_normativity_checkpoint.json. ✓
3. Final drift check one more time (target C0/C2) and confirm checkpoint JSON validity.
4. Update todos to completed.
5. Summarize for the user.

Let me do a final compact verification: parse all deliverables, check the checkpoint, check target hash, and count events. Also verify the report.json falsifier non-empty.
dsh: reasoning:
Everything checks out. Note: the report.json sha printed by erratum.py is from the file on disk (38057cd1) — wait, the claim event's artifact_refs used sha(report.json)[:12] computed at emit time; report.json hasn't changed since. Good.

One small discrepancy: the checkpoint's artifact_hashes were computed at emit time before ERRATUM existed; that's fine (erratum recorded in post_checkpoint_updates).

Now update the todo list to completed and give the final summary. The instruction says "then exit" — I'll finish with a concise report. No goal tool needed (single bounded task). Let me mark todos complete.
