dsh: reasoning:
I need to understand what's being asked. This appears to be a multi-agent harness task with a "handoff/map" and "comms" directory. Let me look around the workspace.
dsh: reasoning:
Found `/data3/guoshaoyang/workdir/ai4math-swarm/`. Let me inspect it.
dsh: reasoning:
Now let me read the HANDOFF.md, README.md, PROTOCOL.md, ASTRA_HANDOFF.md, and check comms/inbox and outbox for my assignment as worker=05.
dsh: reasoning:
Let me read my inbox: deepseek-flash-05.jsonl and also the general handoff. Note there's also a `worker-05` maybe. Let me read deepseek-flash-05.jsonl.
dsh: reasoning:
I now have my assignment. I'm deepseek-flash-05, worker=05.

My assignment card (line 1, 23:19):
- node_id: F2
- class_id: AF-SCC-C2-VAC-GEN
- artifact: schemas/af_scc_c2_vacuum.yaml
- acceptance: C2-only schema: metric regularity C2, conclusion_type for SCC at C2, known obstructions, non-goals.
- task: C2 only. Never write 'C0 or C2'.
- gate: G-FORM
- falsifier: C2 conclusion reused for C0 data.
- stop_rule: Submit with sha256.
- deadline 2026-09-12T03:15+08:00
- budget 4 agent-hours

Second assignment (line 3, 23:22):
- artifact: schemas/af_scc_regularities.yaml
- acceptance: Aggregator that references schemas/af_scc_c2_vacuum.yaml and schemas/af_scc_c0_vacuum.yaml without merging them, plus a leakage lint consuming worker-06 rules; >=8 fixtures with expected verdicts.
- task: New scope: F2 integration + class-leakage lint. Freeze the flash_pool_overlap tangent and record it as one paragraph in artifacts/worker-05/.
- stop_rule: Integrate after workers 06/08 publish their files; if they are late, ship the lint + fixtures against the taxonomy and emit a blocker.

My task as bounded execution worker: "Take one class-bound task, emit valid JSON with IDs evidence hash falsifier, checkpoint, then exit."

So I should take ONE class-bound task. The primary assignment is the C2-only schema at schemas/af_scc_c2_vacuum.yaml. The second one (regularities aggregator) depends on workers 06/08 publishing. Let me check the state of the maps, whether C0 schema exists, worker-06 rules exist, and the current research_map state.

Let me look at:
1. research_map/research_map.json structure (gates, assignments, canonical paths)
2. schemas/ directory
3. artifacts/worker-05/
4. research_map/formulation_taxonomy.yaml
5. artifacts/worker-06/class_binding_rules.json
6. runtime/state/artifact_hashes.json, current_checkpoint.json, checkpoint_log.jsonl
7. research_map/schemas.py and checkpoint.py to know exact event schemas.

Let me start with the schemas dir and runtime state.
dsh: reasoning:
Interesting — there's already work in `artifacts/worker-05/` from a previous worker-05 session (23:18-23:39). And `schemas/af_scc_c2_vacuum.yaml` (30122 bytes) already exists as of 23:38, and `schemas/af_scc_c0_vacuum.yaml` (30710 bytes) exists at 23:42, and `schemas/af_scc_regularities.yaml` (5482 bytes) exists at 23:38.

Wait — but the artifact_hashes.json doesn't include `schemas/af_scc_c2_vacuum.yaml` or `schemas/af_scc_c0_vacuum.yaml`. Hmm, it includes af_scc_regularities.yaml (F2) and af_wcc_vacuum.yaml (F1) but not c2/c0. Interesting. Let me check the current_checkpoint more.

So a prior worker-05 (perhaps an earlier incarnation) already did a bunch of work. My task: "bounded execution worker. Read handoff/map and comms. Take one class-bound task, emit valid JSON with IDs evidence hash falsifier, checkpoint, then exit. worker=05"

So I should:
1. Verify the existing C2 schema artifact (schemas/af_scc_c2_vacuum.yaml) exists and is valid — check acceptance criteria for AF-SCC-C2-VAC-GEN.
2. Emit valid JSON event(s) to comms/outbox/deepseek-flash-05.jsonl with IDs, evidence, hash, falsifier.
3. Checkpoint (run research_map/checkpoint.py? or write a checkpoint file). Should be careful about authority: worker should not claim completion/validation_status=passed. But we should run the checker and report.

Actually wait. Let me consider whether I should be producing the C2 schema myself. The prior state shows the file exists with 30KB. Let me check if it's complete and correct. The acceptance says: "C2-only schema: metric regularity C2, conclusion_type for SCC at C2, known obstructions, non-goals." Task: "C2 only. Never write 'C0 or C2'."

Let me read the existing C2 schema carefully and the worker-05 acceptance report. Then verify with the checker. Possibly my job (as a fresh bounded worker) is to verify and emit the event since the previous session may have been killed mid-way. Let me check what's in CHECKPOINT.md and f2c2_acceptance_report.json.

Also important: are there background processes still running? The supervisor seems active. Let me check whether the c2 file is complete/there's an existing submission event in outbox or events.jsonl.

Let me read the key files.
dsh: reasoning:
So a prior worker-05 session already did substantial work, and the F2a rev3 schema exists and passes. But the outbox for deepseek-flash-05.jsonl exists (27872 bytes, 23:39). My job now as the bounded execution worker: "Take one class-bound task, emit valid JSON with IDs evidence hash falsifier, checkpoint, then exit."

So the reasonable interpretation: verify the current state of the assigned artifact (schemas/af_scc_c2_vacuum.yaml, class AF-SCC-C2-VAC-GEN), re-verify the hash, run the binding canonical gate, emit a valid JSON event to my outbox with node/class IDs + evidence + hash + falsifier, checkpoint, and exit.

But wait — maybe I should check whether the previous work was accepted into the map, whether the review verdict has arrived, and whether the file on disk is still rev3. Let me check:
1. Current sha256 of schemas/af_scc_c2_vacuum.yaml
2. reviews/ for F2a verdicts
3. events.jsonl for events from deepseek-flash-05
4. Outbox tail for the last events emitted by worker-05
5. Check the canonical gate tool exists and run it.

Also check the map: what's F2's status and what does the map say about my assignment. Let me look at research_map.json for node F2 and class AF-SCC-C2-VAC-GEN.

Let me first compute hashes and check the tail of my outbox.
dsh: reasoning:
The C2 schema hash matches rev3. There are F2a reviews. Let me check the latest review verdicts — particularly F2a-review-lead-audit.json (which requested revision on rev2) and F2a-review-15/17/18. Let me check timestamps and rev pinning.

Also check events.jsonl to see whether my rev3 was reviewed and accepted. Let me grep events.jsonl for revisions and F2a review verdicts. And check reviews/INDEX.md and REVISION_LOG.md.
dsh: reasoning:
Important: F2a rev3 (23fec0e9) has reviews:
- F2a-review-17.json: revise 3.5, artifact_sha256 = 23fec0e9, no hard failures, 2 major findings.
- F2a-review-18.json: revise 2, artifact_sha256 = 23fec0e9, HF-A1 hard failure: dangling reference to `extension_predicate` at lines 75, 76, 209, not defined.

The lead-audit review is pinned at rev2 8534b913 (stale).

So my rev3 has a hard failure HF-A1 from reviewer-18: dangling `extension_predicate` reference. Need to check whether it's real. This is my worker-05 job: fix it? But the rule says "never edit a reviewed revision in place: a change is a new revision with supersedes_sha256."

My task from the bounded-execution directive: "Take one class-bound task, emit valid JSON with IDs evidence hash falsifier, checkpoint, then exit."

Hmm. What is the single class-bound task? The primary assignment: C2-only schema at schemas/af_scc_c2_vacuum.yaml. The current revision has a hard failure from an independent reviewer. A bounded worker should probably:
1. Check the HF-A1 claim (is `extension_predicate` really undefined?).
2. If real, fix it as a NEW revision (rev4) with supersedes_sha256, then re-run canonical gate + acceptance harness, emit JSON events (artifact + status), checkpoint, exit.

But wait — is this within my authority? The worker can write artifacts (it already has), and cannot set status done or validation passed. Revising the schema is exactly the assigned work. The stop rule was "Submit with sha256". The review found a hard failure; fixing it is the natural continuation.

But hold on: the timestamp. Files were created 23:38 Sept 11; current time appears to be... let me check. The supervisor log has 00:03 Sep 12. Let me check current date. Actually the system date on the listing: workspace root shows Sep 12 00:03/00:04. So the run is ongoing. My instruction says "bounded execution worker... Take one class-bound task, emit valid JSON with IDs evidence hash falsifier, checkpoint, then exit."

I think the right bounded task is: verify and, if needed, repair F2a rev3's hard failure, then emit events + checkpoint + exit. Let me first verify the HF-A1 finding carefully.

Let me look at the C2 schema file around lines 70-80 and 200-215, and search for "extension_predicate".

Also check whether there might be an F2a rev4 already? No, the file's mtime is 23:38 and hash 23fec0e9 = rev3.

Let me check the whole C2 file structure first with a YAML parse. Let me read the file. 30KB, ~250-300 lines. Let me read it.
dsh: reasoning:
Very useful. Reviewer-18 found 4 hard failures, and claims the canonical binding gate FAILS rev3 with R19, R22, R17, R18. But worker-05's own report says the canonical gate passes R01-R16. Let me check the canonical gate myself.

Note: reviewer-18 says "frozen FORM-RULE-SPEC 1.1" while worker-05's acceptance report says rule_spec_version 1.2. There may have been a rule spec version change. Let me check the canonical gate tool and run it.

Also check: `artifacts/formulation/tools/check_class_schema.py` and `artifacts/formulation/rule_spec.json`.

Let me:
1. Run the canonical gate on the C2 schema.
2. Look at lines 60-90 and 200-215, and check `quantifiers` block.
3. Check rule_spec version and whether worker-05's harness is different.

Let me also check the current map state for F2 and gate G-FORM, and whether an F2a rev4 is expected.

This is the crux: my bounded task is presumably to address the hard failure and produce a new revision. But first, let me verify exactly.

Let me run the canonical gate.
dsh: reasoning:
Very interesting! The canonical binding gate now FAILS the C2 schema with R17, R18, R19, R22, R27. The reviewer-18's claim is confirmed (mostly; reviewer said R17/R18/R19/R22, we also see R27).

But the acceptance report claimed "canonical gate pass". Why? The acceptance report used `rule_spec_version: 1.2` and maybe the gate was changed after (check_class_schema.py mtime 23:50, rule_spec.json 23:32). The acceptance report was generated 23:38. The gate tool was updated at 23:50 — after the acceptance report. So the canonical gate changed after rev3 was validated: new rules R17-R27 (FORM-RULE-SPEC 1.2+) requiring `extension_predicate` as a real block.

Let me check the rule_spec.json version now and what the rules require. Also check R19 `class_contract_pointer`, R22 KEY_MANIFEST, R27 comeager.

Let me look at rule_spec.json and the gate's rules R17-R27.

So my bounded task becomes clear:
1. The assignment artifact `schemas/af_scc_c2_vacuum.yaml` (class AF-SCC-C2-VAC-GEN) fails the now-frozen canonical gate (R17, R18, R19, R22, R27).
2. Fix as a NEW revision rev4 with supersedes_sha256 = rev3 hash, satisfying all rules.
3. Re-run canonical gate + acceptance harness.
4. Emit valid JSON events with node/class IDs, evidence refs with hashes, falsifier.
5. Checkpoint and exit.

I must NOT write "C0 or C2", keep C2-only, keep the class separation.

Let me understand exactly what the gate requires. Let me read rule_spec.json and the relevant checker sections.

Also note: the map may have rules about which class owns the shared data class. The C7 blocker (shared class freeze) is a separate issue: F1 fails gate and F2b freeze smooth-with-decay. My task is C2-only; I shouldn't try to resolve C7 (that's lead-formulation's decision). But I need to pass R17-R27 for C2.

Let me read rule_spec.json.
dsh: reasoning:
The rule spec has R01-R16 and version 1.2, but the gate now emits R17-R27. So the gate `check_class_schema.py` (mtime 23:50) implements additional rules beyond the published spec R01-R16? Let me check. The gate shows R17, R18, R19, R22, R27. Let me look at the gate source to see all rules and what's required (maybe it loads rule_spec.json and has extra hardcoded ones, or maybe there's a newer rule spec).

Wait — rule_spec.json spec_version 1.2 revised 23:32:53; check_class_schema.py 23:50. The gate likely has R17-R27 hardcoded from a newer spec not written to rule_spec.json, or KEY_MANIFEST. Let me grep the checker for R17..R27.

Also the worker-05 acceptance report references `artifacts/formulation/tools/check_class_schema.py` and `rule_spec_version: 1.2`, and claims pass R01-R16. That's because at 23:38 the checker was older. Now at 23:50 it has more rules.

Let me look at the checker's rule definitions.
dsh: reasoning:
Let me read the checker's rule logic in full for the R17-R31 range, plus KEY_MANIFEST. Let me read lines 350-560 of check_class_schema.py.
dsh: reasoning:
Now I understand the requirements. Let me collect the gate's requirements for the C2 class:

1. R17: `extension_predicate.frozen_direction` == "future"
2. R18: `extension_predicate.frozen_regularity` == "C2" and `extension_predicate.frozen_equation_concept` == "classical_ricci"
3. R19: `class_contract_pointer` must contain the class_id
4. R22: keys must be in KEY_MANIFEST or under `extensions:` — currently R01-R06 keys are unknown
5. R27: quantifiers order — last kind must be `not_exists`; comeager quantifier (binder startswith "G_" or domain_id contains "comeager") must exist; comeager index <= data index; for SCC extension quantifier must follow data.

Also need to check other rules R01-R16 still pass. Let me run the checker with --json to get the full failure list, which we have (R17,R18,R19,R22,R27).

Let me look at existing C0 schema which passes the gate (rev5 cb897b29) to see how it declares these fields, and check the KEY_MANIFEST for allowed keys. Also check what the C0 does for `extension_predicate`, `class_contract_pointer`, and how it nests R01-R06 keys under `extensions:` (or the KEY_MANIFEST includes them now?).

Wait — the R22 error says unknown keys ['R01'..'R06'] are in the C2 schema — presumably there's a rule-conformance table with keys R01..R06. The C0 rev5 passes, so let me compare. Let me diff structures.

Let me check:
- KEY_MANIFEST.json allowed_keys
- C0 rev5 structure around extension_predicate, class_contract_pointer, quantifiers, and what it does with R01-R06 keys.

Also important: is C0 rev5 still passing now? Let me run the gate on all schemas.
dsh: reasoning:
Now I see the layout expected by the gate. C0 passes R17-R19 but fails R27 (comeager-set quantifier not identified) and R28.

Important: The gate's R27 requires a comeager quantifier identified by `binder.startswith("G_")` or `"comeager" in domain_id`. C0's quantifiers have binder `G` and domain_id `D1`, so it fails. So even C0 fails now. The gate changed and it's likely the checker is newer than the schemas.

Now, my task. The bounded instruction says "Take one class-bound task, emit valid JSON with IDs evidence hash falsifier, checkpoint, then exit."

I am worker-05 and my class-bound task is F2a AF-SCC-C2-VAC-GEN. The artifact exists but fails the current binding gate. The review (F2a-review-18) found hard failures. So my job: produce rev4 that passes the current gate, with all the required fields, and emit valid JSON with evidence hash and falsifier, then checkpoint and exit.

But wait — is it appropriate for me to fix? The prior session already did rev3 and requested re-review. The reviewer found real defects. A bounded execution worker should address the hard failures found. But I must be careful:

1. Do not edit reviewed revision in place — create a new revision rev4 with `supersedes_sha256: 23fec0e9...`.
2. Keep the content C2-only. Never write "C0 or C2".
3. Emit valid JSON events to comms/outbox/deepseek-flash-05.jsonl with node_id, class_id, evidence_refs with path#sha256-prefix, falsifier.
4. Checkpoint — maybe write to runtime/state or a checkpoint file. The previous worker wrote artifacts/worker-05/CHECKPOINT.md. There's also `research_map/checkpoint.py` (controller tool). As a worker I should probably write my own checkpoint file under artifacts/worker-05/ and run the checkpoint script? The instruction "checkpoint, then exit" — the swarm protocol says "Checkpoint every 15 minutes". Let me check checkpoint.py to see if it's safe to run (it may update global state; only controller should perhaps). Let me look.

Also, importantly — the deadline: 2026-09-12T03:15+08:00. Current time ~00:05. Fine.

Before I write anything, let me check:
- Is there any newer inbox message for me after 23:22? The inbox file has 3 lines, last at 23:22:53. So the C2 task stands.
- What does the map say about F2/F2a status? Let me check research_map.json nodes and the current gate verdicts. Also check whether the F2a review-18 findings were already addressed by someone else (no, hash unchanged).
- Check whether `formulation_taxonomy.yaml` has class contracts for AF-SCC-C2-VAC-GEN that the class_contract_pointer should reference (`artifacts/formulation/formulation_taxonomy.yaml#class_contracts.AF-SCC-C2-VAC-GEN` per C0's pointer). Let me check the existence of the class contract.

Also there's a subtlety: R19 requires `class_contract_pointer` to contain the class_id. C0's pointer is `artifacts/formulation/formulation_taxonomy.yaml#class_contracts.AF-SCC-C0-VAC-GEN`. So for C2 I should set `artifacts/formulation/formulation_taxonomy.yaml#class_contracts.AF-SCC-C2-VAC-GEN`. Need to check that the taxonomy actually has that class contract, or whether the pointer is to a file that exists. R19 only checks the string contains cid. But the protocol/audit may check that the file exists. Let me check.

Let me also verify the exact requirements by reading the checker's earlier part (R01-R16 specifics and helper functions like strings_at, EXEMPT_KEY, EXT_DEFAULT, FROZEN_GENERICITY). Then I'll write rev4.

Let me read the beginning of check_class_schema.py (lines 1-330). It's important to satisfy R01-R16 too. Actually, the current gate output for C2 shows only R17,R18,R19,R22,R27 failures, so R01-R16 already pass for rev3. So I only need to fix those five plus not break others. But adding extension_predicate and class_contract_pointer and moving R01-R06 keys under extensions could affect other rules:
- R22: walking keys skips `extensions` subtree, so put rule-conformance table under `extensions:`.
- R13: no composite regularity tokens ("C0 or C2"). Need care in new prose.
- R12: leakage scan over conclusion, visibility, i_plus, falsifier — foreign-family tokens. Since both are SCC, the family token is fine. Foreign matter/asymptotic tokens? For SCC both C2/C0 — "continuous"/"C0" tokens in conclusion would be flagged? Let me check R12 logic. In the gate output, R12 isn't failing now; the conclusion is C2-only. Moving things around shouldn't break it, but adding extension_predicate definition with "C0" mentions might trigger R12? extension_predicate isn't in leakage_scan_blocks, so OK. But R31 scans extension_predicate for foreign regularity of C2 class: pattern `merely continuous`, `continuous metric`, `H2_loc`, `Lipschitz`. So in the extension_predicate definition I must avoid "continuous metric" phrase! Also R13 checks composite regularity class regex `(C0|C2)\s*(or|and|/)\s*(C0|C2)` anywhere outside explicit forbidden-phrase quotation? Let me read R13's implementation to know exact escape.

Let me read lines 1-330 of the checker.
dsh: reasoning:
Let me continue reading lines 200-330 to see R04-R16 implementation details, particularly R12, R13, R14.
dsh: reasoning:
Now I have the full picture. Let me figure out the exact minimal, correct changes for rev4 of schemas/af_scc_c2_vacuum.yaml:

1. **R17/R18**: Add top-level `extension_predicate` block with:
   - `name`: something like `proper_future_C2_vacuum_extension`
   - `frozen_direction: future`
   - `frozen_regularity: C2`
   - `frozen_equation_concept: classical_ricci`
   - `definition`: with clauses (a)-(f), consistent with the D3 reference to "every clause (a)-(f) of extension_predicate".
   - Other content allowed by KEY_MANIFEST keys. Since R22 checks all keys recursively against KEY_MANIFEST allowed keys, any new key I add must be in KEY_MANIFEST or under `extensions:`. Let me check the KEY_MANIFEST allowed keys list fully. C0's extension_predicate has keys: name, frozen_regularity, frozen_equation_concept, frozen_direction, extensions (nested), definition, why_bare_metric, must_not_conflate, c0_uniqueness_caveat. All those are presumably allowed.

2. **R19**: Add `class_contract_pointer: "artifacts/formulation/formulation_taxonomy.yaml#class_contracts.AF-SCC-C2-VAC-GEN"`. But wait — C0 points at `artifacts/formulation/formulation_taxonomy.yaml` while the actual taxonomy file is at `research_map/formulation_taxonomy.yaml`. Let me check if `artifacts/formulation/formulation_taxonomy.yaml` exists. If not, maybe I should point to the real path that exists: `research_map/formulation_taxonomy.yaml#class_contracts.AF-SCC-C2-VAC-GEN`. R19 only requires the string contains the class_id. But audit_evidence might check path existence. Let me check both files and whether class_contracts has C2.

3. **R22**: Move the six unknown keys R01..R06 into `extensions:` (the escape hatch). In rev3, there's presumably a `rule_conformance` or similar block with keys R01..R06. Let me find them. Actually the error says unknown keys ['R01'..'R06']. Let me grep the file. They may be under a rule-conformance table like `rule_conformance: {R01: ...}`. Since the walk skips the subtree under key `extensions`, I can nest the whole rule-conformance table under `extensions:`. But careful: if I put the existing table under `extensions`, keys inside it are skipped by R22 walk. Good.

   Also, KEY_MANIFEST was generated from `artifacts/formulation/schemas/*.yaml` (old copies). Let me look at the full allowed keys list; better: my new keys should be checked against the manifest. Alternatively, I could carefully use only allowed keys.

4. **R27**: quantifier order. Requirements:
   - kinds[-1] == "not_exists" (already true: exists, forall, not_exists) ✓
   - `ig = idx(binder.startswith("G_") or "comeager" in str(domain_id))` — currently binder is "G" and domain_id D1, so ig is None → fail. Fix: set binder to `G_w` (starts with "G_") or domain_id to something containing "comeager". Better: binder `G_w` (if R03 doesn't mind) and/or domain_id `D1_comeager`. The rule allows either. Note R03 requires every domain_id resolve in `quantifiers.domains`. If I rename domain_id to `D1_comeager`, I need to rename the key in domains accordingly. Simpler: change binder from "G" to "G_w". Does R03 constrain binder? It just requires present. `quantifiers.formal` should use those binders; currently formal says "exists G subset D_w". I should update formal to "exists G_w subset D_w".
   - ig <= idata: ig index 0, idata index 1 (binder "D") ✓
   - iext (index 2) > idata (1) ✓

   But careful: `idata = idx(lambda e: "(Sigma" in binder or binder == "D")`. With binder "D" it's found. Good.

5. Also from review-18: HF-A2 disjunctive-domain residue: `conclusion.statement_formal` line 209 references D0 and D_gen, contradicting the single-domain quantifiers. I should fix that too: make statement_formal refer to D1/D2/D3 consistently, and refer to `extension_predicate` clauses now defined.

   And HF-A3 (shared data class mismatch across F1/F2a/F2b) is not solvable by me alone (lead-formulation decision) — keep it recorded as unresolved, that's fine; it's a cross-schema decision. I must not resolve it by editing F1/F2b. But maybe the gate doesn't check it. Right, the gate doesn't.

   HF-A4 gate failures are what I'm fixing.

Also, review-17's major findings:
- sibling shared-class violation (major) — recorded as unresolved; cross-schema decision.
- non-vacuum candidate contamination in the vacuum genericity block: "fine-tuned t..." — let me read the full finding and the genericity block. I should fix if it's a genuine class contamination (a vacuum class shouldn't have matter-coupled genericity content). Let me read review-17 fully.

Let me also check review-15 verdict: it was on an older revision (which sha?). Let me check.

So my plan:
1. Read full rev3 file (especially unresolved/genericity/conclusion/extension blocks and rule conformance table).
2. Check KEY_MANIFEST allowed keys.
3. Check taxonomy for class_contracts.AF-SCC-C2-VAC-GEN.
4. Write rev4 as a new file? "Never edit a reviewed revision in place: a change is a new revision with supersedes_sha256." — meaning I should edit the canonical path file but bump `revision: 4` and set `supersedes_sha256: 23fec0e9...`. The canonical artifact path is schemas/af_scc_c2_vacuum.yaml. The prior worker kept the same path and bumped revisions (rev1→rev2→rev3 presumably with supersedes_sha256 set). Let me check rev3's revision/supersedes fields.

Let me now read the rest of the C2 file.
dsh: reasoning:
Let me continue reading the rest (140-426).
dsh: reasoning:
Continue reading lines 300-426.
dsh: reasoning:
Now I understand the file completely. Note:
- `acceptance_map` has keys R01..R16. Wait, the R22 error listed only R01-R06. That's because R22 reports only the first 6 unknown keys sorted: `sorted(unknown)[:6]` — the manifest is missing keys R01...R16, R19, etc. Actually R01...R16 sort before others? sorted(["R01",...,"R16"]) → R01, R02, ..., R16. Only first 6 shown. So all 16 keys are unknown. I need to move `acceptance_map` under `extensions:` (e.g., `extensions: { acceptance_map: {...} }`), OR regenerate KEY_MANIFEST to include them. The gate comment says "add to KEY_MANIFEST or place under `extensions:`". Since KEY_MANIFEST is owned by lead-formulation (generated by make_key_manifest.py), modifying it might be out of my scope. Safer: nest the whole `acceptance_map` under `extensions:`.

But wait — the walk function:
```python
def walk_keys(n, under_ext=False):
    if isinstance(n, dict):
        for k, v in n.items():
            if under_ext or k == "extensions":
                continue
            if str(k) not in allowed:
                unknown.add(str(k))
            walk_keys(v, under_ext)
```
It's a bit buggy: when k == "extensions", it `continue`s, so it doesn't recurse into it at all. Good — anything under `extensions:` is skipped from R22 entirely. But note: it never passes under_ext=True; it just skips the extensions key and its subtree. So `extensions: {acceptance_map: {...}}` will be skipped.

Also: `EXEMPT_KEY` matching keys like `anti_scope`, `forbidden...`, `variants`, `must_not...` are exempt from composite scan. My new `extension_predicate` block keys: name, frozen_direction, frozen_regularity, frozen_equation_concept, definition, must_not_conflate, etc. The `must_not_conflate` is exempt from R13 composite scan. But the extension_predicate `definition` will be scanned by R13 (composite regex + composite prose regex) unless nested under an exempt key. And R31 scans extension_predicate for C2-class foreign regularity patterns: `merely continuous`, `continuous metric`, `H2_loc`, `Lipschitz`. So in the definition I must avoid those exact patterns:
- "merely continuous" — avoid.
- "continuous metric" — avoid the literal phrase.
- "H2_loc" — avoid in extension_predicate.
- "Lipschitz" — avoid.

But I need clauses (a)-(f) describing a proper future C2 vacuum extension. I can write:
"(M',g',iota) is a proper future C2 vacuum extension of (M,g) iff (a) iota: M -> M' is an isometric embedding... (b) iota(M) is an open proper subset... (c) M' connected and time-orientable... (d) g' is a C2 (twice continuously differentiable) nondegenerate Lorentzian metric on M'... (e) g' solves Ric(g')=0 classically on M'... (f) the extension adds points to the future..."

Careful: "twice continuously differentiable" contains "continuous" but not "continuous metric" literal (it's "continuously differentiable"). Pattern `\bcontinuous metric\b` won't match. Pattern `merely continuous` no. OK.

Also R13 COMPOSITE_PROSE regex: `\b(C0|C2|continuous|twice[- ]differentiable|Lipschitz|H2_loc)\b\s*,?\s*(or|and|/|alternatively)\s*(?:\w+\s+){0,2}\b(C0|C2|continuous|twice[- ]differentiable|Lipschitz|H2_loc)\b`. Must avoid phrase like "C2, or ... C0". Note the existing file already avoids this.

In the extension_predicate block, if I add a `must_not_conflate` sub-key, EXEMPT_KEY matches keys starting with `must_not`, so exempt from R13 and R31 (R31's collect_ep: `if key is not None and EXEMPT_KEY.match(str(key)): return`, so it skips the whole must_not_conflate subtree). Good.

Also, R12 leakage scan applies to ASSERTIVE_PATHS including `("extension_predicate","definition")` and `("extension_predicate","frozen_regularity")`. FOREIGN[SCC] = visible, visibilit, asymptotic_predictab, hidden from, weak cosmic censorship. So avoid those words in the definition. Fine.

Now, `frozen_regularity: C2` is fine (no foreign token).

Next: R19 — class_contract_pointer. Let me check where class contracts live. C0 uses `artifacts/formulation/formulation_taxonomy.yaml#class_contracts.AF-SCC-C0-VAC-GEN`. Let me check if that file exists. There's `research_map/formulation_taxonomy.yaml` (the F0 taxonomy draft). Let me check for `artifacts/formulation/formulation_taxonomy.yaml`.

Also check taxonomy for class_contracts section and whether C2 has a contract entry.

Next: R27 — quantifier fix.

Also HF-A2: fix conclusion.statement_formal to not reference D0/D_gen and be consistent: e.g.
`"exists G_w in D1, forall D in D2, letting (M,g) = MGHD(D): not exists (M',g',iota) in D3, where D3 is the set of triples satisfying clauses (a)-(f) of extension_predicate"`
Better to mirror quantifiers.formal: `"exists G_w subset D_w, G_w comeagre ... : forall D in G_w ... : not exists (M',g',iota) in Ext_future_C2_vacuum(M,g)"`. Hmm but the gate R11 just needs statement_formal present. The reviewers care about consistency. I'll write a formal statement that matches the ordered quantifiers exactly, using D1/D2/D3.

Wait, careful with R14 falsifier tier_1 `refutes: AF-SCC-C2-VAC-GEN` — fine.

Also R16 prose converse check scans keys ("non_vacuity","c0_specifics","regularity","anti_scope","implication_ledger") for a C2→C0 assertion. The existing text passes. My changes shouldn't add such prose.

Now about HF-A3 (shared data class mismatch): reviewer-18 wants G-FORM's shared-data-class criterion met. That's a cross-schema freeze decision owned by lead-formulation. My task says "C2 only". So rev4 should keep the current H^4 Sobolev freeze (matching F1) and keep the unresolved note. Good.

Let me now check review-17 fully and review-15, to fix everything addressable:
- review-17 major finding #2: "Non-vacuum candidate contamination in the vacuum genericity block: 'fine-tuned t...'" — Let me read that in full. The genericity.excluded_set says "fine-tuned threshold data of type-II critical collapse". Critical collapse is a matter-coupled (scalar field) phenomenon — that IS contamination in a vacuum class. Fix: replace with vacuum-relevant candidates, e.g. "exact subextremal Kerr data" (which admit extensions) and "self-similar data" (RSR is vacuum? Rodnianski-Shlapentokh-Rothman self-similar solutions are for the Einstein-scalar-field system... hmm, actually RSR constructed self-similar solutions to the Einstein equations with a scalar field? Let me think. Rodnianski–Shlapentokh-Rothman "Self-similar solutions of the Einstein equations" (2018?) — they construct self-similar solutions to the Einstein-scalar-field system? Actually I recall "On the formation of singularities in the Einstein-scalar field system" and RSR constructed "self-similar solutions of the Einstein equations" possibly vacuum? Hmm.

Actually, let me check what reviewers said. Let me read the full review-17 and review-15. This matters for whether I should fix those.

Let me read reviews/F2a-review-17.json fully.
dsh: reasoning:
Good. So `artifacts/formulation/formulation_taxonomy.yaml` exists (19KB, 23:54) and has class contracts for both classes. Let me check its structure to ensure the pointer form `#class_contracts.AF-SCC-C2-VAC-GEN` is valid.

Now, decisions on what to fix in rev4:

Must fix (binding gate now fails):
1. R17/R18 — add `extension_predicate` block.
2. R19 — add `class_contract_pointer`.
3. R22 — move `acceptance_map` (R01..R16 keys) under `extensions:`.
4. R27 — binder `G` → `G_w` (or domain_id with comeager); update formal + ordered.

Should fix (reviewer findings, addressable within my class):
5. HF-A2 from review-18: `conclusion.statement_formal` references D0/D_gen — make it consistent with quantifiers (D1/D2/D3, extension_predicate clauses).
6. review-17 major #2: genericity.excluded_set contains "fine-tuned threshold data of type-II critical collapse" — matter-coupled contamination. Fix: move to neighbouring_class_facts with matter model named, or mark explicitly as non-vacuum analogy. I'll replace in excluded_set with vacuum candidates and add a neighbouring fact. But note: F1 has the same phrase; that's not mine to fix. I'll record the cross-schema note. Careful: R13 composite scan on genericity block? excluded_set key is not exempt; text has no C0/C2 pairs. Fine.

   Also review-17's companion data_class fix suggestion. I'll adjust genericity.excluded_set:
   - "candidate members recorded, not asserted: self-similar data of the Rodnianski-Shlapentokh-Rothman type; exact subextremal Kerr data, which are known extendible and form a finite-dimensional non-open family"
   
   Hmm — is the RSR self-similar construction vacuum? Rodnianski–Shlapentokh-Rothman, "Self-similar solutions of the Einstein equations" (arXiv:1801.00061?) I believe they construct self-similar solutions of the Einstein-vacuum equations? Let me think... I recall RSR 2018 "Self-similar solutions of the Einstein equations" — they construct a family of self-similar solutions to the Einstein-scalar-field system? Hmm. Actually I think the paper is about the "Einstein-vacuum equations" with a "self-similar" ansatz... I'm not certain.

   The safest: don't assert vacuum membership of RSR; mark as "candidate, membership unverified". The original already says "candidate members recorded, not asserted". I can move the critical-collapse phrase out (to neighbouring facts, labelled matter-coupled) since that's an explicit reviewer suggestion. Let me do exactly that: remove the type-II critical collapse phrase from genericity.excluded_set, add NB-5 to neighbouring_class_facts naming it as a matter-coupled analogy, not a premise/conclusion. That satisfies "move the item to neighbouring_class_facts with the matter model named".

7. review-17 major #3: class_separation.shared_blocks says blocks "are intended to be identical to the sibling" but F2b differs. It's already partially qualified ("intended"). I can strengthen: "intended, currently unmatched against F2b revision 5". Low risk, improves accuracy.

8. review-17 minor #5: conclusion_type duplicated — keep both (gate requires both vocabulary_alignment.conclusion_type and conclusion.conclusion_type) but add a note that they must agree. Actually R11 checks conclusion.conclusion_type; there's no check on vocabulary_alignment. I'll leave and maybe add a consistency note in extensions.

9. HF-A3 (cross-schema shared data class) — not resolvable by me; keep in unresolved with exact status.

Also review-15: was on which sha? Let me check the artifact_sha256 of review-15. Earlier output didn't show it (key maybe named differently). Let me check quickly. It had HF-1 about quantifiers.ordered missing (rev1 era). Probably stale. Let me confirm.

Now let me check the `extension_predicate` requirements from the C0 schema as a template, and check KEY_MANIFEST for keys I plan to use:
- extension_predicate (allowed? yes, C0 has it)
- name (allowed)
- frozen_direction, frozen_regularity, frozen_equation_concept (C0 has them)
- definition (allowed)
- why_this_class (C0 has why_bare_metric; check allowed)
- must_not_conflate (allowed, C2 already uses it in regularity)
- clause list? If I write the clauses inside `definition` as prose, no new keys.

Let me get the full allowed_keys list to be safe. Also check `extensions` is allowed at top level (C0 has it; and R22 skips it regardless).

Additionally, R31 scans extension_predicate excluding exempt keys. If I add `must_not_conflate` (exempt) that's fine.

Now about `acceptance_map` under `extensions`: I plan `extensions: { acceptance_map: {...}, gate_alignment: {...} }`. Wait — does the walk skip `extensions` entirely? Yes:
```
for k,v in n.items():
    if under_ext or k == "extensions": continue
```
So the whole subtree is skipped. Good.

But careful: `scan_composite` (R13) does NOT skip `extensions`; it only skips EXEMPT_KEY matches. So any composite regularity phrase inside extensions would still be flagged. The acceptance_map text like "no composite regularity outside forbidden-phrase fields" has no C0/C2 pair. Fine. But if I add notes mentioning "C0 or C2" it would fail. Avoid.

Also `strings_at` scans for R12 only on ASSERTIVE_PATHS — unaffected.

Also — R27: `ig = idx(lambda e: e.get("binder","").startswith("G_") or "comeager" in str(e.get("domain_id","")))`. I'll use binder `G_w` and keep domain_id D1. Also `idata`: binder "D" exactly → fine.

Wait, there's also the CERT/`R27` first check: kinds[-1] must be not_exists. With [exists, forall, not_exists] fine.

Now, is `G_w` used in `quantifiers.formal`? I'll update: "exists G_w subset D_w, G_w comeagre in the norm topology of the frozen data class : forall D in G_w, letting (M,g) = MGHD(D) : not exists (M',g',iota) in Ext_future_C2_vacuum(M,g)". Hmm, careful: binder "D" must appear. Fine.

Also `R03` requires each ordered element to have domain_id resolving; and `domain` text for each. Keep them.

Also — the `domains.D1.definition` says "comeagre (residual) subsets of D_w: ...". R03 checks VAGUE words in the json dump of the domain; "some" banned — the word "some" appears? `\bsome\b`. D3's definition has no "some". OK. Actually VAGUE includes `\bsome\b` and `\bsuitable\b` etc. Fine.

Now `extension_predicate`:
```yaml
extension_predicate:
  name: proper_future_C2_vacuum_extension
  frozen_direction: future
  frozen_regularity: C2
  frozen_equation_concept: classical_ricci
  definition: "(M',g',iota) is a proper future C2 vacuum extension of (M,g) iff (a) iota: M -> M' is an isometric embedding, iota^* g' = g on iota(M); (b) iota(M) is an open proper subset of M'; (c) M' is connected, Hausdorff, time-orientable, and its time orientation restricts to that of M; (d) g' is a twice continuously differentiable (C2) nondegenerate Lorentzian metric on M', so the Christoffel symbols are C1 and the Riemann tensor is C0; (e) g' solves Ric(g') = 0 classically on M'; (f) the extension adds future points: some p in M' minus iota(M) lies in I^+(q;g') for some q in iota(M)."
  why_this_class: "the equation requirement is frozen to the classical Ricci equation, so this class is a subclass of C2 metric extensions and a subclass of all future extensions; the sibling class freezes no equation and the regularity axis to C0, which is a different class."
  must_not_conflate:
    - "a bare C2 metric extension with no field equation (larger class; forbidding them is a stronger statement and a different class)"
    - "a distributional-Ricci extension (different equation concept on the same regularity axis)"
    - "extensions with lower metric regularity (the sibling class on the regularity axis, strictly larger as a class of metrics)"
    - "two-sided extensions (a different direction axis value)"
```

Wait — `extension_predicate.definition` contains "some p" — VAGUE check only applies to domain entries (R03), not this. OK. But R31 pattern `continuous metric`: I wrote "twice continuously differentiable (C2) nondegenerate Lorentzian metric" — no "continuous metric". Good. Also "the Riemann tensor is C0" — that's within extension_predicate and R31 for C2 scans only for `merely continuous|continuous metric|H2_loc|Lipschitz`, so "C0" alone is fine. But R13 COMPOSITE: no pair. R12: extension_predicate.definition is an ASSERTIVE_PATH; FOREIGN[SCC] checks for "visible", "visibilit", "asymptotic_predictab", "hidden from", "weak cosmic censorship" — none present.

But careful: R18's `frozen_regularity` must be exactly "C2" string. Yes.

Also, does R13's COMPOSITE_PROSE hit "C2) nondegenerate Lorentzian metric on M', so the Christoffel symbols are C1 and the Riemann tensor is C0"? The regex requires a (or|and|/) between two class tokens. "C1 and the Riemann tensor is C0" — hmm! Pattern: `\b(C0|C2|continuous|twice[- ]differentiable|Lipschitz|H2_loc)\b\s*,?\s*(or|and|/|alternatively)\s*(?:\w+\s+){0,2}\b(C0|C2|continuous|twice[- ]differentiable|Lipschitz|H2_loc)\b`.

In "are C1 and the Riemann tensor is C0": the first token must be one of C0, C2, continuous, twice-differentiable, Lipschitz, H2_loc. "C1" is not in that list. So no match starting there. But what about "twice continuously differentiable (C2) nondegenerate Lorentzian metric" — no or/and following. OK.

Careful with "C2 metric extensions and a subclass of all future extensions... C0, which is a different class" in why_this_class — pattern: "...C2 metric extensions and a subclass of all future extensions; the sibling class freezes no equation and the regularity axis to C0..." Is there `(C2) ... (and) ... C0` within 2 words? The regex: token `C2`, then `\s*,?\s*and\s*`, then `(?:\w+\s+){0,2}` then token in list. After "C2" comes " metric extensions and" — that's not immediately `and`. So no. 

To be safe, keep `why_this_class` under `must_not...`? No, it's a different key. Actually, I could avoid risk by making the key `why_this_class` start with `why_` — EXEMPT_KEY includes `why_`! EXEMPT_KEY = `^(forbidden|must_not|anti_scope|not_|excluded|variants|phrases_that_are_not|why_|reason$|sibling_|derived_|...)$` — pattern ends with `$`? Let me re-read:

```python
EXEMPT_KEY = re.compile(
    r"^(forbidden|must_not|anti_scope|not_|excluded|variants|phrases_that_are_not|why_|reason$|"
    r"sibling_|derived_|visible_singularity_is_wcc$|no_|never_|c0_uniqueness_caveat$|"
    r"composite_regularity_ban$|terminology_disambiguation$|schema_falsifiers$|vacuity_falsifier$|"
    r"class_change_warning$|subsumption_note$|observability_note$|equivalence_claim$|"
    r"non_goals$|forbidden_strengthenings$|forbidden_weakenings$|forbidden_transfers$)", re.I)
```

The alternation has `$` after some branches only; the whole group isn't anchored at the end. So `^why_` matches "why_this_class". Good — EXEMPT_KEY.match means prefix match (re.match anchors at start). So keys beginning with `why_`, `must_not`, `not_`, `no_`, `never_`, `forbidden`, `anti_scope`, `excluded`, `variants`, `sibling_`, `derived_` are exempt from R13 composite scan and R31 extension_predicate scan (since collect_ep checks key).

So put the rationale under `why_this_class` → exempt. 

Also, `extension_predicate.definition` is NOT exempt (key "definition"). So it gets scanned by R13 and R31. My text above is safe as analyzed. Let me double check R31 foreign_reg for C2: `\bmerely continuous\b|\bcontinuous metric\b|\bH2_loc\b|\bLipschitz\b`. My definition has none. Good.

Also note that C0's extension_predicate has `extensions:` nested key — allowed because parent key is `extensions`? In walk_keys, `if under_ext or k == "extensions": continue` — so nested `extensions` also skipped. Fine.

Now HF-A2 fix: statement_formal. New:
```
statement_formal: "exists G_w in D1 : forall D in D2, letting (M,g) = MGHD(D) : not exists (M',g',iota) in D3"
```
Hmm, D3 is defined as triples satisfying clauses of extension_predicate. The formal sentence with domains is consistent with quantifiers.formal. But maybe better to mirror exactly:
```
statement_formal: "exists G_w subset D_w, G_w comeagre in the frozen norm topology : forall D in G_w, letting (M,g) = MGHD(D) : not exists (M',g',iota) satisfying clauses (a)-(f) of extension_predicate"
```
D2 is "admissible AF vacuum data in the frozen weighted Sobolev class"; G_w ⊂ D_w = D2. Wait, in quantifiers, binder G_w domain_id D1 whose definition is "comeagre subsets of the frozen data space"; binder D domain_id D2. So `forall D in G_w` is slightly off: formal is `exists G_w subset D_w: forall D in G_w`. In the ordered list, the second quantifier's domain_id D2 is the data space, binder D. It's fine.

To keep consistent with the ordered list, let me set statement_formal:
`"exists G_w in D1, forall D in D2, letting (M,g) = MGHD(D): not exists (M',g',iota) in D3"` — clear, uses the defined domain ids, no D0/D_gen. I'll add a `statement_formal_reading` under... hmm, new keys must be allowed by KEY_MANIFEST or under extensions. Let me avoid new keys. I can just replace the string.

Actually wait — R11 requires `statement_formal` non-empty; reviewers check consistency. The cleanest is to make statement_formal literally equal to the D-referenced version. I'll do that.

Now R22: I need to move `acceptance_map` under `extensions`. But `acceptance_map` as a top-level key — is it in the allowed list? The error only listed R01-R06 because sorted()[:6]. `acceptance_map` might or might not be allowed. Let me check the full manifest list. If `acceptance_map` is allowed, I might only need to nest the R-keys. But the whole acceptance_map subtree has keys R01..R16 which are unknown. The manifest has allowed keys like "addressed_by", "checked_at", etc. Maybe there's a way: KEY_MANIFEST "generated_from" the artifacts/formulation/schemas copies. Let me look at how C0 handles its conformance map. C0's top-level keys do NOT include acceptance_map; it has `extensions`. So C0 put its conformance table under `extensions`. Let me check C0's extensions content.

Let me check the full KEY_MANIFEST allowed keys and C0's extensions block. Also verify `acceptance_map` not needed elsewhere.

Then write rev4.

One more consideration: Should I instead write a *new file* rev4 and keep rev3? The canonical path is schemas/af_scc_c2_vacuum.yaml and the map tracks hash for that path. The instruction from the prior checkpoint: "never edit a reviewed revision in place: a change is a new revision with supersedes_sha256". This means: edit the same canonical file, bump `revision: 4`, set `supersedes_sha256: 23fec0e9...`, and record rev3's review history. That's the established pattern (rev3 has supersedes_sha256 of rev2 and revision history). I'll do that. The old revision content is preserved? There might be a revision archive dir. Let me check if there's an archive convention (e.g. schemas/.revisions/). Let me search.

Actually, to be safe and preserve the reviewed revision content for audit, I could save rev3 to artifacts/worker-05/af_scc_c2_vacuum.rev3.23fec0e9.yaml. That doesn't hurt. Let me check existing convention.

Let me gather the remaining info:
1. Full KEY_MANIFEST allowed keys.
2. C0's extensions block structure.
3. Check review-15 pin sha.
4. Check whether there's a revisions archive convention.
5. Check the `artifacts/formulation/formulation_taxonomy.yaml` class_contracts to validate the pointer.
6. Check the acceptance harness `artifacts/worker-05/check_f2c2_schema.py` — the previous session's harness. It may hardcode rev3 sha or expectations; running it after rev4 may be useful but it might need updating. Also there's `check_f2_integration.py` which pins the C2 sha — after rev4 the aggregator pin would change, so the integration check would report drift. The second assignment (aggregator) says: "if a component changes, re-pin schemas/af_scc_regularities.yaml, re-run the integration lint". Since I'm changing the C2 component, per the stop rule I should re-pin the aggregator and re-run integration lint. Hmm — but the bounded instruction says "Take one class-bound task". The primary class-bound task is F2a. Re-pinning the aggregator after a component change is part of the same task's integration contract.

Let me be careful about scope creep. The bounded directive: one class-bound task, emit valid JSON with IDs evidence hash falsifier, checkpoint, exit. The natural task = F2a rev4 repair (class AF-SCC-C2-VAC-GEN). Component change → aggregator re-pin is a follow-on from the same task. I'll do it if time permits and if the integration harness supports it. Let me look at the aggregator and the integration checker.

Let me gather all this.
dsh: reasoning:
Now I have all the pieces. Let me check review-15's actual key for the sha so I know if it's stale, and check what `check_f2c2_schema.py` does (the prior harness) and `check_f2_integration.py` (to know the aggregator re-pin workflow). Also check schemas/af_scc_regularities.yaml content.

Let me also verify the map's F2 node status and whether a `runtime/state/map.lock` is held (there's an empty map.lock from 00:04). Modifying the map directly is not my job.

Plan of action (bounded):
1. Write rev4 of schemas/af_scc_c2_vacuum.yaml:
   - revision: 4, supersedes_sha256: 23fec0e9..., revised_at actual clock, created_at keep.
   - contract_binding: update spec_version 1.2, binding_rules R01-R31? Actually careful: R22 unknown keys etc. The `contract_binding` block is a dict with keys rule_spec, spec_version, binding_rules, binding_note — all allowed. Update to spec version 1.2 and note.
   - add extension_predicate.
   - add class_contract_pointer.
   - quantifiers: binder G → G_w; formal updated.
   - conclusion.statement_formal fixed (no D0/D_gen).
   - genericity.excluded_set: remove type-II critical collapse phrase (matter-coupled), replace with vacuum-relevant.
   - neighbouring_class_facts: add NB-5 for the matter-coupled critical collapse analogy.
   - class_separation.shared_blocks: mark intended/currently unmatched.
   - move acceptance_map under extensions; add gate_alignment/review_response info under extensions (allowed, skipped by R22).
   - add review history entry for rev3 reviews (17, 18) — review_history is under provenance; key `review_history`? Wait, is `review_history` in the allowed keys? I didn't see it in the sorted list... Let me check: the list has 'review_status', 'reviewed_at'... I don't see 'review_history'. Hmm! The current rev3 has `provenance.review_history` with entries containing keys revision, sha256, reviewer, verdict, score, note, hard_failures. But the R22 error only reported R01-R06 — meaning `review_history`, `sha256`, `reviewer`, `hard_failures`, `note`, `verdict`, `score`, `revision` are all allowed? The sorted list truncated at 6 items, so we don't know. Let me check: allowed keys include 'verdict', 'score'? I see 'verdict' but not 'score' in the list... Actually the list I printed: ... 'verdict', 'visibility' ... I don't see 'score'. Hmm, but `revision` is there, `note` is there. Wait, but the gate reported only 6 unknown keys sorted — sorted(unknown)[:6]. If `score` or `sha256` were unknown, they'd sort after R06? Sorted order: uppercase letters sort before lowercase in ASCII. So 'R01'...'R16' come before 'hard_failures', 'review_history', 'score', 'sha256'. So the error message only shows the first 6 unknown keys, and there may be more unknown keys beyond R01-R06. I must check the full set of unknown keys myself!

Let me compute the full unknown key set for rev3 using the same walk logic. That tells me everything I need to relocate under extensions.

2. Back up rev3 content to artifacts/worker-05/af_scc_c2_vacuum.rev3.23fec0e9.yaml (preserve reviewed revision for audit).

3. Run:
   - canonical gate (expect PASS)
   - the acceptance harness check_f2c2_schema.py (may need to be revision-agnostic; check)
   - write acceptance report rev4 JSON with new hash (artifact, not event).
4. Re-pin aggregator schemas/af_scc_regularities.yaml if it pins the C2 hash; re-run integration check.
5. Emit valid JSON events to comms/outbox/deepseek-flash-05.jsonl:
   - `artifact` event: node_id F2, class_id AF-SCC-C2-VAC-GEN, path, sha256, validation_status unverified (workers can't set passed).
   - `status` event: node F2/F2a, status active, summary, evidence_refs with path#hash, next_falsifier.
   - maybe `claim`? No theorem claims. Keep to artifact+status. Maybe a blocker for the cross-schema freeze (already exists; I can update).
6. Checkpoint: run `python3 research_map/checkpoint.py`? Let me check what it does — it may be controller-only and may update runtime/state. The instruction says "checkpoint, then exit". Previous worker wrote artifacts/worker-05/CHECKPOINT.md. I'll update that + write a checkpoint JSON under artifacts/worker-05/ (or runtime/state? runtime/state is controller). Let me inspect checkpoint.py to see if it's safe/idempotent. The supervisor might run it. I'd rather write my own worker checkpoint file and update CHECKPOINT.md, and possibly append to runtime/state/w05_checkpoint.jsonl? Hmm, checkpoint.py is in research_map/ and owned by the controller. Let me check its header.

7. Validate my outbox JSON with comms.py schema? There's `research_map/comms.py ingest` (controller) — I shouldn't ingest (only controller). But I can validate my events with `research_map/schemas.py` and/or `validate_map.py`? validate_map.py validates the map and events.jsonl, not outbox. Let me check comms.py for a validation function I can run locally.

Let me now compute unknown keys and inspect the harness/aggregator/checkpoint.
dsh: reasoning:
Very important discovery: rev3 has **105 unknown keys** under the current KEY_MANIFEST. The KEY_MANIFEST was generated from `artifacts/formulation/schemas/*.yaml` — which are probably the C0-style canonical layout, not the C2 layout. The C2 rev3 was written in a different layout (rule_spec v1.1) and now the gate tightened. Simply moving `acceptance_map` under `extensions` is insufficient: 105 unknown keys need to be either added to KEY_MANIFEST or moved under `extensions:`.

Hmm. Wait. Let me re-check: the gate reported `unknown keys ... ['R01',...,'R06']` — only the first 6 of 105. So to pass R22, the entire C2 schema needs its unknown keys nested under `extensions:` or the KEY_MANIFEST regenerated.

C0's schema passes R22? Earlier the gate on C0 failed only R27/R28, so yes C0 passes R22. C0 uses keys: schema_version, artifact_kind, class_id, node_id, owner, authored_by, authored_at, revision, extensions, class_components, class_contract_pointer, sibling_disjoint_from, epistemic_status, promotion_rule, scope_statement, quantifiers, extension_predicate, c0_specifics, topology, data_class, regularity, genericity, non_vacuity, i_plus, visibility, conclusion, implication_ledger, falsifier, anti_scope, provenance, unresolved_items, review_status.

Check which of these are in allowed_keys: schema_version ✓, artifact_kind ✓, class_id ✓, node_id ✓, owner ✓, authored_by ✓, authored_at ✓, revision ✓, extensions ✓ (skipped anyway), class_components ✓, class_contract_pointer ✓, sibling_disjoint_from ✓, epistemic_status ✓, promotion_rule ✓, scope_statement ✓, quantifiers ✓, extension_predicate ✓, c0_specifics ✓, topology ✓, data_class ✓, regularity ✓, genericity ✓, non_vacuity ✓, i_plus ✓, visibility ✓, conclusion ✓, implication_ledger ✓, falsifier ✓, anti_scope ✓, provenance ✓, unresolved_items ✓, review_status ✓.

So the C0 layout is essentially the manifest vocabulary. The C2 rev3 uses many keys not in the manifest (class_axes, vocabulary_alignment, contract_binding, matter, class_separation, neighbouring_class_facts, variants, acceptance_map, evidence_refs, unresolved, title, group_id, produced_by, canonical_artifact_path, assignment_event_id, claims_completion, validation_status, formulation_kind, premise, supersedes_sha256...).

Options:
A) Move all 105-key offenders' subtrees under `extensions:`. That would mean restructuring ~10 top-level blocks: class_axes, vocabulary_alignment, contract_binding, matter, class_separation, neighbouring_class_facts, variants, acceptance_map, evidence_refs, unresolved, title, group_id, produced_by, canonical_artifact_path, assignment_event_id, claims_completion, validation_status, formulation_kind, premise, supersedes_sha256 — plus nested keys in many blocks (e.g., data_class.*, genericity.*, provenance.*, quantifiers.ordered[].domain, class_axes.*, topological keys...). That's a big restructure and would destroy the document's shape/readability. Also many of those keys are semantic content that other reviewers/tools depend on (canonical_artifact_path used by the map, class_separation used by worker-06 lint, etc.).

Wait, actually — careful. The KEY_MANIFEST was "generated_from": artifacts/formulation/schemas/{af_wcc,af_scc_c2,af_scc_c0}.yaml. Those are the *canonical layout templates* owned by lead-formulation (variant of the C0-style). Let me look at `artifacts/formulation/schemas/af_scc_c2_vacuum.yaml` — maybe the lead already provided a canonical C2 template with the right layout! That would be the right base for rev4. Let me check.

Actually the path is `artifacts/formulation/schemas/` — a directory. Let me list it. If there's a canonical template for C2, then the intended fix is to conform to it (the lead-formulation may have published a template for workers to adopt).

Hmm, wait. But rev3 already exists at the canonical path and was written by worker-05 earlier. The gate tool changed at 23:50 and KEY_MANIFEST generated at 23:39 from `artifacts/formulation/schemas/*` (probably lead-formulation's new canonical templates). Let me look at those templates.

Actually — maybe the right move for rev4 is to keep the rich C2 content but place non-manifest top-level blocks under `extensions:` while keeping the gate-required keys at top level. But nested unknown keys inside `data_class`, `genericity`, `provenance`, `topology`, `quantifiers`, `class_components`, `conclusion`, `falsifier`, `implication_ledger`, `regularity`, `i_plus`, `visibility`, `non_vacuity`, `anti_scope` would still be flagged... unless I put the *whole* block under extensions. That would break R04/R05/R06/R07/etc. which read top-level blocks.

Hold on. Let me reconsider: maybe the KEY_MANIFEST is supposed to be regenerated by lead-formulation to include the union of actual keys (make_key_manifest.py exists). The gate says "add to KEY_MANIFEST or place under extensions". The manifest is generated from `artifacts/formulation/schemas/*.yaml`. If I add my C2 schema to those templates... no.

Let me look at artifacts/formulation/schemas/ and make_key_manifest.py. This determines the intended path. Also check whether the lead-formulation has published a "canonical layout" that C2 should adopt (the C0 rev5 passes R22 and has the same content vocabulary). If the lead expects all three schemas to adopt the canonical manifest vocabulary, then rev4 should be a restructure of C2 into the C0-shaped layout. But that risks losing content that reviewers valued.

Alternative: the KEY_MANIFEST generation includes the schemas at `artifacts/formulation/schemas/*.yaml`. Let me see if those files are copies of rev3-era schemas (generated 23:39, when C2 was rev3). If make_key_manifest.py generates from those, then re-running it after my rev4 (if I copy rev4 there) would whitelist keys. But I'd be modifying lead-formulation's manifest — out of scope and risky.

Hmm, let me look. Maybe artifacts/formulation/schemas/af_scc_c2_vacuum.yaml is actually a *canonical C2 template* written by lead-formulation with the correct allowed-key layout, and the manifest is the union. Let me check.
dsh: reasoning:
Now this is crucial. `artifacts/formulation/schemas/af_scc_c2_vacuum.yaml` is the **lead-formulation's own canonical C2 template**, currently at revision 8 (23:52). It's the one the KEY_MANIFEST was generated from. And it has a `forall (s,delta) in D0` disjunctive-domain style quantifier! Interesting — the lead's own template uses D0 for data-domain indices.

So the canonical layout is the C0-like / lead-template layout. Rev8 of the lead template is the reference. The gate might pass the lead template? Let me run the gate on the three templates.

Wait — the manifest is generated from these templates, so R22 passes by construction for keys in them. The lead's template presumably passes the gate (or not). Let me test.

If `artifacts/formulation/schemas/af_scc_c2_vacuum.yaml` (lead rev8) passes the gate, then the intended worker action for F2a might be: align the canonical worker artifact (`schemas/af_scc_c2_vacuum.yaml`) with the lead's canonical template. Hmm, but wait — the lead's template is owned by lead-formulation and is at revision 8, meaning the lead has been actively revising it. Meanwhile the worker's artifact at `schemas/af_scc_c2_vacuum.yaml` is revision 3.

Hmm, this is a coordination question. Who owns F2a's artifact? The assignment (astra) says: artifact `schemas/af_scc_c2_vacuum.yaml`, assignee deepseek-flash-05. The map's canonical artifact path for F2a is that. The lead's template is `artifacts/formulation/schemas/af_scc_c2_vacuum.yaml` — a reference template, not the canonical artifact.

Let me check the map for F2a's canonical path and current status, plus the reviews of the lead template. And check whether the lead's template passes the gate.

Let me run the gate on the three template files.
dsh: reasoning:
The lead's canonical templates all PASS the current gate. So the intended path is clear: **F2a's canonical artifact should conform to the lead's canonical template layout** (`artifacts/formulation/schemas/af_scc_c2_vacuum.yaml`, rev8), which passes R01–R31.

Now, the question is what my bounded task should be. Options:

Option 1: Produce rev4 of `schemas/af_scc_c2_vacuum.yaml` by porting the lead's rev8 template content (which passes the gate) and adding the worker-05-specific content. But the lead template is owned by lead-formulation and is already rev8 with its own review history. Copying it wholesale would duplicate ownership and might conflict.

Option 2: Produce rev4 of the canonical worker artifact by restructuring my rev3 content into the manifest-compatible layout, using the lead template as the layout guide. This preserves my content (which reviewers 15/17/18 reviewed) while conforming to the frozen gate.

Wait — let me check whether the lead template rev8 already IS the F2a artifact content. Maybe lead-formulation took over F2a after worker-05's rev3 stalled? Let me compare the two documents. If the lead's rev8 contains all the F2a content and passes the gate, then maybe the correct worker action is different: e.g., verify and emit evidence, not duplicate.

Let me examine the map's assignments/claims/reviews for F2a and the lead template's review status. Also check whether `schemas/af_scc_c2_vacuum.yaml` (canonical) is expected to be updated or whether the controller switched the canonical path to `artifacts/formulation/schemas/af_scc_c2_vacuum.yaml`.

Let me grep the map for canonical paths and F2a. Also check reviews/INDEX.md.
dsh: reasoning:
Now I see the newest map update at 2026-09-12T00:05:13 — a new assignment `astra-indep-1-F1-F2-formulation` to astra-lead-formulation covering F1,F2a,F2b. This is after my inbox was written (23:22). The lead is now owning the schemas directly (their templates at rev8). 

Hmm. This changes the situation: the controller has assigned the three canonical paths (`schemas/af_wcc_vacuum.yaml`, `schemas/af_scc_c2_vacuum.yaml`, `schemas/af_scc_c0_vacuum.yaml`) to **astra-lead-formulation** at 00:05. Let me read that full assignment to understand.

If the lead now owns the canonical paths, then as worker-05 my bounded task should not be to overwrite the lead's work. Instead, my task should be:
- Take one class-bound task (F2a C2-only schema, class AF-SCC-C2-VAC-GEN).
- But the lead template at artifacts/formulation/schemas/af_scc_c2_vacuum.yaml rev8 already passes the gate and is owned by lead.
- Maybe the correct bounded action is: port the lead's rev8 canonical layout to the canonical artifact path `schemas/af_scc_c2_vacuum.yaml`? That's exactly what the new assignment might specify. Let me read it.

Let me get the full new assignment entry.
dsh: reasoning:
Now the picture is complete and important:

**CF-7**: The controller retired `schemas/af_scc_regularities.yaml` (my second assignment's artifact!) as a merged-artifact path — no, wait: it says "Node F2 declared schemas/af_scc_regularities.yaml, a single merged C0/C2 artifact. That path is the exact artifact the group direction rejects... retired the merged artifact (active=false) so it can never be a gate input". And split F2 → F2a (`schemas/af_scc_c2_vacuum.yaml`) and F2b (`schemas/af_scc_c0_vacuum.yaml`).

So my secondary assignment (F2 integration aggregator at schemas/af_scc_regularities.yaml) is now **retired by the controller** (active=false). I must NOT work on the aggregator. Good — that resolves the "one class-bound task" scope: the class-bound task is F2a, class AF-SCC-C2-VAC-GEN.

**New assignment at 00:05** gives F1/F2a/F2b canonical paths to astra-lead-formulation: "Publish from your authoring tree into the canonical path rather than repointing the map". The lead's authoring tree = `artifacts/formulation/schemas/af_scc_c2_vacuum.yaml` (rev8, passing the gate). So the lead will publish rev8 → `schemas/af_scc_c2_vacuum.yaml`.

As worker-05, what should I do? My assigned artifact is `schemas/af_scc_c2_vacuum.yaml`. The lead now owns the canonical path publication at 00:05. If I overwrite rev3 with my own rev4 restructure, I'd be racing the lead's publication and might conflict (the lead is a separate live agent/tmux session). The rule: "Any write after freeze invalidates the verdicts". The stop rule for my original assignment was "Submit with sha256". 

Hmm. But note: my inbox has NOT been updated with a kill/priority change. The latest inbox line is 23:22. The map at 00:05 assigns F2a to the lead. There's a conflict: my worker role vs the lead's ownership.

What's the highest-value, lowest-risk bounded action?

Option A: Publish rev4 myself by porting rev3 content into the manifest-compatible layout, racing the lead. Risk: conflicts, duplication, and possibly conflicting revisions at the same canonical path. The controller explicitly said leads own the freeze.

Option B: Produce a verification/evidence artifact for F2a: verify the lead's rev8 template (hash it, run the binding gate, check that it addresses review-18's HF-A1..HF-A4 and review-17's majors), and emit an artifact + status event with evidence hash + falsifier, noting the canonical path still holds rev3 (stale) and needs the lead's publication. Then checkpoint and exit.

But wait — the bounded directive says "Take one class-bound task". My class-bound assignment is the C2-only schema. If the lead publishes rev8 to the canonical path, the class-bound task is effectively being executed by the lead. A worker's bounded contribution could be to *verify* the lead's authoring-tree artifact against my class's review findings and emit the diff/verification evidence.

Hmm, but let me check timing: has the lead already published to schemas/af_scc_c2_vacuum.yaml? The file mtime is 23:38 and hash = rev3. No. The lead template is rev8 at 23:52. The 00:05 assignment tells the lead to publish. The lead may publish any moment (or may have already? No — canonical still rev3 as of 23:38). Actually, let me re-check mtime/hash right now, because the lead might have just published. Let me also check the supervisor log for recent activity.

Actually, let me reconsider. The most robust bounded worker action:

1. Re-check the canonical C2 path hash (may have changed).
2. If still rev3 (fails gate), and the lead hasn't published yet, the *highest-value* worker action is to publish a gate-passing revision to the canonical path. But the lead's 00:05 assignment explicitly says the lead will publish from their authoring tree. Writing concurrently risks a clobber war.

Hmm, what does the harness supervisor expect? "Take one class-bound task, emit valid JSON with IDs evidence hash falsifier, checkpoint, then exit." This is a generic worker directive from the human PI (the user). It doesn't know the fine-grained controller state. The safest way to satisfy both: do a bounded, non-destructive task on my class: 

**Verify the lead's rev8 C2 authoring-tree artifact against (a) the frozen binding gate and (b) the specific hard failures HF-A1..HF-A4 of review-18 and majors of review-17, then emit artifact/status events citing the lead artifact hash, and a blocker if the canonical path still carries the failing rev3.** That's evidence-producing, not a completion claim (workers can't set passed/done anyway). And it directly serves G-FORM: the lead needs independent verification that rev8 addresses the review findings.

But hold on — is that "one class-bound task"? Yes: class AF-SCC-C2-VAC-GEN (F2a).

However... would the PI/controller prefer I *fix* the canonical artifact? The original assignment to me said artifact `schemas/af_scc_c2_vacuum.yaml`, and the review verdicts live at that path. The controller's CF-7 says review verdicts live at the canonical paths. The lead was told to publish there. If I write there too, we conflict.

Let me look at the actual runtime: is astra-lead-formulation still alive? Check ps/tmux. If the lead is dead/exited, then no one will publish rev8, and my bounded fix is the right move. Let me check. Earlier `runtime/state/astra-lead-literature.exit` exists (2 bytes, 23:56). Let me check for formulation exit and tmux sessions.

This is the key determinant. Let me check live processes.
dsh: reasoning:
The swarm was relaunched at 00:03:56 with fresh instances: controller-01, lead-formulation-01, lead-audit-01, worker-01..09 (including worker-05 — that's me!). The lead-formulation-01 process is live and was told: "You are a group lead. Read handoff/map and comms. Review artifacts, consume queue, emit structured events and checkpoints, report blockers. One independent lifecycle then exit. group=formulation".

So there is a live lead-formulation agent that owns publishing the canonical C2 path (per the 00:05 map assignment). If I (worker-05) write to `schemas/af_scc_c2_vacuum.yaml`, I would conflict with the lead's publication. The lead may publish rev8 shortly.

What is my proper bounded task as worker-05 under the new lifecycle? The new controller assigned me? Let me check the new inbox: the inbox file `deepseek-flash-05.jsonl` was last modified 23:22. But the new instances are `worker-05` (tmux session names worker-01..09), not `deepseek-flash-05`. Hmm — the new swarm launched different agent ids: "worker-01"..."worker-09". The inbox for worker-05 might be `comms/inbox/worker-05.jsonl`. Let me check! Earlier I saw `worker-01.jsonl` and `worker-06.jsonl`, `worker-16.jsonl` in inbox. Maybe new inbox files for worker-01..09 were created at 00:03. Let me list the inbox again and look for worker-05.

The human directive says: "You are a bounded execution worker. Read handoff/map and comms. Take one class-bound task, emit valid JSON with IDs evidence hash falsifier, checkpoint, then exit. worker=05"

So my agent id for this lifecycle is `worker-05`. I should read `comms/inbox/worker-05.jsonl` if it exists. Let me check.

Also there's a `runtime/instances/worker-05-.../` directory. Let me look at the heartbeat/assignment. Let me check the inbox files modified around 00:03.
dsh: reasoning:
No `worker-05` inbox file. The new lifecycle worker-05 instance exists at runtime/instances/worker-05-20260912T000356-843521. Let me look at its trajectory/heartbeat/stdout to see if there's a task. The launch prompt for workers in the new lifecycle (from supervise_loop.sh or supervisor) — let me read `independent_supervisor_v2.sh` and `supervise_loop.sh` to see the worker prompt. The new instances were launched with a generic "You are a bounded execution worker..." prompt, likely identical to what I received.

So my agent id is worker-05 in the new lifecycle, but my historical identity deepseek-flash-05 corresponds to the F2a assignment. The user said "worker=05" and "Take one class-bound task". The class-bound task available to worker-05 is F2a (AF-SCC-C2-VAC-GEN), as per comms/inbox/deepseek-flash-05.jsonl.

Now, the lead-formulation-01 is live and owns the canonical F2a path publication. I must avoid a clobber race. What can I uniquely contribute within my bounded scope?

Given:
- Canonical `schemas/af_scc_c2_vacuum.yaml` = rev3, fails the frozen gate (R17,R18,R19,R22,R27) and has review-18 hard failures HF-A1..HF-A4.
- Lead authoring tree `artifacts/formulation/schemas/af_scc_c2_vacuum.yaml` = rev8, passes the frozen gate.
- The controller's 00:05 assignment tells the lead to publish to canonical paths.

Best bounded worker action: **independently verify the lead's rev8 authoring artifact for class AF-SCC-C2-VAC-GEN against the frozen gate and against review-18's hard failures, then emit evidence (artifact + status events) with hashes and falsifier, checkpoint, and exit.** Also flag the canonical-path staleness as a blocker if rev8 hasn't been published by the time I finish.

This is: (1) class-bound (C2 only), (2) non-destructive, (3) produces exactly the artifact/evidence/JSON the protocol wants, (4) avoids racing the lead. If the lead publishes while I work, my verification can be re-pointed to the canonical hash.

Actually, wait. Let me reconsider once more whether the intended bounded task is simpler: perhaps the expectation is that worker-05 fixes its own artifact. The review-18 verdict explicitly found hard failures in MY artifact, and the task stop rule was "Submit with sha256". A worker that just verifies the lead's template may be seen as not doing the assigned class-bound task.

But the controller's latest state (00:05, after my assignment at 23:19) says the canonical paths are the lead's to publish. The review verdicts live at the canonical paths. Overwriting the canonical path with my own restructure while the lead is publishing rev8 would create a race and could invalidate the lead's review round ("any write after freeze invalidates the verdicts").

Let me check what lead-formulation-01 has done so far (its instance stdout/trajectory), to see if it's about to publish. If it has already published by the time I check, then verification is clearly the right move. If the lead is idle/stuck, maybe fixing the canonical path is appropriate.

Let me check the instance logs and current canonical hash.
dsh: reasoning:
The new lead-formulation lifecycle is running (stderr 54KB and growing), hasn't published yet. The old lead's outbox (astra-lead-formulation.jsonl) shows activity up to 00:04:48 — but that may be from the previous lifecycle. The canonical paths are stale (rev3 era).

Now, key decision. Let me think about what maximizes value and stays within bounds:

The canonical C2 artifact fails the frozen binding gate. The lead is assigned to publish a gate-passing revision. My bounded class-bound task (F2a, AF-SCC-C2-VAC-GEN) can contribute a **gate-passing rev4 at the canonical path** — but this races the lead.

Alternatively, I can do something the lead's publication will need anyway and that is squarely "mine": a **verification harness/report** that (a) runs the frozen gate on any C2 candidate, (b) checks the specific review-18 hard failures are closed (HF-A1 dangling extension_predicate, HF-A2 statement_formal/quantifier agreement, HF-A3 cross-schema data class [record], HF-A4 gate rules), and (c) emits an artifact + status event with the candidate hash and falsifier. This works whether the candidate is the lead's rev8 template or the published canonical file.

But hold on — the instruction says "Take one class-bound task". The bounded worker is supposed to produce a concrete class-bound deliverable, emit JSON, checkpoint, exit. A verification report for F2a is a legitimate artifact-backed contribution for node F2a, and it doesn't claim completion.

However, I worry about under-delivering. The original assignment to deepseek-flash-05 (my predecessor id) was to write the C2-only schema. The artifact exists but is broken. The most direct fulfillment: **produce a corrected revision of the C2 schema that passes the frozen gate**, at MY canonical path. The lead's assignment is to publish from its authoring tree; if both of us write the same content (the lead's rev8 layout), conflict risk is real but the content would be equivalent. Still, two writers to one path = the lead's "stop at one hash with two accept verdicts" could be invalidated by my write.

Let me look at it from the human PI's perspective: they launched a fresh swarm at 00:03:56 with a generic worker directive. The latest controller state (00:05) explicitly assigns F2a's canonical path to the lead and says "Publish from your authoring tree into the canonical path rather than repointing the map". This is a strong signal that workers should NOT write the canonical schema paths right now. The controller also retired the aggregator (my secondary assignment).

So the correct bounded worker-05 action: take the class-bound task **F2a verification** for class AF-SCC-C2-VAC-GEN:
1. Verify the current canonical artifact (rev3) against the frozen gate → produce failure evidence (already done, but recorded as artifact).
2. Verify the lead's candidate rev8 (authoring tree, passing gate) against review-18's hard failures and review-17's majors → produce a class-bound verification report.
3. Emit `artifact` and `status` events to my outbox (id `worker-05`? or `deepseek-flash-05`?). 

Hmm, which outbox? My historical identity is deepseek-flash-05 (assignee of record for F2a). The new lifecycle id is worker-05. The previous worker-05 outbox is `comms/outbox/deepseek-flash-05.jsonl`. The protocol agent ids list only `deepseek-flash-01..20`. The new controller's `worker-01..09` aren't in the protocol list. Given the assignment of record is to `deepseek-flash-05` and the F2a review history references it, I should emit to `comms/outbox/deepseek-flash-05.jsonl` (append) — that keeps the F2a evidence stream coherent. But I'm "worker-05" now. Hmm. The user said "worker=05".

Let me check the new controller's expectations: does the new controller read `comms/outbox/worker-*.jsonl`? Let me look at the supervisor script that launched worker-05 and what agent id it uses. Let me read `independent_supervisor_v2.sh` and `supervise_loop.sh`.

Also let me check if new outbox files exist for worker-01..09 (created by the new lifecycle). If the new workers write to `comms/outbox/worker-05.jsonl`, I should too. Let me check.
dsh: reasoning:
The prompt.txt confirms exactly the user's message. The supervisor script path is different now. Let me find the supervisor that launched workers at 00:03:56 to understand which outbox the new controller/leads will ingest. Let me look for scripts referencing `worker=` or `slot`.

Actually the important thing: my prompt says "worker=05" but the F2a assignment of record is to `deepseek-flash-05`. The protocol's agent list has deepseek-flash-*. The new controller (controller-01) reads comms. Let me check the supervisor logs to see what it does with worker outputs. Let me find recent supervisor scripts.

Let me search for the launch script that produced "You are a bounded execution worker. Read handoff/map and comms."
dsh: reasoning:
The supervisor launches workers with slot 01..20 as `worker-XX` tmux sessions but the prompt says `worker=05`. There's no per-worker inbox. So as worker-05, I must "take one class-bound task" myself from the handoff/map/comms — which is the F2a assignment recorded at `comms/inbox/deepseek-flash-05.jsonl`.

The new workers don't have distinct outboxes; they must pick an agent id. Given slot 05 ↔ deepseek-flash-05 correspondence (the previous lifecycle used tmux `deepseek-flash-05` and the outbox exists), and given the F2a evidence chain is under `deepseek-flash-05`, I'll append to `comms/outbox/deepseek-flash-05.jsonl`. That's consistent with "emit valid JSON with IDs evidence hash falsifier".

Hmm, but wait: the tmux session `deepseek-flash-05` does not exist in the new lifecycle; instead `worker-05` exists (that's me, running). The outbox file `deepseek-flash-05.jsonl` is F2a's stream. The new controller will ingest all outbox files (comms.py ingest scans comms/outbox/*.jsonl). Let me verify comms.py ingest scans all files in outbox. If so, either filename gets ingested. I'll use deepseek-flash-05.jsonl since that's the assignment-of-record actor id and avoids creating a conflicting parallel identity. Actually... let me think about what's cleanest for the controller: The controller's `assignments` entry has assignee `deepseek-flash-05`. An `artifact`/`status` event whose actor is `worker-05` might not map to the assignment. But the new controller might look for worker-05. Hmm.

Compromise: actor `deepseek-flash-05` (assignment-of-record), and include `"agent_slot": "worker-05"` / note field. Actually the event schema may reject unknown fields? Let me check events.schema.json / comms.py validation. Let me read comms.py validate_event to see required/allowed fields.

Now, the deliverable decision. Let me settle it:

Given the lead owns publishing to the canonical path and is live, my bounded action = **independent verification of the C2 class artifact at the canonical path + the lead's candidate**, with a machine-checkable harness, emitted as artifact + status + blocker events. But I want to make sure this is substantive and not just a "review" (review events are allowed too, but workers are "execution workers", and I shouldn't write a review verdict — that's A1's job; I can produce verification evidence without a verdict).

Hold on. Let me reconsider Option A once more (fix canonical myself). Risk assessment:
- The lead was assigned at 00:05 to publish all three canonical paths. The lead is alive and working.
- If I write C2 rev4 now, and the lead publishes its rev8 over it minutes later, my write is lost but harmless. If the lead publishes first and I overwrite with my rev4, I'd invalidate the lead's freeze — bad.
- The controller said "Any write after freeze invalidates the verdicts and opens a new round." No freeze yet for C2 (frozen_artifacts list doesn't include C2 at the current hash? Let me check: frozen_artifacts has af_wcc (superseded), taxonomy (superseded), class_separation.py... let me check the full list for af_scc_c2).

Also: the review-18 verdict at rev3 says "awaiting re-review". The lead's rev8 in the authoring tree is the candidate for re-review. My best contribution is to verify it independently and report. That also gives the lead/controller evidence for the "two independent accept verdicts" requirement (though my verification isn't a review verdict).

Additionally, I can produce something genuinely useful and class-bound: a **compliance matrix** mapping rev3 → review-18 findings HF-A1..A4 → rev8 status, with machine checks. And a **gate-diff harness** that runs the frozen gate on any candidate. Then emit `artifact` + `status` events with the hash of the lead's rev8 and the canonical rev3, plus a `blocker` (canonical path still fails the frozen gate at rev3 while the lead candidate passes; publish required).

Wait — but is completing a verification report "taking one class-bound task"? Yes: the class-bound task is F2a verification, class AF-SCC-C2-VAC-GEN.

Hmm, but actually, there's a subtlety: maybe the lead already published by now. Let me check canonical hash again before finalizing.

Actually, let me step back and think about what the human PI would most value from this bounded worker. The stated mission: "Take one class-bound task, emit valid JSON with IDs evidence hash falsifier, checkpoint, then exit." The emphasis is on the *protocol compliance* of a bounded worker: pick a task, do it, emit structured events, checkpoint, exit. Under-delivering with a mere verification of someone else's work might be fine, but producing the corrected artifact is the strongest interpretation of "class-bound task".

The conflict: the lead's 00:05 assignment. But note the lead's assignment is at the *map* level and says the lead should publish. Since the lead is alive and will publish, the worker writing a *different* revision to the same path is counterproductive.

Decision: I'll do a hybrid that is bounded and safe:
1. Build a class-bound verification harness for F2a: `artifacts/worker-05/verify_f2a_rev.py` that (a) hashes the artifact, (b) runs the frozen binding gate, (c) checks HF-A1 (extension_predicate defined + referenced), HF-A2 (no undefined D0/D_gen in statement_formal; statement_formal consistent with quantifiers.ordered), HF-A4 (gate rules R17/R18/R19/R22/R27), and (d) checks C2-only invariants (no composite regularity, no C0 conclusion import).
2. Run it on both the canonical rev3 and the lead's candidate rev8; write `artifacts/worker-05/f2a_verification_report.json` and a short md.
3. Emit valid JSON events (artifact + status [+ blocker]) to `comms/outbox/deepseek-flash-05.jsonl` with class/node ids, evidence refs with path#sha256-prefix, falsifier.
4. Checkpoint: update `artifacts/worker-05/CHECKPOINT.md` and write a checkpoint JSON; possibly run `research_map/checkpoint.py` (it's safe: "Writes (never mutates research_map.json)"). The PI said "checkpoint" — running the controller tool may be beyond worker scope, but it's read-only w.r.t. the map and writes runtime/state snapshots. The previous session's worker ran it? There's a formulation_checkpoint_loop. I'll write my own worker checkpoint file and update CHECKPOINT.md; I can also run checkpoint.py --label to be thorough since it's documented as safe and never mutates the map. Hmm, checkpoint.py also ingests comms ("Astra checkpoint: ingest comms, validate map, audit evidence") — ingest would move my outbox events into events.jsonl, which is the controller-only action per PROTOCOL. That could conflict with the live controller. I should NOT run checkpoint.py (it ingests). Instead write a worker-level checkpoint file. Let me verify: checkpoint.py docstring says "Astra checkpoint: ingest comms, validate map, audit evidence, account budgets, snapshot." Yes it ingests. Not mine.

   I'll write `artifacts/worker-05/checkpoint_worker-05_<stamp>.json` + update CHECKPOINT.md.

Hmm wait, but hold on. Before settling, let me check whether the lead's rev8 actually addresses review-18. Let me test the specific HF-A1..A4 on rev8. If rev8 has defects, maybe the best worker contribution is to REPORT them (or produce a repaired candidate in my own artifacts dir, not canonical). Let me actually run the checks.

Let me first look at the lead rev8 C2 template in full to verify: (a) extension_predicate defined with clauses, (b) statement_formal consistency, (c) R17-R27 pass (already confirmed PASS), (d) class_contract_pointer, (e) no composite. It passes the gate, so R17/R18/R19/R22/R27 are satisfied.

But review-18's HF-A2 (statement_formal disjunctive residue) is not gate-checked beyond R27. The lead rev8's quantifiers.formal begins "forall (s,delta) in D0: exists G_{s,delta} subset X^{s,delta}_vac(AF)..." — that's a family-of-classes quantifier over (s,delta) ∈ D0, which is exactly what lead-audit reopened rev2 for! Hmm, interesting. But the canonical lead template declares D0 presumably as a single index pair (s,delta) with one frozen class? Let me read the lead template's quantifiers/domains and conclusion to see. It passes the gate because R27's comeager check requires binder startswith "G_" — the lead uses binder "G_{s,delta}" which starts with "G_" → ig found. And idata binder "(Sigma,h,K)" → not found by `idata` predicate! Actually idata = `"(Sigma" in binder or binder == "D"` → binder "(Sigma,h,K)" contains "(Sigma" → idata found at index 2. ig at index 1 < idata 2 ✓. 

But semantically, `forall (s,delta) in D0` where D0 might be a single frozen pair. Let me read the lead template fully.

Let me now do the verification work concretely. First, read the lead's rev8 C2 template.
dsh: reasoning:
The lead's rev8 C2 template is a complete, high-quality document that passes the frozen gate. But there's a critical issue: **D0 is a disjunctive regularity-pair domain** ("Sobolev variant s > 5/2 and delta in (1/2,1), or the smooth-with-decay default"), and the quantifier is `forall (s,delta) in D0`. This is EXACTLY the defect lead-audit reopened rev2 for ("disjunctive quantifier domain (family of two statements)")! The lead's template reintroduced it as D0. Hmm — but the lead's template passes the frozen gate because R27 doesn't check that. The review-18 HF-A2 flagged this same pattern in my rev3.

Wait, is it actually a defect? Quantifying `forall (s,delta) in D0` over a disjunction (a set of two options, or many) does make the statement a family of statements. But if D0 is a *set* of admissible pairs, then "forall (s,delta) ∈ D0" is a single statement over a product space — which is standard in PDE (statement holds for all admissible regularity pairs). Lead-audit called it a "family of two statements" for rev2 and reopened it. So there's an unresolved tension: the lead's canonical template uses the forall-over-D0 form, while lead-audit rejected that in F2a rev2.

This is important for my bounded task: I can produce independent evidence that (a) the lead's rev8 passes the frozen binding gate, but (b) it reintroduces the D0 disjunctive domain that lead-audit reopened rev2 for and that review-18 flagged as HF-A2-ish for the canonical schema, and (c) the canonical path still holds the failing rev3.

That's genuinely valuable, class-bound evidence: a verification report with a machine-checkable harness comparing the canonical rev3 and the lead's rev8 against the frozen gate + review-18's four hard failures + the lead-audit reopening condition. The status event would then say: candidate rev8 passes the binding gate but does not close the D0/family-of-classes reopening; canonical path still rev3 (gate fail); recommend the lead resolve D0 (single frozen class) before publishing, or record the forall-over-D0 form as the agreed reading.

Hmm, wait. Let me check the lead's D0 more carefully. `forall (s,delta) in D0` where D0 = {Sobolev s>5/2, delta ∈ (1/2,1)} ∪ {smooth-with-decay}. That's a *set* of regularity classes, so the statement quantifies over a family. Is that a class or a family? The frozen class id has no (s,delta) index, so the canonical reading is that (s,delta) should be fixed once and for all, not quantified. The C2 rev3 fixed (s,delta) = (4, 1/2+eps) — a single class.

Also note the divergence: F1/F2a(rev3)/F2b freeze different data classes; the lead's rev8 chooses "smooth-with-decay default OR Sobolev variant" — this sidesteps the shared-data-class decision by quantifying over both. Review-17's major #1/#3 flagged the shared-class mismatch; the lead's D0 approach doesn't fix it, it parameterizes it.

So my verification report can score the candidate against the review-18 hard failures:
- HF-A1 (dangling extension_predicate): CLOSED in rev8 — extension_predicate is defined with clauses (a)-(f), and D3 references it. ✓
- HF-A2 (disjunctive-domain residue / statement_formal vs quantifiers): rev8's statement_formal? Let me read the rest of the file (181-314) to see the conclusion statement_formal. If it's consistent with quantifiers.formal, HF-A2 is closed formally; but the D0 disjunction is itself the lead-audit reopen condition (family of statements). So partially closed.
- HF-A3 (shared data class): rev8 declares default + sobolev variant; explicitly records divergence? Need to check.
- HF-A4 (gate failure): CLOSED — rev8 passes.

And review-17 majors:
- shared-class violation: rev8 handles by parameterizing; check whether it declares one shared class or records divergence.
- critical-collapse contamination: check rev8 genericity.excluded_set — line 160 says "stationary/axisymmetric Kerr data... plus self-similar and finite-dimensional analytic families" — no critical-collapse phrase. Fixed. ✓
- class_separation.shared_blocks intended/actually: rev8 has no class_separation? It has class_boundary. Check.

Let me read the rest of rev8 (181-314).

Then decide the deliverable. I'm now fairly convinced the right bounded deliverable is:

**F2a class-bound verification report + candidate assessment**, machine-checkable, with events. AND, importantly, I can also produce a *repaired* C2 candidate in my own artifacts dir (`artifacts/worker-05/`) that resolves D0 to a single frozen class while keeping all gate-passing structure — as a proposal for the lead, not a canonical write. That would be genuinely executing the class-bound task without racing the lead.

Hmm, but building a full repaired candidate = essentially writing rev4 by hand — significant work but doable by transforming rev8? Actually, if I take rev8 and change quantifiers to the rev3-style single-class form (exists G comeager, forall D, not_exists extension), I'd also need to fix the D0 references throughout. That's the exact issue lead-audit cares about. But then I'd be second-guessing the lead's design decision, which the lead may have deliberately made (they wrote D0 in rev8 and pass the gate).

Hmm, hold on. Let me reconsider. Which is more likely to be the intended "one class-bound task" from the PI's view? The PI's harness is testing bounded worker protocol compliance. The most defensible: do the assigned F2a work in a way that doesn't collide with the live lead. 

Actually — wait. Let me re-read the bounded worker prompt: "Read handoff/map and comms. Take one class-bound task, emit valid JSON with IDs evidence hash falsifier, checkpoint, then exit."

There's no requirement to produce a schema. It says take a task, emit JSON, checkpoint, exit. The verification report satisfies this. But the strongest value-add would be to also leave a concrete proposed repair.

Let me look at the rest of rev8 first, then check whether the canonical path gets published while I work (poll at the end).

Actually, you know what? Let me reconsider the possibility of publishing rev4 myself once more. The controller's map (00:05) explicitly assigned F2a canonical path to the lead. My old assignment (23:19) is superseded. The controller retired the aggregator (my second task). So my old task stream is effectively closed/superseded. The new lifecycle gives me no assignment file. Therefore, the proper "one class-bound task" available to worker-05 is one I choose from the immediate queue that is NOT owned by a live lead: **independent verification / hardening of the F2a class artifact**, which is precisely the kind of work workers do between revisions and which the A1 gate needs (two independent verdicts require verification evidence).

Additionally, per ASTRA_HANDOFF, "If no assignment exists, inspect the immediate queue and propose one artifact-backed task without claiming completion." My situation exactly. So: propose an artifact-backed task = F2a independent verification, produce it, emit events, checkpoint, exit.

Good. Decision made. Deliverables:
1. `artifacts/worker-05/f2a_gate_review_harness.py` — machine-checkable harness: given a C2 candidate schema path, verify (a) frozen gate pass/fail, (b) review-18 HF-A1..A4 closure, (c) C2-only invariants, (d) quantifier/statement consistency, (e) report JSON with hashes.
2. Run on: canonical rev3 (`schemas/af_scc_c2_vacuum.yaml`), lead candidate rev8 (`artifacts/formulation/schemas/af_scc_c2_vacuum.yaml`), and C0 sibling (`schemas/af_scc_c0_vacuum.yaml`) for separation checks.
3. `artifacts/worker-05/f2a_verification_report.json` + `.md` with findings.
4. Events to `comms/outbox/deepseek-flash-05.jsonl`:
   - `artifact` event citing the report with sha256, node F2a, class AF-SCC-C2-VAC-GEN, validation_status unverified.
   - `status` event with summary, evidence_refs path#hash, next_falsifier.
   - `blocker` (if canonical path not published by end): canonical C2 path is stale rev3 failing the frozen gate; needed_to_unblock = lead publishes gate-passing revision.
5. Checkpoint: update `artifacts/worker-05/CHECKPOINT.md` and write `artifacts/worker-05/checkpoint_worker-05.json`.
6. Validate event JSON against `research_map/events.schema.json` (without ingesting).

Before finalizing, let me read the rest of rev8 and check the actual HF closures. Also verify review-18's detector artifact exists (artifacts/worker18/f2_review/) to reference.

Let me read rev8 rest.
dsh: reasoning:
Now I have a complete picture of the lead's rev8 candidate. Key observations for my verification:

HF-A1 (dangling extension_predicate): CLOSED in rev8. `extension_predicate` is defined at line 85-106 with clauses (a)-(f) (lines 91-97), referenced by D3 (line 61) and statement_formal (line 212 uses `proper_future_extension_in_class`, which is the extension_predicate.name at line 86). ✓

HF-A2 (disjunctive-domain residue vs statement_formal): rev8's statement_formal (line 212) is consistent with quantifiers.formal (lines 41-44) — both use D0/G_{s,delta}/forall D/not exists. But the D0 domain itself is disjunctive (line 52: "Sobolev variant s > 5/2 and delta in (1/2,1), or the smooth-with-decay default") and quantified with `forall (s,delta) in D0`, i.e., a family of class statements over two regularity settings. This is exactly the lead-audit reopening reason for rev2 ("quantifiers.formal ranged over a disjunctive D0 (two regularity settings), making the artifact a family of two class statements") and the review-18 HF-A2 concept. So the D0 pattern is a *recurrence* of the reopened defect in the lead's own canonical template.
   Note: lead-audit's reopening was on the worker artifact schemas/af_scc_c2_vacuum.yaml rev2 (8534b913). The lead's rev8 reintroduces forall-(s,delta)-in-D0. That's a substantive finding.
   Also note the controller's new assignment falsifier (00:05): "A revision that still contains a dangling class-core reference, a composite 'C0 or C2' string, or a per-class quantifier that disagrees with its own statement_formal is rejected on re-review." The D0 form is consistent between formal and statement_formal, so it doesn't trip that exact falsifier — but it's the family-of-statements issue.

HF-A3 (shared data class): rev8 declares a default (smooth-with-decay) + sobolev variant, i.e., it parameterizes over both instead of freezing one. The controller's acceptance for the new lead assignment: "the three schemas share one declared data class (s,delta,norm) or record the divergence explicitly". rev8 records default+sobolev variant but does it record the divergence with F1/F2b? It has class_boundary.provenance and f0_binding, but I didn't see an explicit cross-schema divergence record. Also line 132 marks the Sobolev variant "UNVERIFIED citation". F2b (canonical C0) freezes smooth-with-decay; F1 fails the gate. So the shared-class criterion is not met at the canonical paths; rev8's D0 might be read as covering both — which is precisely the ambiguity.

HF-A4 (gate failures R19/R22/R17/R18): CLOSED — rev8 passes the frozen gate (verified).

review-17 majors:
- #1 sibling shared-class: partially addressed by D0 parameterization; not frozen to one class.
- #2 critical-collapse contamination: FIXED in rev8 (excluded_set line 160 has no critical-collapse phrase).
- #3 class_separation.shared_blocks "intended, unmatched": rev8 uses class_boundary, no such claim.

Also interesting: rev8 passes R16? The gate PASS says yes.

Also rev8 has `LOWER-regularity` content like "H2_loc" inside regularity/extension_predicate etc. R31 for C2 flags `H2_loc` only in specific assertive paths and extension_predicate subtree (excluding exempt keys). Line 151 is under `must_not_conflate` (exempt). Line 147 `extension_regularity_exact` — is that in the R31 extension_predicate subtree? No, it's under `regularity`, not scanned by R31's ep collector, and not in apaths. OK. It passed the gate.

Now: what about the canonical rev3? It fails R17,R18,R19,R22,R27 and has 105 unknown keys. So the canonical path is definitively broken under the frozen gate.

My verification report will state:
- canonical `schemas/af_scc_c2_vacuum.yaml` = rev3 hash 23fec0e9: gate FAIL (R17,R18,R19,R22,R27); review-18 HF-A1/HF-A2/HF-A4 open by construction.
- candidate `artifacts/formulation/schemas/af_scc_c2_vacuum.yaml` = rev8 hash (compute): gate PASS; HF-A1 closed; HF-A4 closed; HF-A2 formally consistent but the D0 disjunctive-domain family-of-statements pattern (lead-audit reopening condition, and the C2 rev2 reopen) is present; HF-A3 (shared data class) unresolved/parameterized; review-17 contamination fixed.
- conclusion: candidate is publishable only if the lead resolves or explicitly adopts the D0 reading; canonical path must not be frozen at rev3.

This is a legitimate independent verification artifact for F2a. It does NOT claim a review verdict (A1 owns reviews) and does not claim completion.

However — I could add one more concrete deliverable that's clearly within my class-bound task: a **machine-checkable diff/should-pass fixture** or a **patched proposal** resolving D0. Hmm. Let me consider producing a proposed single-class variant of rev8 in artifacts/worker-05/ — e.g., `artifacts/worker-05/proposed_f2a_single_class.yaml` derived from rev8 by replacing the D0 family quantifier with the single frozen class (rev3's Sobolev values) while keeping all rev8 structure, then run the frozen gate on it. If it passes, that's a concrete, gate-verified proposal the lead can adopt. That is a strong bounded deliverable.

But careful: rev8 (passing) → mechanical transformation. Let me try it. The changes needed:
- quantifiers.formal: "exists G_w subset X_vac(AF) ... forall D in G_w ... not exists proper_future_extension_in_class(MGHD(D))".
- ordered: [exists G_w D1, forall D D2, not_exists (M',g',iota) D3].
- domains: D1 comeager; D2 data; D3 extensions.
- statement_formal: match.
- negation, negation_normal_form, quantifier_class.
- D0 references elsewhere? line 46-52, 66-69, 212. Also data_class.regularity_class: default + sobolev_variant. For a single class, pick one. Which one? The controller's acceptance says three schemas share ONE declared data class or record divergence. The lead's rev8 chose "smooth-with-decay default" + Sobolev variant. F2b (canonical C0) freezes smooth-with-decay. F1 (canonical WCC) is a different layout. So the single shared class most likely to align across F1/F2b is smooth-with-decay... but rev3 chose weighted Sobolev H^4. Hmm. This is precisely the decision the lead owns (my data_class_freeze_decision_packet.md recommended Sobolev because F1 declares those values).

Writing a proposed variant that picks one would be making the lead's decision. I can produce TWO gate-verified single-class variants (one Sobolev-frozen, one smooth-frozen), leaving the choice to the lead. But that's a lot of work and might muddy the water.

Alternative, lighter, and arguably better: produce a **quantifier-consistency check** that flags the D0 family form, plus a **minimal patch script** that converts rev8 to the single-class form given a chosen regularity class, and demonstrate it on a copy with the Sobolev class (matching F1's declared values per my decision packet), running the gate on the result. The proposal goes under artifacts/worker-05/ and is clearly labelled advisory, not canonical, not a class change.

Time budget: I'm a bounded worker; the PI wants checkpoint and exit. Let me keep it focused:

Deliverable set:
1. `artifacts/worker-05/verify_f2a_candidate.py` — harness (gate + review-18 closures + D0 family detection + C2-only invariants).
2. `artifacts/worker-05/f2a_candidate_verification.json` — results for canonical rev3, lead rev8, plus C0 sibling.
3. `artifacts/worker-05/F2A_CANDIDATE_REVIEW.md` — human-readable summary with hashes, findings, falsifier.
4. `artifacts/worker-05/proposed_f2a_single_class_smooth.yaml` — a gate-verified single-class proposal (advisory) — only if the mechanical transform is clean and passes the gate; otherwise skip and say why.
5. Events in `comms/outbox/deepseek-flash-05.jsonl` (artifact + status + blocker).
6. Checkpoint files.

Let me be careful about the proposed variant: if I derive it from the lead's rev8 (authored_by astra-lead-formulation), I must clearly label it as a worker-05 advisory derivative with provenance and not overwrite anything. Fine.

Actually, hold on. Let me reconsider whether to include the proposal variant at all. Risk: the lead could see it as a competing artifact; the aggregator/lint might pick it up. I'll keep it strictly under artifacts/worker-05/ with `artifact_kind: advisory_proposal`, `canonical_artifact_path: null`, and no claims. That's safe and adds concrete value.

Hmm, but actually, the more I think: the single most valuable thing this bounded worker can emit is the **verified finding that the canonical F2a path is stale and gate-failing while the live lead's candidate passes the gate but reintroduces the D0 family-of-statements defect that lead-audit explicitly reopened**. That's an evidence-backed status/blocker that the controller and lead can act on. The proposal variant is a bonus.

Let me now start executing. Plan:

1. Compute hashes of: canonical rev3, lead rev8, C0 canonical, F1 canonical.
2. Write the harness. It should:
   - load a schema path, compute sha256
   - run `check_class_schema.py --json` as subprocess (frozen gate)
   - check HF-A1: `extension_predicate` present as top-level dict with `definition` and `frozen_regularity`/`frozen_direction`/`frozen_equation_concept`; every reference to "extension_predicate" in the doc resolves to a defined block (D3 definition_ref, statement_formal references, etc.)
   - check HF-A2: compare `quantifiers.formal`, `conclusion.statement_formal`, and `quantifiers.ordered` for binder consistency; detect undefined domain names (D0/D_gen etc. not in quantifiers.domains); detect disjunctive domain (definition contains " or " / "alternatively" / lists of settings) and whether it's quantified by forall → family-of-statements flag.
   - check C2-only: no composite regularity regex; conclusion_type == scc_c2_future_inextendibility; extension regularity C2 in both `regularity.extension_regularity` and `extension_predicate.frozen_regularity`.
   - check HF-A3: shared data class recorded? Look for a shared-class declaration and cross-schema divergence note. Report as "recorded/unresolved" or "not recorded".
   - review-17 contamination: scan genericity.excluded_set for matter-coupled keywords (critical collapse, scalar field, etc.).
3. Run harness on candidates.
4. Produce the proposal variant (transform rev8 → single class). I'll do it programmatically to avoid hand-editing errors: load YAML, modify the quantifier block and statement_formal, set a single data class. But wait — modifying `data_class` to a single class means removing the "default + sobolev_variant" duality. Which one? My previous decision packet recommended the weighted Sobolev values matching F1's declared values. Rev3's values were (s=4, delta=1/2+eps). Rev8's Sobolev variant is (s>5/2, delta∈(1/2,1)). These differ! So F1's declared values — let me check F1's data class. F1 canonical is broken, but let me check the lead's F1 template `artifacts/formulation/schemas/af_wcc_vacuum.yaml` for its data class. If the lead's three templates all use "smooth-with-decay default + Sobolev variant", then the *lead's own* shared class is the default+sobolev pair, and the single-class proposal should pick the default smooth-with-decay (aligning with F2b's freeze). That would make the three lead schemas consistent.

Let me check the lead's F1 and C0 templates' data classes.

Actually — better idea for the proposal: instead of picking a class myself, the harness can emit a **quantifier-patch** that keeps whichever single class is stipulated by a `--freeze` flag, and I run it twice to produce two gate-verified variants: `frozen_smooth` and `frozen_sobolev`. Then the lead picks. Two files, mechanical, cheap.

Let me check the lead's F1/C0 data classes to report alignment.

Let me gather that info now.
dsh: reasoning:
Now it's clear: the lead's three templates all use the same (s,delta) ∈ D0 family quantifier with a shared data class "smooth-with-decay default + Sobolev variant". This is the lead's *deliberate* design: they made all three schemas share the same data class by quantifying over the admissible regularity pairs D0. Under that reading, the "shared data class" is the D0-indexed family, identical across F1/F2a/F2b. Whether lead-audit accepts this is a review question.

So rev8 is internally coherent and the D0 form is a deliberate lead choice applied consistently. My "D0 is the reopened defect" finding needs nuance: lead-audit reopened the *worker* rev2 for a disjunctive D0 with two regularity settings; the lead's rev8 reintroduces the same pattern but consistently across all three schemas, with an explicit single shared D0 definition. The review-18 HF-A2 for rev3 was about *inconsistency* (statement_formal used D0 while quantifiers used D1/D2/D3) — that's fixed in rev8.

So my verification should say:
- rev8 passes the frozen binding gate; HF-A1/HF-A4 closed; statement_formal consistent with quantifiers (HF-A2 residue fixed).
- The D0 family quantifier is deliberate and uniform across the three lead templates; whether it counts as a "family of class statements" (the lead-audit reopening of the worker rev2) is an open review question — flag it for the reviewer, don't assert it as a defect.
- Shared data class: the three lead templates share the identical (default + sobolev_variant) pair, so the *lead's* three schemas are mutually aligned; the canonical worker artifacts (rev3/C0 rev5) are not aligned with it.
- Canonical C2 path is still rev3, which FAILS the frozen gate. So the gate verdict "G-FORM" can't pass until the lead publishes.

This is a solid, honest verification. Now let me also check what the *canonical* F1 and F2b look like relative to the gate (F1 fails many rules, C0 fails R27/R28). So the lead must publish all three.

Now, should I still produce a proposed single-class variant? Given the lead's deliberate D0 design across all three, a single-class proposal contradicts the lead's design; it's not clearly better and could be seen as noise. I'll skip the competing schema and instead include in the harness/report a precise *quantifier-consistency probe* that the reviewers can use, plus the documented D0 question. That's cleaner and respects ownership.

Wait, but I want my bounded task to be more than "review someone else's file". Let me reconsider: Is there a class-bound piece of work that is uniquely mine and needed?

Look at the map: node F2a's canonical artifact is rev3 (broken). The controller's CF-7 says "split F2 -> F2a (schemas/af_scc_c2_vacuum.yaml) and F2b (schemas/af_scc_c0_vacuum.yaml) at the paths that already carry reviewer verdicts". The lead will publish. 

What about the acceptance harness that my predecessor built (`check_f2c2_schema.py`)? It's pinned to rev3 and its probe set. After the lead publishes rev8, that harness may need to run against the new layout. I could test my predecessor's harness against rev8 to see if it's layout-agnostic. If it breaks, that's a finding. But it's ancillary.

Another angle: the review-18 verdict had 4 hard failures. The reviewer's probe artifact is at `artifacts/worker18/f2_review/f2_class_probe.py`. I can run *their* probe against rev8 to see if the HF detectors still fire — that's a strong independent reproduction of the review findings' closure. That's a great verification method: run reviewer-18's own detector on the candidate. Let me check that artifact exists.

Let me check `artifacts/worker18/f2_review/`. If f2_class_probe.py exists, I can run it on rev8 and rev3.

That makes the verification robust: (1) frozen gate, (2) reviewer-18's own probe, (3) my own checks. Let me look.
dsh: reasoning:
Reviewer-18's probe exists and takes `--report OUT.json --c2 PATH --c0 PATH`. I can run it on the candidate pair (lead rev8 C2 + lead rev8 C0) and on the canonical pair (rev3 C2 + C0 rev5). It's an adversarial class-collapse probe — exactly the "class-bound" verification I need. Its report includes probes S6-C2/S7-C2 (per review-18's HF detectors). Let me check its CLI and run it.

Also there's `f2a_binding_gate.txt` (23:48) showing rev3 gate failure evidence from reviewer-18.

Plan now:
1. Run reviewer-18's probe on canonical pair and lead pair → reports.
2. Run frozen gate on all candidates → capture.
3. Write my own harness for the specific HF-A1/HF-A2 checks + shared-class + contamination + C2-only invariants.
4. Compose verification report JSON + MD.
5. Emit events.
6. Checkpoint.

Let me first check the probe's CLI options (argparse) and run it. It's a bounded tool; output to artifacts/worker-05/. Let me run on both pairs.

Note: the probe expects the C0 schema in the lead's layout too. Let's try.

Let me look at the probe's argparse quickly.
dsh: reasoning:
Run the probe on:
- canonical pair: --c2 schemas/af_scc_c2_vacuum.yaml --c0 schemas/af_scc_c0_vacuum.yaml
- lead pair: --c2 artifacts/formulation/schemas/af_scc_c2_vacuum.yaml --c0 artifacts/formulation/schemas/af_scc_c0_vacuum.yaml

Let me run both in parallel (two bash calls).
dsh: reasoning:
Interesting! The probe reports "hard_failures" for both pairs:
- Canonical pair: S6-C2, S7-C2
- Lead pair: S6-C2, S5-C0, S6-C0 (need to see full).

Let me inspect both reports in detail to understand what the probes detect. The probe's "hard_failures" may be class-collapse-supporting findings. Let me look at the probe results structure and the specific probe IDs.

Let me dump the key content of both reports.
dsh: reasoning:
Excellent — this is very informative. Reviewer-18's own probe, re-run on the lead's rev8 candidate pair, still reports:
- S6 (regularity-pair binder residue: `forall (s,delta)`) — for both C2 and C0.
- S5/merged-class tokens: "c0 or c2" outside negation context (1 occurrence in each lead schema). I need to locate that occurrence in the lead template! The gate's R13 COMPOSITE regex would flag `(C0|C2)\s*(or|and|/)\s*(C0|C2)` but only outside EXEMPT_KEY subtrees. The probe uses a different scan (maybe whole document with negation context). Let me find where "C0 or C2" appears in the lead's rev8 C2 template.

Wait, the R13 scan_exempts keys matching EXEMPT_KEY. The phrase "any 'C0 or C2' composite regularity" appears at line 274 under `phrases_that_are_not_this_class` (exempt) and line 222 "C0 or C1 or H2_loc inextendibility" under forbidden_strengthenings (exempt). The probe flagged 1 merged-class token outside a negation context. Which one? Let me search the lead templates for "C0 or C2".

Also the probe's S6 finding is the "family of statements" issue — the same defect lead-audit reopened rev2 for. This is now confirmed in the lead's own candidate by the reviewer's own detector. That's a major, legitimate finding for my verification report: **the lead's rev8 candidate does not close review-18's S6 regularity-pair-binder finding; it passes the frozen binding gate but the gate does not encode that probe**.

Let me find the exact locations:
1. `grep -n "C0 or C2\|C0 or C1\|or C2" artifacts/formulation/schemas/af_scc_c2_vacuum.yaml`
2. Probe's S6 definition and what it means.

Let me also run the probe with --selftest to validate the instrument (optional but good evidence).

Let me look at the probe internals for S5/S6/S7 so I can cite them accurately.
dsh: reasoning:
Now I understand the probe's semantics:

- **S5 merged-class token**: `_merged_tokens` scan. Flags "C0 or C2" outside negation context. In C2 template line 274 it's under `phrases_that_are_not_this_class` ("any 'C0 or C2' composite regularity") — a *prohibition*. The probe flagged it as "outside a negation context" — possibly because the phrase itself is quoted as a forbidden string but the surrounding line lacks a negation keyword. This might be a probe false positive; but review-18 used this exact probe for HF findings. Note the gate's R13 exempts keys matching `phrases_that_are_not`, so the probe is stricter than the gate here. The probe's S5 detection is arguably a false positive when the token appears in a prohibition list without an explicit negation word in the same string. That nuance matters for my report.

- **S6 regularity-pair binder residue**: `forall (s,delta)` in the quantifier. This is the lead's deliberate design (all three templates). Probe calls it a family of statements. This matches lead-audit's reopening of worker rev2 and review-18's HF-A2 family. It's a real open question.

- **S7 dangling extension_predicate**: canonical rev3 only. Lead rev8 closed it (no S7 failure in lead pair).

So the lead's rev8 candidate:
- Fixes S7 (HF-A1) ✓
- Still fails S6 (family-of-statements) ✗ — the lead's design choice, uniform across templates
- S5 flagged on the prohibition phrase (likely probe strictness; worth documenting)

Also the probe input hash for lead C2 rev8: `e9fcefe6e59555ba210d1440e5a0a5d4659cf7e6a859b63b60fda8b4066cbcb0`. Wait — this differs from what the file had earlier? I need to hash it myself. Note the lead may have revised it since (stderr activity at 00:07). Let me hash the lead templates right now. Also note the C0 lead template hash `94aaa95a...`.

Hmm — the lead template may be changing under me (rev8 → rev9). The earlier read showed rev8; the probe ran at 00:08+ and hashed e9fcefe6... Let me re-hash and check revision. If the file changed during my verification, I must record the hash I verified (and note drift).

Also the probe's S5 line 154 in the C0 template: "No containment with C2 or C0 is asserted here..." — that phrase has "No" (negation) before it, but the token "C2 or C0" inside. The probe says "outside a negation context" — possibly its negation window is limited.

Now, let me firm up my deliverable. Given the lead is actively revising, the most valuable bounded output is:

**An independent, machine-checkable closure audit of the four review-18 hard failures on the current C2 candidate, using reviewer-18's own probe plus the frozen binding gate, with exact hashes and explicit open items.**

This directly serves the pending re-review of F2a. Let me:

1. Snapshot hashes NOW of: canonical C2, lead C2 candidate, lead C0, canonical C0, rule spec, gate.
2. Run:
   - frozen gate on all four
   - reviewer-18 probe (already run; re-run if hash changed) on canonical pair and lead pair
   - my own HF closure checks (HF-A1..A4 mapping to probe/gate outcomes)
3. Write `artifacts/worker-05/f2a_candidate_audit.json` + `.md` (audit, not verdict).
4. Emit `artifact`, `status`, and `blocker` events to outbox/deepseek-flash-05.jsonl with evidence hashes + falsifier.
5. Checkpoint.

Let me also validate the instrument with `--selftest` to show the probe is calibrated (good evidence).

Let me now re-hash and check current revisions, and run the selftest.
dsh: reasoning:
The lead templates are now **rev9** (C2: 8dae50da, C0: a8d899d2, WCC: b65fcc0f) — they changed after my probe run (which saw e9fcefe6 rev8). The lead is actively revising. So I must re-run the probe and gate on the current rev9 hashes.

Note: canonical C0 changed to rev6 (e6b1af2b) — up from rev5 cb897b29 earlier! So the C0 canonical path is being updated by someone (C0 worker?). Wait, earlier canonical C0 was `e6b1af2bd6925f27cdae60d57939e434adca53703cb938f0a4133f3a9f29245b` and the aggregator pinned cb897b29. Let me recheck: earlier `sha256sum schemas/af_scc_c0_vacuum.yaml` gave e6b1af2bd692... and the review-17 companion listed e6b1af2b. And my earlier gate run on canonical C0 failed R27/R28. And the filenames showed rev6 at the hash. OK, so canonical C0 = rev6 e6b1af2b (unchanged).

The lead's templates moved rev8 → rev9 during my session. This is important: my verification must pin exact hashes and note drift.

Given the lead is actively revising, the right move is:
1. Wait a moment / re-check and pin the current revision.
2. Run the full verification on the pinned hashes.
3. Emit audit + status with the pinned hashes, noting that the candidate is a moving target and any later revision invalidates the audit (falsifier!).

That's exactly the "falsifier" the protocol wants: "a new revision of the candidate (hash change) invalidates this audit; re-run".

Let me re-run the frozen gate and the probe on the current rev9 pair, then write my audit.

Let me check whether the lead published to canonical paths yet (still rev3/rev6 old). No.

Let me run the gate + probe now on rev9, and compute per-rule outcomes.

I'll also record the S6/S5/S7 probe results for rev9.

Then write the audit JSON + MD.

Let me first re-run the probe on rev9 pair, plus the frozen gate on all candidates.
dsh: reasoning:
Confirmed on rev9:
- Lead templates all PASS the frozen binding gate.
- Canonical C2 rev3 FAILS (R17,R18,R19,R22,R27).
- Canonical C0 rev6 FAILS (R27,R28) — not my class, but relevant to F2b.
- Reviewer-18's probe flags S5-C2, S6-C2, S5-C0, S6-C0 on the lead pair (rev9).

Let me inspect the rev9 probe details for exact strings/lines, then write my audit. I want the precise finding text.

Let me look at the probe report details.
dsh: reasoning:
Now I have precise probe evidence. Let me determine where "c0 or c2" appears in rev9 C2 to say whether S5 is a false positive (prohibition context) or real. Let me grep rev9.

Also let me check the probe's S5 implementation to understand its negation window — so I can characterize it accurately as either a real merged token or an instrument over-trigger on a prohibition phrase.

Let me look at the probe's S5 code (lines ~300-345) and grep the rev9 files.
dsh: reasoning:
The S5 failure in rev9 is triggered by the literal prohibition phrase `"any 'C0 or C2' composite regularity"` under `phrases_that_are_not_this_class`. The probe's `merge_scan` apparently requires a negation context but the phrase itself is a prohibition entry (a list of things that are NOT this class) — the negation cue is in the key name, not the string. So S5 is arguably an instrument false positive on a legitimate prohibition entry: the string is quoted as a forbidden phrase.

But note: the frozen gate R13 exempts `phrases_that_are_not` keys, so the gate accepts it. The probe is stricter/different. Review-18's original HF report didn't list S5-C2 as a hard failure for rev3 (its HFs were HF-A1..A4; S7/S6 were the detectors). For rev9, S5 fires.

So my audit should report:
- S5-C2/S5-C0: fail — single occurrence each, inside the explicit `phrases_that_are_not_this_class` prohibition list; the frozen gate R13 exempts this key. Characterization: instrument disagreement / benign prohibition, NOT a merged class statement. (I should verify the probe's merge_scan to be precise. Let me check the function.)
- S6-C2/S6-C0: fail — `forall (s,delta)` binder present (deliberate D0 family quantifier). Matches the lead-audit reopening reason for worker rev2 and review-18's family-of-statements finding. This is the substantive open item.

Let me check merge_scan quickly to confirm the S5 characterization.

Then build the audit artifact. Let me look at merge_scan.
dsh: reasoning:
So S5: the merged token `C0 or C2` inside the string `"any 'C0 or C2' composite regularity"` — the 40 chars before are `phrases_that_are_not_this_class:\n - "any '` (no strong separation marker like "not"/"never"/"forbidden"? Let me check STRONG_SEP regex). Actually "not" appears in the key `phrases_that_are_not_this_class` — but is it within 40 chars before the match? The text is `phrases_that_are_not_this_class: - "any '` = ~41 chars. Hmm, `_walk`/`subtree_text` may produce some serialization. The "not" is at ~24 chars before, within 40. But STRONG_SEP might require word-boundary markers like `\b(not|never|no|forbidden|...)\b` — "not" in "are_not_this_class" has underscores, so `\bnot\b` wouldn't match because `_` is a word char. That's why it's classified as a merge-use.

So S5 is an artifact of the prohibition key being in a list whose textual serialization lacks a standalone negation word within the window. The gate R13 explicitly exempts `phrases_that_are_not` keys. So S5 is a **false positive relative to intent** but a **true positive relative to the probe's literal contract** ("no merged class string"). The F2 acceptance criterion given by Astra was: "a machine-checkable lint proves no merged class string". Hmm — literally, the string "C0 or C2" IS present. The aggregator's SEP-2 says "no value in this file joins the two class ids with a separator or a disjunction". For the schemas, review-18's original review said F-A4 "the phrase 'C0 or continuity-class inextendibility ... not this one' sits under forbidden_strengthenings and is a prohibition, not an assertion (probe K10b adjudicated as prohibition)". So reviewer-18's own adjudication accepted prohibition-context occurrences.

For rev9, the phrase is `"any 'C0 or C2' composite regularity"` under `phrases_that_are_not_this_class` — clearly a prohibition too. So S5 should be adjudicated as a prohibition mention (same as K10b), i.e., benign; but the probe's S5 doesn't adjudicate it because of the serialization window. I'll report it as "probe S5 fail, adjudicated as prohibition-only under the gate's R13 exemption; requires reviewer adjudication; recommend replacing the literal string with a non-literal form to clear the instrument."

Actually — that's a concrete, cheap repair I could propose: change `"any 'C0 or C2' composite regularity"` to `"any composite regularity phrase that joins the two SCC regularity tokens"` — removing the literal merged token. That's within the class-bound task and would clear S5 without changing meaning. But I can't edit the lead's file. I can note it as a one-line repair recommendation.

Now, S6 (`forall (s,delta)` D0 family): substantive open item. The lead's design across all three templates. The gate doesn't check it; the probe does. Whether it's a defect depends on the class contract: the class id is AF-SCC-C2-VAC-GEN (no regularity index). If D0 has more than one element, the statement is a family (conjunction over pairs), which the class does not name. Lead-audit reopened rev2 for exactly this. So this is a live review-blocking issue for the candidate — great finding for my audit.

Now let me write the audit artifacts. Structure:

`artifacts/worker-05/verify/f2a_candidate_audit.json`:
```json
{
  "audit_id": "w05-f2a-candidate-audit-<stamp>",
  "auditor": "deepseek-flash-05",
  "role": "bounded execution worker 05; verification only, not a review verdict",
  "node_id": "F2a",
  "class_id": "AF-SCC-C2-VAC-GEN",
  "created_at": "...",
  "assignment_ref": "asg-2026-09-11-F2-deepseek-flash-05-14",
  "superseding_controller_ref": "astra-indep-1-F1-F2-formulation (2026-09-12T00:05:13+08:00)",
  "candidates": {
     "canonical_rev3": {"path": "schemas/af_scc_c2_vacuum.yaml", "sha256": "...", "revision": 3,
        "frozen_gate": {"verdict":"fail","failed_rules":[...]},
        "probe": {"report":"...", "hard_failures":["S6-C2","S7-C2"]},
        "review_18_hf": {"HF-A1":"open (S7 fail: dangling extension_predicate)", "HF-A2":"open", "HF-A3":"open (recorded, cross-schema)", "HF-A4":"open (gate fail)"}},
     "lead_candidate_rev9": {"path":"artifacts/formulation/schemas/af_scc_c2_vacuum.yaml","sha256":"8dae50da...","revision":9,
        "frozen_gate": {"verdict":"pass","failed_rules":[]},
        "probe": {"hard_failures":["S5-C2","S6-C2"], "s7":"pass (extension_predicate defined)"},
        "review_18_hf": {"HF-A1":"closed","HF-A2":"partially closed: statement_formal consistent with quantifiers; S6 family-of-statements remains","HF-A3":"not closed: no single shared class; D0 family over default+Sobolev; canonical siblings stale","HF-A4":"closed"}}
  },
  "instrument": {"gate": {...hash...}, "probe": {...hash...}, "rule_spec": {...}},
  "severity": ...,
  "open_items": [...],
  "falsifier": "any revision of either candidate (sha256 change) invalidates this audit and requires a re-run; a reviewer adjudication that the D0 forall-family form is the accepted reading of the class id would close S6; a fixed literal merged token would clear S5.",
  "no_completion_claim": true
}
```

Plus a Markdown summary `artifacts/worker-05/F2A_CANDIDATE_AUDIT.md`.

Then events. Let me check the event schema to ensure valid JSON. Let me read `research_map/events.schema.json` and `comms.py` validation to know required fields per event_type.

Let me read events.schema.json and the comms.py REQUIRED/validation for artifact/status/blocker.
dsh: reasoning:
Let me read comms.py lines ~100-260 to understand `normalize` and validation for artifact/status/blocker events, including how status events are validated. The schema's oneOf doesn't include "status" or "blocker" — but comms.py may normalize them. Let me read.
dsh: reasoning:
Good. I understand the normalization. Also let me check what makes an event rejected (semantic cores) — lines 260-340. Let me read the rest quickly to know if artifact events require validation_status != passed for workers etc. Also check `validate_events` in validate_map.py. But my events will be well-formed: artifact (node_id, artifact_type, path, sha256, validation_status=unverified), status (node_id, status=active, summary, evidence_refs, next_falsifier), blocker (node_id, description, needed_to_unblock, evidence_refs).

Now let me build everything. Steps:

1. Create the audit JSON programmatically (so hashes are exact) via a script `artifacts/worker-05/verify/make_f2a_audit.py`. Actually simpler: write the harness script that produces the audit JSON; run it. The script will:
   - hash all inputs
   - run the frozen gate via subprocess for each candidate
   - load the probe reports (re-run probe via subprocess for canonical and lead pairs)
   - extract HF closure mapping
   - write `f2a_candidate_audit.json`
2. Write the Markdown summary by hand (with the exact hashes).
3. Append events to outbox.
4. Validate events by importing comms.normalize_event (run a validation snippet).
5. Checkpoint: write `artifacts/worker-05/checkpoint_worker-05_<stamp>.json`, update CHECKPOINT.md.

Let me write the harness script now. I need to be careful with paths and no network.

For the audit, the candidates:
- canonical C2: schemas/af_scc_c2_vacuum.yaml (rev3, 23fec0e9)
- lead C2 candidate: artifacts/formulation/schemas/af_scc_c2_vacuum.yaml (rev9, 8dae50da)
- context: canonical C0 rev6 e6b1af2b, lead C0 rev9 a8d899d2, lead WCC rev9 b65fcc0f, canonical WCC rev? (7a3e1f93 from earlier).

HF mapping for review-18:
- HF-A1 dangling extension_predicate → probe S7 (canonical fail; rev9 pass) + check `extension_predicate` block defined.
- HF-A2 disjunctive-domain residue/statement-formal disagreement → probe S6; plus the D0 family question. Rev9: statement_formal consistent; S6 still flags `forall (s,delta)`.
- HF-A3 shared data class across F1/F2a/F2b → cross-schema comparison of data_class.regularity_class + canonical gate status of F1/F2b. Rev9 lead trio share identical regularity_class; canonical trio do not. So for the candidate, the *lead trio* is aligned, but the canonical paths (where verdicts live) are stale/different. Report precisely.
- HF-A4 frozen gate rejects → gate run: rev9 pass, canonical fail.

Review-17 findings:
- shared-class violation: recorded/unresolved
- critical-collapse contamination in genericity.excluded_set: check for matter-coupled keywords in both candidates.
- class_separation shared_blocks claim: rev9 has class_boundary.one_class_only; check wording.

Let me write the script with these checks. I'll implement:
- `gate(path)` → subprocess check_class_schema --json
- `probe(c2,c0,out)` → subprocess
- `extract(schema)` → dict
- checks:
  * `extension_predicate` present & is dict & has definition + frozen_regularity/direction/equation; count textual references to extension_predicate and whether defined.
  * quantifier check: ordered kinds; domain ids resolve; statement_formal contains each ordered binder? (loose)
  * regularity-pair binder regex (same as probe S6)
  * composite scan (gate R13 outcome covers)
  * data_class summary
  * genericity.excluded_set matter keywords
  * conclusion_type
- write JSON.

Let me write the script. I'll use the write tool. Then run it.

One more thing: the audit should be careful not to be a "review" (no verdict field claiming accept/reject). I'll call it `audit_kind: verification` with `review_verdict: none`.

Let me write the script now.
dsh: reasoning:
The audit ran. Let me verify the audit JSON content, then write the Markdown summary. Let me also double check the canonical F1 gate failure count for the HF-A3 note (I claimed "F1 rev? fails 12 rules" — let me run the gate on canonical WCC and get exact failed rules; earlier it was 12 rules: R02,R03,R04,R05,R06,R07,R10,R11,R14,R19,R22,R27 = 12. Yes).

Let me read the audit JSON to sanity-check, especially the pair_binder_match field (my expression may have a bug — `(PAIR_BINDER.search(...) or [None]) and (...)` is convoluted). Let me check it produced a sensible value.
dsh: reasoning:
The audit is solid. One inaccuracy to fix: I wrote "F1 rev? fails 12 rules" — let me get the exact canonical F1 failed rules count and include it programmatically. Also for HF-A3 note, canonical C0 rev6 fails 2 (R27,R28). Let me update the script to compute the canonical sibling gate outcomes rather than hardcoding prose. Small edit, re-run.

Also the pair_binder_match hack worked ("forall (s,delta)") but the code is ugly; it's fine for an artifact, but let me clean it slightly to avoid fragility. Actually, it works; leave it but simplify for readability. I'll do a quick edit.

Let me also add canonical F1 gate result to the audit context. Edit the script:
- add CANON_WCC path and summarize + gate run.
- update HF-A3 note to use computed failed rules.

Then re-run and write the MD.

Let me make these edits.
dsh: reasoning:
The audit JSON is complete. Now let me write the human-readable Markdown summary `artifacts/worker-05/F2A_CANDIDATE_AUDIT.md`.

Then emit events. Let me get the exact sha256 of the audit files after writing (the MD hash too, for evidence).

Important: candidates may still be revised by the live lead. Before emitting, I'll re-hash the lead candidate to confirm it's still 8dae50da; if changed, re-run the audit (the harness is cheap).

Let me write the MD now. I'll include:
- header: worker, task, date, verdict=none (verification)
- pinned hashes table
- gate results
- probe results
- HF closure table with findings
- S5/S6 adjudication detail
- open items and falsifier
- what I did NOT do (no canonical write, no verdict)

Let me write it.
dsh: reasoning:
Now, before emitting events, let me re-check whether the lead candidate hash is still 8dae50da (it may have changed). If changed, re-run the audit and update the MD. Also check whether the canonical path got published.

Let me also check the canonical F1 hash (I cited 7a3e1f93f77c) — confirm.

Then emit events. Let me draft the events:

1. `artifact` event:
```json
{
  "event_id": "w05-f2a-audit-artifact-20260912T0012",
  "event_type": "artifact",
  "created_at": "2026-09-12T00:12:00+08:00",
  "actor": "deepseek-flash-05",
  "node_id": "F2a",
  "group_id": "formulation",
  "class_id": "AF-SCC-C2-VAC-GEN",
  "artifact_type": "verification_audit",
  "path": "artifacts/worker-05/verify/f2a_candidate_audit.json",
  "sha256": "<hash>",
  "validation_status": "unverified",
  "evidence_refs": ["artifacts/worker-05/verify/f2a_candidate_audit.json#<prefix>", "schemas/af_scc_c2_vacuum.yaml#23fec0e9cd68", "artifacts/formulation/schemas/af_scc_c2_vacuum.yaml#8dae50da1ab5"]
}
```
2. `status` event:
```json
{
  "event_id": "w05-f2a-audit-status-...",
  "event_type": "status",
  "created_at": "...",
  "actor": "deepseek-flash-05",
  "node_id": "F2a",
  "group_id": "formulation",
  "class_id": "AF-SCC-C2-VAC-GEN",
  "status": "active",
  "hours": 0.4,
  "summary": "...",
  "evidence_refs": [...],
  "next_falsifier": "..."
}
```
3. `blocker` event:
```json
{
  "event_id": "w05-f2a-audit-blocker-...",
  "event_type": "blocker",
  "created_at": "...",
  "actor": "deepseek-flash-05",
  "node_id": "F2a",
  "group_id": "formulation",
  "class_id": "AF-SCC-C2-VAC-GEN",
  "description": "canonical C2 path ... fails frozen gate; lead candidate passes gate but S6 ...; no verdict at candidate hash",
  "needed_to_unblock": "lead publishes candidate to schemas/af_scc_c2_vacuum.yaml; lead/reviewer rules on D0; two independent accept verdicts at the published hash",
  "evidence_refs": [...]
}
```

Wait — one nuance: a blocker event should block *my* task. My bounded task is essentially complete after emitting evidence. The blocker is more accurately an escalation of the F2a open items. The protocol allows blocker events with needed_to_unblock. I'll phrase it as the F2a gate blocker. But is it appropriate for a worker to file a blocker rather than a status with open items? The prior worker filed blockers. Yes, fine.

Actually, let me reconsider: the controller's new assignment says the lead owns closing this; a worker blocker event might be noise. But it's protocol-valid and informative: it records that the canonical artifact remains gate-failing. The alternative is a status event only. I'll include the blocker because the protocol's next_falsifier/evidence fields are what matter, and the controller can adjudicate. Hmm — but I should be careful: the map's validate may treat blockers as claims about node state. It's fine; blockers are informational.

Let me also decide the hours: previous checkpoint said ~0.2-0.4h. I'll report 0.3.

Before emitting, verify hashes and check for drift. Then write events with a script that:
- computes sha256 of the audit JSON and MD
- constructs the 3 events
- validates each via comms.normalize_event + validate_map.validate_events (without ingest)
- appends to comms/outbox/deepseek-flash-05.jsonl

Wait — should I append to `deepseek-flash-05.jsonl` or `worker-05.jsonl`? Let me think again. The protocol agent ids list deepseek-flash-*. The assignment-of-record is deepseek-flash-05. The historical outbox is deepseek-flash-05.jsonl and contains the F2a evidence chain. The current tmux instance is worker-05. If I write to worker-05.jsonl, the controller may see a new actor not in the roster. If I write to deepseek-flash-05.jsonl, it's consistent. The user said "worker=05" — but the F2a task belongs to slot 05 = deepseek-flash-05. I'll write to `comms/outbox/deepseek-flash-05.jsonl` and include `"agent_slot": "worker-05"` in the events (additionalProperties allowed). That covers both.

Let me now check drift and get hashes.
dsh: reasoning:
**MAJOR DRIFT**: The canonical paths have just been updated by the lead!
- `schemas/af_scc_c2_vacuum.yaml` is now `8dae50da1ab5` — identical to the lead's rev9 candidate! The lead PUBLISHED to the canonical path.
- `schemas/af_wcc_vacuum.yaml` is now `b65fcc0f0118` — identical to the lead's F1 rev9.
- Let me also check canonical C0.

So the lead published while I was auditing. My audit's "canonical (stale) 23fec0e9 rev3" and "lead candidate 8dae50da rev9" are now the *same* file at the canonical path. The audit remains valid as evidence for the *pre-publication* state, but I should update it to reflect the published state: canonical now = 8dae50da rev9 (gate pass).

This actually strengthens the deliverable: my audit now documents that the canonical path moved from rev3 (gate fail) to rev9 (gate pass) and that the remaining open items are S5/S6 and verdict-at-hash.

I need to:
1. Check canonical C0 hash.
2. Re-run the audit harness with updated candidate labels: canonical now 8dae50da; the "lead candidate" and canonical are the same file. Better: rename the candidates to "published_canonical_rev9" (same hash) and keep a `pre_publication_canonical_rev3` reference (23fec0e9) preserved from my earlier run. Since the rev3 file content is gone from the canonical path, I should preserve it: I have the probe/gate reports for it, but the file itself is overwritten. Should I save a copy? I didn't copy rev3! The prior worker's rev3 content is lost unless git has it. Let me check git status / git history — the repo is a git repo. Let me check `git log`/`git diff` for the file. If the old revision is in git, fine. Also `artifacts/formulation/schemas/` may have older copies? No.

Actually wait — I should have backed it up. Let me check if git tracks schemas/. `git -C . log --oneline -3 -- schemas/af_scc_c2_vacuum.yaml`. Also check for backups (`.bak`, revision dirs).

Regardless, my audit JSON still records the rev3 hash + gate/probe results, which is the evidence. But for reproducibility, a copy of rev3 would be good. Let me check git.

3. Re-run the audit to reflect publication: update the harness to (a) treat canonical as current published hash, (b) include a `pre_publication_observation` block with rev3 23fec0e9 gate/probe results from the earlier run (I can re-derive from the saved probe_canonical_pair.json and gate_runs.txt). Actually, simplest: keep the existing audit JSON's rev3 section by adding a `historical_pre_publication` field, and re-run with the new canonical. Let me restructure the harness a bit:
   - `published_canonical` = schemas/af_scc_c2_vacuum.yaml (now rev9, 8dae50da)
   - `lead_authoring_tree` = artifacts/formulation/schemas/af_scc_c2_vacuum.yaml (rev9, same hash — so note byte-identical)
   - `historical_canonical_rev3`: hardcode the hash 23fec0e9 and reuse the saved gate output + probe canonical report (they're on disk: artifacts/worker-05/verify/gate_runs.txt and probe_canonical_pair.json). But the file itself no longer exists at that path... The probe report records the hash and findings; the gate output I have in gate_runs.txt. I could reconstruct the rev3 body? No. I'll cite the saved reports.
   
   Hmm — but wait, did the lead possibly keep a copy of rev3? Let me check `git log` and also `artifacts/formulation/schemas/` history. Let me check.

4. The audit MD needs updating: canonical row now = 8dae50da rev9 PASS; historical rev3 recorded as superseded; open items update: publication DONE, so item 1 is closed; remaining: S5/S6 + verdicts at hash.
5. Events should reflect: canonical published at 8dae50da; audit of the published hash; open items S6/S5 + verdicts.

Also: my audit should re-run the probe on the *canonical pair* now (C2 rev9 + C0 rev?) to see if C0 canonical was also republished. Let me check hashes for all canonical files.

Let me check git and canonical hashes now.
dsh: reasoning:
The lead published all three at 00:10:15. The canonical C2 is now rev9 = 8dae50da (identical to the lead authoring tree). Git is not usable (pack index error). rev3 content is not backed up anywhere I can find (grep found no yaml with 23fec0e9 in content; though rev3's content wouldn't contain its own hash... the grep was for the hash string in files, not useful).

Wait — maybe the lead's publication process kept a backup. Let me look for recently created files (after 00:09) in the swarm dir: `find . -newermt "2026-09-12 00:09" -type f | head -40`. Also the lead may have written a publish script/record. Let me check. Even if rev3 is gone, my audit recorded its gate/probe failures with the hash, and I have `gate_runs.txt` + `probe_canonical_pair.json` as evidence. That's sufficient for the audit trail, though not reproducible byte-wise. I'll note that in the audit: "rev3 body superseded at 00:10:15; hash and instrument outputs preserved in this audit's saved reports".

Hmm, actually — do I have the rev3 content anywhere? Earlier in this conversation I read the file, but the transcript isn't on disk. Could I reconstruct? Not worth it. Actually wait — maybe `artifacts/formulation/FROZEN.json` or the lead's publish record contains it. Let me check for a publish record. Also `runtime/state/artifact_hashes.json` may have measured the rev3 hash with bytes. Not content.

Let me check for a publication record and any backup.

Then update the audit:
- Candidates: published canonical rev9 (8dae50da) & lead authoring tree rev9 (same hash) → note byte-identical.
- Historical: pre-publication canonical rev3 23fec0e9 with saved gate/probe evidence.
- Re-run probe on the new canonical pair (C2 rev9 8dae50da + C0 rev9 a8d899d2) → same as lead pair results (S5/S6).
- Open items: S5/S6; verdicts at hash; note publication closed item 1.

Let me modify the harness accordingly, or simpler: re-run it as-is (it will now show canonical = rev9 pass and lead = rev9 pass, identical), then post-process to add the historical rev3 block. Actually the harness currently derives "canonical" from the current file, so re-running gives canonical rev9 pass. The HF-A1 canonical column would then say "closed" — losing the historical rev3 finding. I want to keep both.

Cleanest: edit the harness to include an explicit `historical_pre_publication` candidate snapshot with the previously measured values (hardcoded from the earlier run, with a note that the body was superseded and the evidence is the saved gate/probe reports). Let me restructure:

- `candidates`: 
  - `published_canonical`: schemas/af_scc_c2_vacuum.yaml (current)
  - `lead_authoring_tree`: artifacts/formulation/schemas/af_scc_c2_vacuum.yaml (current)
- `historical_pre_publication`:
  - `canonical_rev3`: {path, sha256: 23fec0e9..., revision: 3, gate: fail [R17..], probe: [S6-C2, S7-C2], superseded_at: 2026-09-12T00:10:15+08:00, note: body overwritten by publication}
- HF closure table gets three columns: canonical_rev3 (historical, measured pre-publication), published_rev9, and notes.

Let me rewrite the harness's main() sections. Rather than surgical edits, I'll rewrite the relevant parts. Let me do targeted edits:

1. Add HIST_REV3 constant with hash and measured results (gate rules + probe ids) read from saved reports if available.
2. In main, after computing current canon/lead, build `hist` even though the file no longer contains rev3 — but wait: the file at CANON_C2 now contains rev9! So I cannot run summarize_schema/gate on rev3. I must hardcode the historical measurements and cite the saved reports. To keep it machine-grounded, I'll read the saved `probe_canonical_pair.json` (which records the rev3 hash and failures) and `gate_runs.txt` for the rev3 gate line. Good — the gate_runs.txt has the exact line. I'll parse it.

Actually, to keep the harness honest and simple: I'll add a `--historical-rev3-gate-rules` read from `verify/gate_runs.txt` via regex for the line containing `schemas/af_scc_c2_vacuum.yaml class=AF-SCC-C2-VAC-GEN failed_rules=[...]`. And the probe results from `probe_canonical_pair.json` (which is from the rev3 era; but careful: if I re-run the probe on the canonical pair now, it would overwrite probe_canonical_pair.json with rev9 data!). So I should preserve the rev3-era probe report under a new name before re-running. Let me copy it: `probe_canonical_rev3_pair.json`. Hmm — wait, the file `probe_canonical_pair.json` currently holds the rev3 results (inputs show 23fec0e9). Yes, I ran it before publication. Let me preserve it now as `probe_prepublication_rev3_pair.json` and note the saved `gate_runs.txt` also has rev3 lines (it was written before publication). Good.

Let me:
- `cp artifacts/worker-05/verify/probe_canonical_pair.json artifacts/worker-05/verify/probe_prepublication_rev3_pair.json`
- `cp artifacts/worker-05/verify/gate_runs.txt artifacts/worker-05/verify/gate_runs_prepublication.txt` (it actually contains both rev9 lead and rev3 canonical lines — fine, keep as is)
- Then edit the harness to read the pre-publication evidence for the historical block.
- Re-run the harness (it will re-run probe on the current canonical pair = rev9/rev9 and the lead pair = same).
- Update the MD.

Also note: `schemas/af_scc_regularities.yaml` mtime 00:10:29 — the lead re-pinned the retired aggregator? Interesting, but CF-7 retired it. Not my task.

Let me do the preservation + harness edits.
dsh: reasoning:
Now let me update the harness to:
1. Run on the current canonical (rev9) and lead tree (rev9) — byte-identical.
2. Include `historical_pre_publication` block read from the preserved reports:
   - rev3 gate rules from gate_runs_prepublication.txt line 4
   - rev3 probe hard failures from probe_prepublication_rev3_pair.json
3. Update HF closure to have three columns: canonical_rev3_prepublication, published_canonical_rev9, and status.

Let me rewrite the HF map section and candidates. I'll make targeted edits.

Actually, given the number of changes, let me rewrite the whole `main()` HF section for clarity. Let me view the current file around those parts to make precise edits. Simpler: rewrite the entire script with the new structure using write (I created it this session, so overwriting is allowed).

Let me rewrite the script completely, incorporating historical pre-publication evidence. I'll keep the same checks.

Key design:
- `summarize_schema(path)` same.
- `historical_block()`:
  - parse gate_runs_prepublication.txt for `schemas/af_scc_c2_vacuum.yaml ... failed_rules=[...]`
  - parse probe_prepublication_rev3_pair.json for hard failures
  - verify the probe input sha == 23fec0e9...
  - return dict with superseded_by info (published hash + mtime).
- candidates: published_canonical, lead_authoring_tree (compute byte_identical flag).
- HF closure rows: `canonical_rev3_prepublication`, `published_rev9`, `note`.

Let me write it.
dsh: reasoning:
The audit is now complete and accurate for both states. Now update the Markdown to reflect the publication. Let me rewrite F2A_CANDIDATE_AUDIT.md.

Then emit events + checkpoint.

Let me rewrite the MD.
dsh: reasoning:
Now let me emit the JSON events. First check whether the lead published and whether the map/gates changed. Also I should double-check the current published hashes one more time right before emitting (falsifier discipline), and compute the audit file hash.

Let me write a small emitter script that:
1. Re-hashes the published candidates and audit files.
2. Builds 3 events (artifact, status, blocker).
3. Validates with comms.normalize_event and research_map.validate_map.validate_events.
4. Appends to comms/outbox/deepseek-flash-05.jsonl.

Let me check how to validate: `from validate_map import validate_events` — let me check its signature. In checkpoint.py: `from validate_map import validate_map, load, validate_events`. Let me check validate_events signature.

Let me grep validate_map.py.
dsh: reasoning:
`validate_events(paths)` iterates over a file's lines and validates each as a JSON event. So I can write the events to a temp file, validate, then append to the outbox. Or validate the outbox file after appending (but that would validate all prior lines too — fine, good regression check).

Note: `validate_event` probably uses the JSON schema (events.schema.json) which has a `oneOf` of baseDirectionUpdate/baseClaim/baseArtifact/baseReview/baseResourceRequest. Status and blocker events are NOT in the oneOf! Let me check `validate_event` in schemas.py or validate_map.py. Let me look.

Actually the schema's `base` allows additionalProperties and event_type as string; but `oneOf` requires matching exactly one of the refs; each ref constrains event_type via `properties.event_type.const`, but since it's not in `required` for the specific types (only the base fields are required), an event with event_type "status" would... Let's see: baseDirectionUpdate allOf [base, {properties:{event_type:{const:"direction_update"}}, required:[group_id,...]}]. For a status event, the `const` fails → that branch invalid. baseClaim requires class_id, statement, conclusion_type, assumptions, falsifier, evidence_refs. A status event with class_id, evidence_refs but no statement → invalid. baseArtifact requires node_id, artifact_type, path, sha256, validation_status → status event lacks path → invalid. So status events would FAIL the JSON-schema validation?! But PROTOCOL.md lists status as an upward message type, and comms.py normalizes status events. Let me check `validate_event` implementation — maybe it's a softer custom validator, not the JSON schema.

Let me read validate_map.py's validate_event.
dsh: reasoning:
Now I know the exact required fields:
- status: node_id, status, hours, summary, evidence_refs, next_falsifier; status in STATUSES.
- blocker: node_id, description, needed_to_unblock, evidence_refs.
- artifact: node_id, artifact_type, path, sha256, validation_status (must be in unverified/passed/failed/retracted — workers must use unverified).

Let me check STATUSES quickly (probably queued/active/blocked/done/rejected/killed).

Now write the emitter script. Events:

1. artifact:
   - event_id: w05-f2a-audit-artifact-20260912T0015 (use actual clock)
   - node_id F2a, group_id formulation, class_id AF-SCC-C2-VAC-GEN
   - artifact_type: verification_audit
   - path: artifacts/worker-05/verify/f2a_candidate_audit.json
   - sha256: computed
   - validation_status: unverified
   - evidence_refs: [audit#hash, published schema#8dae50da, prepublication hash#23fec0e9]
   
   Also add a second artifact event for the harness + MD? The main deliverable is the audit JSON; I'll emit one artifact event for the audit JSON and include the MD + harness in evidence_refs. Maybe emit a second artifact for the MD. Keep it to one artifact + status + blocker (3 events) — clean.

2. status:
   - node_id F2a, class_id, status active, hours ~0.5
   - summary: describes the audit results.
   - evidence_refs.
   - next_falsifier: "a new revision (sha change) at schemas/af_scc_c2_vacuum.yaml invalidates the audit; S6 ruling closes it; two accept verdicts at 8dae50da are required for G-FORM".

3. blocker:
   - node_id F2a
   - description: published rev9 passes gate but S6 family binder remains + no verdict at hash + S5 probe
   - needed_to_unblock
   - evidence_refs

Before emitting, re-verify published hashes haven't changed (drift check). The emitter will compute schemas hashes at emission time and assert they match the audit's pinned values; if drift, it should report and abort (then I'd re-run the audit). Good discipline.

Let me write the emitter and run it. I'll append to `comms/outbox/deepseek-flash-05.jsonl`.

One question: timestamp. Use real clock. Let me check current time: the last hashes were at 00:10; my session started 00:03. Let me get `date -Is`.

Let me write the script.
dsh: reasoning:
Wait, I have a bug/leftover: `pub = f"schemas/af_scc_c2_vacuum.yaml#{h_audit and '8dae50da1ab5'}"` — that's a weird unused line. Let me remove it. Also `evidence` should use consistent hash prefixes. Let me fix.

Also I need to overwrite the audit JSON only after the emitter computes hashes... the events embed the audit hash. Fine.

But note: the audit JSON was generated before I rewrote the MD, so the audit JSON doesn't reference the MD hash. That's fine.

Let me remove the stray `pub` line and run.
dsh: reasoning:
Events emitted and validated. Now the checkpoint. Per the directive: "checkpoint, then exit."

What checkpoint? The worker should write a checkpoint. Options:
- Update `artifacts/worker-05/CHECKPOINT.md` (established convention).
- Write a machine-readable checkpoint JSON `artifacts/worker-05/verify/checkpoint_worker-05_<stamp>.json`.
- Possibly append to a worker checkpoint log.

The controller runs `research_map/checkpoint.py` which snapshots runtime state and ingests comms (controller action). I should not run it (it would ingest my outbox — that's the controller's job).

Let me write:
1. `artifacts/worker-05/verify/checkpoint_worker-05_20260912T001155.json` — structured checkpoint with: worker, agent slot, assignment, task, state, artifacts+hashes, events emitted, open items, next actions, budget hours, falsifier.
2. Update `artifacts/worker-05/CHECKPOINT.md` — append a new section for this lifecycle (worker-05 2026-09-12T00:03) rather than overwrite the historical one. Let me read the existing CHECKPOINT.md (already read). I'll append a dated section at the top or bottom. The file currently documents the 23:40 state. I'll add a new section at the top (after title) or at the end. Better: prepend a "## 2026-09-12T00:12 checkpoint (worker-05, bounded lifecycle)" section after the title, so the latest state is first. Use edit.

Also maybe append to `runtime/state/w05_checkpoint.jsonl`? That's controller state dir; the previous worker wrote artifacts only. I'll keep to artifacts/worker-05/.

Let me write the checkpoint JSON and update the MD.

Then final verification: 
- `python3 research_map/validate_map.py` (validates map + events? default only map). Run to ensure I didn't break anything.
- Validate my outbox lines with validate_events.
- Confirm artifact hashes in the emitted events match files on disk (the validator doesn't check hash-on-disk, so verify manually).
- Check that events.jsonl wasn't touched by me.

Then final answer.

Let me do the checkpoint files.
dsh: reasoning:
I put "PENDING_HASH" placeholders. Let me fill them with actual hashes programmatically after writing the other files. But I still need to update CHECKPOINT.md, which itself changes... The checkpoint JSON references the MD and harness hashes. Let me:
1. Update CHECKPOINT.md first (append new section).
2. Then compute hashes of all deliverables and patch the checkpoint JSON placeholders with a script.
3. Then validate everything and finalize.

Note: the audit JSON hash was computed by the emitter before I wrote the checkpoint. The checkpoint references the audit hash — I should fill the real one.

Let me update CHECKPOINT.md now. It's an existing file I read; I'll add a new section after line 1 (title). Use edit with the title line as anchor.
dsh: reasoning:
Wait — the audit JSON hash is now `4ac694d2dc48`, but the emitted artifact event embedded the audit hash computed at emission time. Did the audit JSON change between emission and now? Let me check: the emitter computed sha(AUDIT) at 00:11:55. I haven't rewritten the audit JSON since the harness run at ~00:11. So the hash should be the same. Let me verify what hash the event recorded vs the current file. If they differ, I need to fix (re-emit or update). Let me check.

Also note: the emitter's artifact event contains `sha256: h_audit`. Let me compare.

Then final validation:
1. Verify event hashes match on-disk files.
2. validate_events on my outbox tail.
3. validate_map.py VALID.
4. Check events.jsonl untouched (mtime).
5. Confirm I didn't write schemas/.

Let me run these checks.
dsh: reasoning:
All evidence hashes verify. Now the final validation:
1. `python3 research_map/validate_map.py` — map validity.
2. Validate my outbox events via validate_events (all lines).
3. Confirm events.jsonl mtime is unchanged (not ingested by me).
4. Confirm schemas/ mtimes unchanged since 00:10:15 (I didn't touch them).
5. Check the outbox tail to show the emitted events.

Let me run these.
dsh: reasoning:
Hmm — `research_map/events.jsonl` mtime is 00:12:21, which is after my events were emitted at 00:11:55. Did the controller ingest my events? That's fine — the controller (a separate live agent) may have run `comms.py ingest`. Let me check whether my event IDs are in events.jsonl and whether they were accepted or rejected. If the controller ingested them, good — it validates end-to-end. Let me check.

Also schemas/af_scc_regularities.yaml mtime 00:10:37 — the lead re-pinned/updated it (CF-7 retired it, but they may have republished it as a re-pinned index). Not my concern.

Let me check events.jsonl for my event IDs and rejected.jsonl.
dsh: reasoning:
All three of my events were ingested into the accepted stream (`events.jsonl`) and none rejected. The map updated at 00:12:11.

Now let me do a final sanity pass:
1. Did the controller record my blocker/status in the map? Let me check for my node F2a status, claims/reviews/blocks. Maybe check `controller_findings` or the node. Not strictly necessary, but it'd be good to confirm the events landed meaningfully. Note: per protocol, worker events can't move node status; they become completion_claims/gate_proposals or informational.

2. Also double-check I haven't violated: no writes to schemas/ (confirmed), no ingest by me (I only appended outbox; the controller ingested).

3. The bounded directive says "emit valid JSON with IDs evidence hash falsifier, checkpoint, then exit." Done: artifact/status/blocker events with event_id, node_id, class_id, evidence_refs with hash prefixes, next_falsifier/falsifier; checkpoint JSON + CHECKPOINT.md.

Let me do one last check that the checkpoint JSON is valid JSON and the final hashes in it are correct (the checkpoint file was patched after computing; the file's own hash changed but it doesn't self-reference). Also verify the audit JSON is valid JSON and parseable, and the MD exists.

Also, since the controller ingested at 00:12:11 and my checkpoint JSON was written at ~00:12:30 (after), the checkpoint file isn't in the accepted stream — that's fine; it's a filesystem checkpoint.

Wait — the checkpoint JSON referenced `PENDING_HASH` and I patched it. But the emit script's event evidence doesn't include the checkpoint. Fine.

One consideration: the audit JSON's hash in the checkpoint (4ac694d2dc48) is the same as in the event — good.

Let me run a final integrity check and then write the summary as my final answer. I should also mention the boundary conditions (lead published mid-audit) clearly.

Let me also check the map for the F2a node status to report accurately. Let me grep the map's groups/nodes for F2a.
dsh: reasoning:
Everything checks out:
- Map: F2a active, artifact schemas/af_scc_c2_vacuum.yaml, unverified. G-FORM pending with unmet criteria referencing the OLD hashes (the map's gate record is stale — it says "F2a at 23fec0e9 has revise verdicts"). My events help update the picture but the gate record may not have been refreshed yet by the controller. My blocker event explicitly notes verdicts are pinned to rev3 and publication happened at 8dae50da.
- All artifacts valid.
- 3 events accepted.

One last thought: the map's G-FORM unmet still references F2a at 23fec0e9 — the controller's next cycle should reconcile. My status/blocker events state the published hash. Good.

I'm done with the bounded task:
1. ✅ Read handoff/map and comms.
2. ✅ Took one class-bound task: F2a AF-SCC-C2-VAC-GEN verification (the assignment of record; aggregation task retired by CF-7 and superseded by the 00:05 lead assignment).
3. ✅ Emitted valid JSON with IDs, evidence refs with hashes, and falsifier (artifact + status + blocker), all schema-validated and ingested without rejection.
4. ✅ Checkpointed (JSON + CHECKPOINT.md update).
5. Exit.

Let me write the final answer concisely with the key facts: what I took, what I found, what I emitted, where the checkpoint is, and the boundary (no canonical write, no verdict, lead published mid-audit).

I should not overclaim. The final answer should be a crisp report.
