dsh: reasoning:
The glob for handoff/** found nothing in the default workspace path. Let me look for handoff directories, map files, and comms. Let me search more broadly.
dsh: reasoning:
There's an `anm_scratch/w057/ai4math-swarm/` directory. Note the `_` prefix files (._research_map) — those look like macOS AppleDouble artifacts, possibly noise. Let me look at anm_scratch/w057/ai4math-swarm which seems to be a recent copy (Sep 12 01:02 mtime on anm_scratch). This is likely where the group=audit handoff is.

Let me explore that.
dsh: reasoning:
Found the main repo: `./workdir/ai4math-swarm/` with `comms/` directory. Also found a copy in anm_scratch/w057. Let me look at workdir/ai4math-swarm closely — that's the primary one with comms.

Let me read the HANDOFF.md, README.md, and comms.
dsh: reasoning:
This is a large active multi-agent swarm. I'm the "group lead" for group=audit. I need to:
1. Read handoff/map and comms
2. Review artifacts
3. Consume queue
4. Emit structured events and checkpoints
5. Report blockers
6. One independent lifecycle then exit

Let me read HANDOFF.md, README.md, comms/PROTOCOL.md, and the runtime/comms structure.

Let me also check if there's a specific handoff for group=audit. Let me read key docs.
dsh: reasoning:
Now let me look at the audit group's specific handoff: `research_map/ASTRA_HANDOFF.md`, `artifacts/audit/STATUS.md`, `artifacts/audit/AUDIT_REPORT.md`, `artifacts/audit/METRICS.md`, and the lead_audit_lifecycle JSON files. Also check the inbox for `astra-lead-audit`.

Let me check the queue and comms.
dsh: reasoning:
This is a very rich context. Prior lifecycle (lifecycle 07) already ran and set the STATUS.md. The task says "One independent lifecycle then exit." I'm the group lead for group=audit. The STATUS.md says "audit lifecycle `lead-audit-lifecycle-07` (one independent lifecycle; this instance exits after this pass)".

So a new lifecycle (lifecycle 08) needs to run. Let me understand:
- The queue has assignments: last ones at 01:05 and 01:12. The blocker from Astra at 01:12 says "Direct detector patch was tested but is not accepted... Audit lead must freeze writers, restore or formally re-freeze detector with before/after hashes, add explicit meta-audit fixtures to the regression corpus, run classsep regression plus full audit, and obtain two independent reviews on unchanged detector and formulation hashes."

Wait — the STATUS.md appears to already be from lifecycle 07 which addressed much of this. Note the timing: STATUS.md updated 01:06, and the blocker from astra at 01:12 is newer. Also the inbox has `astra-detector-fix-0105` at 01:05 and `astra-life06-classsep-detector-adjudication` at 01:00:35.

Let me check the current time and the runtime state to figure out what's the latest. Let me check:
- runtime/state/lead_audit_lifecycle_07_checkpoint.json
- runtime/state/lead_audit_checkpoints.jsonl
- The outbox astra-lead-audit.jsonl tail
- research_map/research_map.json state
- Whether events were ingested

Let me also check what "consume queue" means — likely the inbox items that are unprocessed (not yet acknowledged/emitted as events).

Let me figure out the current state and what a new independent lifecycle should do:
1. Read handoff/map and comms ✓
2. Review artifacts
3. Consume queue (process unprocessed inbox assignments)
4. Emit structured events and checkpoints
5. Report blockers
6. Exit

Let me look at runtime state and the map.

Let me be efficient. I'll check the timestamps and the last events in the map, plus events.jsonl.

Also need to check `research_map/comms.py ingest` behavior. And check whether the queue items have been consumed (events.jsonl contains them).

Let me gather.
dsh: reasoning:
Current time: Sep 12 01:07. STATUS.md updated at 01:06. The blocker from Astra at 01:12:00 has created_at 01:12 which is in the FUTURE relative to current time 01:07. Interesting — the queue has an event with created_at 01:12:00 that is 5 min in the future. Hmm, maybe clock skew. Anyway.

Key question: what should this lifecycle (08) do? The instruction: "Read handoff/map and comms. Review artifacts, consume queue, emit structured events and checkpoints, report blockers. One independent lifecycle then exit. group=audit"

So I should:
1. Consume the queue — process un-ingested inbox items? Actually "consume queue" likely means process the pending assignments in my inbox (astra-lead-audit.jsonl).
2. Emit structured events (via outbox) and checkpoints
3. Report blockers
4. Exit

Let me look at what's pending. The key inbox items and their status:

1. `astra-life06-classsep-detector-adjudication` (01:00:35) — This appears to be consumed by lifecycle 07 → STATUS.md decision (c), artifact reviews/CLASSSEP-calibration-adjudication.json r3, sha 7714ffd5b467. So done.
2. `human-pi-detector-fix-20260912T0100` (01:00) — directs audit lead to author detector fix. Lifecycle 07 filed AUD-L07-B4 blocker: conflicts with freeze/no-self-pass, needs controller reassignment.
3. `astra-detector-fix-0105` (01:05) — same directive.
4. `astra-detector-patch-result-0112` blocker (created_at 01:12, i.e. newest) — says direct detector patch tested but not accepted; requires audit lead to freeze writers, restore or formally re-freeze detector with before/after hashes, add explicit meta-audit fixtures, run regression plus full audit, obtain two independent reviews.

Wait — "astra-detector-patch-result-0112" is in the INBOX (downward? no, it's actor astra → it's an event with event_type blocker). Actually the inbox file contains downward messages to me. The blocker appears at the end of the inbox. It says the patch was tested but not accepted and "Audit lead must freeze writers, restore or formally re-freeze detector with before/after hashes, add explicit meta-audit fixtures to the regression corpus, run classsep regression plus full audit, and obtain two independent reviews on unchanged detector and formulation hashes."

Hmm, this is a directive to the audit lead. But it conflicts with AUD-L07-B4 (audit must not author detector fix / no self-pass)? Actually no: this blocker asks audit lead to freeze writers, restore/re-freeze detector, add fixtures to regression corpus, run regressions, and obtain two independent reviews. That is a coordination/verification role, not authoring the detector fix. That's consistent with audit's role.

But note the timing: the blocker has created_at 01:12:00 which is *after* current time 01:07. That's suspicious — maybe the inbox file was written by a controller with a slightly different clock, or the "created_at" is projected. Let me check the file mtime of comms/inbox/astra-lead-audit.jsonl: Sep 12 01:06. So the content with created_at 01:12 was written at 01:06. Clock skew of ~6 min. Fine.

Also important: the STATUS.md says the detector did not move and REC-22 pin ruling stands: recorded pin c266dbec, a8c04fc3 unadopted drift. But the astra blocker 0112 says "detects frozen artifact drift in research_map/class_separation.py (previous c266dbceca87, current e36b0d644ca)" and requires "restore or formally re-freeze detector with before/after hashes".

Hmm, wait. The blocker says current is e36b0d644ca. But STATUS.md (lifecycle 07, 01:06) says detector did not move (a8c04fc31e4a applied live). Confusing. Let me measure the actual current hash of research_map/class_separation.py right now. That's the critical fact.

Also, I need to figure out: is there an actual pending work item for me? Let me check:
- Is the CLASSSEP adjudication reviewed independently yet? STATUS says "One independent non-author review of the r3 adjudication is still required at the frozen hashes; this card is author-side only."
- The detector write freeze is on.
- The queue items human-pi-detector-fix and astra-detector-fix-0105 direct audit to write the detector — conflicted; lifecycle 07 filed blocker B4.

Given "One independent lifecycle then exit", I should run lifecycle 08 which:
1. Measures current state (detector hash, formulation hashes, map state, freeze status).
2. Consumes the queue: acknowledge/process the newest inbox items.
3. Possibly dispatch the independent non-author review of the r3 adjudication — but wait, "no self-pass" and audit lead is author of the r3 card, so an independent reviewer is needed. As lead I can dispatch workers? Hmm. But "One independent lifecycle then exit" suggests a bounded pass.

Let me look at the lifecycle 07 checkpoint to understand the structure/format of what's expected. And let me check the `runtime/state/lead_audit_checkpoints.jsonl` and `checkpoint_loop.sh` and `emit_*` scripts in artifacts/audit to understand the established protocol of a lifecycle.

Let me read the lifecycle 07 checkpoint and the STATUS/emit scripts.
dsh: reasoning:
Critical fact confirmed: **the live detector hash is now `e36b0d644ca75b1e...`, NOT `a8c04fc31e4a`** as recorded in the lifecycle-07 checkpoint. So a detector write happened AFTER lifecycle 07's checkpoint (which recorded a8c04fc3 as "unchanged through this round"). This matches the astra blocker `astra-detector-patch-result-0112` which says: "detects frozen artifact drift in research_map/class_separation.py (previous c266dbceca87, current e36b0d644ca)".

Wait, it says previous c266dbec, current e36b0d644ca — that's relative to the REC-22 recorded pin c266dbec. So the chain is: c266dbec (REC-22 pin) → a8c04fc3 (life-07 observed drift) → e36b0d644ca (now, further drift).

So the state has moved. My lifecycle 08 must:
1. Re-measure pins (detector moved: a8c04fc3 → e36b0d644ca).
2. Establish the before/after hashes for the detector write (the astra-detector-patch-result-0112 blocker asks for this).
3. Check the freeze status and whether writers have quiesced.
4. Run classsep regression + full audit_evidence at the new hash.
5. Add explicit meta-audit fixtures? — That's a detector corpus edit; the regression corpus is `runtime/bin/classsep_regression.py`. But is the audit lead allowed? The blocker says "Audit lead must freeze writers, restore or formally re-freeze detector with before/after hashes, add explicit meta-audit fixtures to the regression corpus, run classsep regression plus full audit, and obtain two independent reviews on unchanged detector and formulation hashes."

Hmm. But careful — lifecycle 07 filed AUD-L07-B4: audit must NOT author the detector fix (no self-pass). There's a distinction: adding fixtures to the *regression corpus* is test instrumentation, not the detector fix. And running the regression + audit is audit work. Freezing writers is controller work — audit can only report.

Also key: there's a standing requirement from STATUS.md next actions:
1. Keep detector write freeze until controller closes it or reassigns the edit to a non-audit writer (B4). One independent non-author review of the r3 adjudication is still required at the frozen hashes; this card is author-side only.

So a valuable, bounded, in-scope lifecycle-08 action:
- Re-measure all pins (detector moved → this is a moving target; record before/after).
- Detect the drift and bind it with hashes.
- Run the required regressions at the new live bytes to produce measured before/after evidence.
- Emit events (artifact, status, blocker, review) and a lifecycle-08 checkpoint.
- Report blockers (detector write happened while the REC-22 freeze was open → freeze violation; audit cannot author; needs non-audit author + two independent reviews).
- Do NOT write the detector, do NOT self-pass a gate.

But wait: the patch was applied by someone (who?). Let me check git status / git log to see who wrote the detector and when. That's critical forensic evidence for a "before/after hashes" record. Let me check git log for research_map/class_separation.py.

Also important: the instruction says "consume queue". The queue items pending:
- `astra-life06-classsep-detector-adjudication` — consumed by l07.
- `human-pi-detector-fix-20260912T0100` + `astra-detector-fix-0105` — l07 filed B4 (conflict). Still pending controller reassignment.
- `astra-detector-patch-result-0112` blocker — NEW, from Astra, directing audit to freeze/restore/re-freeze + fixtures + runs + two reviews. This is the primary new queue item for lifecycle 08.
- Also there might be other new inbox items since 01:05. Let me diff the inbox against ingested_ids to find unconsumed messages.

Let me check what's in the inbox newer than l07's checkpoint (01:05), and what the ingested_ids.json says.

Also, are there other pending assignments for audit that were never consumed? Let me systematically extract all inbox events with event_type=assignment and check which appear in events.jsonl as consumed/ingested.

Let me do that carefully. Also check `runtime/state/controller_verification/astra-lifecycle-06-decisions.json` for REC-22.

Let me also check the `artifacts/audit/checkpoint_loop.sh` and `emit_events.py` / `emit_lifecycle_07_events.py` to reuse the established emission mechanism.

Let me gather these in parallel.
dsh: reasoning:
Key: detector mtime is 01:06:12, i.e. AFTER lifecycle-07's checkpoint at 01:05:17/01:05:48. So the detector was written at 01:06:12 — after the l07 round closed. Someone (a writer) patched it. The git repo doesn't track it (no git log; research_map/class_separation.py is untracked? Actually git status shows only 3 modified tracked files, and class_separation.py isn't listed as untracked... hmm, maybe it's in .gitignore or in the index unchanged. Let me check `git ls-files research_map/class_separation.py`).

Let me look at the rest of the emit script to understand the full structure, then check the diff between a8c04fc3 and e36b0d644ca. Do we have the a8c04fc3 bytes anywhere? Possibly the reported "recovered pre-change" copy is c266dbec. Let me look for backups/snapshots. Also check `runtime/state/comms_quarantine` and any `path` copies in `artifacts/audit/`.

I need to:
1. Determine who wrote the detector at 01:06 and get before/after. Check outbox files near 01:06, and check supervisor.log.
2. Run classsep_regression.py at the new hash.
3. Run audit_evidence.py full audit at the new hash.
4. Compare against the l07 numbers (19 hard / etc).
5. Add explicit meta-audit fixtures to regression corpus? That may be "authoring" test fixtures — is that an audit task? The astra blocker says audit lead must. But l07 B4 says audit must not author the detector fix. Adding fixtures is arguably corpus instrumentation. Hmm. Careful: writing to `runtime/bin/classsep_regression.py` is a shared gate checker file. The freeze is on detector writes. Let me first see what the regression corpus looks like and whether adding fixtures is safe/in-scope. Actually, given "one independent lifecycle then exit" and the emphasis on not authoring, I should focus on measurement + evidence + blockers. If I can add fixture *evidence* without touching the canonical corpus, that's better (e.g., a separate labeled fixture file under artifacts/audit/, and report as a proposal needing non-audit adoption).

Let me first understand the state thoroughly:

- What did the 01:06 write change? Diff a8c04fc3 (if available) vs e36b0d644ca. Where's a8c04fc3 copy? Maybe in `artifacts/worker-098/.../pinned/` or `artifacts/audit/` backups. Let me search for copies of class_separation*.py.

- Check supervisor.log tail around 01:06 to identify the writer.

- Check outbox for a message claiming the patch (maybe worker-098 or worker-049 wrote it).

Let me run these.
dsh: reasoning:
Now I understand the situation much better. The swarm is *live and busy* — workers launching continuously. The detector at `research_map/class_separation.py` was written at 01:06:12 → `e36b0d644ca7`. Worker-073 pinned a copy at 01:06:40 (`class_separation.live.e36b0d644ca7.py`).

Wait — worker-073 is "classsep_union_separability". Let me check which worker wrote the live detector. Let me check the outbox of worker-073 and others for a patch claim. Also, importantly: was the write at 01:06:12 done by a worker as part of the "detector fix" directive? The astra blocker at 01:12 says "Direct detector patch was tested but is not accepted: classsep_regression remains PASS 17/17 with 10/10 controls, while full audit_evidence reports 21 hard findings and detects frozen artifact drift in research_map/class_separation.py (previous c266dbceca87, current e36b0d644ca)."

So Astra's blocker already tells us: full audit_evidence reports 21 hard findings at the new live bytes. Interesting.

But wait: is the live file `e36b0d644ca7` a deliberate patch by a worker, or... Let me check worker-073's outbox, and search for which outbox mentions e36b0d644ca7.

Critical: I need to decide my lifecycle-08 scope. Given the runtime context is 01:07 and processes are continuously launching, my job as lead-audit is a bounded independent pass:

1. Re-measure pins (detector drift: a8c04fc3 → e36b0d644ca7; also check formulation pins/map).
2. Reproduce the astra blocker's claims independently: run classsep_regression.py and audit_evidence.py at the current live bytes → measure hard count and 27-fixture result.
3. Record before/after hashes for the detector write.
4. Emit events: artifact(s), status, blockers (freeze violation, author conflict), review if warranted.
5. Write lifecycle-08 checkpoint.
6. Report blockers; exit. No gate self-pass, no detector write, no schema edit.

Also, "consume queue": the queue items assigned to me. Let me enumerate all inbox items for astra-lead-audit and see which are unconsumed. The last inbox entry is astra-detector-patch-result-0112 (blocker). Also likely new ones since. Let me check whether there are inbox items with created_at > 01:05.

Let me grep the inbox for event_ids and compare with events.jsonl to find unconsumed ones.

Let me also check the audit lead's own instructions: is there possibly an assignment specifically for lifecycle 08? The supervisor launched `lead-audit-01` at 01:06:38 — that's probably me (the current instance). Actually "lead-audit-01" is the launched process name. So the current lifecycle is "lead-audit-01" launched 01:06:38. Hmm, but the naming convention in checkpoints is "lead-audit-lifecycle-NN". Let me see if there's a task/assignment file for me in the runtime, e.g. a launch prompt. Let me check how workers are launched — `runtime/` dir and any task specs.

Let me look for the launch command / prompt for lead-audit-01. The supervisor probably has a RUNS/launch config. Let me check `runtime/` structure.

Let me be efficient and gather:
1. Unconsumed inbox items for astra-lead-audit.
2. What wrote e36b0d644ca7 (grep outbox).
3. runtime layout / launch spec for lead-audit-01.
4. Research map current state summary.
dsh: reasoning:
So:
- 27 inbox items total, 24 ingested (accepted stream), 3 NEW:
  - `human-pi-detector-fix-20260912T0100` (assignment, 01:00) — audit lead to author detector fix
  - `astra-detector-fix-0105` (assignment, 01:05) — same
  - `astra-detector-patch-result-0112` (blocker, 01:12) — new, directs audit lead to freeze writers, restore/re-freeze detector, add fixtures, run regressions, two reviews

These 3 are the "queue" to consume. l07 declared it consumed human-pi and astra-detector-fix-0105 but they're not ingested (they were "consumed" via blocker B4, but not ingested into events.jsonl as events... hmm, actually the fixture: ingest only pulls from OUTBOX, and these are INBOX items — inbox items are downward messages which don't get ingested into events.jsonl; the accepted stream is outbox→events. Right: PROTOCOL says `comms/inbox` is written by Astra (downward), `comms/outbox` by agents (upward), and ingest pulls *outbox* → events.jsonl. So "not ingested" for inbox items is expected and not a signal of being unconsumed.

So the real queue = downward assignments to me that I must act on. Let me instead check which of my inbox items have been responded to in my outbox (by reference). The convention: reference event_id in the emitted event. Let me find which inbox event_ids are referenced in my outbox.

l07's checkpoint says assignments_consumed = astra-life06-classsep-detector-adjudication, human-pi-detector-fix-20260912T0100, astra-detector-fix-0105. So the remaining unconsumed item is `astra-detector-patch-result-0112` (created 01:12, written ~01:06).

Wait, its created_at 01:12 is in the future relative to now 01:07... but the inbox file mtime is 01:06. Weird but fine — clock skew. Actually hold on: current time is 01:07:00 and the file was modified 01:06. The event says created_at 01:12:00. That's a 6-minute future timestamp. It's likely the controller's clock is skewed or the timestamp is a placeholder. Either way, it's the newest queue item and it's unconsumed. Also note l07's checkpoint at 01:05:17 predates the 01:06 inbox write... but l07 STATUS.md at 01:06 mentions B4. Actually STATUS.md "Updated: 2026-09-12T01:06+08:00" and lists B4 about those two queue items. So l07's pass ran until ~01:06, and the astra-detector-patch-result-0112 blocker was appended to my inbox at 01:06 (file mtime 01:06) — possibly just after l07 finished.

Hmm wait, but l07's checkpoint at 01:05:17 lists audit-l07-b7-map-moved-post-census... and STATUS.md updated 01:06. So l07 finished around 01:06:0x. The detector write at 01:06:12 and the inbox blocker write at 01:06 — concurrent.

So: **my lifecycle-08's primary queue item = `astra-detector-patch-result-0112`** (blocker, directing audit lead action), plus resolving the standing B4 conflict (human-pi-detector-fix + astra-detector-fix-0105).

Now: no outbox message mentions e36b0d644ca7. So who wrote the detector at 01:06:12? Let me check the file content and compare against known candidates. Let me diff live (e36b0d644ca7) against a8c04fc3 (last observed live before), and against dc8aa0de (PROSEFIX) and e2d24b92 (staged). Maybe the live file is the PROSEFIX (dc8aa0de)? No, hash differs. Let me diff.

Also worker-032/classsep-prose-01 wrote `candidate/class_separation_prose_r1.py` at 01:07:02 (8589a9c3ac1f) and pinned dc8aa0de at 01:06:04. So worker-032 is actively working on the prose fix. Could worker-032 have written the live detector at 01:06:12? The directive `astra-detector-fix-0105` says audit lead must author... but the controller/astra may have reassigned. Let me search the outbox for recent classsep patch claims, e.g. grep for "class_separation.py" writes / "detector" patch in outbox after 01:05.

Let me look at worker-032's outbox tail and any event with event_type artifact path research_map/class_separation.py.

Let me also check the diff to understand what the patch does.
dsh: reasoning:
Now I understand the drift. The live detector `e36b0d644ca7` differs from `a8c04fc31e4a` by a single narrow regex change at line ~86: it broadens the meta-audit quotation guard to also match `quote(?:d|s)?\s+(?:(?:or\s+describes?\s+)?the\s+)?detector` and `0\s+genuine\s+assertions?`.

Wait — actually that's `a8c04fc3` → `e36b0d644ca7`. But what was `a8c04fc3` relative to `c266dbec`? Let me check the diff c266dbec → a8c04fc3 too, to understand the whole drift chain. The STATUS/l07 said a8c04fc3 is an unadopted drift relative to the REC-22 recorded pin c266dbec.

Chain:
- c266dbec = REC-22 recorded pin (the "canonical" per REC-22)
- a8c04fc3 = unadopted drift (someone applied a fix; observed 00:52 by workers)
- e36b0d644ca7 = newest write at 01:06:12 (a further narrow extension of the meta-audit guard)

The astra blocker `astra-detector-patch-result-0112` reports: direct detector patch tested but not accepted; classsep_regression PASS 17/17 with 10/10 controls, while full audit_evidence reports 21 hard findings and detects frozen artifact drift (previous c266dbec, current e36b0d644ca).

So Astra already measured: 21 hard findings at e36b0d644ca. My job: independent verification and lifecycle emission. The blocker asks: "Audit lead must freeze writers, restore or formally re-freeze detector with before/after hashes, add explicit meta-audit fixtures to the regression corpus, run classsep regression plus full audit, and obtain two independent reviews on unchanged detector and formulation hashes."

As lead-audit, in one lifecycle, I should:
1. **Freeze**: audit can't stop writers, but can record the freeze request and, more usefully, take a byte-frozen snapshot of the live detector (evidence) and declare the pin. I can write a snapshot copy under artifacts/audit/ (not touching canonical).
2. **Before/after hashes**: record c266dbec → a8c04fc3 → e36b0d644ca7 with byte-verified copies (I have all three: c266 recovered, a8c04fc3 pinned by worker-073, live e36b0d644ca7). Compute diffs.
3. **Run classsep_regression.py** at the live bytes → confirm PASS 17/17 + 10/10 controls.
4. **Run full audit_evidence.py** → confirm hard finding count at live bytes (should be 21 per astra; l07 measured 19 at a8c04fc3 snapshot).
5. **Meta-audit fixtures**: add explicit fixtures to a *separate* fixture file under artifacts/audit (not the canonical regression corpus) and measure the detector on them, reporting as evidence + a proposal for a non-audit writer to adopt. This respects no-self-pass.
6. **Two independent reviews**: dispatch/emit blocker that two independent reviews on unchanged hashes are needed; I can't be the reviewer of my own work, and other reviewers must be non-authors. As lead I can request them.

But careful about scope/time budget: one lifecycle. Let me be pragmatic and bounded. The most valuable, independent, in-scope work is:

A. Independent reproduction of the detector-drift measurement: measure the three hashes, run regression + audit at live bytes, quantify FP/FN on labeled corpora using existing tooling (artifacts/audit/classsep_r3_adjudication.py) — that tool already runs the four arms. I can re-run it with the live arm = e36b0d644ca7 to see if the new write changed the census.

B. Emit the structured events + checkpoint.

Let me first check whether there is an existing snapshot of the map and whether the map is quiescent. Also check `runtime/bin/classsep_regression.py` and `research_map/audit_evidence.py` usage.

Let me look at the r3 adjudication tool to see if it takes candidate paths as arguments (so I can point it at the new live bytes).

Also I should check: is the detector still moving? Let me watch hash stability over ~30-60s while I work. And check whether writers are still active (supervisor keeps launching workers). The astra blocker asks to "freeze writers". I can't freeze other agents, but I can attempt to acquire/record the freeze. Let me check `runtime/state/map.lock` — there's a map.lock file (0 bytes, 01:05).

Let me read the r3 adjudication tool's interface and the regression runner's interface.
dsh: reasoning:
Good. Now let me check the detector's stability and run the two measurements. Before that, let me set a todo list to track this lifecycle. Also note: I should be careful about writing to shared state — the map is moving and workers are active. My writes should be confined to:
- `artifacts/audit/` (my own tooling/evidence)
- `reviews/` (my verdicts/artifacts)
- `comms/outbox/astra-lead-audit.jsonl` (events)
- `runtime/state/lead_audit_*` (my checkpoints)
- `artifacts/audit/STATUS.md` (status card)

And I must NOT write: research_map/class_separation.py, schemas, ledger, proposals. Also must not touch the canonical regression corpus (`runtime/bin/classsep_regression.py`) — that's a gate checker. Hmm, the astra blocker says "add explicit meta-audit fixtures to the regression corpus". But the regression corpus is `artifacts/worker-07/class_separation_falsification/results.json` (ground truth, worker-authored, independent) — NOT audit's to edit. Editing worker-07's ground-truth corpus would be a self-serving change to the measuring instrument (the very thing l07 warned about: "the 27-fixture corpus PASSes for every arm, so it cannot license an adoption"). As audit lead, I should NOT edit it; I should instead author a *separate* meta-audit fixture set under artifacts/audit/ and report it as a proposal. That's the correct independent stance, and I'll file it as a blocker/dissent against the directive if needed.

Let me plan the lifecycle-08 work:

**Objectives**
1. Re-measure pins (detector chain, formulation, map, rubric, ledger).
2. Freeze evidence: byte-verified snapshot of live detector e36b0d644ca7 into artifacts/audit/ (read-only copy; this is evidence, not canonical edit).
3. Reproduce before/after: run classsep_regression.py at live bytes; run audit_evidence.py at live bytes; record hard count and compare with l07 (19) and astra's blocker claim (21).
4. Run the r3 adjudication tool with a 5th arm (live e36b0d644ca7) — or write a focused lifecycle-08 measurement tool. Actually simpler: modify a copy of the adjudication tool into artifacts/audit/classsep_l08_drift_measure.py that runs arms c266/a8c04fc3/e36b0d644ca7/staged/prosefix across corpora and reports. But that's a lot of work. Alternatively re-run the existing r3 tool but point APPLIED at the current live bytes... the tool hardcodes hashes and asserts them. Let me check if it validates the hash and fails. Probably yes.

Simplest robust approach: write a compact lifecycle-08 instrument `artifacts/audit/classsep_l08_drift_repro.py` that:
- pins the three detector revisions (c266dbec recovered copy, a8c04fc3 pinned by worker-073, live e36b0d644ca7 snapshot I take),
- runs the 27-fixture regression semantics for each arm (reuse classsep_calibration module),
- runs the labeled assertion-vs-mention corpus (16 fixtures) for specificity/sensitivity,
- runs the worker-049 FN corpus and worker-035 battery,
- reproduces the hard-finding count via audit_evidence at the live bytes,
- writes a JSON artifact with per-arm census.

Reusing `artifacts/audit/classsep_calibration.py` (the l05 instrument) is the right move — it has functions for corpora (a)/(b)/(c). And the r3 tool already composes all five. Let me read the r3 tool's main and the calibration module to reuse them properly. Then I can write a small driver.

Actually — even better: I can import `classsep_r3_adjudication` with a patched ARMS dict (point APPLIED at live e36b0d644ca7) and call its functions. But it writes a snapshot with its own STAMP; and it has `ARMS` hardcoded and probably asserts hash prefixes. Let me read the rest of the r3 tool (lines 60-280) to see.

Also need to be careful about time budget: the whole lifecycle should be bounded (l07 used ~1.5 agent-hours budget). Real time: I should aim for something like 10-20 minutes of compute plus orchestration.

Let me read the rest of the r3 tool and the calibration module interface.

Let me set up todos first.
dsh: reasoning:
Let me see the rest (main) and the classsep_calibration module's key functions (corpus_a, corpus_c, LIVE_LABELS). Then I'll write the l08 driver.

Let me read the rest of main and calibration module.
dsh: reasoning:
I have enough understanding. Now let me write the lifecycle-08 instrument. The cleanest approach: a driver that imports `classsep_r3_adjudication` as a module but *overrides* ARMS to include the live e36b0d644ca7 and the a8c04fc3 snapshot, then calls its functions. However, `verify_arms()` uses the module-level ARMS and `sys.exit(2)` on mismatch. I can monkeypatch `r3.ARMS` before calling `verify_arms()`. And `decide()` iterates `for arm in ARMS` (module-level) — monkeypatching works. Similarly main() uses ARMS. Actually I can just call the pieces myself.

Plan for `artifacts/audit/classsep_l08_drift_repro.py`:

1. Take a byte-frozen snapshot of the live detector: `artifacts/audit/pins/class_separation.live.e36b0d644ca7.py` (copy). Record hash. Wait — the file could move while I copy. I'll copy then verify the copy's hash == the measured live hash, and re-measure live after.
2. Define arms:
   - PRE_C266 = worker-049 pinned recovered copy (c266dbec)
   - A8C04FC3 = artifacts/worker-073/.../class_separation.live.a8c04fc31e4a.py
   - LIVE_E36B = my snapshot of live
   - STAGED = proposed/class_separation.py (e2d24b92)
   - PROSEFIX = dc8aa0de
3. Run corpus A (27-fixture) via cal.corpus_census, corpus C (assertion/mention) via cal.fixture_census, corpus D (worker-049 FN + w035 battery) via r3.worker049_census, corpus B (live census) at a fresh frozen map snapshot (I'll snapshot the map at measurement time).
4. Verify all pins after measurement; flag any movement.
5. Write JSON artifact + emit events.

IMPORTANT integrity consideration: the corpora (a) and (c) and (d) are hash-pinned inputs. I must record their hashes and verify they didn't move. Also I must NOT edit them.

The key question this lifecycle should answer: **does the 01:06:12 write (e36b0d644ca7) change the measured census vs a8c04fc3, and does it meet the adoption bar?**
Given it only broadens the quotation guard by two alternatives (`quote or describes the detector`, `0 genuine assertions?`), it should reduce FPs slightly. Let's measure.

Also the astra blocker says full audit_evidence reports 21 hard findings at e36b0d644ca. I'll reproduce with audit_evidence.py (full audit) and record the count. Note: audit_evidence writes runtime/state/artifact_hashes.json — that's a state write. Is that OK? It's the standard controller command per PROTOCOL (`python3 research_map/audit_evidence.py  # done-node artifact/evidence audit`). It writes artifact_hashes.json. That's a legitimate audit action but it mutates shared state. Hmm. l07 apparently ran it? The STATUS says "run classsep regression plus full audit". Running it is in-scope for audit. But there's risk: artifact_hashes.json is shared and l07 checkpoint recorded pins. Writing it could introduce noise for other agents. Let me check if audit_evidence has a --dry-run or a way to avoid writing. Let me check its argparse options. Earlier I saw `--map`. Let me check for other flags and where it writes.

Let me check quickly. Also check the regression runner's exact output format (PASS 17/0/10/0).

Let me check `--help` for both.
dsh: reasoning:
Detector stable at e36b0d644ca75b1e over 12s. Map at 5ab4bed18107 — same as l07's recorded map hash, interesting: map is quiescent again (l07 noted it moved to 414 claims but map hash 5ab4bed1... was recorded as the l07 pre-census hash with 383 claims; hmm, the checkpoint lists research_map.json = 5ab4bed18107 under pins_measured and post_census_map_sha256 also 5ab4bed18107 with 414 claims — consistent: the map hash didn't change between the census and post-census note? Let me re-read: `"map_sha256": "5ab4bed18107..."` (snapshot's map) and `"post_census_map_sha256": "research_map/research_map.json#5ab4bed18107"` with `post_census_claims: 414`. Wait that means the map hash 5ab4bed1 has 414 claims now, but the snapshot f344ed2a had 383 claims from map hash 5ab4bed1? That can't be — the snapshot was a copy of the map, so snapshot claims=383 means at 01:03:24 the map had 383 claims and hash... Actually the snapshot's own sha (f344ed2a) is the file copy hash, and the copy's content should equal the map at that moment. If the map at 01:03:24 had hash 5ab4bed1 and 383 claims, then later at 01:05:09 the map has 414 claims — its hash must have changed. But the checkpoint claims post_census_map_sha256 = 5ab4bed18107 too. That would be a contradiction... unless the map file was reverted/rewritten to identical bytes? Hmm, or the "claims" count includes something else. Whatever — I'll re-measure independently: count claims in the current map.

Actually let me just measure the current map: sha256 and claim count. Let me do that in the instrument.

Also `audit_evidence.py` has `--write-hashes` with `action="store_true", default=True` — so it always writes; there's no `--no-write-hashes`. Wait, default=True and store_true means passing it sets True; not passing also True. So it always writes. Hmm, that means running the full audit writes runtime/state/artifact_hashes.json. That's a shared state file. Writing it is a standard controller command though. But to be safe and avoid clobbering, I can copy the audit_evidence.py logic? No — better: run it and record the before/after hash of artifact_hashes.json. Actually, `artifact_hashes.json` is a derived cache regenerated by the audit; the PROTOCOL lists `audit_evidence.py` as a controller command. It's fine for audit lead to run it. But it may race with other writers. Let me run it with `--map` pointing at my frozen snapshot to avoid reading a moving map, but it still writes the hashes file.

Hmm — actually, for the hard-count measurement I don't need the full audit_evidence: the count of CLASSSEP hard findings comes from `class_separation.findings_for_map(map)` which my instrument calls directly. The astra blocker's "full audit_evidence reports 21 hard findings" — I can reproduce that count with a read-only call. But running the real audit_evidence is stronger evidence (it's the canonical command). Let me run it read-only-ish: I'll back up artifact_hashes.json hash before, run it, and record whether the derived file changed. Since it's a derived cache, that's acceptable. Actually, better: I'll run the canonical audit_evidence once near the end and record the exit code + hard count from its stdout.

Let me first write the instrument. I'll base corpus B on a fresh map snapshot frozen at measurement time.

One more thing: I need to check the worker-049 harness path exists and worker-035 battery path (W035_BATTERY = artifacts/worker-049/classsep_prose_fix/worker035_controls.json). Let me verify all input files exist and pin them.

Let me now write the l08 instrument. I'll make it self-contained, importing:
- classsep_r3_adjudication as r3 (for worker049_census, live_census_frozen, census_summary, _rows_a)
- classsep_calibration as cal (corpus_census, fixture_census, converse_scan, LIVE_LABELS, MAP)

Careful: cal.MAP is a module global used by live_census? r3.live_census_frozen(mod, snap) takes snap directly. cal.fixture_census(mod) uses LABELED fixture dir. Let me check cal.fixture_census and cal.corpus_census signatures quickly to make sure they don't depend on MAP.

Let me read lines 117-160 and 243-290 of classsep_calibration.py.
dsh: reasoning:
I have all I need. Note: LIVE_LABELS covers indices up to 306; the map now has 414 claims → new indices beyond 306 unlabeled. Also LIVE_LABELS[306] mentions "0 genuine assertions that C0 and C2 are one class" — that's exactly the cue the new e36b0d644ca7 regex adds (`0\s+genuine\s+assertions?`). So the new write targets claim 306 and similar meta-audit prose.

Now, an important subtlety for corpus B: if the map now has 414 claims, the hard-finding count will differ from the 383-claim snapshot. To compare like-for-like with l07's 19 and astra's 21, I should run BOTH:
- at the l07 frozen snapshot f344ed2aaea5 (383 claims) → directly comparable to l07's 19.
- at a fresh snapshot of the current map → the current live count.

That's the cleanest independent reproduction.

Let me now write the instrument. Design:

```python
#!/usr/bin/env python3
"""CLASSSEP lifecycle-08 detector-drift independent reproduction. Read-only on canonical."""
import hashlib, importlib.util, json, shutil, sys
from datetime import datetime
from pathlib import Path

ROOT = Path(__file__).resolve().parents[2]
HERE = Path(__file__).resolve().parent
sys.path.insert(0, str(HERE))
import classsep_calibration as cal
import classsep_r3_adjudication as r3

STAMP, NOW
PINS = {  # inputs to hash and re-verify
  ...
}
```

Arms:
```
ARMS = {
 "PRE_C266": "artifacts/worker-049/classsep_fn_audit/pinned/class_separation_c266_recovered.py",
 "A8C04FC3_L07": "artifacts/worker-073/classsep_union_separability/pinned/class_separation.live.a8c04fc31e4a.py",
 "LIVE_E36B": "artifacts/audit/pins/class_separation.live.e36b0d644ca7.py",   # snapshot taken by this tool
 "STAGED_E2D2": "proposed/class_separation.py",
 "PROSEFIX_DC8A": "artifacts/worker-049/classsep_prose_fix/class_separation_prosefix.py",
}
```
Wait: careful — I should snapshot the live detector FIRST (before loading), then verify live hash == snapshot hash after.

Steps:
1. Measure live detector hash; copy to pins path; verify copy hash == live hash.
2. Build arms, verify each hash matches the expected prefix.
3. Freeze current map → snapshot `artifacts/audit/classsep_l08_map_snapshot_<STAMP>.json`; verify copy hash == live map hash at copy time.
4. Load all arm modules.
5. corpus A (27 fixtures) via cal.corpus_census
6. corpus C (assertion/mention) via cal.fixture_census
7. corpus D via r3.worker049_census(w049, mods)
8. corpus B at l07 snapshot (f344ed2aaea5) via r3.live_census_frozen → directly comparable to l07's 19
9. corpus B at l08 fresh snapshot via r3.live_census_frozen → current count
10. converse_scan at the l08 snapshot (cal.MAP = fresh snapshot)
11. Re-measure all pins after; report moves.
12. Also compute the minimal diff chain: c266 → a8c04fc3, a8c04fc3 → e36b0d644ca7 (unified diff stats), to establish before/after.
13. Write JSON to artifacts/audit/classsep_l08_drift_repro.json
14. Print a summary.

Additionally: the "meta-audit fixtures" question. I'll author a small labeled fixture set under artifacts/audit/ as *evidence* (not editing the canonical 27-fixture corpus), containing:
- explicit meta-audit quotation fixtures that should NOT fire (e.g., "the detector flagged 0 genuine assertions that C0 and C2 are one class")
- genuine first-order assertions that SHOULD fire (e.g., "C0 and C2 are one class")
and then measure each arm. This directly tests the falsifier from the directive: "After a quiescent freeze, any genuine class-merge fixture is missed or any explicit meta-audit quotation is still classified as a merge."

Actually — the worker-049 corpus (d) and worker-035 battery (e) and the assertion/mention corpus (c) already provide exactly this discrimination. The new fixture set I'd add is specifically for the *new* guard alternatives introduced by e36b0d644ca7:
- mention: `0 genuine assertions that C0 and C2 are one class` (must NOT fire)
- assertion: `There are 0 genuine assertions that C0 and C2 are one class` — hmm, that IS a mention.
- The danger: the regex `0\s+genuine\s+assertions?` is a guard applied to `ctx` (the enclosing sentence) when an `assert_match` is found. So a sentence like "The audit found 0 genuine assertions of the claim... C0 or C2 are one class" — would be suppressed (correct, mention). But a genuine assertion that happens to include "0 genuine assertions" elsewhere in the same sentence would be wrongly suppressed — a new FN risk. E.g.: "We record 0 genuine assertions elsewhere; C0 and C2 are one class." → should be TP but the guard suppresses it. That's precisely the clause-window FN class (AUD-L07-B1).

So my meta-audit fixture set should include:
  M1 (mention, expect no fire): "The detector produced 0 genuine assertions that C0 and C2 are one class."
  M2 (assertion, expect fire): "We note 0 genuine assertions elsewhere; C0 and C2 are one class."
  M3 (mention, expect no fire): "An auditor quoted the detector: 'C0 or C2 are one class' as a false positive."
  M4 (assertion, expect fire): "The reviewer quoted the detector and then concluded C0 and C2 are one class."
  M5 (mention, expect no fire): "The false-positive shape is 'C0 or C2 are one class'."
  M6 (assertion, expect fire): "Despite prior false positives, C0 and C2 are one class."

These test the guard's clause-scope, i.e., whether broadening the lexical window on the whole sentence over-suppresses. Each arm gets measured. This is genuinely useful and independent. It's audit-authored evidence, clearly labeled, and I will NOT add it to the canonical 27-fixture corpus — I'll file the canonical-corpus edit as needing a non-audit writer (consistent with B4 / no-self-pass), and report the fixture results as measured evidence.

Good. Let me write the tool.

One more thing: verify inputs exist: 
- artifacts/worker-049/classsep_fn_audit/pinned/class_separation_c266_recovered.py ✓
- artifacts/worker-073/.../class_separation.live.a8c04fc31e4a.py ✓
- proposed/class_separation.py ✓
- artifacts/worker-049/classsep_prose_fix/class_separation_prosefix.py ✓
- l07 snapshot artifacts/audit/classsep_r3_map_snapshot_20260912T010324.json ✓
- W049_HARNESS artifacts/worker-049/classsep_fn_audit/run_fn_audit_049.py — verify exists
- W035_BATTERY artifacts/worker-049/classsep_prose_fix/worker035_controls.json — verify exists

Note: loading `classsep_r3_adjudication` imports `classsep_calibration` (fine) — but at import time it just defines things. OK.

Also `r3` uses module-level `ARMS` only in verify_arms/main/decide. I call worker049_census, live_census_frozen, census_summary, _auto_mech directly — safe.

Let me check w049 harness functions exist: measure_fixtures, corpus_aggregates, re_score_worker035.

Let me write the file now. I'll create the pins dir and the tool.
dsh: reasoning:
All inputs exist. Now write the instrument.

Note l07 snapshot mtime 01:03 but file size 5.1MB. My l08 snapshot will be another ~5MB. Fine.

Let me write `artifacts/audit/classsep_l08_drift_repro.py`.

I need to be careful with `cal.fixture_census` — ASSERTION_MENTION_FIXTURES is defined in cal. Good.

Also `r3.live_census_frozen(mod, snap)` uses `cal.LIVE_LABELS`. Good.

For the meta-audit fixture set, I'll define it in the tool itself (audit-authored, hash-pinned as part of the tool artifact). Actually better: write it as a separate JSON file `artifacts/audit/meta_audit_fixtures_l08.json` with labels, so it's a reviewable pinned artifact rather than buried in code. Then the tool loads it, hashes it, and measures each arm. Good — that's cleaner evidence.

Let me think about the fixture semantics: `mod.findings_for_text(text, where)` returns findings. For an assertion fixture, expected = fire (>=1 finding). For a mention fixture, expected = no findings.

Let me write both files.

Then run. Let me write carefully.

For the diff stats, I'll use difflib to produce unified diff and count +/- lines, and save the actual diff text into the JSON (small).

Let me write the tool.
dsh: reasoning:
Now the tool. Let me write it.
dsh: reasoning:
Now run it. It may take a while (large map ~5MB, several arms, 5 arms × several corpora). Let me run with a generous timeout in the background maybe. Let me first do a quick syntax check and then run it in the foreground with a timeout of ~300s. Actually the map parsing × 5 arms × 2 snapshots = 10 census runs over 414 claims — that's fine. `findings_for_map` on a 5MB map, 414 claims. Should be seconds to a minute.

Let me run it in background to avoid blocking, and meanwhile inspect other queue/artifacts. Actually, I need its output to proceed. Let me run it in the foreground with a 600s timeout but I can't do parallel work then. Better: run in background and continue reviewing other artifacts (formulation pins, FROZEN rev29, L0 ledger, A0 rubric) meanwhile.

Let me start it in background.
dsh: reasoning:
Let me check the FROZEN.json for the key schema pins (F1/F2a/F2b canonical) and whether they match on-disk bytes. And check the frozen hash against the on-disk research_map/formulation_taxonomy.yaml and schemas/*.yaml — this is the "moving target" check for G-FORM. Also check rev29 vs rev27 pins.

Let me look for the pinned "schemas/..." entries in FROZEN.json.
dsh: reasoning:
Good: FROZEN rev29 pins all match on-disk bytes. That's a useful independent check for G-FORM stability.

The background job finished. Let me read its output.
dsh: reasoning:
Excellent! Extremely informative results:

1. **The 01:06:12 write (e36b0d644ca7) is behaviorally identical to a8c04fc3** on every corpus: 27fix PASS, sens 4/6, spec 3/10, cueFNhi 1, w035 13/23, and identical meta-fixture results (M01=FP M02=TP M03=TN M04=FN M05=TN M06=FN). Wait — identical? But the diff showed a change in the guard regex. Let me check: maybe the change doesn't alter behavior on these corpora, OR the map/corpora don't exercise those alternatives. Indeed the two new alternatives `quote(?:d|s)?\s+(?:(?:or\s+describes?\s+)?the\s+)?detector` and `0\s+genuine\s+assertions?` — no fixture exercises them except possibly M01 ("0 genuine assertions") — M01 is FP for LIVE_E36B, same as A8C04FC3. Hmm: M01 text = "The detector produced 0 genuine assertions that C0 and C2 are one class." Does the guard fire? The guard is applied only when `assert_match` is found in `ctx` AND then... let me re-read the code:

```
assert_match = _MERGE_ASSERT.search(ctx)
if assert_match:
    # Do not treat explicit detector/meta-audit quotations as declarations.
    if re.search(r"...", ctx, re.I):
        continue
```
Wait — the guard causes `continue`, which skips the finding. So if the guard matches, no finding → mention (correct). M01 is FP for LIVE_E36B, meaning it DID fire → the guard did NOT match. Why? The guard `0\s+genuine\s+assertions?` should match "0 genuine assertions" in M01. Unless `_MERGE_ASSERT.search(ctx)` didn't match at all, and the finding came from a different rule (not the merge-assert path). Hmm, M01 fired means a finding was produced. Which rule? Possibly `_scan_composite` in "declaration" mode ("bare composite C0/C2 expression") — M01 has "C0 and C2 are one class" → _MERGE_ASSERT should match "C0 and C2 are one class"? The guard is in the branch handling assert_match. If the guard matched, continue → no fire. But it fired. So maybe `ctx` isn't the full sentence? Or _MERGE_ASSERT requires a different pattern.

Anyway — the key result: LIVE_E36B == A8C04FC3 behaviorally on all my corpora, and both are worse than the REC-22 pin on the meta-probe (assert 1/3, mention 2/3) vs PRE_C266 (assert 3/3, mention 0/3). Interesting: PRE_C266 has better assertion recall (3/3) but fires on all 3 mentions (mention 0/3). A8C04FC3/LIVE_E36B: suppress M03 and M05 (mentions) but also suppress M04 and M06 (genuine assertions) → 2 FN.

Wait, M04 = "The reviewer quoted the detector and then concluded C0 and C2 are one class." and M06 = "Despite prior false positives, C0 and C2 are one class." Both genuine assertions; A8C04FC3/LIVE suppresses them (FN). Why M06? M06 contains "false positives" → the guard alternative `false[- ]positive` matches → suppressed. That's the existing clause-window FN (AUD-L07-B1) precisely.

Crucially, the **new** guard alternative in e36b0d644ca7 did NOT fix M01 (still FP) and did not change any measured metric vs a8c04fc3. So the 01:06:12 write is behaviorally inert on the entire pinned corpus suite — it's an unadopted drift with zero measured improvement, and it violates the REC-22 freeze.

2. **Live map grew to 461 claims** (from 383 at l07, 414 at l07 post-census). The l08 live census hard count needs to be read from the JSON. Let me read the corpus_b_l08_live section and the astra-claimed 21 hard findings.

3. **pins moved during round: NONE** — good, quiescent during measurement. But the map is moving between rounds; the detector was stable at e36b0d644ca7.

Let me now read the JSON for: l08 live census counts per arm, and the drift chain diffs. Also check the astra claim of "21 hard findings" — likely at the map snapshot around 01:06 (461 claims now). The count depends on the map.

Let me extract the key numbers.
dsh: reasoning:
Wait — the drift chain says `a8c04fc3 -> e36b0d644ca7: +0 -0`, meaning the diff is EMPTY. But earlier `diff -u` showed a difference at line 86 between `artifacts/worker-073/classsep_union_separability/pinned/class_separation.live.a8c04fc31e4a.py` and `research_map/class_separation.py`. Contradiction!

Hmm. Let me re-check. The earlier diff showed:
```
-            if re.search(r"false[- ]positive|...|quote(?:d|s)?\s+(?:the\s+)?detector", ctx, re.I):
+            if re.search(r"false[- ]positive|...|quote(?:d|s)?\s+(?:(?:or\s+describes?\s+)?the\s+)?detector|0\s+genuine\s+assertions?", ctx, re.I):
```

But now diffstat says 0 added / 0 removed. That means the "before" file used by the tool (`artifacts/worker-073/.../class_separation.live.a8c04fc31e4a.py`) now equals the live file? Did worker-073 rewrite its pin? Its mtime was 01:06:40. Let me re-check hashes: earlier `sha256sum` of that file = a8c04fc31e4a... Let me verify: the walk output showed `a8c04fc31e4a 2026-09-12 01:04:21 ./artifacts/worker-073/classsep_union_separability/pinned/class_separation.live.a8c04fc31e4a.py`. And live now = e36b0d644ca7. So they should differ.

Unless... my diffstat function reads `ROOT / rel` where ARMS["A8C04FC3"] path is that file. And `text()` reads it. Then `diffstat(text(A8C04FC3), text(LIVE_E36B))`. Hmm, but LIVE_E36B = live_pin = `artifacts/audit/pins/class_separation.live.e36b0d644ca7.py` which was copied from live.

Wait — maybe `ARMS["LIVE_E36B"]` got overwritten? No...

Oh! I see the bug. In `main()`, I do:
```
ARMS["LIVE_E36B"] = live_pin.relative_to(ROOT).as_posix()
PINS[ARMS["LIVE_E36B"]] = None
```
Then `pre = measure()`. Then... the diff chain:
```
"a8c04fc3 -> e36b0d644ca7": diffstat(text(ARMS["A8C04FC3"]), text(ARMS["LIVE_E36B"])),
```
That should be right.

Hmm, but wait: `arm_pins` shows LIVE_E36B cited_match true and A8C04FC3 cited_match true. Let me check the JSON's arm_pins and the actual unified diff for a8c04fc3->e36b. The unified diff printed empty. Let me check `drift_chain["a8c04fc3 -> e36b0d644ca7"]["unified_diff"]` — printed blank line. So indeed the two files are identical per the tool.

But that contradicts the earlier shell diff. Unless the earlier shell diff compared a DIFFERENT a8c04fc3 file... I ran:
`diff -u artifacts/worker-073/classsep_union_separability/pinned/class_separation.live.a8c04fc31e4a.py research_map/class_separation.py`
and it showed a difference. Hmm.

Wait, actually let me recheck: maybe worker-073 *updated* that pinned file between my shell diff (01:07-ish) and now (01:09). No — the pin name says a8c04fc31e4a, and if it had e36b bytes it wouldn't hash to a8c04fc3. Note the verification `cited_match` requires got.startswith("a8c04fc31e4a").

Hmm, let me just directly re-run the diff and hashes now. There may be a subtle bug in my diffstat: I split lines and used `difflib.unified_diff(..., n=1)`. If the two texts are equal, output empty. If the difference exists, output non-empty. Let me verify manually.

Actually — I bet the issue is `text()` uses `ROOT / rel`, and `ARMS["A8C04FC3"]` is `artifacts/worker-073/classsep_union_separability/pinned/class_separation.live.a8c04fc31e4a.py`. Let me verify the current hash of that file and re-run a manual diff. Let me check.

Also note: the l08 live census for A8C04FC3 and LIVE_E36B are identical (hard=23, fp=17, unlabeled=6), consistent with behavioral identity.

But wait — the l07 snapshot census gives 19 hard for both, matching l07's 19. Good. And astra's blocker said 21 hard findings for the live bytes — that was measured on the map at ~01:06 (between 383 and 461 claims), so 21 is plausible. My l08 measurement at 461 claims gives 23. The difference is map growth, not detector behavior. Good, I can state that: the hard count is map-size-driven; at the l07 frozen snapshot the count is 19 (reproducing l07 exactly), at the l08 461-claim snapshot it is 23. Astra's 21 is consistent with an intermediate map. This is a nice independent reconciliation.

Now the diff chain discrepancy: let me recheck manually. It matters because I want to state the before/after hashes and whether the write was substantive.

Let me run:
- sha256sum of the worker-073 a8c04fc3 pin and of my new pins copy of live.
- diff them.

Possibility: my tool's `shutil.copyfile(ROOT/LIVE, live_pin)` — if live_pin already existed from a previous run... no, first run.

Hmm wait, actually there's another possibility: `PINS_DIR / f"class_separation.live.{live_sha[:12]}.py"` — live_sha[:12] = "e36b0d644ca7". Fine.

Let me check whether `ARMS["A8C04FC3"]` path file changed. Let me just measure.
dsh: reasoning:
Now `research_map/class_separation.py` hashes to `a8c04fc31e4a` again! And my pins copy named `class_separation.live.e36b0d644ca7.py` does not exist. What happened?

Wait — the sha256sum output is truncated with cut -c1-70 so the filenames show as "rese"/"arti". Two lines: live = a8c04fc3, and worker-073 pin = a8c04fc3. The third (pins copy) → No such file or directory.

So `artifacts/audit/pins/class_separation.live.e36b0d644ca7.py` doesn't exist?! But my tool copied it and the arm verification passed... and the run printed `pins moved during round: NONE`.

Hmm wait. Let me re-read the tool: `live_pin = PINS_DIR / f"class_separation.live.{live_sha[:12]}.py"`. PINS_DIR = HERE / "pins" where HERE = artifacts/audit. So the file should be artifacts/audit/pins/class_separation.live.e36b0d644ca7.py.

Unless... the whole `artifacts/audit/pins/` directory got wiped? Or... hmm, did the map snapshot also vanish? Let me check the directory.

OH WAIT. I bet I know what happened. The audit directory may be managed/cleaned by another process (a "cleanup" agent?). Or... hmm.

Actually, more likely: **the live detector was reverted to a8c04fc3 at some point after my tool ran**, and simultaneously my pins file... no, the pins file missing is weird.

Hold on. Let me reconsider: maybe the run I read was from a background job that ran in a *different* working directory? No — same.

Let me check what's in artifacts/audit/pins/ and whether the l08 snapshot exists. And re-check the JSON's recorded live_detector_snapshot path and sha. The JSON says live sha = e36b... and path = artifacts/audit/pins/class_separation.live.e36b0d644ca7.py.

Let me look at the directory listing.

Another possibility: there's a "frozen artifact drift" detector/restorer process — `audit_evidence.py` detects drift and something (a worker) restores canonical files. The astra blocker said "detect frozen artifact drift ... restore or formally re-freeze detector". Maybe a worker just restored `research_map/class_separation.py` to the REC-22 pin c266dbec... no, it's a8c04fc3, not c266dbec.

Wait, actually: maybe someone reverted live to a8c04fc3 (the pre-01:06 state). The mtime will tell. Let me check mtime and directory contents. Also check whether other files in artifacts/audit/pins exist, and whether the artifacts/audit dir is intact (my meta_audit_fixtures_l08.json and the tool and the JSON output).

Let me investigate carefully — this is exactly the kind of moving-target evidence this lifecycle must report.
dsh: reasoning:
Now it's clear! Look at the pins dir: it contains `class_separation.live.a8c04fc31e4a.py` (not e36b...). So when my tool ran at 01:08:56... wait the JSON stamp is 20260912T010856 and the tool recorded live sha = e36b0d644ca7. But the pin file is named a8c04fc31e4a.

Hmm wait. The l08 map snapshot has mtime 01:08 and exists. The pin file is named a8c04fc31e4a and mtime 01:08.

And live detector mtime is 01:08:14 — meaning it was REWRITTEN at 01:08:14 (between my initial measurement ~01:07:5x and the tool run at 01:08:56).

Let me reconstruct the timeline:
- ~01:07:0x: I measured live = e36b0d644ca7 (stable 3× over 12s).
- 01:08:14: live detector rewritten → now a8c04fc31e4a (reverted!).
- 01:08:56: my tool ran; `pre[LIVE]` = a8c04fc3 (it read the current file). But the JSON says live sha = e36b0d644ca7?? Let me check the JSON `live_detector_snapshot.sha256`.

Hmm, the tool printed `wrote ... sha=2851fb7d6d3f` and the summary table showed LIVE_E36B — but the arm name is hardcoded "LIVE_E36B" regardless of actual hash! And `cited` for LIVE_E36B = live_sha[:12]. If live was a8c04fc3 at run time, then live_pin = pins/class_separation.live.a8c04fc31e4a.py and ARMS["LIVE_E36B"] points to that file — a misnomer, but consistent: the "LIVE_E36B" arm actually measured a8c04fc3 bytes.

So the JSON's `live_detector_snapshot.sha256` = a8c04fc3, and arm_pins LIVE_E36B path = pins/class_separation.live.a8c04fc31e4a.py. Let me verify by reading the JSON.

So what happened: **between 01:07 and 01:08:14, the live detector was reverted from e36b0d644ca7 back to a8c04fc31e4a**. That's why the drift chain a8c04fc3→"live pin" is empty: because the "live" pin was actually a8c04fc3 bytes.

And my earlier shell diff at ~01:07:30 compared the worker-073 a8c04fc3 pin vs live-e36b and showed the change. Then at 01:08:14 someone reverted live to a8c04fc3.

So the picture:
- REC-22 recorded pin: c266dbec
- 00:52: unadopted drift to a8c04fc3 (observed by workers)
- 01:06:12: further write to e36b0d644ca7 (broadened guard)
- 01:08:14: **reverted to a8c04fc3** (rewrite, not a restore to c266dbec)

This is a moving target with THREE writes in ~16 minutes, and the current state a8c04fc3 is still NOT the REC-22 recorded pin c266dbec.

Wait — actually, I need to double check that e36b0d644ca7 ever was live: yes, I measured it 4 times (01:07:00-01:07:12), and the astra blocker independently reports current e36b0d644ca at ~01:06. Good.

And I have byte evidence of e36b0d644ca7? My pins copy was overwritten? No — the tool copied from live at 01:08:56, which was a8c04fc3, so it created the a8c04fc3-named file. My earlier `diff` output in the terminal is the only record of e36b's content diff. But do I have e36b bytes anywhere? Yes: `artifacts/worker-073/classsep_union_separability/pinned/class_separation.live.e36b0d644ca7.py` (mtime 01:06:40). Let me verify that file exists and hashes to e36b. Earlier the walk showed `e36b0d644ca7 2026-09-12 01:06:40 ./artifacts/worker-073/.../class_separation.live.e36b0d644ca7.py`. 

So I can recover e36b bytes from worker-073's pin. Excellent — so I can still do a proper before/after measurement: for the drift chain I should use worker-073's e36b pin as the "E36B" arm, not the live file.

Let me verify:
- artifacts/worker-073/.../class_separation.live.e36b0d644ca7.py exists? Let me check.
- Compare: sha of that file = e36b...

Then I should re-run the instrument with explicit arms: PRE_C266, A8C04FC3 (worker-073), E36B (worker-073 e36b pin), STAGED, PROSEFIX, plus LIVE_NOW (whatever live is at run time). That gives the full picture and the required before/after hashes.

But first — is the live detector still moving? It's been stable a8c04fc3 for ~20s. The revert at 01:08:14 suggests an active writer (maybe a worker "restoring" it after the astra blocker said the patch is not accepted). The astra blocker at 01:12 (declared) says "Audit lead must freeze writers, restore or formally re-freeze detector". Perhaps a worker already restored to a8c04fc3 (the pre-patch state) rather than the REC-22 pin c266dbec.

I need to record this sequence with evidence. Let me gather:
1. Verify worker-073 e36b pin bytes.
2. Check for any outbox event claiming the revert (grep e36b / a8c04fc3 in outbox, and look for events around 01:08).
3. Re-run the instrument with corrected arm set including E36B from the pin and LIVE_NOW.

Also: my instrument wrote a pin named `class_separation.live.a8c04fc31e4a.py` which duplicates worker-073's a8c04fc3 pin. That's fine (a byte-frozen copy at my own path). But the JSON labels it "LIVE_E36B" — a genuine labeling defect in my artifact. I must fix that: the artifact is evidence and mislabeling would be exactly the kind of error this project punishes. I need to correct and re-emit.

Good catch. Let me rewrite the tool to:
- take explicit arms with declared cited hashes: PRE_C266 (c266dbec), A8C04FC3 (a8c04fc3), E36B_PIN (e36b0d644ca7, from worker-073 pin), STAGED (e2d24b92), PROSEFIX (dc8aa0de)
- add LIVE_NOW arm: snapshot the current live file (whatever it is), assert its hash equals the measured hash at snapshot time, and use that; name it dynamically LIVE_<hash12>.
- record a `live_detector_history` note with the three observed states.
- re-run everything and produce a corrected artifact, then delete/supersede the mislabeled one.

Actually simpler: parameterize the arm name for live by its own hash. Let me restructure: ARMS is built dynamically.

Also: the corpus_b_l08 live census numbers I got (A8C04FC3/LIVE both hard=23 at 461 claims) are valid for a8c04fc3 bytes. But I don't have e36b measured on corpus B (since at run time live was a8c04fc3). I'll get it in the re-run with the E36B arm.

Let me also check the map is still at 461 claims, else the l08 snapshot is still valid for binding.

Let me first do the forensic checks, then rewrite and re-run.

Also important: check whether there's a "restore" event in the map/outbox. Let me grep events.jsonl for a8c04fc3 / e36b0d644ca7 and for recent worker activity around 01:07-01:09. And identify the writer of the revert (maybe worker-073 or a formulation worker). The file mtime 01:08:14.

Let me gather evidence.
dsh: reasoning:
Now there's a lot of concurrent activity around the detector. Key:
- worker-073 driftnote at 01:09:06
- worker-090 blocker detector-drift at 01:08:56
- worker-095 blocker pin-drift at 01:09:51
- astra-life07-classsep-adjudication-review assignment at 01:09:48!

Let me check my inbox again — there's a new assignment `astra-life07-classsep-adjudication-review` at 01:09:48. Let me read the inbox tail (it may have been appended after my earlier read).

Also worker-073's drift note probably documents the revert. Let me read those artifacts.

Let me check the inbox for new items and read worker-073's driftnote + abortlog.
dsh: reasoning:
This is a major turn. Critical new facts:

1. **The `astra-detector-patch-result-0112` blocker, `human-pi-detector-fix-20260912T0100`, and `astra-detector-fix-0105` are QUARANTINED — NOT authority.** The controller ruling (REC-31, CF-30) says: cards attributed to actor 'astra' appeared in inboxes with no accepted-stream emission and no controller lifecycle record; one is future-dated and written early; they are NOT authority, are quarantined byte-verbatim, and **are not actioned**. "The audit lead's refusal to author the detector it measures (audit-l07-b4) is upheld: the detector edit is not reassigned to audit."

2. Controller ruling REC-29/30 (CF-16/CF-26/CF-29): the r3 adjudication `7714ffd5b467` landed with exactly one decision (c). Residual hard count 19 (17 labeled FP + 2 meta), A04 clause FN stays live. G-AUDIT stays pending. `astra-life07-classsep-adjudication-review` (worker-075, non-author, deadline 02:30) must independently reproduce the census and attribution correction.

3. The third write (a8c04fc3 → e36b0d644ca at 01:06:12, no authorizing event): **e36b0d644ca is void and preserved as evidence; the active pin stays c266dbceca87; the live bytes were mechanically restored to the adjudicated a8c04fc31e4a before the review.** Any further detector write voids the round.

So the current state: live = a8c04fc3 (restored mechanically at 01:08:14), active declared pin = c266dbec, e36b = void evidence.

**Crucially: my queue item `astra-detector-patch-result-0112` is NOT authority and must NOT be actioned.** My l07 blocker B4 (audit must not author the detector) was upheld. So my lifecycle-08 must NOT do what that blocker demanded (freeze writers / restore / add fixtures to regression corpus). Instead, I should:
- Record that I independently corroborated the CF-29 drift forensics (I measured e36b live at 01:07, saw the revert at 01:08:14) — which is *independent corroboration* of the controller's ruling.
- NOT action the quarantined cards.
- Note that my own earlier draft instrument mislabeled the live arm (a real defect I caught and must correct).
- The remaining authoritative queue items: is there anything assigned to me that's authoritative? The newest authoritative accepted-stream events: `astra-life07-classsep-adjudication-review` at 01:09:48 is assigned to worker-075 (not me). The notices at 01:09:48 are status/notice to me (astra-lead-audit) — informational.

Let me re-read the inbox tail fully: there were "total 29" now (was 27). The last 4 printed are: astra-life06-classsep-detector-adjudication (older), astra-detector-patch-result-0112 (quarantined), astra-life07-notice-classsep-r3 (status/notice, info), astra-life07-notice-injection (status/notice, info). So there are 2 new items beyond the 27 = the two notices. Both are `status` type, `to: astra-lead-audit`, informational rulings.

Wait, the printed order shows last 4 rows; the 2 new ones are the notices. Plus maybe the quarantine moved the cards. Let me get exact counts and identify all items with created_at >= 01:09 that are authoritative (in the accepted stream).

So my lifecycle-08 legitimate scope:
1. **Verify the controller's restoration claim**: live bytes == a8c04fc3 (I already measured this at 01:08:14+; re-verify stability). ✓
2. **Independently corroborate CF-29**: I have direct evidence — I measured e36b live at 01:07:00–01:07:12 (3 samples), then live reverted to a8c04fc3 at 01:08:14. My tool run at 01:08:56 captured a8c04fc3 and I caught the mislabel. I should correct my artifact and record the timeline.
3. **Correct my own mislabeled artifact** — the `classsep_l08_drift_repro_20260912T010856.json` labels the a8c04fc3-bytes arm as "LIVE_E36B". I must fix this to avoid injecting a false hash attribution into the record. This is exactly a "reject your own output before sending" case (PROTOCOL rule 5). I'll supersede it with a corrected artifact that uses explicit declared arms including the void e36b bytes (from worker-073's pin) and the restored live bytes.
4. **Re-run the census with correct arm labels** to produce the definitive l08 census: PRE_C266, A8C04FC3 (active declared live), E36B_VOID (evidence-only), STAGED, PROSEFIX + LIVE_NOW (dynamic). This gives the before/after hash record the controller asked for (formally re-freeze with before/after hashes) — but as *evidence*, not as an adoption decision.
5. **Check the independent review requirement**: worker-075 is assigned the r3 adjudication review. I should verify whether that review has landed and whether it reproduces. If not landed, note it. As audit lead I authored the r3 card, so I cannot be its independent reviewer. I can check worker-075's review when it lands.
6. **Emit events + checkpoint + STATUS update**.
7. **Report blockers**: 
   - B1: quarantine corroboration / directive conflict resolution.
   - B2: the mislabeled-artifact self-correction (or just fix it and note).
   - B3: map growth 383 → 461 (live counts bind snapshot).
   - B4: the active pin c266dbec differs from the restored live bytes a8c04fc3 — i.e., the "restore" restored to a8c04fc3, NOT to the REC-22 active pin c266dbec. That's a real discrepancy worth reporting: controller says "active pin stays c266dbceca87, and the live bytes were mechanically restored to the adjudicated a8c04fc31e4a". So the live bytes (a8c04fc3) ≠ active pin (c266dbec). That's per the controller's own ruling (a8c04fc3 is "the adjudicated" revision), but it means the canonical live detector still differs from the declared active pin by the 3-line guard. My census shows this matters: a8c04fc3 has cueFNhi=1 (A04) and w035 13/23 vs c266dbec cueFNhi=0, w035 11/23. So the live bytes carry a known FN (A04) relative to the pin. Honest reporting: the round's binding pin c266dbec is NOT what executes when audit_evidence runs on live bytes — a measurement-integrity gap: any audit run now uses a8c04fc3 while the pin says c266dbec. That is a genuine, high-value blocker for G-AUDIT.
   
   Actually wait — is that right? Let me verify: audit_evidence.py imports `class_separation` from research_map/, i.e., the live file. So yes, the live bytes are what execute. If the declared pin is c266dbec but live is a8c04fc3, then "pin" is descriptive of intent, not of execution. My census: at the l07 383-claim snapshot, live a8c04fc3 gives hard=19, c266dbec gives hard=24. So the hard count cited in the r3 adjudication (19) depends on the restored live bytes being a8c04fc3 — the controller did restore to a8c04fc3 precisely so the adjudicated count (19) holds. OK so the controller's restoration to a8c04fc3 was deliberate: "restored to the adjudicated a8c04fc31e4a before the review". Good — so it's coherent: the round's operative revision is a8c04fc3, the "active pin" (declared baseline) is c266dbec. The tension is real but intended. I should report it as a *documented* discrepancy needing an explicit pin-refresh decision, not as a defect.
   
   - B5: my own instrument mislabel (self-corrected).
   - B6: e36b void-write preserved as evidence; no further detector writes or round voids.
   - B7: live map growth 383 → 461 (bind snapshot).

8. **One independent lifecycle then exit.**

Let me also check the controller verification files to read the rulings precisely:
- runtime/state/controller_verification/cf29-detector-write-forensics.json
- runtime/state/controller_verification/astra-lifecycle-07-decisions.json
- runtime/state/controller_verification/class_separation.e36b0d644ca.evidence.py

Let me read those, and check the accepted stream for the newest notices. Then rewrite the instrument and re-run.

Also check worker-075's review status (astra-life07-classsep-adjudication-review) — has anything landed? reviews/ listing earlier showed no worker-075 classsep review at that time. Let me check now.

Let me proceed.
dsh: reasoning:
The `astra-lifecycle-07-decisions.json` referenced in the notice doesn't exist yet at that path (maybe written later, or the filename differs). Let me search for it.

Also note the CF-29 forensics has a slight oddity: `before_sha256` == `unauthorized_sha256` == e36b, `restored_sha256` = a8c04fc3. So they consider the "before" (relative to restoration) to be e36b. Fine.

Note: the forensics records `restored_from: worker-073 pin a8c04fc3`. So the restore source is worker-073's pinned copy — matches my measurement.

Now: the authoritative state:
- Active pin: c266dbec (declared, frozen)
- Operative live bytes: a8c04fc3 (restored, adjudicated r3 APPLIED)
- e36b: void evidence
- Any further detector write voids the round
- Independent review of r3 by worker-075 due 02:30

My lifecycle-08 should now do the *right* things:
1. Confirm quiescence: live == a8c04fc3, and note the pin discrepancy explicitly (declared pin c266dbec vs operative live a8c04fc3) as a measurement-binding issue requiring controller action — this is a legitimate audit finding. Actually the controller already knows (the ruling says pin stays c266dbec and live restored to a8c04fc3). But the *consequence* — that audit_evidence executes a8c04fc3 while the declared pin is c266dbec, so "hard count at the pin" and "hard count at live" differ (24 vs 19 on the l07 snapshot) — is an audit-relevant measurement-binding fact. The r3 adjudication's 19 is a live-bytes count, not a pin count. I should report that distinction clearly.
2. Correct my mislabeled artifact (self-correction) and re-run the census with explicit arms: PRE_C266, LIVE_A8C04FC3 (operative), E36B_VOID (evidence), STAGED, PROSEFIX. Bind to a fresh map snapshot.
3. Corroborate CF-29 independently with my own timeline (I observed e36b live 01:07:00–01:07:12 and the revert at 01:08:14) — this is exactly the kind of independent corroboration the controller recorded ("Their state claim is independently corroborated (CF-29)").
4. Verify the independent review assignment (worker-075) — check if the review landed and whether it's non-author. If not landed, record pending.
5. Emit events + checkpoint + STATUS update. Report blockers.

Let me first find the life07 decisions file and check worker-075 review status. Then rewrite the instrument.

Let me search.
dsh: reasoning:
Important: `reviews/CLASSSEP-adjudication-review-017.json` (10315 bytes, 01:09) — that's the independent review of my r3 adjudication! Reviewer: worker-017? The assignment said worker-075 must independently reproduce, but this file is "review-017". Let me read it. Also `reviews/A1-classsep-review-worker-073-union-separability.json`.

Let me read the CLASSSEP-adjudication-review-017.json — it's the independent non-author review at the frozen hashes. As the author of the r3 card, my lifecycle should record whether the review landed and what it found (accept/revise/reject), and whether it reproduces.

Let me read it. This is critical for the G-AUDIT state.
dsh: reasoning:
This is a very thorough independent review by worker-017. Key results:

1. **EXACT reproduction** of all my r3 census numbers: 0 mismatches, 7/7 controls. This is strong: my r3 adjudication is independently reproduced.
2. Decision recheck: recomputed adoptable arms = [] → matches.
3. Live finding classification: 19/19 metalinguistic mention, 0 first-order assertions. Confirms the FP reading.
4. A04 HIGH cue-FN independently reproduced ("not fired by a8c04fc3 or e36b0d64").
5. **Two blocking hard failures**:
   - B17-CS-01: APPLIED is a moving target inside the round (e36b write + rollback during freeze; no event). Falsifier triggered for the live canonical file; "one independent review at frozen hashes" cannot certify the bytes the decision will govern.
   - B17-CS-02: Three hashes simultaneously "the" detector: map's active frozen_artifacts pin = c266dbec; adjudicated APPLIED = a8c04fc3; transient = e36b0d64. Needs controller to name one detector-of-record with pre/post hash and update frozen_artifacts + APPLIED pin together.
6. Verdict: **revise, score 4.0** — with blocking findings.

So my lifecycle-08 now has a clear, legitimate, high-value job:
- The independent review (worker-017) landed with verdict `revise` + 2 blocking findings.
- The controller has since (01:08–01:09:48) recorded CF-29 forensics and issued REC-29/30/31 rulings that partially address B17-CS-01 (records the write/rollback with pre/post sha256, voids e36b, restores a8c04fc3) and partially B17-CS-02 (pin stays c266dbec, live restored to a8c04fc3, but **no single detector-of-record named** — the discrepancy persists: declared pin c266dbec vs operative live a8c04fc3).
- My job as audit lead in lifecycle-08: **adjudicate the review** into the audit record — i.e., record the review's verdict and hash-bound findings, state which are resolved by the controller rulings and which remain open, and emit the resulting status/blockers. That's exactly the "review → adjudicate → events → checkpoint" pattern, and it's independent of my authorship of the r3 card (I'm adjudicating a review *of* my card, which is allowed; I must not count it as a gate self-pass).

Also, I must run the audit's own reproduction at the *current* operative bytes and map state, which I have (l08 drift repro). But my earlier artifact mislabels the live arm. I need to produce the corrected version.

Let me now also check the rest of the review file (findings N17-CS-02..) to capture all non-blocking findings. Let me read the tail.

Then plan the lifecycle-08 deliverables:
1. Corrected measurement artifact: `classsep_l08_drift_repro_<stamp>.json` with explicit arms + live/history + map binding. (Supersede the mislabeled one.)
2. Adjudication artifact: `reviews/CLASSSEP-adjudication-review-adjudication-l08.json` (or similar) — the audit lead's disposition of worker-017's review: reproduce? accept findings? which are resolved by REC-29/30/31 and which remain open. This is the key new review artifact.
3. Events: artifact(s), review (verdict on the review), status (A1/G-AUDIT state), blockers (detector-of-record unresolved; map growth; e36b void round-integrity).
4. Lifecycle-08 checkpoint + STATUS.md update.

Also, verify the hash of my r3 adjudication still = 7714ffd5b467 (the review binds it) and that worker-017's report artifacts exist and hash-match their cited prefixes.

Let me read the rest of the review and verify cited hashes.

Time check: it's ~01:11 now. Let me be efficient.

Let me read the tail of the review.
dsh: reasoning:
All cited hashes verify:
- r3 adjudication: 7714ffd5b467 ✓
- drift_timeline.json: 141bcca91972 ✓
- report.json: 07960bdf4f93 ✓
- report_pinned_a8c04fc3.json: afd993767da5 ✓
- live: a8c04fc31e4a (restored, stable)

Now I have everything to do a rigorous lifecycle-08. Let me now correct my instrument and re-run with explicit, correctly-labeled arms.

Redesign the instrument (v2):
- Arms (all explicit, cited):
  - `PRE_C266` → worker-049 recovered copy (c266dbec)
  - `LIVE_A8C04FC3` → worker-073 pin a8c04fc3 (the restored operative bytes; also snapshot into artifacts/audit/pins/)
  - `VOID_E36B` → worker-073 pin e36b (void evidence, preserved)
  - `STAGED_E2D2` → proposed/class_separation.py
  - `PROSEFIX_DC8A` → worker-049 prosefix
- `LIVE_NOW` → dynamic: snapshot whichever bytes are live at run time, name by hash; assert byte-identity.
- Record `live_history` with the observed timeline (my own observations with timestamps).
- Corpora: A, B(l07 snapshot), B(l08 fresh snapshot), C, D, M (meta fixtures).
- Verify pins pre/post, including the review artifacts and controller forensics.
- Output corrected JSON with an explicit `supersedes` field pointing at the mislabeled artifact.

Let me also mark the earlier artifact as superseded. I'll write a small `supersedes` note into the new artifact, and also record in the checkpoint. The old file stays on disk as evidence (don't delete — evidence preservation), but I'll clearly flag it as mislabeled and superseded.

Wait — one consideration: should I keep the old JSON? Yes: preserving it and documenting the mislabel is the honest approach. But it might be cited erroneously. I'll add a `.SUPERSEDED` sidecar? Hmm, I can't easily annotate a JSON without editing it. I could rename it to `classsep_l08_drift_repro_20260912T010856.MISLABELED.json` — renaming changes the path (it's my own artifact, not yet emitted). That prevents downstream misuse. Actually, since I haven't emitted it as an event, no one has cited it. Cleanest: rename it with a `.mislabeled-superseded` suffix and document in the new artifact. Let me do that.

Actually — simpler and safer: I'll rewrite it in place with a corrected `supersedes`/mislabel note? No — that would falsify the record of what I originally produced. Best: rename to make the defect explicit in the filename, then produce the corrected artifact. Let me do:
`mv classsep_l08_drift_repro_20260912T010856.json classsep_l08_drift_repro_20260912T010856.MISLABELED-live-arm-void.json`
and same for `_latest.json` → I'll just overwrite `_latest.json` with the corrected run.

Good.

Now, before re-running, note the map has grown (461 claims at 01:08:56). Let me check current map claims/hash. The l08 snapshot from the earlier run is still a valid frozen snapshot (it captured 461 claims at 01:08:56). I could reuse it, but the new run will take a fresh snapshot anyway. Fine — it gives me a second measurement window; if claims grew again I can report drift.

Let me rewrite the tool now. I'll modify the existing file (edit) rather than create a new one — it's my own file, and I need to read it first (I created it this session, so edit is fine).

Key changes:
1. ARMS built with explicit names.
2. Add VOID_E36B arm.
3. Live arm snapshot + dynamic naming.
4. live_history timeline.
5. Add review/forensics pins.
6. Add `supersedes` field.
7. Print summary.

Let me write the new version wholesale (write tool) since changes are extensive.
dsh: reasoning:
Now rename the mislabeled v1 artifact and run v2.

Note: the pins dir has `class_separation.live.a8c04fc31e4a.py` from v1 (which is a duplicate of worker-073's a8c04fc3 pin). That's fine — it's a byte-verified copy. v2 will create `class_separation.live_now.a8c04fc31e4a.py` too. Slight redundancy but harmless. Actually let me remove the v1-created pin? No — it's evidence of the v1 run; but it's a duplicate. Keep it; harmless. Actually it could confuse. I'll leave it since it's a valid byte copy, and v2 explicitly names its own.

Let me rename v1 and run v2.
dsh: reasoning:
While that runs, let me prepare the adjudication artifact content and check a few remaining things:

1. The map's `frozen_artifacts` pin for class_separation.py — the review says the map's active frozen pin is c266dbec. Let me verify in research_map.json.
2. Check whether the controller's life07 decisions file was written elsewhere (maybe `runtime/state/controller_verification/` will get it later).
3. Check the quarantine files to confirm the exact quarantined lines and that the directive cards are indeed in quarantine.
4. Check what other gate state exists so my status event is accurate (G-AUDIT pending; G-FORM/G-FUN etc.).

Let me do these while the job runs.

Also, I should think about what the "adjudication of the review" artifact should contain:
- target: reviews/CLASSSEP-adjudication-review-017.json (sha)
- review verdict: revise 4.0, with 2 blocking hard failures + 5 non-blocking findings
- audit lead disposition: 
  - Reproduction claim: verified hashes of cited evidence; exact-reproduction claim accepted on the record (independent runner, 7/7 controls).
  - B17-CS-01 (moving target inside round): **RESOLVED in part by controller CF-29 + REC-29/30** — the write/rollback are now recorded with pre/post sha256 and authority (forensics file), e36b is void, operative bytes restored to a8c04fc3, and the review's own falsifier condition (round stays open) is addressed. Remaining: no accepted-stream event named e36b at measurement time (the controller has now recorded it).
  - B17-CS-02 (three simultaneous detector hashes / no detector-of-record): **OPEN**. The controller ruling keeps the declared pin c266dbec while the operative executing bytes are a8c04fc3; `frozen_artifacts` still pins c266dbec. Consequence measured this lifecycle: at the l07 383-claim snapshot the live-executed count is 19 (a8c04fc3) vs 24 (c266dbec); the r3 "19" is therefore a live-bytes count, not a pin-bytes count. Needs controller to name detector-of-record and update frozen_artifacts + APPLIED pin together.
  - N17-CS-01/02/03/04/05: accepted; N17-CS-04 (A04 FN survives both a8c04fc3 and e36b) accepted and carried; N17-CS-03 (decision (c) robust at e36b) — my own v2 measurement confirms e36b behaviorally inert on the corpora I ran (need the numbers).
- Verdict on the review itself: accept the review (it's a faithful, exact reproduction with well-formed blocking findings); do NOT promote a gate.
- Note: the review's own status is `revise` toward my r3 card; since the r3 card's decision (c) stands and the blocking items are controller-level, the audit record should mark the r3 card as "revise — controller-gated, decision unchanged".

That's the honest handling.

Also, I must be careful NOT to claim to "adjudicate" in a way that self-passes G-AUDIT. G-AUDIT stays pending.

Let me check the map frozen_artifacts and quarantine while waiting.
dsh: reasoning:
Critical new facts:
1. **Map has grown to 483 claims** (hash a5e5ec532371d62b), updated_at 01:10:29. So it moved again since my snapshot (461 claims at 01:08:56).
2. Quarantine sha hashes verify (8fadc241... matches CF-29).
3. The map has `controller_findings[28]` = REC-29 ruling on e36b; `frozen_artifacts[2].path = research_map/class_separation.py`.
4. The map has `assignments[126]`: "Exactly one INDEPENDENT non-author review of the landed r3 CLASSSEP adjudication at the fr..." — that's the worker-017 review assignment (landed).
5. Map blockers[45], [46] describe the detector moves.

Let me read the v2 results, then check the map's frozen_artifacts[2] entry (the actual pin) and the controller_findings about the detector.

Then write the adjudication artifact and emit.

Let me read the job output.
dsh: reasoning:
The corrected v2 results:

| arm | 27fix | sens | spec | cueFNhi | w035 | meta probe |
|---|---|---|---|---|---|---|
| PRE_C266 | PASS | 4/6 | 1/10 | 0 | 11/23 | assert 3/3, mention 0/3 |
| LIVE_A8C04FC3 | PASS | 4/6 | 3/10 | 1 | 13/23 | assert 1/3, mention 2/3 |
| VOID_E36B | PASS | 4/6 | 4/10 | 1 | 13/23 | assert 0/3, mention 3/3 |
| STAGED_E2D2 | PASS | 5/6 | 1/10 | 0 | 11/23 | assert 3/3, mention 0/3 |
| PROSEFIX_DC8A | PASS | 4/6 | 10/10 | 10 | 23/23 | assert 1/3, mention 3/3 |
| LIVE_NOW_a8c04fc3 | PASS | 4/6 | 3/10 | 1 | 13/23 | assert 1/3, mention 2/3 |

Key confirmations:
- LIVE_NOW == LIVE_A8C04FC3 exactly on every axis → quiescent, no drift during round, and the restored operative bytes are exactly the adjudicated r3 APPLIED bytes. ✓
- VOID_E36B: spec 4/10 (vs 3/10), meta assert 0/3, mention 3/3 → the void write silences one more mention (M01? Let me check: meta probe improve mention 2/3→3/3 but assert 1/3→0/3) — it over-suppresses one more genuine assertion. So the void write was worse on the assertion axis and better on mention; still no adoption. Matches worker-017's N17-CS-03 ("the hunk only silences one corpus-C mention M7 and three meta findings", APPLIED spec 4/10 there).
- No adoptable arms. Decision (c) robust at all three hashes.
- Map grew: l07 snapshot 383 claims → l08 snapshot 483 claims. Big growth (100 claims in ~7.5 min).

Now, "pins moved during round: NONE" — but the map moved between my two snapshots. During the v2 round the map was quiescent. Good.

Now let me check the l08 corpus-B counts for the arms (hard counts at 483 claims) and the map's frozen_artifacts[2] pin + controller_findings.

Then write:
1. `reviews/CLASSSEP-adjudication-review-adjudication-l08.json` — the audit lead's disposition of worker-017's review.
2. Update `artifacts/audit/STATUS.md`.
3. `runtime/state/lead_audit_lifecycle_08_checkpoint.json` + append to `lead_audit_checkpoints.jsonl`.
4. Emit events to `comms/outbox/astra-lead-audit.jsonl` via an emit script (following l07's pattern), then run ingest and validate.

Let me get the remaining numbers I need:
- corpus_b_l08_live counts for the arms
- map frozen_artifacts[2] entry
- controller_findings entries 25, 28
- check whether c266dbec is the map's frozen pin for class_separation.py

Let me query.
dsh: reasoning:
I now have all the facts. Note a critical measurement nuance:

At the l08 483-claim snapshot:
- LIVE_A8C04FC3 hard=23, fp=17, unlabeled=6
- VOID_E36B hard=20, fp=15, unlabeled=5

So at the *current* map, e36b would give 20 hard. My v2 confirms it's not adopted.

At the l07 383-claim snapshot:
- LIVE_A8C04FC3 hard=19 (matches l07's 19 and worker-017's reproduction exactly)
- VOID_E36B hard=16 (matches worker-017's "live hard 19->16" for e36b!)
- PRE_C266 hard=24 (matches worker-017: PRE c266dbec B 24/16)
- STAGED hard=25 (matches worker-017: STAGED 25/16)
- PROSEFIX hard=1 (matches: PROSEFIX B 1/1)

Excellent — my independent v2 reproduces worker-017's numbers exactly, including the e36b hard=16 at the l07 snapshot. That's a strong three-way agreement (r3 card ↔ worker-017 review ↔ my l08 re-run).

Also `frozen_artifacts[2]`: active=True, sha=c266dbec, frozen 23:30:20. So the declared pin is c266dbec while the live operative bytes are a8c04fc3 → the B17-CS-02 discrepancy is confirmed by the map itself. This is a real, unresolved, blocking item: `audit_evidence.py` will report "frozen artifact drift" against the active pin every time it runs (because live != pin). Let me verify that claim directly: run `classsep_regression.py` and check `audit_evidence.py` drift detection. Actually the astra quarantined blocker claimed "full audit_evidence reports 21 hard findings and detects frozen artifact drift". I can verify the drift-detection part cheaply without running the full audit: audit_evidence's drift check compares frozen pin to disk. Live a8c04fc3 != pin c266dbec → drift=true. That's deterministic. But let me actually run the full audit to get the current hard count and drift flag — it's the canonical command and the numbers matter.

Concern: audit_evidence writes runtime/state/artifact_hashes.json. I'll snapshot its hash before/after and report. It's a derived cache. Let me run it.

Actually — should I? PROTOCOL lists it as a controller command. l07's STATUS says "run classsep regression plus full audit" was requested by the (quarantined) directive; but the controller ruling supersedes. Still, running the canonical audit read-only-ish as *evidence* is legitimate audit work and gives me the authoritative hard count + drift flag at the current map. I'll do it and record the before/after hash of artifact_hashes.json. And I will NOT edit anything.

Also run `runtime/bin/classsep_regression.py` (the standing regression) — it writes to runtime/state/classsep_regression/. That's its designed output dir. Fine.

Let me run both now, capturing output. Then build the adjudication artifact + emit.

Let me be careful about time: it's ~01:12. Let me move efficiently.

Plan:
1. Run classsep_regression + audit_evidence, capture outputs to artifacts/audit/.
2. Write adjudication artifact `reviews/CLASSSEP-review-adjudication-l08.json`.
3. Update STATUS.md.
4. Write and run emit script → outbox events; then run `python3 research_map/comms.py ingest`, `validate_map.py`.
5. Write lifecycle-08 checkpoint.
6. Report.

Let me run the two canonical commands now (background) and meanwhile draft the adjudication artifact.

Actually, running audit_evidence may take a while on the 483-claim map with artifact hashing (it hashes many artifacts). Let me run in background with a timeout.

Let me also double check: does audit_evidence have a `--write-hashes` flag that defaults True... I can't disable. I'll record before/after.

Let me start it.
dsh: reasoning:
While that runs, let me draft the adjudication artifact. I'll write it as a JSON file.

`schema`: review-adjudication
Content:
- artifact, actor (astra-lead-audit), created_at, node_id A1, gate G-AUDIT
- target: reviews/CLASSSEP-adjudication-review-017.json sha256, reviewer worker-017, verdict revise 4.0
- adjudication: "accept the review; the review's reproduction is exact and independently confirmed by this lifecycle's re-run; the two blocking hard failures are controller-scope, one partially resolved by CF-29/REC-29/30 and one open."
- evidence: my l08 repro artifact hash, review hash, cf29 hash, map frozen_artifacts entry.
- dispositions per finding.
- what this changes: r3 decision (c) stands; no adoption; no gate verdict; G-AUDIT pending.
- residual blockers.

Let me compute hashes after I write the file... actually I need the hash of my repro artifact: bfca09465056 (from the run). Let me get the exact path/sha.

Also let me read the full review's `artifact_refs`, `falsifier`, `no_gate_self_pass` fields to cite accurately.

Let me check those fields quickly, then write the adjudication.
dsh: reasoning:
Excellent — the canonical full audit confirms:
- **24 hard findings, 0 soft** at the current live bytes (a8c04fc3) and current map (483 claims). Note: count 23 in my corpus-B (classsep-only hard) vs 24 in full audit — the 24th is the `frozen artifact drifted during review` hard failure, which is the B17-CS-02 discrepancy! That's an important reconciliation: my corpus-B measures only CLASSSEP findings (23), while full audit_evidence adds the frozen-drift failure → 24 hard.
- **Regression: leaks detected 17/17, controls clean 10/10, FP 0 FN 0, VERDICT PASS, exit 0.**
- `artifact_hashes.json` changed: 4856fccf → 855f04e6 (derived cache regenerated; I'll record that).

So the current full-audit picture:
- 23 CLASSSEP metalinguistic-mention hard findings + 1 HARD "frozen artifact drifted during review: c266dbec -> a8c04fc3" = 24 hard.
- That drift failure is exactly B17-CS-02: the declared frozen pin (c266dbec) ≠ operative live bytes (a8c04fc3). Every full audit will hard-fail on this until the controller names the detector-of-record and updates the frozen pin.

This is the single most important actionable finding of lifecycle-08: **B17-CS-02 is not merely a documentation ambiguity; it produces a standing HARD failure in the canonical evidence audit** (24 hard instead of 23), which blocks G-AUDIT adjudication regardless of the CLASSSEP decision. The fix is controller-scope: adopt a8c04fc3 (or roll back to c266dbec) and update `frozen_artifacts` + the adjudication APPLIED pin together.

Now let me build the deliverables:

1. `reviews/CLASSSEP-review-adjudication-l08.json` — the audit-lead adjudication of worker-017's review, including:
   - target review hash, verdict revise 4.0, exact reproduction accepted
   - my independent re-run confirming numbers incl. e36b hard=16 at l07 snapshot
   - canonical regression PASS + full audit 24 hard (23 CLASSSEP + 1 frozen-drift)
   - dispositions: B17-CS-01 partially resolved by CF-29/REC-29/30 (write/rollback recorded with pre/post hashes; authority = controller; detector-of-record NOT yet named), B17-CS-02 OPEN and now measured as a standing canonical HARD failure
   - N17-CS-01..05 accepted
   - r3 decision (c) stands; no gate verdict; G-AUDIT pending
   - residual blockers
2. Update STATUS.md
3. Emit events + checkpoint

Let me get the exact hashes of the audit/regression outputs and the artifact_hashes before/after, then write the adjudication artifact. Then compute its hash, then emit.

Let me write the adjudication JSON now. I need to be careful to include cited sha256s.

Evidence hashes:
- review: reviews/CLASSSEP-adjudication-review-017.json → need sha
- repro artifact: artifacts/audit/classsep_l08_drift_repro_20260912T011100.json → bfca0946505660bf4c85...
- instrument: artifacts/audit/classsep_l08_drift_repro.py → need sha
- meta fixtures: artifacts/audit/meta_audit_fixtures_l08.json → need sha
- regression txt: artifacts/audit/l08/classsep_regression_l08.txt → need sha
- audit txt: artifacts/audit/l08/audit_evidence_l08.txt → need sha
- CF-29: runtime/state/controller_verification/cf29-detector-write-forensics.json → need sha
- map frozen pin entry: research_map/research_map.json → a5e5ec532371... (but map is moving; bind to current)

Let me compute all hashes.
dsh: reasoning:
Now write the adjudication artifact. Let me create `reviews/CLASSSEP-review-adjudication-l08.json`.

I need to be precise and honest. Structure it like the other review artifacts with the required fields.

Key content:

```json
{
  "artifact": "CLASSSEP-review-adjudication-l08",
  "event_type": "review",
  "reviewer": "astra-lead-audit",
  "target_id": "reviews/CLASSSEP-adjudication-review-017.json",
  "node_id": "A1",
  "gate": "G-AUDIT",
  "class_ids": [...],
  "created_at": ...,
  "target": {path, sha256 d8c9a093..., reviewer worker-017, verdict revise, score 4.0},
  "independence": {
    "declared": "astra-lead-audit authored the r3 adjudication under review and therefore does NOT review it; this artifact adjudicates a review of audit's own output. It sets no gate verdict, no validation_status, and does not count as the independent review.",
    "read_only": "no canonical, proposed, corpus or schema write this round; detector untouched; meta fixture set is audit-authored evidence kept OUT of the canonical 27-fixture corpus."
  },
  "reproduction": {
    "third_party_agreement": "three-way exact agreement ...",
    ...
  },
  "dispositions": [...],
  "hard_failures": [...],   // carried forward open items
  "findings": [...],
  "no_gate_self_pass": true,
  "falsifier"/"next_falsifier"
}
```

Dispositions:
- B17-CS-01 (blocking): status `partially-resolved` — CF-29/REC-29 record the write (a8c04fc3→e36b at 01:06:12) and the restore (→a8c04fc3 at 01:08:14) with pre/post sha256, authority, and void e36b; the audit independently observed the same timeline. Still open: the review's own falsifier requires "protocol events with pre/post sha256 and controller authority ... AND the detector-of-record is named" — the second conjunct is unmet, so B17-CS-01 is not fully falsified → carried as open on the detector-of-record clause.
- B17-CS-02 (blocking): `open-confirmed-worse` — not only a documentation ambiguity: the canonical `audit_evidence.py` run this lifecycle hard-fails `frozen artifact drifted during review: c266dbec -> a8c04fc3`, making the full-audit hard count 24 = 23 CLASSSEP + 1 drift. Needs controller to name detector-of-record, update frozen_artifacts + APPLIED pin together.
- N17-CS-01: accepted (exact reproduction). My independent re-run reproduces the same per-arm numbers.
- N17-CS-02: accepted (19/19 metalinguistic; 2 unlabeled honest).
- N17-CS-03: accepted (decision (c) robust at e36b; my re-run: e36b spec 4/10, cueFNhi 1, no arm adoptable).
- N17-CS-04: accepted and carried (A04 FN survives a8c04fc3 and e36b; my meta-fixture: M04/M06 are FN under both).
- N17-CS-05: accepted as a residual limitation (corpus C adjudicator-authored).

New lifecycle-08 measurements:
- Corrections: v1 mislabel, self-caught, superseded.
- Live quiescence: live == a8c04fc3 across the round.
- Map growth 383 → 483 claims.
- canonical regression PASS 17/17 leaks, 10/10 controls.
- canonical full audit 24 hard / 0 soft, exit 1.
- meta-audit fixtures: no arm passes; PROSEFIX over-suppresses (M02/M04 FN), a8c04fc3 misses M04/M06, PRE misses all 3 mentions.
- artifact_hashes.json regenerated 4856fccf → 855f04e6 (derived cache).

Also note: because the map grew to 483, the live hard count moved 19 → 23; any citation of "19" binds the l07 snapshot f344ed2aaea5.

Let me write it.
dsh: reasoning:
Wait — I made an error: I wrote a placeholder sha256 for the review target ("d8c9a093861a3154f5c0dd4a5b0bbb8b6a5c3f1b6c9e4f1a2d3a4b5c6d7e8f90") which is NOT the real hash. I only measured the 16-char prefix d8c9a093861a3154. I must fix this — writing a fabricated full digest is exactly the kind of error this project punishes. Let me get the real full sha256 and replace it, and remove the confusing "note" field.

Also the sentence in AUD-L08-02 is awkward: "survives the declared pin c266dbec? no — it is introduced relative to the pin and survives a8c04fc3 and e36b0d644ca7". That's confusing. Let me check: is A04 an FN on c266dbec? From corpus_d cue_induced_fn_high_confidence: PRE_C266 = 0, LIVE_A8C04FC3 = 1 (A04), VOID_E36B = 1 (A04), STAGED = 0, PROSEFIX = 10. So on c266dbec, A04 IS fired (0 cue-FN). The A04 FN is *introduced* by the a8c04fc3 guard relative to the pin. So the accurate statement: "the declared pin c266dbec fires A04; the operative bytes a8c04fc3 and the void e36b0d644ca7 suppress it; no measured arm both fires A04 and clears the metalinguistic mentions."

Let me fix both issues precisely.

Let me get the real full hash first.
dsh: reasoning:
Confirmed: PRE_C266 has cueFNhi=0 (A04 fires), LIVE_A8C04FC3 and VOID_E36B have cueFNhi=1 (A04 suppressed). So the A04 FN is introduced by a8c04fc3 relative to the pin.

Now fix the two errors in the adjudication file:
1. Replace the fabricated full sha with `d8c9a093861a315425754ce98b61243b944e998749a5ba15671deb48c3e63027` and delete the misleading note.
2. Fix AUD-L08-02 statement.

Let me use edit.
dsh: reasoning:
Now validate the JSON parses, and check the file's hash. Then update STATUS.md, write the emit script, emit events, ingest, validate, and write the lifecycle checkpoint.

Let me validate + hash.
dsh: reasoning:
Adjudication artifact: `reviews/CLASSSEP-review-adjudication-l08.json` sha256 `369da9a60c34d2ec...`

Now update the todo list and proceed to:
1. Update STATUS.md.
2. Write the emit script for lifecycle-08 events.
3. Emit events to outbox.
4. Run ingest + validate_map.
5. Write lifecycle-08 checkpoint + append to checkpoints jsonl.
6. Report.

Let me update the todos first.

For the emit script, I'll follow l07's pattern: idempotent, writes only outbox + runtime/state/lead_audit_*. Events to emit:

**artifact** events:
- `audit-l08-art-classsep_l08_drift_repro` → artifacts/audit/classsep_l08_drift_repro_20260912T011100.json
- `audit-l08-art-classsep_l08_instrument` → artifacts/audit/classsep_l08_drift_repro.py
- `audit-l08-art-meta_audit_fixtures` → artifacts/audit/meta_audit_fixtures_l08.json
- `audit-l08-art-review-adjudication` → reviews/CLASSSEP-review-adjudication-l08.json
- `audit-l08-art-regression-output`, `audit-l08-art-audit-output`
- `audit-l08-art-superseded-mislabeled` → the MISLABELED file (evidence of self-correction)
- `audit-l08-art-l08-map-snapshot`

**review** event: verdict on the review — `accept`? The PROTOCOL review types: verdict (accept|revise|reject|inconclusive). For a review-of-review adjudication, the natural verdict is `accept` of the review (the review itself is well-formed and its reproduction is confirmed), while carrying its blocking findings forward. Hmm, but "review — target_id, reviewer, verdict, score, hard_failures, findings". I'll emit `review` with target_id = the worker-017 review, verdict `accept`, score 4.0, hard_failures = the two carried items (AUD-L08-01/02), findings = dispositions summary.

**status** event: A1/G-AUDIT status — active, summary of lifecycle-08.

**blocker** events:
- `audit-l08-b1-detector-of-record` (B17-CS-02 / AUD-L08-01) — blocking, needs controller
- `audit-l08-b2-a04-clause-fn` (AUD-L08-02) — blocking, needs non-audit writer
- `audit-l08-b3-map-growth` — non-blocking measurement binding: map 383→483, counts bind snapshots
- `audit-l08-b4-quarantine-corroboration` — record that audit did not action quarantined cards; corroborates CF-29/30 & upholds B4
- `audit-l08-b5-self-correction` — the mislabeled artifact, corrected (informational)
- `audit-l08-b6-standing-drift-hardfail` — the canonical audit hard-fails on instrument drift (this is really part of b1 but worth its own measured fact). Maybe fold into b1. I'll keep b1 for the detector-of-record (with the 24=23+1 measurement) and not duplicate.
- `audit-l08-b7-map-at-close` — maybe fold into b3.

Let me keep it to 5 blockers: b1 detector-of-record/standing drift, b2 A04 clause FN, b3 map growth binding, b4 quarantine non-action corroboration, b5 self-correction.

**direction/none** — not needed.

Also a `review` event for the review-of-review.

Let me write the emit script. It should be idempotent (skip existing event_ids in the outbox). I'll write it as `artifacts/audit/emit_lifecycle_08_events.py`.

Then run it, then `python3 research_map/comms.py ingest`, then `python3 research_map/validate_map.py`.

Let me first update todos, then write STATUS.md and the emit script.

Actually, order: emit script writes the checkpoint too (like l07). Let me have the emit script also write `runtime/state/lead_audit_lifecycle_08_checkpoint.json` and append to `lead_audit_checkpoints.jsonl`. And STATUS.md I'll write separately with the write tool.

Let me write STATUS.md first (concise, replacing the l07 card — but preserving l07 content? The convention: STATUS.md is "Audit status (live)" and gets replaced each lifecycle. l07's content is preserved in its checkpoint + outbox events. I'll replace it with the l08 card, noting the prev revision.)

Let me write STATUS.md.
dsh: reasoning:
Now write the emit script for lifecycle-08 events. It should:
- be idempotent (skip event_ids already in outbox)
- write events with actor astra-lead-audit
- write the lifecycle-08 checkpoint JSON + append to lead_audit_checkpoints.jsonl
- NOT write to the map (ingest does that)

Let me follow l07's structure. Let me read the rest of emit_lifecycle_07_events.py to match its conventions for the checkpoint write and outbox append.

Let me read the tail of that file.
dsh: reasoning:
Let me see the rest of main() to match the checkpoint-writing convention.
dsh: reasoning:
Now I'll write the lifecycle-08 emitter following the same pattern. Let me write `artifacts/audit/emit_lifecycle_08_events.py`.

Events:
1. artifact × 8:
   - ADJUDICATION = reviews/CLASSSEP-review-adjudication-l08.json
   - REPRO = artifacts/audit/classsep_l08_drift_repro_20260912T011100.json
   - INSTRUMENT = artifacts/audit/classsep_l08_drift_repro.py
   - META = artifacts/audit/meta_audit_fixtures_l08.json
   - REGRESSION = artifacts/audit/l08/classsep_regression_l08.txt
   - AUDITOUT = artifacts/audit/l08/audit_evidence_l08.txt
   - MAPSNAP = artifacts/audit/pins/classsep_l08b_map_snapshot_20260912T011100.json
   - SUPERSEDED = artifacts/audit/classsep_l08_drift_repro_20260912T010856.MISLABELED-live-arm-void.json
   - REVIEW017 (target of adjudication) = reviews/CLASSSEP-adjudication-review-017.json
2. review: target worker-017 review, verdict accept, score 4.0, with hard_failures carried.
3. status: A1, active.
4. blockers: b1..b5.
5. direction_update? The l07 already did the separability direction. I could add a direction update about the detector-of-record measurement binding. That's valuable: "stop citing CLASSSEP counts without naming the bytes they execute". Let me add one direction_update for group=audit: old = "treat the declared pin as the detector", new = "bind every count to the bytes that execute and require a named detector-of-record before any gate adjudication".

Careful about event_id uniqueness — include STAMP.

Let me write the script. I need sha() helper. And the checkpoint with full sha256s.

Let me write it now.
dsh: reasoning:
Before running, verify the MAPSNAP file exists (I named it `classsep_l08b_map_snapshot_20260912T011100.json`). Let me check the pins dir. The v2 run created `classsep_l08b_map_snapshot_{STAMP}.json` with STAMP=20260912T011100. Let me verify.

Also verify MAPSNAP path matches. And check MAPSNAP claims=483.

Let me check and then run the emitter.
dsh: reasoning:
Good. Now run the emitter, then ingest and validate.

Note: the emitter writes the checkpoint and outbox. Then `python3 research_map/comms.py ingest` pulls outbox → events.jsonl. Let me run the emitter first, then ingest, then validate_map.

One concern: ingest may race with many other active agents writing outboxes. That's normal operation. Let me run it.

Let me run the emitter.
dsh: reasoning:
17 events emitted. Now ingest + validate. Let me run the controller commands:
- `python3 research_map/comms.py ingest`
- `python3 research_map/validate_map.py`

Note: ingest may report rejects. Let me run and check that my events are accepted (not in rejected.jsonl).

Then verify my events landed in events.jsonl.
dsh: reasoning:
Ingest ran (exit 0). Let me verify my 17 events were accepted into events.jsonl. Note: ingest may have a cap on how many it pulls. Let me check whether my audit-l08 events are in events.jsonl.

Also validate_map.
dsh: reasoning:
All 17 l08 events accepted, 0 rejects, map VALID.

Now final steps:
1. Verify the checkpoint file written correctly and hashes recorded.
2. Confirm the map now contains my events (it may not have re-run ingest into the map — `comms.py ingest` writes events.jsonl, and `apply_events.py` applies them to the map? Let me check: PROTOCOL says `research_map/comms.py ingest  # pull outbox -> events.jsonl`. And there's `research_map/apply_events.py` (mentioned in the map). The validation passed. My events are in the accepted stream, which is the key requirement.

Let me check whether apply_events is a separate controller step — not my job. I'll note it.

3. One more integrity check: ensure I didn't inadvertently modify anything canonical. Let me verify:
   - research_map/class_separation.py == a8c04fc3 (unchanged) ✓ (verified during round)
   - proposed/class_separation.py == e2d24b92 ✓
   - schemas/FROZEN unchanged ✓
   - The only writes: artifacts/audit/*, reviews/CLASSSEP-review-adjudication-l08.json, comms/outbox/astra-lead-audit.jsonl, runtime/state/lead_audit_lifecycle_08_checkpoint.json, runtime/state/lead_audit_checkpoints.jsonl, runtime/state/artifact_hashes.json (by canonical audit command), runtime/state/classsep_regression/* (by canonical regression runner).

Let me do a final verification of these facts and the checkpoint content, then write the final summary.

Let me also double-check the detector hasn't moved again (any further write voids the round — I should report the state at exit).
dsh: reasoning:
Everything checks out:
- Detector canonical unchanged since 01:08:14 restore (a8c04fc3); no further write.
- proposed/class_separation.py = e2d24b92 (unchanged).
- My adjudication artifact = 369da9a60c34.
- Checkpoint written with full hashes.
- Map moved again: 483 → 498 claims at close (the map keeps growing). The checkpoint correctly records live_map_at_close 498 (updated at 01:12:39). Note: my checkpoint's l08_snapshot claims=483 binds the snapshot; live map at close is 498. Good — that's honest and shows the binding discipline I'm advocating.

Wait — one thing: the checkpoint records `audit_evidence` result as "24 hard, 0 soft" measured at map a5e5ec532371 with 483 claims; at close the map has 498. Fine, the evidence_refs bind the run.

Now: I set out to "consume queue" — the queue items:
- The 3 quarantined cards → recorded, not actioned (authority ruling).
- The notice events → recorded.
- The independent review → adjudicated.

I should also update the todos and give the final report. Also consider: should I run the `apply_events.py` step? The PROTOCOL lists controller commands including ingest, validate_map, audit_evidence, checkpoint. It doesn't list apply_events explicitly, though the map mentions it. The events are in the accepted stream, validated. The controller applies them. Not my job — and applying could race. I'll note it.

One more: is there a risk that my `direction_update` event or `review` event gets rejected at apply time? validate_map passed and ingest accepted. Fine.

Let me also verify the STATUS.md hash for the record and add it to nothing (it's a live doc). Not necessary.

Let me finalize the todo list and write the report.

Actually, one more valuable check: confirm the map now records my status/blockers under the A1 node (if apply_events ran as part of ingest). Let me check if the map contains "audit-l08" or AUD-L08. If not, that's expected — the controller applies events separately. Let me quickly check and mention in the report.

Let me check and then finish.
dsh: reasoning:
Everything is complete. Let me write the final report.

Summary of the lifecycle:
- group=audit, lifecycle lead-audit-lifecycle-08, one independent lifecycle, exiting.
- Consumed queue: adjudicated worker-017 review; recorded (did not action) the 3 quarantined cards per CF-30/REC-31.
- Key measured findings.
- Events emitted: 17, accepted 17/17, 0 rejects, map VALID.
- Blockers: 5.
- Self-correction of my own mislabeled v1.
- Exit state.

Let me write a concise but complete report as the final answer. Include the blockers clearly.
