dsh: reasoning:
I need to orient myself first — the user says to read handoff/map and comms, take one class-bound task, emit valid JSON with IDs, evidence hash, falsifier, checkpoint, then exit. Worker ID 075.

Let me explore the workspace.
dsh: reasoning:
No handoff directory at top-level pattern? Let me look more carefully. The glob pattern "handoff/**" found nothing. Let me look for "handoff" directories and "comms".
dsh: reasoning:
Found /data3/guoshaoyang/workdir/ai4math-swarm/comms. Let's explore workdir/ai4math-swarm.
dsh: reasoning:
This is the ai4math-swarm. There's HANDOFF.md, README.md, research_map/, comms/{inbox,outbox}, ledger/, schemas/, reviews/, evaluation/, runtime/. The task mentions "handoff/map and comms". Let's read HANDOFF.md and README.md, and research_map. Also comms inbox for worker 075.

Let's read files. Start with HANDOFF.md (16180 bytes), README.md, research_map contents, comms.
dsh: reasoning:
There's worker-075.jsonl in inbox. Let's read it. Also need the map — research_map directory. Let's read worker-075.jsonl and list research_map.
dsh: reasoning:
The assignment for worker-075 is in comms/inbox/worker-075.jsonl but the line was truncated to 2000 chars. I need to read the full assignment. Let me get the full JSON with a tool. The read tool truncates. Use bash with jq or python to pretty print. But policy says use read tool, not cat, for inspecting text files. But we need full content — using python/jq is fine for parsing JSON since read truncates. Let's use jq.

Also read ASTRA_HANDOFF.md (the map), and possibly ARCHITECTURE.md.

Let me get the full assignment line.
dsh: reasoning:
Now I understand the task. Worker-075 has an assignment: independent non-author review of the landed r3 CLASSSEP adjudication at frozen hashes. Deliverable: `reviews/CLASSSEP-calibration-adjudication-review.json` with per-fixture TP/FP/FN census plus exactly one verdict.

Evidence refs to check:
1. `reviews/CLASSSEP-calibration-adjudication.json#7714ffd5b467`
2. `artifacts/audit/classsep_r3_adjudication.py#fc92f4eac503`
3. `artifacts/audit/classsep_r3_map_snapshot_20260912T010324.json#f344ed2aaea5`
4. `artifacts/worker-049/classsep_fn_audit/pinned/class_separation_c266_recovered.py#c266dbceca87`
5. `research_map/class_separation.py#a8c04fc31e4a`
6. `runtime/state/controller_verification/cf29-detector-write-forensics.json`
7. `runtime/state/controller_verification/astra-lifecycle-07-decisions.json`

Requirements:
(i) reproduce 27-fixture regression 17TP/0FP/10TN/0FN at each cited arm
(ii) APPLIED live census hard=19 = 17 labeled metalinguistic FP + 2 unlabeled DETECTOR_SELF meta-claims at snapshot f344ed2aaea5
(iii) per-arm sensitivity/specificity table (APPLIED 4/6-3/10, PRE 4/6-1/10, STAGED 5/6-1/10, PROSEFIX 4/6-10/10 with 10 HIGH cue-FN) and confirm no arm meets sens>=5/6 AND spec>=9/10 AND 27-fixture PASS AND 0 HIGH cue-induced FN
(iv) attribution correction — the 10/10 cue-carrying suppression belongs to dc8aa0de3869 (prosefix), NOT e2d24b92 (staged), whose rejection rests on FP axis
(v) detector bytes research_map/class_separation.py are restored a8c04fc31e4a before and after review, and the void revision e36b0d644ca7 stays out.

Freeze: no detector write, no schema/ledger/claim edit, no gate self-pass. If any cited hash fails to reproduce → STOP and report inconclusive rather than repairing.

Also: emit valid JSON with IDs evidence hash falsifier, checkpoint, then exit.

The user's instruction: "Read handoff/map and comms. Take one class-bound task, emit valid JSON with IDs evidence hash falsifier, checkpoint, then exit. worker=075"

So I need to:
1. Read handoff/map (done partly: HANDOFF.md, ASTRA_HANDOFF.md) and comms.
2. Take the class-bound task (worker-075's assignment).
3. Do the work (read-only reproduction).
4. Emit valid JSON (the review artifact) with IDs, evidence, hash, falsifier.
5. Checkpoint.
6. Report via comms outbox (comms/outbox/worker-075.jsonl) probably.
7. Exit.

Let me set up a todo list and start reading the key artifacts. Let me first check hashes of the cited artifacts.

Let me check the map and schemas for review artifact format. Let's look at reviews/ directory and schemas.

Let me plan:
- Verify hashes of 7 evidence refs.
- Read adjudication review artifact requirements/schema (reviews dir has other review JSONs).
- Read `artifacts/audit/classsep_r3_adjudication.py` to understand the reproduction script and run it in a sandbox (read-only, no detector writes). Running the script is read-only hopefully; but need to be careful: "no detector write". Running the adjudication script presumably doesn't write detector; check first.
- Read snapshot json.
- Compute the census myself: fixture-level TP/FP/FN across arms; check the claimed numbers.
- Check attribution: dc8aa0de3869 prosefix vs e2d24b92 staged.
- Check detector hash before/after.
- Write review artifact JSON to reviews/CLASSSEP-calibration-adjudication-review.json.
- Append events to comms/outbox/worker-075.jsonl (status/artifact events).
- Checkpoint: maybe append to runtime checkpoint? The instruction "checkpoint" — likely emit a checkpoint event or write to a checkpoint file. Worker events cannot set status=done. Let me read the comms PROTOCOL.md for message formats and the schema for reviews.

Let me proceed with lots of reads. Start with the assignment hash verification and the review artifact examples and schemas.
dsh: reasoning:
Let me read comms/PROTOCOL.md, the CLASSSEP adjudication artifact, and the review examples CLASSSEP-adjudication-review-017.json / -030.json to understand format.
dsh: reasoning:
Huge file. I've got the key structure. Now, my job: independent reproduction. The adjudication script `artifacts/audit/classsep_r3_adjudication.py#fc92f4eac503` presumably runs the reproduction and emits the counts. Let me verify hashes first, then read the adjudication script, then run it (read-only) into a scratch tmp dir.

Important: freeze — no detector write, no schema/ledger/claim edit. Running the script may write to a temp output. Let me inspect it carefully first.

Let me check the hashes of all cited files.
dsh: reasoning:
Hash verification so far:
- reviews/CLASSSEP-calibration-adjudication.json: 7714ffd5b467... ✓ matches cited prefix 7714ffd5b467
- artifacts/audit/classsep_r3_adjudication.py: fc92f4eac503... ✓
- snapshot: f344ed2aaea5... ✓
- pinned PRE detector: c266dbceca87... ✓
- research_map/class_separation.py: a8c04fc31e4a... ✓ (matches restored hash, good)
- cf29-detector-write-forensics.json: b573dcfdcc20... — no hash cited in the assignment for this, so it's fine (no cited prefix). The assignment cites it without hash.
- astra-lifecycle-07-decisions.json: fc1d6fb4da6f... — no hash cited; fine.

Also need to check STAGED hash e2d24b927ee8 and PROSEFIX dc8aa0de3869.

Let me verify those two too and read the adjudication script. The adjudication script is the key reproducer. Let me read it.
dsh: reasoning:
Important: the adjudication script writes to `reviews/CLASSSEP-calibration-adjudication.json` (overwriting the frozen artifact!) and to a new snapshot `artifacts/audit/classsep_r3_map_snapshot_<STAMP>.json` and also potentially overwrites the prior superseded copy. Running it directly would violate the freeze (writes to the frozen review artifact and detector? No detector write, but it writes the review artifact = a canonical artifact edit, which is forbidden: "no detector write, no schema/ledger/claim edit"; writing the adjudication artifact would also change its hash → hash mismatch). So I must NOT run that script as-is. Instead I need to do an independent read-only reproduction.

I can reuse the *measurement functions* (`classsep_calibration` module functions, `findings_for_map`, `findings_for_text`, the runner semantics, and the worker-049 harness `measure_fixtures`) but must avoid any writes. The adjudication script writes only its snapshot + review artifact + reads everything. I need to run a read-only variant of the measurement in a scratch dir under tmp/ that doesn't modify canonical files. But even the adjudication script copies the live map to a new snapshot — that's a write to artifacts/audit (a new file). My review must not create canonical artifacts? The freeze says "no detector write, no schema/ledger/claim edit, no gate self-pass". Creating a scratch file under tmp/ is fine. I should NOT write new files under artifacts/ or reviews/ except my assigned review artifact `reviews/CLASSSEP-calibration-adjudication-review.json` (that's the deliverable, explicitly assigned).

So plan: write my own reproduction script in `tmp/w075_classsep_review/` that imports the frozen modules read-only and reproduces:
(i) 27-fixture regression 17TP/0FP/10TN/0FN per arm.
(ii) APPLIED live census hard=19 at the frozen snapshot f344ed2aaea5 (load snapshot file directly, no copy needed).
(iii) per-arm sens/spec table and adoption bar check.
(iv) attribution correction: PROSEFIX (dc8aa0de3869) has 10 HIGH cue FN, STAGED (e2d24b92) has none; STAGED's rejection rests on FP axis.
(v) detector bytes still a8c04fc31e4a before and after, void e36b0d644ca7 not live, and e36b0d644ca evidence preserved.

But wait — I need to be careful about the detector imports: `research_map/class_separation.py` and variants. When I load the modules with importlib, will importing them cause side effects (writes)? Let me check the top of research_map/class_separation.py and the variants. Also `classsep_calibration.py` — does it write anything on import? Let me read the calibration module.

Also, the worker-049 harness `run_fn_audit_049.py` — need to check for write side effects; `measure_fixtures`, `corpus_aggregates`, `re_score_worker035` might be read-only. Let me inspect.

Key: verify whether the modules write anything upon import or function call. Let me read `research_map/class_separation.py` (the detector) and `classsep_calibration.py`.

Also the "27-fixture falsification corpus" — corpus_a via `cal.corpus_census(m)`. Let me read classsep_calibration.py. It's 27KB, let's read relevant parts.

Let me also check the ASTRA handoff "L0" etc. Not needed.

Note the assignment says "27-fixture regression 17TP/0FP/10TN/0FN at each cited arm". Corpus (a) has 27 fixtures; 17 TP and 10 TN means all 27 pass; per-fixture census expected.

Also "APPLIED live census hard=19 = 17 labeled metalinguistic FP + 2 unlabeled DETECTOR_SELF meta-claims at snapshot f344ed2aaea5". Note: the review artifact says APPLIED hard_total = 19, fp=17, unlabeled_count=2. Also claims_flagged = 14.

Wait: the adjudication output `corpus_b_live` APPLIED says hard_total 19, fp 17, labeled_claims 14, unlabeled 2. But there's a subtlety: labeled_detail has 17 entries all FP, unlabeled has 2. Yes total 19.

Also note (ii) says "17 labeled metalinguistic FP + 2 unlabeled DETECTOR_SELF meta-claims". Need to verify the 2 unlabeled get auto_mechanism DETECTOR_SELF.

(iii) per-arm table APPLIED 4/6-3/10, PRE 4/6-1/10, STAGED 5/6-1/10, PROSEFIX 4/6-10/10 with 10 HIGH cue-FN. Confirm no arm meets all four criteria.

(iv) attribution: STAGED e2d24b92 vs PROSEFIX dc8aa0de3869.
(v) detector bytes unchanged; void e36b0d644ca7 stays out.

Let me now examine the modules to determine side effects. Check for write operations in class_separation.py, classsep_calibration.py, run_fn_audit_049.py, and the harness.
dsh: reasoning:
Detectors have no writes. classsep_calibration writes only under `if __name__ == "__main__"` presumably (line 462 in main). The worker-049 harness writes RESULTS_PATH at line 340 — need to check if that's inside `measure_fixtures` or a main function. Let me read the harness and calibration module structure.

Let me read run_fn_audit_049.py fully (it's probably moderately sized).
dsh: reasoning:
The harness `measure_fixtures`, `corpus_aggregates`, `re_score_worker035` are pure functions; only `main()` writes results.json. So I can import it as a module and call the pure functions — but importing runs module-level code only (no writes). Good.

Now the calibration module `classsep_calibration.py` — functions `corpus_census`, `fixture_census`, `converse_scan`, and data LIVE_LABELS, CORPUS path, MAP. Need to check those. Let me read the relevant parts of classsep_calibration.py.

Also, I want to independently verify, ideally not just re-run the author's own script. The assignment says "INDEPENDENT non-author review... Reproduce, read-only". The acceptance requires reproducing counts. The strongest approach: implement my own measurement harness reading the same pinned inputs, independent code where practical, plus cross-check against the author's instrument. But given time budget, reusing frozen measurement functions (which are part of the pinned tooling) is acceptable, plus independent checks (e.g., I write my own per-fixture census for corpus_a from fixtures and results, my own live census parsing of snapshot, my own attribution cross-check).

However, careful: running `cal.corpus_census(m)` uses cal.CORPUS results.json and the module; that is the "registered runner semantics" used by the adjudicator. Independent verification should reproduce using the same semantics but I can independently implement the loop from results.json and the detector's `findings_for_map`/`findings_for_text`, which is what `_rows_a` does. That's a reasonable independent reimplementation.

For corpus_c (16-fixture assertion-vs-mention), `cal.fixture_census` uses presumably a hardcoded list of 16 fixtures in the calibration module. I can re-run it and also verify each row manually against the fixture text and `mod.findings`. The fixture texts are likely in the calibration module. Let me read the calibration module.

For the live census: `mod.findings_for_map(m)` on snapshot, parse claims[i], and apply LIVE_LABELS. I can reimplement that straightforwardly — the key question is whether the 17 labeled findings are genuinely metalinguistic (FP), and the 2 unlabeled are DETECTOR_SELF. The falsifier says "a genuine first-order C0/C2 merge assertion among the claims labeled metalinguistic FP". So my review must examine each of the 17 labeled findings' cues and confirm they are mention/negation/detector-self, not genuine assertions. That's a substantive independent check.

Let me read the calibration module for LIVE_LABELS and fixture definitions. 27.5KB, read fully maybe in two reads.
dsh: reasoning:
Continue reading calibration to see fixture_census, converse_scan, and main.
dsh: reasoning:
Now I understand the whole structure. Note the r3 adjudication's `live_census_frozen` differs from calibration's `live_census`: it excludes `CLASSSEP-SOFT:` findings from hard, splits per claim, and only counts claims with hard findings — and the `unlabeled` are non-LIVE_LABELS claims. Also `claims_flagged` = claims with hard findings (14 for APPLIED). Note in r3, the 17 labeled FP findings are on 12 claims (the LIVE_LABELS claims) + 2 unlabeled findings on 2 claims (327, 336) = 14 claims. And the total hard = 19.

Wait, the assignment says APPLIED live census hard=19 = 17 labeled metalinguistic FP + 2 unlabeled DETECTOR_SELF meta-claims. In the r3 artifact, corpus_b_live APPLIED: hard_total 19, claims_flagged 14, labeled_claims is 14 entries, tp 0, fp 17, unlabeled_count 2. But the labeled_detail had only 16 entries for APPLIED? Let me count: APPLIED labeled_detail entries: 36, 94, 96, 97, 101, 112×2, 144, 152, 180, 192×3, 276×3, 306 = 1+1+1+1+1+2+1+1+1+3+3+1 = 17. Yes, 17. Plus unlabeled 327, 336 = 19.

Hmm wait — in r3 APPLIED labeled_detail there are 3× claim 192 and 3× claim 276, while LIVE_LABELS[192] has 1 label and [276] has 1 label. The r3 code: `verdict, mech, cue = labels[k] if k < len(labels) else labels[-1]` — so extra findings get the last label repeated. That's why mechanisms repeat. Fine.

Now the important work: independent reproduction. Let me design my own script in `tmp/w075_classsep_review/repro.py`:

1. Verify all hashes (7 refs, with cited prefixes).
2. Load the 4 detector arms read-only.
3. Corpus A: independently load `artifacts/worker-07/class_separation_falsification/results.json`, for each fixture load fixture JSON, run `findings_for_map` + artifact text scanning, compute TP/FN/FP/TN. Compare with claimed 17/0/10/0 per arm. Also verify the fixtures count is 27 and truth labels. Note `_rows_a` and `corpus_census` are identical logic; I'll implement it myself to be genuinely independent of classsep_calibration, though I still use the detector module's own `findings_for_map`/`findings_for_text` (that IS the instrument under review, so that's correct).
4. Corpus C: use the 16 fixtures. Are the fixtures pinned in classsep_calibration.py (ASSERTION_MENTION_FIXTURES)? Yes, they're in the calibration module source code, which is the audit-authored fixture set. For independence I could copy the 16 texts from the module into my script by reading the module's constant — that's the same data. I'll evaluate `mod.findings_for_text` on each text; that's an independent implementation of the census logic, using the same fixture list (pinned by the calibration module's hash — but is the calibration module hash pinned in the assignment? The assignment cites the adjudication script, which imports classsep_calibration. I should record the calibration module hash as an auxiliary pin).

Hmm, but a truly independent review should also check that the fixtures are as claimed. The fixture set is audit-authored; the assignment's acceptance says reproduce the table. I'll reproduce with the fixture texts read from the calibration module constant and include the calibration module's sha256 in my review as an auxiliary hash. I could also extract the fixture texts into my own JSON via the module. Fine.

5. Live census: load snapshot f344ed2aaea5 directly (no copy). Run `findings_for_map` on it with each arm. Separate hard (`not startswith CLASSSEP-SOFT:`) vs soft. Parse claims[i]. For APPLIED, apply LIVE_LABELS from calibration module; count labeled FP=17, unlabeled=2, hard=19, claims_flagged=14. Verify the 2 unlabeled are auto-mechanism DETECTOR_SELF (using the r3 `_auto_mech` table — I should reimplement it independently: check that claim 327 and 336 findings match detector-self pattern). Also independently examine the 17 labeled findings: verify from the statement text that they are metalinguistic mentions (quotation/negation/case-label/etc.) and no first-order assertion exists (falsifier). Also run the converse scan independently (the calibration module's `converse_scan` uses `_ASSERT_CUES`), plus my own check over the snapshot with the same cue patterns and any first-order assertion in claims labeled FP.

Note: the assignment's requirement (ii) says "APPLIED live census hard=19 = 17 labeled metalinguistic FP + 2 unlabeled DETECTOR_SELF meta-claims". I need to check that the 2 unlabeled are indeed meta-claims about the audit/detector, not genuine assertions. Claim 327: "...pre-registered adversarial corpora in which every genuine C0/C2 merge assertion carries a mention-style cue..." — that's a claim about the corpus design; it mentions the phrase "genuine C0/C2 merge assertion" — meta. Claim 336: quotes label counts and '0 genuine assertions that C0 and C2 are one class'. Both meta. Good.

6. Corpus D: worker-049 corpus (corpus.json) + worker-035 battery via the harness functions `measure_fixtures`/`corpus_aggregates`/`re_score_worker035` — pure. Compute cue_induced_fn_high per arm: APPLIED 1, PRE 0, STAGED 0, PROSEFIX 10 (and total 11). Also per-fixture classes for corpus_d. The assignment (iv) says "the 10/10 cue-carrying suppression belongs to dc8aa0de3869 (prosefix), NOT e2d24b92 (staged), whose rejection rests on the FP axis". So confirm: STAGED cue_induced_fn_high = 0; PROSEFIX = 10. And STAGED's specificity 1/10 (FP axis). 

Wait, but there's something to be careful about: the assignment says "10/10 cue-carrying suppression belongs to dc8aa0de3869 (prosefix)". The r3 artifact's corpus_d shows PROSEFIX cue_induced_fn_total 11, high 10. So "10/10" refers to high-confidence ones... The assignment phrase is "the 10/10 cue-carrying suppression". Let me verify numbers exactly.

Also check requirement (iii): per-arm sensitivity/specificity table: APPLIED 4/6-3/10, PRE 4/6-1/10, STAGED 5/6-1/10, PROSEFIX 4/6-10/10 with 10 HIGH cue-FN. And no arm meets sens>=5/6 AND spec>=9/10 AND 27-fixture PASS AND 0 HIGH cue-FN. Check: APPLIED sens 4/6 <5/6; PRE spec 1/10 <9/10; STAGED spec 1/10; PROSEFIX sens 4/6 and 10 HIGH FN. So none meets bar. Confirm.

But note: the mapping of arms between corpus C and corpus D in the r3 artifact: corpus_c_assertion_mention APPLIED 4/6-3/10, PRE 4/6-1/10, STAGED 5/6-1/10, PROSEFIX 4/6-10/10. Hmm wait — check the r3 artifact corpus_c: APPLIED spec 3/10; PRE 1/10; STAGED 1/10; PROSEFIX 10/10. Yes. And corpus_d: APPLIED 1 high FN; PROSEFIX 10 high FN. So "PROSEFIX 4/6-10/10 with 10 HIGH cue-FN" combines corpus C spec 10/10 with corpus D 10 HIGH cue FN. Slightly odd (the 10/10 in corpus C is specificity, while the 10 HIGH FN is corpus D). The assignment states "(iii) the per-arm sensitivity/specificity table (APPLIED 4/6-3/10, PRE 4/6-1/10, STAGED 5/6-1/10, PROSEFIX 4/6-10/10 with 10 HIGH cue-FN)". OK so the table format sens/spec, plus the cue-FN count. Fine.

7. Detector bytes: research_map/class_separation.py sha before and after = a8c04fc31e4a; void e36b0d644ca7 revision preserved at runtime/state/controller_verification/class_separation.e36b0d644ca.evidence.py (check it hashes to e36b0d644ca75b1e...), and live file != void. Also check cf29 forensics manifest and lifecycle-07 decisions for the restoration record.

8. Decide verdict: Based on my reproduction. If all matches → "accept" presumably. The deliverable's verdict is about the adjudication artifact (accept|revise|reject|inconclusive). If everything reproduces and the decision (c) holds, verdict = accept. But wait — need to check for any discrepancies. Let me actually run the reproduction and see if the numbers match exactly. If they do, the independent review verdict should be accept (the adjudication's decision (c) is supported). If minor mismatches, revise; if cited hash fails, inconclusive.

Also the review artifact should include "per-fixture TP/FP/FN census" — the assignment says "Deliver a per-fixture TP/FP/FN census plus exactly one verdict". So my review JSON should include per-fixture census for corpus A (27 rows per arm), corpus C (16 rows per arm), corpus D (39 fixtures per arm). That's a lot but fine.

Also the user instruction: "emit valid JSON with IDs evidence hash falsifier, checkpoint, then exit." So include ids, evidence_refs with hashes, falsifier, and a checkpoint. Checkpoint: there's `research_map/checkpoint.py` — "full 15-min checkpoint snapshot". But running checkpoint.py writes to runtime/state (a checkpoint snapshot) — is that allowed under freeze? The freeze says no detector write, no schema/ledger/claim edit, no gate self-pass. A checkpoint write is infrastructure, arguably allowed. But to be safe, I can emit a checkpoint *event* in my outbox message or write a checkpoint record under tmp/. Hmm.

Let me look at how other workers "checkpoint". Check worker-084 or worker-071 outbox events, and the comms outbox for worker-075 existing events (the file in outbox? Let me check). Also read runtime/state/current_checkpoint.json and checkpoint.py to see what a checkpoint is.

Actually the user's instruction likely maps to: emit an event in comms/outbox/worker-075.jsonl with event_type "status" including artifact hash, and a checkpoint entry (maybe runtime/state/current_checkpoint.json is controller-owned; workers may have their own checkpoint file). Let me look at recent worker outbox examples and the checkpoint mechanism.

Let me check:
- comms/outbox/worker-084.jsonl (a worker who did an audit review)
- comms/outbox/deepseek-flash-*.jsonl
- research_map/checkpoint.py
- runtime/state/current_checkpoint.json

Also check if there's a comms/outbox/worker-075.jsonl already.
dsh: reasoning:
There's already a comms/outbox/worker-075.jsonl (60KB) — that's odd, since the assignment is for worker-075 and it was created at 01:09. Let me look at the existing worker-075 outbox to understand what this worker has already done (maybe this is a continuation, or the worker-075 identity was used by previous runs). The user says worker=075, "take one class-bound task". The inbox assignment astra-life07-classsep-adjudication-review is for worker-075 created 01:09:48. The outbox worker-075.jsonl was last modified 01:12 — maybe there are already events from worker-075 for this task? Let me check its tail.

Actually, careful: maybe another instance of worker-075 is already working on this exact task. Let me inspect the outbox tail and see.
dsh: reasoning:
There are already worker-075 outputs. The current assignment (astra-life07-classsep-adjudication-review) was created at 01:09:48, and the last worker-075 outbox events are at 01:12:21 — those are for a different task (F2b defect reconciliation, "no inbox card for slot worker-075"). Hmm, but the inbox card was created 01:09:48, before 01:12:21. Perhaps that worker instance didn't read the inbox (it says "no inbox card for slot worker-075"). Or it read a stale listing. Anyway, my task now: take the assignment. The user explicitly says worker=075 and "take one class-bound task". The inbox assignment astra-life07-classsep-adjudication-review is assigned to worker-075, deadline 02:30. That's clearly the one to take.

But wait — is it possible another agent is concurrently working on it? The outbox events at 01:12:21 were a different task. The current time? Let me check `date`. If the deadline has passed, maybe I should pick differently. Let me check current time.

Also, the user instruction says "Read handoff/map and comms. Take one class-bound task, emit valid JSON with IDs evidence hash falsifier, checkpoint, then exit." This matches the pattern of the swarm worker fleet. My job is the worker-075 assignment.

Let me check current time and the events/runtime state. Also check the worker-075 outbox for any event claiming the classsep review already (grep classsep). Let me also check research_map/events.jsonl for the assignment application and whether review artifact exists yet.
dsh: reasoning:
Current time 01:14:42. Deadline 02:30. Plenty of time. The review artifact doesn't exist yet. Good — I'll take this task.

Let me look at the events.jsonl lines mentioning the review assignment to confirm.

Then I'll write my reproduction script. Before running the reproduction, let me check whether `research_map/class_separation.py` module-level code has any import side effects (e.g., argparse). The detectors have no writes per grep. Importing is fine.

Also, I must be careful about the freeze: "no detector write". My repro script must not write anything to research_map/ or artifacts/ canonical dirs. I'll write only to tmp/w075_classsep_review/ and my review artifact to reviews/CLASSSEP-calibration-adjudication-review.json.

Let me also confirm: does loading the detector module write .pyc files? Python writes __pycache__ when importing from a file path via importlib? `importlib.util.spec_from_file_location` + `exec_module` — for a source file loader, exec_module may write a .pyc cache. Yes, SourceFileLoader.exec_module calls `get_code` which caches bytecode to __pycache__. That would create/update `research_map/__pycache__/class_separation.cpython-*.pyc`, which is not a detector write (the .py is unchanged), and __pycache__ already exists in research_map. Similarly artifacts dirs have __pycache__. That's benign; but to be safe I can set `sys.dont_write_bytecode = True` in my repro script. That prevents any .pyc writes. Good practice.

Now, plan the repro script:

```python
#!/usr/bin/env python3
"""worker-075 independent read-only reproduction of the r3 CLASSSEP adjudication."""
import sys
sys.dont_write_bytecode = True
import hashlib, importlib.util, json, re
from pathlib import Path

ROOT = Path('/data3/guoshaoyang/workdir/ai4math-swarm')
```

Hash checks:
- cited: reviews/CLASSSEP-calibration-adjudication.json = 7714ffd5b467 (full hash known from earlier)
- artifacts/audit/classsep_r3_adjudication.py = fc92f4eac503...
- snapshot = f344ed2aaea5...
- pinned PRE = c266dbceca87...
- research_map/class_separation.py = a8c04fc31e4a...
- proposed STAGED = e2d24b927ee8...
- prosefix = dc8aa0de3869...
- auxiliary: calibration module hash (record), worker-07 results.json hash, corpus.json, worker035_controls.json, harness hash.

Actually, let me note the expected full hashes:
- adjudication json: 7714ffd5b467c506bc8a8736ba1626a9f8a9211092e5313e74c77a4ccb51cec1
- adjudication py: fc92f4eac503d4d493e80e03ac63f7688e3e580fe71f3684d46de923e6f67f07
- snapshot: f344ed2aaea58e4d21c46c1d919e2476b860da4b757b9fbc948d3649bac7c749
- PRE: c266dbceca87fb996bd76a774145ef511cbf2aae190d9f423167d3200783a920
- APPLIED: a8c04fc31e4afa1b691cd6bfb6bf8b4f953a0adc925939a8351bab9cf453c5bd
- STAGED: e2d24b927ee81c45996f8a4853d2f4b6899e8a3ea405c9e68b1ba5bb37448819
- PROSEFIX: dc8aa0de386931cd0de48e9e755bc9b0bf33a12ce1c464f9911f4e9469f12470
- void: e36b0d644ca75b1e... (need full)

Measurement:
(1) Corpus A per arm:
```
res = json.loads((ROOT/'artifacts/worker-07/class_separation_falsification/results.json').read_text())
for fx in res['fixtures']:
    p = ROOT/fx['fixture_path']
    m = json.loads(p.read_text())
    det = mod.findings_for_map(m)
    for groups/nodes: artifact text scan
    got = bool(det); truth = bool(fx['is_class_merge'])
    class = ...
```
Also record per-fixture rows; verify len(res['fixtures']) == 27.

(2) Corpus B live at snapshot:
```
snap = json.loads(snapshot path)
raw = mod.findings_for_map(snap)
hard = [x for x in raw if not x.startswith('CLASSSEP-SOFT:')]
per_claim parse claims[i]
labeled/unlabeled
```
Apply LIVE_LABELS from calibration module (I'll read the module's constant via import, since it's the author's stated ground truth; I'll additionally independently eyeball each cue against the claim statement — I can do this by printing the claim statement and the finding, then in my review verify the cue text appears in the statement and is metalinguistic).

For the "no first-order assertion among labeled FP" check, I'll run:
- calibration's `_ASSERT_CUES` converse scan on the snapshot: count matches, list unflagged candidates (my own reimplementation).
- Also check each of the 14 flagged claims' full statements manually-ish: I can print statements and review them in the transcript. I'll read the statements for claims 36, 94, 96, 97, 101, 112, 127, 144, 152, 180, 187, 192, 276, 306 (and 327, 336) from the snapshot and confirm the composite token is in a mention context. That's the substantive falsifier check. I should actually read them, not just trust labels.

(3) Corpus C: 16 fixtures from calibration ASSERTION_MENTION_FIXTURES; per-arm fired; compute TP/FN/FP/TN.

(4) Corpus D: harness pure functions; per-arm cue FN and per-fixture class counts (39 fixtures).

(5) Detector byte checks before/after: hash APPLIED before and after all measurements; check void revision file and forensics.

(6) Adoption bar check: compute meets_bar per arm.

Then write the review JSON. The review JSON should be my own artifact with:
- artifact id, assignment, reviewer worker-075, actor, created_at
- independence statement (non-author)
- frozen hashes table with cited vs measured
- per-fixture census: corpus_a (27 per arm), corpus_c (16 per arm), corpus_d (39 per arm) with TP/FP/FN/TN classes
- corpus b live census: hard=19, labeled FP=17, unlabeled=2 (DETECTOR_SELF), claims flagged 14, map sha
- per-arm table with sens/spec/adoption bar
- attribution correction verification
- detector byte integrity check
- decision (c) reproduction
- falsifier checks (converse scan results, no genuine assertion among labeled FP)
- verdict: accept|revise|reject|inconclusive — exactly one
- evidence_refs with hashes
- falsifier: what would withdraw this review
- non_claims / freeze compliance
- review protocol fields: target_id, reviewer, verdict, score, hard_failures, findings (for the outbox `review` event)

Then outbox events: status (active → done? Worker cannot set status=done! PROTOCOL says worker events cannot set `status=done`. Hmm — "Worker events cannot set status=done, validation_status=passed or a gate verdict; only the controller and group leads can". So I should use status "active" or maybe "done" is not allowed. Looking at other workers... let me check what statuses workers emit. In worker-084: status "active". Let me check what a worker emits at completion. Let's grep outbox for `"status": "done"` from workers. Actually the validator may reject it. I'll emit `status: active` with a summary saying work complete? Or event_type `artifact` + `review` + `status: blocked`? Let me look at examples of completed worker tasks. Let me check e.g. worker-052's tail and worker-089. Also need to know if there's an "hours" budget accounting.

Let me check the schemas for events (research_map/events.schema.json) and the map validation rules for review events.

Then "checkpoint": maybe the worker should write a checkpoint record in its own artifact dir? Or run `python3 research_map/checkpoint.py`? That writes runtime/state files (current_checkpoint.json etc.) — that's a shared controller tool; running it might be considered a controller action. Hmm. The user instruction says "checkpoint, then exit" — in this swarm pattern, there's a checkpoint step. Let me look at what other workers did for checkpoint. Search outbox for "checkpoint".
dsh: reasoning:
Convention: workers emit a `status` event with status "done" (worker-001 did, and validator accepted it? The PROTOCOL says worker events cannot set status=done, but apparently worker-001 emitted it; maybe the controller enforces it at apply time or it's allowed in outbox but not applied). Safer: emit `status: active` (complete at worker level) like worker-071 style, plus a `review` event (verdict), plus `artifact` events for the review JSON and CHECKPOINT.json, and a worker checkpoint file at `artifacts/worker-075/classsep_adjudication_review/CHECKPOINT.json` + state copy in runtime/state. That mirrors worker-001's approach: worker checkpoint artifact, "worker_checkpoint" type, and a copy in runtime/state.

Wait — freeze: "no detector write, no schema/ledger/claim edit, no gate self-pass". Writing my own artifacts under artifacts/worker-075/ is fine. Writing runtime/state/worker-075_checkpoint_*.json is fine (worker-001 did). Do not run research_map/checkpoint.py (that would ingest comms and possibly apply events / write artifact_hashes.json — more invasive, controller-owned). I'll create a worker checkpoint JSON under artifacts/worker-075/classsep_adjudication_review/CHECKPOINT.json and a copy at runtime/state/worker-075_checkpoint_classsep_review.json. Hmm, but does runtime/state have other worker checkpoint files? Let me check. Actually maybe keep it simple: put CHECKPOINT.json in my artifact dir and reference it. The user said "checkpoint" — a checkpoint record artifact suffices. Let me check runtime/state for worker checkpoints to follow convention.

Also: is writing to reviews/ allowed? Yes, that's the assigned artifact path.

Before writing, let me do the reproduction. Create tmp dir and script. Let me first check which python and whether the detector imports work (dependencies). Let me write the repro script carefully.

Considerations for corpus A: The result.json at artifacts/worker-07/class_separation_falsification/results.json has fixture_path entries. Let me look at that file's structure first (head).

Also for corpus D: the harness PINS include worker07_corpus_results = artifacts/worker-07/class_separation_falsification/results.json (same file, hash d69ad58468be...). Note there might be a mismatch: the path in PINS is `artifacts/worker-07/class_separation_falsification/results.json`. Let me verify that exists and hash matches d69ad58468be.

Let me inspect the worker-07 results.json structure.
dsh: reasoning:
Auxiliary hashes confirmed:
- worker-07 results.json d69ad58468be... matches harness pin.
- corpus.json 9eb2ea9e2743... matches.
- worker035_controls ef881c3a... matches.
- void detector evidence e36b0d644ca75b1e... ✓
- calibration module 8f2efd262f97... (record as aux pin)

Note: `classsep_calibration.py` is not itself hash-cited in the assignment; the r3 adjudication imports it. I'll record its measured hash as the auxiliary pin for LIVE_LABELS and corpus-C fixtures. Also the r3 adjudication's `frozen_map_snapshot` claims the snapshot sha is f344ed2aaea5 — measured directly.

Now write the repro script. Key: import modules read-only. Note classsep_calibration imports nothing heavy at module level (just re, json...). Importing it is safe (no writes at module level). But importing `classsep_calibration` triggers module-level code only — constants — fine.

However, using `cal.LIVE_LABELS` and `cal.ASSERTION_MENTION_FIXTURES` means relying on the author's fixture definitions. For independization, I'll record the aux hash and, for each of the 16 corpus-C fixtures, verify text ↔ expected truth by inspecting the text myself. The fixture texts are explicit and the truth labels are semantically defensible; I'll check them in the review. Also A6's label "Do not split: C0 or C2" is a true assertion — arguably a genuine assertion of unity, and the expected `True` is defensible.

For corpus B, the ground truth labels are the crux. As the independent reviewer, I must examine all 17 labeled findings and 2 unlabeled findings. I'll dump the flagged claims' full statements and the finding text, and inspect. I can do that in the terminal with a compact script and read the output. Then I'll record per-finding independent classification in the review JSON (my own verdict: metalinguistic mention vs genuine assertion), which is the real falsifier check.

Additionally I should run the converse scan (cal's `_ASSERT_CUES`) — check for unflagged first-order assertions in the snapshot. Also check the claims labeled FP for any first-order assertion using a slightly broader pattern of my own. That's the falsifier condition: "a genuine first-order C0/C2 merge assertion among the claims labeled metalinguistic FP".

Let me now write the repro script. It will:

1. Verify cited hashes (fail closed if any mismatches → verdict inconclusive).
2. Measure corpus A per arm (27 rows).
3. Measure corpus C per arm (16 fixtures).
4. Measure corpus B live at snapshot per arm; with LIVE_LABELS application for APPLIED; report hard totals, labeled FP, unlabeled list with auto mechanism.
5. Measure corpus D per arm via harness pure functions; per-fixture classes; cue FN.
6. Compute adoption bar per arm.
7. Converse scan on snapshot (cal._ASSERT_CUES) per arm.
8. Hash before/after checks of the 4 arms + snapshot.
9. Dump flagged claim statements + findings for my manual review (to a JSON/text in tmp).
10. Write results JSON to tmp/w075_classsep_review/repro_results.json.

No writes outside tmp. Set sys.dont_write_bytecode = True.

One issue: `cal.corpus_census` uses `cal.CORPUS` and `ROOT` etc. I'll reimplement rather than call, but I can also call the r3 script's functions? Importing `classsep_r3_adjudication` runs module-level code: it computes STAMP, NOW, SNAPSHOT path but doesn't write at import. Its `if __name__ == "__main__"` guard prevents main. So importing it is safe. But its functions `live_census_frozen` etc. could be called. I'll implement my own for independence, and call the author's functions as a cross-check where pure (live_census_frozen, worker049_census, decide, corpus_census via cal). Actually calling `classsep_r3_adjudication.live_census_frozen(mod, snap)` writes nothing. Good cross-check: author's function vs my implementation.

Careful: importing `classsep_r3_adjudication` imports `classsep_calibration` and sets `cal.MAP = snap` only in main; no write. Fine.

Let me now write the script.

For per-fixture corpus D classes, harness returns rows with flags; compute classes. For corpus A rows, include fixture id, class, surface.

For claim statements, I'll extract statements for flagged claims from the snapshot.

Also need "17 labeled metalinguistic FP + 2 unlabeled DETECTOR_SELF" check: verify the 2 unlabeled auto_mechanism == DETECTOR_SELF using the author's `_AUTO_CUES`. I'll reimplement the same regex list (copy) and also record the finding text.

Let me also double check the claim indices in the snapshot: `claims[36]` etc. Statement might be at `m['claims'][36]['statement']`. Let me include statement extraction in the dump.

Let me write the script now. It'll be long but fine.

One more thing: the snapshot is 5.1MB; loading is fine.

Also verify the snapshot's own claims count == 383 and that snapshot sha == f344ed2aaea5.

Let me create the dir and script.
dsh: reasoning:
Now write repro script. I'll use the write tool.
dsh: reasoning:
The author's decide expects corpus_d entries to have 'worker035_battery' key; mine has 'battery'. Fix my censuses construction to map keys appropriately, or just include both. Let me change `d` entries to include `worker035_battery` key. Simpler: in the censuses dict, build a shim: `{k: {**v, "worker035_battery": v["battery"]} for k,v in d.items()}`. Also `decide` uses c["tp"], c["fn"], c["tn"], c["fp"] — my corpus_c arms have those keys. It uses a["verdict"] — my corpus_a arms have verdict. Good.

Also there might be an issue with corpus_c in author's decide: it accesses censuses["corpus_c_assertion_mention"][arm] with keys tp/fn/tn/fp — fine.

Let me patch the script.
dsh: reasoning:
Excellent! All headline numbers reproduce:
- corpus A: all four arms PASS 17/0/10/0 ✓
- corpus B hard: APPLIED 19, PRE 24, STAGED 25, PROSEFIX 1 ✓ (matches artifact: 19/24/25/1)
- APPLIED labeled 17 + unlabeled 2 ✓
- corpus C: APPLIED 4/6-3/10, PRE 4/6-1/10, STAGED 5/6-1/10, PROSEFIX 4/6-10/10 ✓
- corpus D high FN: APPLIED 1, PRE 0, STAGED 0, PROSEFIX 10 ✓
- No arm meets all four criteria ✓ (author decision c ✓)
- applied detector stable at a8c04fc31e4a ✓
- live != void e36b0d644ca ✓

Wait — corpus A for PROSEFIX: 17/0/10/0. The r3 artifact says PROSEFIX PASS 17/0/10/0. Note corpus D PROSEFIX has 11 FN (10 HIGH) yet corpus A still PASS. That's consistent with the adjudication's claim that the 27-fixture corpus cannot see the deltas.

Now I need to do the deeper independent checks:

1. Verify the 2 unlabeled findings are DETECTOR_SELF meta-claims (read them).
2. Verify the 17 labeled FP findings against the actual claim statements — check none is a genuine first-order C0/C2 merge assertion (falsifier condition). Read the full statements of claims 36, 94, 96, 97, 101, 112, 127, 144, 152, 180, 187, 192, 276, 306, 327, 336 and the finding text.
3. Check the converse scan: 3 cue matches, 0 unflagged (per the l05 artifact). My converse scan across the whole snapshot: let me see the results in repro_results.json.
4. Check attribution correction details: PROSEFIX cue_induced_detail lists 10 HIGH; STAGED 0; STAGED rejection on FP axis (live hard 25 vs 17 canonical; corpus C spec 1/10). Verify the diff between STAGED and canonical to confirm it's an FP-increasing change (removes quotation exemption). Already from corpus C/D numbers. I can also inspect the proposed/class_separation.py diff vs research_map/class_separation.py (read-only) to verify it deletes the quotation exemption → FP axis. Good evidence.
5. Check void revision: e36b0d644ca7 not live; forensics manifest + lifecycle decisions record restoration. Read those two files.
6. Also check the adjudication JSON's own fields vs my reproduction: corpus_b_live values, attribution_correction text, decision text, frozen_map_snapshot moved_during_round false, detectors_moved_during_round {}.

Let me pull my repro_results and compare programmatically against the frozen adjudication JSON. Write a comparison script in tmp: compare all key numbers. Then dump the claim statements for the 17 labeled findings for my manual read.

Let me first inspect the converse scan and then produce the statement dump.
dsh: reasoning:
Interesting finding: my converse scan (using the same `_ASSERT_CUES` regex as calibration) shows 4 cue matches with 0 unflagged for APPLIED/PRE/STAGED and 4 unflagged for PROSEFIX. The l05 calibration artifact said "converse scan over every live claim: 3 assertion-cue matches, 0 unflagged". My count is 4 vs 3. Why? At the snapshot f344ed2aaea5 there are 383 claims, whereas the l05 calibration ran at map 262da6979857 (fewer claims). Claim 336 exists in the newer snapshot and adds a 4th match. The match in 336 is the quoted phrase "0 genuine assertions that C0 and C2 are one class" — a meta/quotation, not a first-order assertion. So no genuine unflagged first-order assertion. For APPLIED (the arm under review), unflagged_candidates = 0. Good. The r3 artifact's `converse_scan` isn't in the frozen artifact output (corpus b only), so not a discrepancy in the r3 artifact.

Wait — actually the r3 artifact output does include "converse_scan" block (lines 292-293 in the script, and I saw in the adjudication JSON? Let me check: yes the r3 script writes `"converse_scan": {...}` excluding unflagged_detail. I should compare my computed values to the frozen artifact's converse_scan. Let me check the frozen adjudication JSON's converse_scan section. Since the artifact is big, extract with python.

Also, need to verify the attribution correction as stated in the artifact: PROSEFIX 10/10 cue suppression vs STAGED. Also need to check PROSEFIX's "10/10" exactly: corpus_d_high_fn PROSEFIX = 10, cue_induced_fn_total 11, detail includes A02..A12 with 10 HIGH + 1 MEDIUM. Good.

Now the key manual review: examine the 17 labeled FP findings for genuineness. Let me dump the full statements of the flagged claims + the finding cue. I'll extract from the snapshot. Let me write a small script that prints for each labeled finding: claim index, the detector finding (full), and the full statement of the claim (truncated to ~1200 chars maybe). Then I read them.

Also check that the finding count per claim matches the labeled list length (e.g., 192 has 3 findings but LIVE_LABELS has 1; 276 has 3 findings but 1 label; the r3 code repeats labels[-1]). My review should note this: the 17 labeled FP count includes repetitions where one claim emits multiple hard findings. The frozen artifact's labeled_detail shows this. As a reviewer, I should verify the per-finding classification (17 findings) and also note the per-claim basis.

Let me dump the statements. To keep output manageable, print claim index, all findings for it, and the full statement. 14 claims. Let me do that now.
dsh: reasoning:
I've now read the 17 labeled findings and their claims. Assessment:

- 36, 94, 96, 97: CASE_LABEL — "TC-F0-N14 C0/C2 merge" / "TC-F0-N14 merged C0/C2 regularities" as taxonomy case labels; claims say these need SPLIT; not assertions that C0 and C2 are one class. FP classification correct.
- 101: negation "so no C0/C2 merge exists at the formal surface" — correct FP (mentions merge only to deny).
- 112 (2 findings): detector description and quotation — correct FP.
- 127: "independent C0/C2 non-merge" — wait, claim 127 doesn't appear in my dump! Let me check: the labeled list includes 127 in the artifact (PRE and STAGED), but for APPLIED... In the r3 artifact APPLIED labeled_claims list includes 127 but APPLIED labeled_detail does NOT include 127! Let me check: APPLIED labeled_detail entries: 36, 94, 96, 97, 101, 112×2, 144, 152, 180, 192×3, 276×3, 306 = 17 entries. 127 is not among them. But the r3 artifact's corpus_b_live APPLIED "labeled_claims" list includes 127 (that's just the sorted keys of LIVE_LABELS, not the flagged claims). Yes — labeled_claims = sorted(cal.LIVE_LABELS) — all 14 keys regardless of whether flagged. And claims_flagged=14 for APPLIED (12 labeled + 2 unlabeled). Hmm: APPLIED labeled detail covers 12 distinct claims: 36,94,96,97,101,112,144,152,180,192,276,306 = 12 claims, with 17 findings. Plus unlabeled 327,336 = 14 claims. So APPLIED's claim 127 is NOT flagged (the 3-line guard clears it). In my dump, 127 didn't appear because it's not in labeled for APPLIED. Good.

Wait, but my dump has 14 sections: 36,94,96,97,101,112,144,152,180,192,276,306,327,336 = 14 — and no 127. Correct.

But hold on: the assignment (ii) says "hard=19 = 17 labeled metalinguistic FP + 2 unlabeled DETECTOR_SELF". My reproduction: labeled_count=17 findings across 12 claims, unlabeled_count=2 findings across 2 claims. Total 19. ✓.

Let me double-check claim 127 is not flagged by APPLIED (it shouldn't be). My data: APPLIED hard_total 19. Let me confirm per-claim list = {36,94,96,97,101,112,144,152,180,192,276,306,327,336}. Yes from the dump.

- 144: WINDOW_ARTIFACT: "the retired merged file" and "the live C2/C0 components moved" — different clauses, not an assertion. Correct FP.
- 152: NEGATION "...rather than a C2/C0 merge". Correct FP.
- 180: NEGATION "no C0/C2 merge". Correct FP.
- 192 (3 findings): quotes detector output; statement explicitly says "0 genuine assertions". Correct FP.
- 276 (3 findings): quotes detector output; "0 of 17 findings is a first-order assertion". Correct FP.
- 306: quotes "0 genuine assertions that C0 and C2 are one class". Correct FP.
- 327 (unlabeled): "on pre-registered adversarial corpora in which every genuine C0/C2 merge assertion carries a mention-style cue..." — meta description of the corpus design. DETECTOR_SELF-ish/meta. Not a first-order assertion by this claim that C0 and C2 are one class.
- 336 (unlabeled): "which quotes label counts and '0 genuine assertions that C0 and C2 are one class'" — quotation/meta. Correct.

So no genuine first-order C0/C2 merge assertion among the 19 hard findings at the snapshot. The falsifier is not triggered.

Now, one nuance: the "17 labeled metalinguistic FP" are 17 findings on 12 claims. The 2 unlabeled are on 2 claims. Note claim 336's first part also has an unlabeled finding from `NON_MERGE_COMPOUND`? In the r3 artifact APPLIED unlabeled shows only 2 entries: 327 and 336, and for 336 only ONE finding (the quoted one). In PRE and STAGED, claim 336 has 2 findings (NON_MERGE_COMPOUND + DETECTOR_SELF). For APPLIED, the guard clears the "non-merge bookkeeping" one, leaving 1. My repro got 2 unlabeled for APPLIED: 327 and 336 ✓.

Now let me check the frozen adjudication JSON vs my reproduction programmatically — compare all the key fields. Also I should verify the artifact's stated attribution and decision text, and the `detectors_moved_during_round` empty, `moved_during_round` false in frozen_map_snapshot (but note the map moved after; the artifact records map_sha256_at_close maybe different from snapshot sha? In the artifact line 40: "map_sha256_at_close": equals f344... — wait, from the read earlier: `"map_sha256_at_close": "f344ed2aaea58e4d21c46c1d919e2476b860da4b757b9fbc948d3649bac7c749"` and `moved_during_round: false`. That says the live map hash at close equals the snapshot hash. But the live map now is much bigger (events continually apply). That's fine: at close time the map was quiescent. I can't verify the live map at that historical time, but the snapshot itself is what matters and the claim binds only the snapshot.

Let me now write the comparison script that loads the frozen adjudication JSON and checks the specific fields the acceptance lists:
(i) corpus_a_27fixtures per arm: tp/fn/fp/tn/verdict.
(ii) corpus_b_live APPLIED: hard_total 19, fp 17, unlabeled_count 2, claims_flagged 14, map_sha256 f344...
(iii) corpus_c per arm sensitivity/specificity; corpus_d per arm cue FN high; decision per_arm meets_bar all false; adoptable_arms empty.
(iv) attribution_correction text and corpus_d evidence.
(v) detectors hashes in the artifact.

And compare to mine; list any mismatch. Let me do that, then write the review JSON.

Also for completeness: verify the per-fixture census rows in my repro (corpus A 27 rows per arm; corpus C 16 rows per arm; corpus D 39 rows per arm). I need these in the review artifact. 27*4 + 16*4 + 39*4 = 108 + 64 + 156 = 328 rows. That's a big but fine JSON (~100KB). The assignment says "Deliver a per-fixture TP/FP/FN census". I'll include per-fixture class tables per arm (compact: id->class) plus full row detail for corpus A and C; corpus D per-fixture rows full.

Let me check corpus D fixture count = 39? The r3 artifact says corpus_d_fixture_classes APPLIED tp 30 fn 1 fp 6 tn 2 = 39. Yes.

Now let me build the comparison and then the review JSON. First the comparison script.
dsh: reasoning:
The corpus_b_live entry in the frozen artifact doesn't have claims_in_map? Looking at the artifact lines 79-106, APPLIED has: hard_total, soft_total, claims_flagged, labeled_claims, tp, fp, unlabeled_count, non_claim_findings, map_sha256, claims_in_map. Hmm, it does have claims_in_map at line 105. Wait, the error is at line 13 which is the loop `for k in [...]`. 'claims_in_map' — maybe the artifact's corpus_b_live APPLIED key... Let me print keys. Actually line 13 in my heredoc: `for k in ['hard_total',...]: cmp(f'B.APPLIED.{k}',B[k],RB[k])`. KeyError from B[k]? or RB[k]? RB (my repro) has hard_total, soft_total, claims_flagged, tp, fp, labeled_count, unlabeled_count, labeled, unlabeled, non_claim_findings — NO claims_in_map and no map_sha256! Right, my corpus_b arms lack map_sha256/claims_in_map (those are in the snapshot block). Fix the comparison.
dsh: reasoning:
Still KeyError on 'claims_in_map' — so `B` (adj['corpus_b_live']['APPLIED']) doesn't have claims_in_map? But I saw it at line 105 of the read output... Wait, the read output line 104-105:
```
"map_sha256": "f344...",
"claims_in_map": 383
```
Hmm. But maybe the artifact on disk was REWRITTEN after my read? The hash check earlier confirmed 7714ffd5b467 at 01:14. Let me print the actual keys of adj['corpus_b_live']['APPLIED'].

Oh wait — maybe the KeyError is from RB[k] ('claims_in_map' missing in my repro RB). Task requires both B[k] and RB[k] before cmp is called... Actually `cmp(f'B.APPLIED.{k}',B[k],RB[k])` — Python evaluates B[k] then RB[k]. If RB lacks 'claims_in_map', KeyError. My RB does lack claims_in_map. Right! I removed those keys. Fix: only compare against snapshot values.
dsh: reasoning:
Zero mismatches across all compared fields including the full per-fixture censuses (328 rows). The frozen artifact's `converse_scan` matches mine exactly (4/0 for APPLIED/PRE/STAGED, 4/4 for PROSEFIX).

Now let me check the STAGED detector's FP mechanism (attribution correctness on the FP axis). Read the diff between research_map/class_separation.py (a8c04fc3) and proposed/class_separation.py (e2d24b92) read-only, and confirm it removes the quotation exemption. Also confirm PROSEFIX (dc8aa0de) is the one with cue-suppression (high FN). Let me diff.

Also verify PROSEFIX high FN detail and STAGED has 0. Already have from corpus_d. Let me print the PROSEFIX cue detail from my repro to make sure the 10 HIGH are what the assignment says. And print STAGED per-fixture classes.

Also check the void revision: read cf29-detector-write-forensics.json and astra-lifecycle-07-decisions.json (relevant parts) to confirm the restoration record and that the live instrument is a8c04fc31e4a. Let me grep for the key fields.
dsh: reasoning:
The diff confirms the attribution: STAGED (e2d24b92) deletes the inline quotation/meta-audit exemption (the 3-line block at old lines 85-87) and adds `_NEG_SPLIT` (which raises sensitivity on A6) plus prose-mode key handling. So STAGED raises FPs: corpus C specificity 1/10 (fired on M2,M4,M5,M6,M7,M8 in corpus D mentions; and in corpus C M1..M10 mostly FP: 9 FP, 1 TN) — rejection on FP axis. It does NOT have cue-induced FN (0). PROSEFIX has 10 HIGH cue FN (A02-A09, A11, A12) + 1 MEDIUM (A10) = 11 total. Attribution correction verified.

Wait — careful. Which detector is "PROSEFIX"? `artifacts/worker-049/classsep_prose_fix/class_separation_prosefix.py` — its cue FN behavior: it clears 11/12 adversarial assertions. Note that PROSEFIX corpus C shows 4 TP / 2 FN and specificity 10/10 (all mentions silent). So PROSEFIX fixes FP but introduces FN. Good: "FN axis rejects PROSEFIX".

Also check the corpus C STAGED: 5 TP / 1 FN, 9 FP / 1 TN → sens 5/6 spec 1/10. And PRE: 4 TP/2 FN, 9 FP → spec 1/10. APPLIED: 4/2, 7 FP/3 TN → spec 3/10. These all match.

Now the void revision check: read cf29-detector-write-forensics.json and lifecycle-07 decisions excerpt. Let me grep for e36b0d644ca and a8c04fc31e4a in those files.
dsh: reasoning:
Everything checks out:
- Forensics manifest says before_sha256 = e36b0d644ca and unauthorized_sha256 = e36b0d644ca (the "before" is adjacent to the write), restored_sha256 = a8c04fc31e4a. The void revision bytes preserved at evidence file (hash e36b0d644ca ✓). Live instrument is a8c04fc31e4a and stable before/after my review. Good.
- Lifecycle-07 decisions REC-29 confirms restoration; REC-30 records decision (c) and the review assignment.

Now I need to double-check one thing in requirement (ii): "the APPLIED live census hard=19 = 17 labeled metalinguistic FP + 2 unlabeled DETECTOR_SELF meta-claims at snapshot f344ed2aaea5". Verified: 19 hard, 17 labeled FP (12 claims, 17 findings), 2 unlabeled on claims 327/336, both auto-mechanism DETECTOR_SELF, and I read both statements: they are meta-claims/quotation about detector output/label counts — not first-order C0/C2 merge assertions.

One more check for requirement (iii): "confirm no arm meets sens>=5/6 AND spec>=9/10 AND 27-fixture PASS AND 0 HIGH cue-induced FN". Verified: APPLIED fails sens (4/6) and has 1 HIGH FN; PRE fails spec (1/10); STAGED fails spec (1/10); PROSEFIX fails sens (4/6) and has 10 HIGH FN. adoptable_arms = [].

Now let me also double-check the (i) requirement says "the 27-fixture regression 17TP/0FP/10TN/0FN at each cited arm". Mine says all four arms PASS 17/0/10/0. ✓. Note the "cited arms" — the activation cites APPLIED/PRE/STAGED + PROSEFIX. ✓.

Also verify hash stability of the snapshot and all cited hashes AFTER the measurements (my repro checked applied before/after; let me also verify all files at the end). I'll do a final hash pass after writing everything, before the review artifact is written, and include "re-check after review" in the artifact. Actually the review artifact should record "before and after" hashes. The acceptance (v) specifically requires: detector bytes research_map/class_separation.py are the restored a8c04fc31e4a before and after the review, and the void revision e36b0d644ca7 stays out.

I'll do a final integrity pass after writing the review artifact to confirm nothing moved during the review; then include those measured hashes in the review.

Now, the main question is the verdict. Everything reproduces exactly, zero mismatches. No falsifier triggered: no arm meets the adoption bar; no genuine first-order C0/C2 merge assertion among the 17 labeled FP (I read all claims); detector bytes unchanged; void revision absent. Per the acceptance criteria, the verdict should be **accept**.

But wait — let me think carefully about whether any part of the adjudication is unsupported:
- The claim "assertion-vs-mention is not lexically separable at this window" — my reproduction supports: no arm meets bar.
- The attribution correction — verified.
- The live census 19 = 17+2 — verified.
- One possible soft point: corpus B live census labels are the author's LIVE_LABELS ground truth (audit-authored). As the independent reviewer I examined all 17 labeled findings in full statement context and concurred: they are case-labels, negations, quotations, detector-descriptions, window artifacts, or detector-self. So the labels are correct. I should record my per-finding independent classification.
- Another soft point: the 2 unlabeled "DETECTOR_SELF meta-claims" classification uses the artifact's `_AUTO_CUES` heuristic. I verified claim 327 and 336 are meta-claims (describing corpora and quoting label counts), so classification is correct.
- Also the r3 artifact says "raw == calibrated on the live bytes: 19 hard" — since no adoption, calibrated = raw. Fine.
- The A04 clause FN stays live: APPLIED has 1 HIGH cue FN (A04, META_CUE_FLAGGED). My repro confirms.
- "PROSEFIX unadoptable (10 HIGH cue-FN)" — confirmed.

One nuance worth recording as a review finding (not a defect against acceptance): the "17 labeled metalinguistic FP" is a finding-level count over 12 claims; 7 of those 17 findings are repeated labels where a single claim emits multiple hard findings (claims 192 → 3 findings, 276 → 3 findings), because `live_census_frozen` falls back to `labels[-1]` for extra findings. That's a labeling-granularity observation: each of the 17 findings was independently checked by me against the claim text; all 17 are metalinguistic. So no correction needed, but the review can note it. Actually, the claim 112 has 2 labels for 2 findings, all fine. 192: 3 findings ALL DETECTOR_SELF (verified individually). 276: 3 findings all QUOTATION. So no mislabeling.

Also note the discrepancy I found: the l05 calibration artifact's converse scan reported 3 cue matches at the older map; the r3 snapshot at 383 claims gives 4 cue matches, 0 unflagged for APPLIED. The frozen r3 artifact's converse_scan also says 4/0. Consistent. Good — no discrepancy in the r3 artifact.

Now, per instructions, "emit valid JSON with IDs evidence hash falsifier, checkpoint, then exit".

Deliverables:
1. `reviews/CLASSSEP-calibration-adjudication-review.json` — the review artifact with per-fixture TP/FP/FN census and exactly one verdict. This is the assigned artifact path.
2. Comms outbox events: `comms/outbox/worker-075.jsonl` appended with:
   - status (active; summary of task complete at worker level)
   - artifact events for the review JSON and the repro script + CHECKPOINT.json
   - a `review` event with target_id, reviewer, verdict, score, hard_failures, findings.
3. Checkpoint: worker checkpoint file `artifacts/worker-075/classsep_adjudication_review/CHECKPOINT.json` (+ copy `runtime/state/worker-075_checkpoint_classsep_review.json`), and an artifact event referencing it.
4. The review JSON itself should include IDs (event_id/task_id/node_id/class_id), evidence refs + hashes, falsifier, checkpoint ref.

Should I write anything else? The assignment's acceptance only requires the review JSON with per-fixture census + one verdict. The outbox review event is the protocol's way of reporting. Also a status event. No gate verdict, no node status.

Where to put repro script? Convention in this repo: artifacts/<worker>/... scripts and reports. I'll place a copy of the repro script and its results under `artifacts/worker-075/classsep_adjudication_review/`. The freeze only forbids detector/schema/ledger/claim edits and gate self-pass; writing my own artifact dir is normal (other workers do). I'll copy tmp files there:
- `artifacts/worker-075/classsep_adjudication_review/repro_075.py`
- `artifacts/worker-075/classsep_adjudication_review/repro_results.json`
- `artifacts/worker-075/classsep_adjudication_review/flagged_claims.txt`
- `artifacts/worker-075/classsep_adjudication_review/CHECKPOINT.json`

Then hash them and include in outbox + review evidence_refs.

Note: the review JSON path reviews/CLASSSEP-calibration-adjudication-review.json is the assigned artifact. I must not modify reviews/CLASSSEP-calibration-adjudication.json (frozen). I won't.

Now, design the review JSON. Let me think about required fields. Following the pattern of other review artifacts (CLASSSEP-adjudication-review-017.json, -030.json). Let me read those two to match schema conventions. They're small; let me read one.
dsh: reasoning:
Interesting! There are already two prior review artifacts of this same target: `reviews/CLASSSEP-adjudication-review-017.json` (verdict revise) and `reviews/CLASSSEP-adjudication-review-030.json` (verdict accept). Wait — worker-030's review was created at 2026-09-12T01:11:10+08:00, and worker-017's at 01:09:56. Hmm! Those were done BEFORE my assignment time? The assignment for worker-075 was created at 01:09:48. But the acceptance says "Exactly one INDEPENDENT non-author review of the landed r3 CLASSSEP adjudication". There are already two reviews in reviews/ for the same target. Let me check the timestamps and whether they're registered in the map/events.

Wait — reviews/CLASSSEP-adjudication-review-030.json says created_at 01:11:10, and reviewer worker-030. Also worker-017's at 01:09:56. Both at the same frozen hashes, both reviewing the same adjudication. But the controller's handoff (ASTRA_HANDOFF.md, updated 01:11) says G-AUDIT stays pending until `astra-life07-classsep-adjudication-review` (worker-075, non-author, deadline 02:30) reproduces the census. Hmm, the handoff was written at 01:11 — did it miss these two reviews? Let me check when those files were written (mtime) and whether they're accepted in events.jsonl.

This is important: "Exactly one INDEPENDENT non-author review" — if two already exist, my review would be a third, and the controller may consider it a duplicate (CF-12: one canonical path, one owner — do not duplicate). But my assignment is explicit: worker-075 deliverable at reviews/CLASSSEP-calibration-adjudication-review.json. The other two have different filenames (CLASSSEP-adjudication-review-017.json, -030.json), not the assigned path. The assignment likely postdates them? Assignment created 01:09:48; worker-017's review created_at 01:09:56 — after the assignment was created! And worker-030's at 01:11:10.

Hmm, this is suspicious. Did the controller already receive reviews from 017 and 030 while issuing the assignment to 075? Perhaps those were spontaneous independent reviews of the same target (the fleet has many agents). The controller's handoff at 01:11 still lists the 075 review as open. Let me check the lifecycle-07 decisions REC-30 more fully, and the map's `reviews` section to see which review is registered. Also check events.jsonl for review events targeting the adjudication.

The key question for me: do I proceed? My instructions from the user: "Read handoff/map and comms. Take one class-bound task..." The task assigned to worker-075 is explicit and the artifact path is specific. I should complete it, but I should note the existence of the two other reviews (duplicate-review risk) as a finding. Actually, let me check whether those reviews are newer/older than the handoff and whether the controller has accepted them.

Let me check mtimes and map/events.
dsh: reasoning:
Critical development: at 01:16:23 the controller (astra, pass-08) issued `astra-life08-notice-classsep-review-satisfied`: "the pass-07 open assignment astra-life07-classsep-adjudication-review (worker-075) is SATISFIED by two independent non-author accepts at the frozen adjudication 7714ffd5..." 

So the task assigned to worker-075 has been closed by the controller at 01:16:23 — after I started (01:14-01:15). The controller used worker-017 (revise → then lead-audit accepted it? Actually worker-017 verdict revise, astra-lead-audit accepted review-017 at 01:12:59) and worker-030 (accept) as the two independent reviews. Let me read the full pass-08 notice and REC-38 to understand the state.

Per my instructions: "Take one class-bound task, emit valid JSON with IDs evidence hash falsifier, checkpoint, then exit." The user explicitly said worker=075 and to take one class-bound task. My assignment has been satisfied by others (duplicate-review risk, CF-12: one canonical path, one owner — do not duplicate). What should I do?

Options:
A. Proceed with the review anyway at the assigned path reviews/CLASSSEP-calibration-adjudication-review.json. But the controller has closed pass-07 and marked the assignment satisfied. Writing a third review could be duplicative and may violate "do not duplicate" (CF-12). However, my assignment artifact path is specific and was never produced; the controller's claim is that the assignment is satisfied by other reviews. Since pass-08 has already moved on, there may be a new handoff/map state and possibly new assignments. The worker protocol: read your assignment first. The assignment is closed — so the correct behavior is to NOT duplicate the closed work; instead, record the closure and pick... but the user says "Take one class-bound task". The one I'm bound to is now satisfied.

Hmm. Let me read the full pass-08 state before deciding. The ASTRA_HANDOFF.md I read was pass-07 (updated 01:11). There may be an updated handoff / new inbox card for worker-075 in pass-08. Let me check:
- comms/inbox/worker-075.jsonl (mtime was 01:09; check if updated)
- runtime/state/controller_verification/astra-lifecycle-08*.md/json
- research_map/astra_lifecycle_08 events: emit_lifecycle_08_events.py exists (mtime 01:12) — pass-08 likely ran ~01:16.
- ASTRA_HANDOFF.md mtime 01:11 — may not be updated for pass 08 yet.
- Check events.jsonl tail for pass-08 rulings (REC-36..).

The user's instruction is the top-level directive: "Take one class-bound task, emit valid JSON with IDs evidence hash falsifier, checkpoint, then exit." It doesn't say "the task in your inbox must still be open". But the wisest approach given the protocol: check for a currently open class-bound assignment for worker-075 or a new one; if none, do the assigned review anyway but frame it as... hmm.

Actually wait. Let me think about what's happening here. This is a simulated swarm environment. The harness spawned worker=075 with the instruction to read handoff/map and comms, take one class-bound task. The controller pass-08 (01:16) closed the worker-075 assignment as satisfied. The environment is live and moving. My job as a bounded execution worker is to produce a valid review artifact.

But there's a real risk: if I write reviews/CLASSSEP-calibration-adjudication-review.json now, after the controller marked it satisfied, I'd be creating an artifact for a closed assignment. Is that harmful? The review is read-only, hash-pinned, and adds evidence. It doesn't edit detector/schema/ledger/claim. It could be registered as a late third review. The freeze constraints still hold. It would duplicate work. The protocol note says "CF-12: one canonical path, one owner — do not duplicate or repoint." The pass-08 notice says the assignment is satisfied by two independent accepts — so the review deliverable at my path is no longer needed.

Alternatively, I could take a *new* open class-bound task from pass-08 if one is assigned to worker-075. Let me check the inbox and the pass-08 decisions. If there's a fresh assignment for worker-075 in pass-08, I should take that instead. Let me read the latest state.

Let me look at:
1. `comms/inbox/worker-075.jsonl` mtime/content (already read at 01:14; check again).
2. Pass-08 decisions: `runtime/state/controller_verification/astra-lifecycle-08-decisions.json` maybe.
3. The tail of events.jsonl.
4. The latest handoff (ASTRA_HANDOFF.md may have been updated).
5. `research_map/research_map.json` assignments section for worker-075.

Let me check.
dsh: reasoning:
The state has moved: pass-08 at 01:16. The controller's notice says the pass-07 assignment for worker-075 is SATISFIED by two independent non-author accepts. Let me read the pass-08 handoff/decisions and the notice in full, and the current map state for assignments. Then decide.

Important: the events tail shows worker-16 and worker-093 explicitly noting "No open worker-0XX inbox card... Took ONE bounded class-bound task (self-selected)". That is the established pattern in this swarm when a worker's slot has no open card: self-select one bounded class-bound task. And my slot's card has been satisfied/closed by the controller. So the most protocol-consistent action is:

1. Record that the pass-07 card was closed as satisfied (evidence: notice event at 01:16:23, pass-08 decisions) — do NOT duplicate the closed review.
2. Take ONE bounded class-bound task that is currently open and useful, matched to worker-075's role/evidence, and deliver valid JSON with IDs, evidence hash, falsifier, checkpoint.

But what new task? The user instruction says "Read handoff/map and comms. Take one class-bound task..." — The handoff I read is pass-07 (mtime 01:11). Let me read the pass-08 lifecycle record and decisions, then find the current open assignments. Since my original task is satisfied, the best options:

Option A: Still deliver the assigned review at its path, noting the controller closed it — but that's duplication (CF-12) and the pass-08 notice explicitly says satisfied. That seems wrong now.

Option B: Self-select a bounded class-bound task from the current pass-08 queue. E.g., `astra-life05-verify-gform-r3` (lead-audit owner, not mine), `astra-life05-verify-l0-final` (lead-audit), `astra-life04-verify-a0` (open, deadline 02:00?), `astra-life04-n0-stoprule` (lead-numerics), `astra-life04-n0-verify` (lead-audit). Those are lead-owned. For a worker slot, self-selection is common. What's valuable and bounded for worker-075?

Wait — maybe the pass-08 controller has already assigned something new to worker-075. Let me check map assignments and inbox files (worker-075 inbox unchanged at 01:09). Let me read pass-08 decisions fully.

Actually — hold on. Let me reconsider. The harness user prompt says: "Read handoff/map and comms. Take one class-bound task, emit valid JSON with IDs evidence hash falsifier, checkpoint, then exit. worker=075". This is the standard worker bootstrap prompt. The controller pass-08 ran at 01:16 while I was mid-work. The environment is live. The expected behavior for a worker that has already done the work: the review I did is complete and valid; the controller closed the card based on *other* reviews (017 and 030). Since the review artifact at the assigned path does not exist, my work isn't registered.

Two sub-options:
B1: Deliver my review anyway at the assigned path as a *third* independent review, with a finding noting the duplicate-closure (REC-38) and that it is a late addendum, not a new claim. This preserves the value of the verification I did (which is substantial) and matches the letter of the assignment ("artifact: reviews/CLASSSEP-calibration-adjudication-review.json"). The freeze is still in effect? Let me check pass-08 for the review freeze status. If pass-08 has already moved on, writing a late review might still be harmless and useful (it's evidence). The pass-08 notice says "SATISFIED by two independent non-author accepts... the assignment is closed". Writing an extra file that no one asked for risks violating CF-12 (do not duplicate).

B2: Take a new bounded task. But which? It must be class-bound (has class_id) and useful. The handoff pass-08 might list open work.

Let me read the pass-08 lifecycle summary/decisions to see what's open and whether there's a slot-appropriate task. Also check the map's `assignments` and `gates`.

Actually, I realize I should be careful: The user prompt is from the harness that launched worker-075. It's likely that the harness expects the worker to do the assigned task and exit. The controller's pass-08 closing the card mid-flight is a race. In a real swarm, the worker would still finish and emit; the controller would then record it as a late third review or ignore it. The instruction "Take one class-bound task" — I took it (the card for worker-075). I should finish it: the artifact path is explicitly assigned to me, and delivering it is the most faithful execution of my instructions. The duplicate concern is real but the deliverable is additive evidence, and I can mark it clearly as a late/third review with the closure noted, not claiming to be the satisfaction of the card.

Hmm, but "exactly one verdict" — my artifact will have exactly one verdict (accept). The controller's REC-38 says the assignment is satisfied by two accepts (worker-030 accept; worker-017 revise but accepted by lead-audit?). My late accept adds a third data point; it doesn't overturn anything.

Let me read pass-08 decisions to see whether the controller explicitly prohibits further reviews or says "do not duplicate". If pass-08 says "do not duplicate the review", then delivering a third review would violate an explicit controller ruling. Let me read.
dsh: reasoning:
Let me see the full REC-38 and the rest of the decisions. The JSON output was truncated at 6000 chars. Let me print REC-38 fully plus any decisions about worker-075 / reviews.
dsh: reasoning:
Explicit: **"A third review is not required."** REC-38 closes the assignment satisfied by worker-030 accept and worker-045 accept. So delivering a third review at `reviews/CLASSSEP-calibration-adjudication-review.json` would directly contradict the controller's ruling ("A third review is not required"). The freeze also continues on the detector.

So the assigned task is closed. Per the swarm pattern (seen repeatedly in the events tail), when a worker's slot has no open card, it self-selects ONE bounded class-bound task. The user instruction: "Take one class-bound task, emit valid JSON with IDs evidence hash falsifier, checkpoint, then exit."

So now I should self-select one bounded, open, class-bound task and do it, rather than duplicating the closed review. But what's open and suitable for worker-075?

Let me look at the pass-08 open assignments and the handoff. The pass-08 decisions mention:
- astra-life08-stageb-r03 → worker-006 (owner) [REC-41]. Not mine.
- astra-life05-verify-gform-r3 (lead-audit) open.
- astra-life05-verify-l0-final (lead-audit).
- astra-life04-verify-a0.
- astra-life04-n0-stoprule (lead-numerics).
- astra-life04-n0-verify (lead-audit).
- REC-36 authorizes one formulation revision rev14 → lead-formulation, deadline 02:15.
- REC-37: conclusion-type token adjudication discharged by a pinned crosswalk artifact plus a consistency check against the registry mapping. Who owns that? "discharged by a pinned crosswalk artifact plus a consistency check against the registry mapping" — presumably the formulation lead or an auditor. It says "they are discharged by a pinned crosswalk artifact plus a consistency check against the registry mapping, never by a write to research_map/formulation_taxonomy.yaml".

Hmm! That REC-37 crosswalk + consistency check is directly relevant to worker-075's prior work: REC-37 cites `artifacts/worker-075/f2b_defect_reconciliation/reconciliation.json#a4f1e05a73ee` as evidence, and the whole point is that HF-075-F2a-VOCAB and HF-075-F2b-VOCAB are alias-vs-canonical presentation conflicts. A bounded class-bound task available: produce the pinned crosswalk artifact + consistency check against the registry mapping (read-only, no schema writes). That would be a natural worker-075 self-selected task. But is it assigned/owned by someone? REC-37 says the defects "are discharged by a pinned crosswalk artifact plus a consistency check against the registry mapping" — it doesn't assign an owner explicitly. REC-36 item (5) assigns to lead-formulation: "SET predicate-vs-class strength label in VARIANT_REGISTRY.json + SET delta + check_variant_registry.py" and item (4) "per REC-37 the scc_* canonical / strong_* alias crosswalk + assertion-correct consistency check". So the crosswalk is part of the lead-formulation's rev14 work (REC-36 item 4). Hmm — worker-075 must not duplicate the lead's work (CF-12).

Other open items where a worker could add independent value:
- REC-39: CF-31 coverage-count divergence — "astra-life05-verify-gform-r3 must publish filename/reviewer/verdict/..." assigned to lead-audit. Not mine.
- REC-40: gate-text refresh — done by controller.
- REC-41: worker-006.
- REC-42: N0 stop rule — lead-numerics/lead-audit.

The pass-08 events also created 8 inbox cards "to lead-formulation, lead-audit, lead-numerics, worker-006". So the currently open worker card is worker-006's `astra-life08-stageb-r03`. Everything else is lead-owned.

Given the fleet pattern ("No inbox card exists for worker-XXX (fleet relaunch; slot self-selects). Took one bounded class-bound task..."), self-selection is expected. What can worker-075 do that is bounded, valuable, read-only-or-additive, and not duplicative?

Let me think about what's most useful and honest given that I have already completed a full independent reproduction of the CLASSSEP r3 adjudication (the closed task). Options:

Option 1: Deliver the review anyway — NO (REC-38 explicitly says not required; would violate CF-12 duplication).

Option 2: Take the *late-review evidence* and file it as a bounded supplementary artifact with a different scope that is genuinely open: e.g., verify REC-38's own satisfaction claim (the two accepted reviews 030 and 045) — i.e., an independent verification that the two cited review artifacts at their cited hashes actually support decision (c) and are non-author. That's a new class-bound task: "REC-38 closure verification". Hmm, but the controller already ruled; verifying the ruling could be seen as re-litigating. Still, it's a legitimate G-AUDIT independent check: confirm that `reviews/CLASSSEP-adjudication-review-030.json` hash d12b06c0294d and `artifacts/worker-045/classsep_r3_indep_review/report.json` hash b25e4443f762 exist, reproduce their key claims, and confirm both reviewers are non-authors. That's bounded, read-only, and directly supports the G-AUDIT pass-08 record. It doesn't duplicate the review of the adjudication (which is closed), it verifies the closure evidence. The deliverable path would be new, e.g. `artifacts/worker-075/rec38_closure_verify/report.json` + review JSON, with a review event.

Hmm, but is that needed? The controller recorded it. A worker verifying the controller's own closure claim is a bit circular but it is exactly what independent audit means, and it's low-risk.

Option 3: Look for another genuinely open, bounded, class-bound task in the current state. Let me scan the map: gates, open assignments, controller findings CF-31/CF-32 etc. Perhaps there's something specific to worker-075's expertise:
- CF-29 detector write forensics: freeze continues; maybe verify the freeze at pass-08 exit (detector unchanged since pass-07, void revision not live, no new writes). That's timely: REC-38 says "research_map/class_separation.py stays frozen at a8c04fc31e4a... any further write voids the round". An independent freeze-integrity check is useful and bounded. But it overlaps with my already-done check (v).
- CF-30 injection: worker-093 did a census.
- CF-31 coverage-count divergence: lead-audit.
- CF-32 acceptance-corpus rebind: mentioned in REC-36 item 7 — owned by lead-formulation.

Option 4: The user instruction says to take one class-bound task from the handoff/map/comms. The assignment card in my inbox is the natural candidate, and I did the work. Even though REC-38 closed it, I can still deliver the artifact with a clear framing: NOT as the satisfaction of the card (which was satisfied by others), but as a *late independent third sample* that adds evidence, and note REC-38. But "A third review is not required" — writing it anyway contradicts. However, "not required" ≠ "forbidden". The stronger language is CF-12 "do not duplicate or repoint" and the pass-08 notice. Hmm.

Let me weigh: The environment's controller is active and will likely pass again at ~01:31 (15-min auto-cycle + passes). If I write reviews/CLASSSEP-calibration-adjudication-review.json, the controller may treat it as a third review; REC-38 says a third is not required but doesn't void it. The review is accept, consistent. It would be additive evidence at the exact path the card specified. Risk: duplicate work flagged as CF. The controller already noted "review files are mutable under fixed names" (REC-39 concern) — adding another review file doesn't mutate others.

But honestly, the more protocol-correct action given REC-38 is: do not produce the closed deliverable; instead self-select a bounded class-bound task that is open now, and note in my outbox that the pass-07 card was already satisfied at pass-08 (so I did not duplicate).

What open bounded task can I complete well within budget (1.5h, deadline was 02:30; it's 01:25 now)? Let me check the current pass-08 state for open questions. Let me read the pass-08 lifecycle final report's unmet/next steps and the map's open assignments + controller_findings. Then decide.

Actually — wait. Let me re-read the user's instruction once more: "You are a bounded execution worker. Read handoff/map and comms. Take one class-bound task, emit valid JSON with IDs evidence hash falsifier, checkpoint, then exit. worker=075".

"Take one class-bound task" — it doesn't say "take the card in your inbox". It says take one. Given the card is closed, I take a different one. The task must be class-bound (class_id present). Since REC-38's crosswalk/consistency-check angle touches work I already did (F2b reconciliation), maybe I can pick something class-bound and safe.

Let me look at the current map for open assignments and findings to find a good bounded task. Let me query the map: `assignments`, `gates`, `controller_findings`, and recent outbox traffic for open blockers/requests addressed to worker slots.

Let me also check if there are any unclaimed inbox cards for other worker ids that might be intended for the fleet (no). The pass-08 events created cards to leads and worker-006 only.

Let me inspect the map.
dsh: reasoning:
I see the assignment list. My card `astra-life07-classsep-adjudication-review` (worker-075) is now closed/satisfied per REC-38. The currently open worker-owned assignment: `astra-life08-stageb-r03` (worker-006, deadline 02:30).

Options for a self-selected bounded class-bound task that is genuinely open and useful:

1. **REC-37 crosswalk + consistency check** — assigned to lead-formulation as part of rev14 (REC-36 item 4). Don't duplicate.

2. **CF-31 coverage count divergence (REC-39)** — owned by lead-audit via astra-life05-verify-gform-r3. Don't duplicate.

3. **G-AUDIT A1 coverage**: "A1: no full accept at the measured hashes; CF-31 coverage..." — the G-AUDIT pending list. The A1 node is "audit" and the pass-08 review_coverage says "A1: 0". Hmm, A1 coverage 0? The r3 CLASSSEP reviews counted under A1? Actually review_coverage.A1 = 0 because the reviews of the adjudication maybe not counted as A1 node accepts.

4. **Freeze integrity check (CF-29/REC-38)**: verify at pass-08 exit that `research_map/class_separation.py` is byte-identical to a8c04fc31e4a, that e36b0d644ca is not live, that the void bytes are preserved, and that no new detector write occurred since the forensics record (mtime check). This is bounded, read-only, class-bound (A1/G-AUDIT), and directly supports REC-38's freeze condition: "any further write voids the round". A worker-075 late check adds evidence that the round's frozen hashes still hold at 01:2x, which matters because the controller's REC-39 notes "review files are mutable under fixed names" and the detector has a history of unauthorized writes (three times!). This is genuinely useful and non-duplicative: REC-38 states the freeze continues; nobody has verified it after pass-08 at a later timestamp.

   Deliverable: `artifacts/worker-075/classsep_freeze_integrity/report.json` + a review/claim/status event. Class-bound: A1/G-AUDIT, class_ids from the CLASSSEP work. This is "one bounded class-bound task" and directly tied to my role slot. It's read-only, no detector write, no schema/ledger/claim edit, no gate self-pass.

5. **Verify REC-38's closure evidence** (the two cited reviews): confirm hashes d12b06c0294d and b25e4443f762 exist and that their verdicts are non-author accepts. This is also bounded and useful: REC-38 is the ruling that closed my card, and the controller's own record should be independently checkable. But it's a bit meta; and review files are mutable under fixed names (REC-39 flags this), so a hash-stability check of the two closure artifacts is actually valuable: are the bytes at those hashes still the ones the controller cited? That would strengthen or falsify REC-38. This is a distinct, bounded, class-bound (A1/G-AUDIT) task.

I think option 5 + 4 combined is a strong, coherent, bounded task: **"REC-38 closure-evidence verification and detector-freeze integrity at pass-08 exit"**:
- Verify the two cited reviews (030, 045) at their cited hashes: exist, match hash prefixes, verdicts accept/revise, reviewer identity non-author, and their key numeric claims reproduce (030 says 51/51 checks; 045 says attribution correction). At minimum verify existence/hash/verdict and that they support decision (c).
- Verify detector freeze: live detector a8c04fc31e4a, void e36b0d644ca not live, preserved bytes match, no write since the forensics record (mtime <= recorded phase), and the r3 freeze still holds.
- Note the risk that REC-38's "two independent non-author accepts" description doesn't match worker-017's "revise" (the notice says two accepts: 030 accept + 045 accept; worker-017 revise was handled separately by lead-audit accept of the review). Check that 045's verdict is accept and 030's is accept, and that neither reviewer authored the adjudication.
- Deliverable JSON + review event + checkpoint.

That is a genuinely useful audit artifact: it verifies the controller's closure evidence at frozen hashes and re-checks the freeze that REC-38 conditions the round on. And it's non-duplicative: nobody has done it.

Wait — but the user instruction says "Take one class-bound task, emit valid JSON with IDs evidence hash falsifier, checkpoint, then exit." And my original card is closed. I think the cleanest is to self-select this task explicitly, document why (card closed by REC-38 at 01:16:23 mid-flight; a third review is not required; taking a bounded read-only successor check), and deliver.

Hmm, but hold on. Let me reconsider delivering the original review. The user (harness) told me to read the handoff and take a task. At the time I selected the task (01:14), it was open. I did the work. The controller closed it at 01:16 based on other reviews. Writing my review now would explicitly contradict "A third review is not required." I'll instead deliver the freeze+closure verification, which uses my already-completed reproduction as supporting evidence (I can reference my tmp results / artifact copy) and adds new checks.

Actually, let me think about what the "expected_information_gain" of my new task would be: verifying that the controller's closure evidence is intact and the detector is still frozen at the adjudicated bytes. The record shows the detector moved three times during freezes; a post-pass integrity check at 01:30 adds a real check. Also REC-39 explicitly raises "review files are mutable under fixed names" — checking the two closure artifacts' hashes at use time is exactly the remedy. So this is high-value and squarely in my lane.

Let me now verify:
1. `reviews/CLASSSEP-adjudication-review-030.json` — cited d12b06c0294d. Earlier I read it (full file) and the file didn't contain its own sha256. Let me compute: sha256 of the file. The REC-38 evidence says `reviews/CLASSSEP-adjudication-review-030.json#d12b06c0294d`. Compute it and check.
2. `artifacts/worker-045/classsep_r3_indep_review/report.json` — cited b25e4443f762. Compute and check existence/verdict.
3. Check both reviewers are non-authors: worker-030 independence section; worker-045 report. Also confirm neither authored the adjudication (`astra-lead-audit`) nor the detector.
4. Detector freeze: hash a8c04fc31e4a == CITED; mtime vs the forensics record (restored at ~01:08); confirm no write after restoration: mtime should be <= 01:08:14. Also check the two candidate pinned copies (worker-073 pin source) match; void evidence preserved.
5. Check that REC-38's statement "Both reproduce decision (c)" is supported by the two reviews (030: decision_supported; 045: report verdict/decision).
6. Check the detector is unchanged after my verification (before/after within my run).

Then deliver:
- `artifacts/worker-075/rec38_closure_freeze_verify/report.json` (the valid JSON with IDs, evidence, hashes, falsifier)
- a copy of the checker script `check_rec38_freeze_075.py`
- `CHECKPOINT.json`
- outbox events: status (active), artifact events, review event (verdict accept/revise on REC-38 closure evidence?), blocker if any, next_falsifier.
- The "review" event type: target_id = REC-38 closure evidence; verdict accept/revise.

Wait, but the user's instruction says "emit valid JSON with IDs evidence hash falsifier, checkpoint, then exit". The deliverable report.json is the valid JSON. I'll also emit the comms events per protocol. Also I must NOT write to `reviews/CLASSSEP-calibration-adjudication-review.json` (closed assignment; third review not required). Instead my artifact lives under artifacts/worker-075/.

Hmm, one more consideration: maybe I should ALSO note my completed late reproduction in the report as an appendix (I have it in tmp). It supports REC-38's "both reproduce decision (c)" claim: I independently reproduced the same census. Since a third review is not required, I can include it as *supporting evidence attached to my new verification*, not as a separate review artifact. That preserves the value without contradicting REC-38. I'll copy repro_results.json into my artifact dir and reference it, explicitly labelled as a late independent reproduction of the closed card, not offered as a third review.

That's a good resolution. Let me proceed:

Step 1: verify hashes of closure evidence and freeze.
Step 2: read worker-045's report to check verdict/independence.
Step 3: write the checker script, run it, produce report.json + CHECKPOINT.json.
Step 4: append outbox events (status, artifact×N, review, maybe claim). Also emit a `blocker` only if something fails.
Step 5: final hash re-check, then exit.

Let me first check the closure artifacts.
dsh: reasoning:
Both closure-evidence hashes match the REC-38 citations exactly:
- reviews/CLASSSEP-adjudication-review-030.json = d12b06c0294d... ✓
- artifacts/worker-045/classsep_r3_indep_review/report.json = b25e4443f762... ✓

worker-045 report: verdict accept, target, pins etc. Let me check its independence claims and target/reviewed hash, and the appended attribution correction. Also worker-030's independence. Let me extract the relevant fields. Then design the checker.

Let me get:
- worker-030: reviewer_role, independence, verdict, score, reviewed_sha256, verified.decision_supported, findings.
- worker-045: target (path/sha), method, actor, independent_recount, decision_arithmetic, findings, appended_section_verification (attribution correction), live_detector_observation, pins_stable, live_target_recheck.

Then my report will verify:
C1. REC-38 evidence items exist and hashes match cited prefixes.
C2. Both verdicts are non-author: neither reviewer is astra-lead-audit; reviewer ids worker-030/worker-045; state independence basis from their artifacts.
C3. Both support decision (c): worker-030 verified.decision_supported + worker-045 verdict accept + decision_arithmetic.
C4. Neither reviewer touched the detector: check their artifacts for no detector write claims; can't fully prove, but check outbox events for detector writes by those workers (grep their outbox/files). Also check the detector mtime is before both reviews? Detector restored at ~01:08:14; both reviews are 01:11:10 / ~01:10:16 and their evidence says a8c04fc3. The freeze condition: no writes after restoration. Check mtime of research_map/class_separation.py and compare with forensics `restored_sha256` and pass-08 times.
C5. Detector freeze integrity: hash a8c04fc31e4a, mtime <= 01:08:15, void not live, void evidence preserved at e36b0d644ca, no new file writes to research_map/class_separation.py since pass-07 exit. I can also check `runtime/state/artifact_hashes.json` and `current_checkpoint.json` from pass-08 (ckpt-20260912-011627) for recorded detector hash.
C6. My late reproduction (already done) reproduces the census and decision (c) — attached as supporting evidence, explicitly not a third review.
C7. Falsifiers: any cited hash drift; detector moved; a closure-evidence artifact's verdict not accept or reviewer is author; REC-38's numeric claims (51/51, 4.5) mismatch.

Also, check the current map sha at my measurement time and record it (map moves). And re-verify all hashes after.

Let me look at worker-045's key fields in detail.
dsh: reasoning:
Worker-045's report is substantial and verdict accept. Worker-030's is accept. Both cited hashes match. Good.

Now, decision on the self-selected task. I'll go with the "REC-38 closure evidence + detector freeze integrity" verification. It is bounded, class-bound (A1 / G-AUDIT / the four AF classes), read-only, and uses my already-completed reproduction as supporting evidence.

Actually, wait. Let me reconsider once more whether it's better to just deliver the assigned review at the assigned path. Arguments:

For delivering the review:
- The user's harness instruction ("Take one class-bound task... worker=075") most likely expects the task in worker-075's inbox card. My inbox card is the CLASSSEP adjudication review, path reviews/CLASSSEP-calibration-adjudication-review.json.
- The controller's REC-38 says "A third review is not required" — not required, but a late third sample isn't forbidden; and my review is complete and exact.
- The deliverable path is explicitly assigned; the artifact doesn't exist.

Against:
- REC-38 explicitly closes the assignment as satisfied and says a third review is not required. Delivering it contradicts the controller's ruling and the CF-12 no-duplication rule.
- The swarm protocol values bounded work and non-duplication; the controller already recorded the closure evidence.
- A cleverer, genuinely valuable check (closure evidence integrity + freeze) is open and non-duplicative.

I think the best synthesis: take the self-selected successor check as the primary task, and include the completed late reproduction as supporting evidence within it (not as a separate third review). This respects REC-38 while preserving all the verification work. I'll clearly document this decision in the report and outbox.

The task: **W075-REC38-CLOSURE-FREEZE-01** — "Independent verification of REC-38 closure evidence and pass-08 detector-freeze integrity at the frozen CLASSSEP hashes". Class-bound: class_id = the four AF classes (as in the CLASSSEP reviews), node A1, gate G-AUDIT. Read-only; no detector/schema/ledger/claim write; no gate verdict.

Deliverables at `artifacts/worker-075/rec38_closure_freeze_verify/`:
- `report.json` — valid JSON with task_id, event ids, node_id, class_ids, gate, created_at, target (REC-38 decision hash + map hash), evidence_refs with sha256, checks with measured values, verdict (accept|revise|reject|inconclusive exactly one — on the closure evidence), findings, falsifier, no_gate_self_pass, checkpoint ref.
- `check_rec38_freeze_075.py` — the checker (stdlib only, read-only).
- `CHECKPOINT.json` — worker checkpoint.
- `late_repro/` — my repro script + results + flagged claims as supporting evidence (explicitly not a third review).

Checks (each fail-closed, exit 2 on pin drift):
1. `reviews/CLASSSEP-calibration-adjudication.json` == 7714ffd5... (target still frozen).
2. `reviews/CLASSSEP-adjudication-review-030.json` == d12b06c0294d... and verdict accept, reviewer worker-030, reviewed_sha256 == 7714ffd5, independence claims non-author.
3. `artifacts/worker-045/classsep_r3_indep_review/report.json` == b25e4443f762... and verdict accept, actor worker-045, target.sha256 == 7714ffd5.
4. Detector freeze: `research_map/class_separation.py` == a8c04fc31e4a; mtime <= restore time (the forensics recorded_at 01:08:00 and restoration after; check mtime and compare to the mtime recorded in cf29 for the unauthorized write 1789146372.03 — the live mtime should be > that). Also confirm `current_checkpoint.json` / pass-08 checkpoint records a8c04fc3 and evidence_hard_note says e36b0d644ca stays void (my check: live != void, evidence bytes == void hash).
5. Void revision absent: live hash != e36b0d644ca; evidence file == e36b0d644ca.
6. REC-38 numeric claims: worker-030 score 4.0, 51/51 checks blocking 0; worker-045 score? (report has no score? Let me check; REC-38 says "worker-045 accept 4.5"). Check worker-045 outbox event for score 4.5. Actually the report.json has verdict accept; the score might be in the outbox review event. I'll check the event and record. If the report lacks a score, cite the outbox event hash. Hmm, outbox JSONL files: worker-045.jsonl. Let me check for the review event with score 4.5.
7. Both reviews support decision (c): 030 verified.decision_supported text, 045 verdict accept + decision_arithmetic.choice_match true.
8. Non-author: neither worker-030 nor worker-045 authored the adjudication (actor astra-lead-audit) — verify from the adjudication artifact + their own independence statements.
9. My late reproduction (supporting): 0 mismatches vs frozen adjudication on the declared census fields; decision (c); no arm meets bar; detector stable before/after. Cite the repro results hash.
10. No detector write during my verification: before/after hash equal.

Then also verify after writing the report that all pins are still unchanged (final re-check) and record.

The verdict: accept (REC-38's closure evidence is intact and correctly cited; freeze holds at the time of measurement). If any check failed → revise/inconclusive per stop rule.

Let me check worker-045 outbox for the score, and worker-030 independence section, then write the checker.
dsh: reasoning:
Confirmed:
- worker-030: accept 4.0, 51 checks, 0 blocking, decision_supported = decision (c).
- worker-045: review event `w045-review-20260912T011500-r3-indep`, target `reviews/CLASSSEP-calibration-adjudication.json#7714ffd5b467`, verdict accept, score 4.5, no hard failures. So REC-38's "worker-045 accept 4.5" matches.

Now I have everything for the closure-evidence verification. Let me now write the checker script that produces `report.json`. Design:

```
python3 artifacts/worker-075/rec38_closure_freeze_verify/check_rec38_freeze_075.py
```
- Exit 0 if all checks pass; 2 on any pin mismatch (fail-closed); 3 on internal inconsistency.
- Writes only its own report + checkpoint under its dir.
- Checks as listed; report includes:
  - task_id, event_ids, node_id A1, gate G-AUDIT, class_ids, reviewer worker-075, created_at
  - controller_ruling: REC-38 event id, decision file + hash, map sha at decision
  - cited evidence and measured hashes
  - checks[] each with id, description, expected, measured, pass
  - verdict: one of accept/revise/reject/inconclusive
  - supporting_late_reproduction (paths + hashes + summary)
  - falsifier, next_falsifier, no_gate_self_pass, not_claimed
  - checkpoint path

Checks list (fail-closed pin checks first):
P1 target adjudication json == 7714ffd5b467... 
P2 review-030 json == d12b06c0294d...
P3 worker-045 report == b25e4443f762...
P4 REC-38 decisions json readable; map_sha256_at_decision == a2585ffc2152 (measure the decisions file hash; the cited map hash is the map at decision — the live map has moved; I'll check the decisions file's claim and note the live map sha separately)
P5 detector live == a8c04fc31e4a
P6 void evidence == e36b0d644ca75b1e...
P7 forensics restored_sha256 == a8c04fc31e4a and unauthorized == e36b0d644ca...
P8 live detector mtime <= pass-07 restore window: compare mtime with the pass-08 checkpoint creation (01:16:27) and the forensics recorded_at (01:08:00). Restoration happened before 01:08:14 per worker-030. Check live mtime < 01:09:00 (before pass-07 final at 01:09:51). Let me measure mtime.
Semantic checks:
C1 030 verdict accept score 4.0, checks 51/51, blocking 0, reviewed_sha256 == target.
C2 045 verdict accept, target.sha256 == target, review event score 4.5 in outbox (check the event exists; hash the outbox file? outbox files grow; I'll check the line exists with that event_id and record the line sha).
C3 both non-author: adjudication actor == astra-lead-audit; reviewers worker-030/worker-045 != author; 030 independence.relation_to_author says none; 045's report actor worker-045 and it has no authorship of the adjudication (its artifact list doesn't include it; check `no_canonical_writes` true).
C4 both reproduce decision (c): 030 verified.decision_supported contains "NOT lexically separable"; 045 decision_arithmetic.recomputed_choice == "c" and choice_match true, adoptable == [].
C5 freeze: pass-08 report/lifecycle records evidence_hard_note containing "e36b0d644ca stays void"; current_checkpoint.json (ckpt-20260912-011627) classsep_regression PASS 17/0/10/0 and artifact hashes include detector a8c04fc3. Let me check current_checkpoint.json structure for the detector hash — `classsep_regression` present; `artifact_hashes` may include research_map/class_separation.py. Let me check.
C6 late reproduction supporting evidence: repro_results.json hash; zero mismatches count (I computed 0 earlier). I'll re-run the comparison inside the checker by loading `late_repro/repro_results.json` and the adjudication JSON and comparing declared fields (the same comparison I did). That makes the supporting evidence verifiable within the checker. Good: the checker can reproduce the "0 mismatches" statement from the stored repro results without re-running the heavy detector measurement.

Wait, but for the "late reproduction" to be legit supporting evidence I should store repro_results.json in the artifact dir. I'll copy the tmp files there. The checker computes mismatches between `late_repro/repro_results.json` and the adjudication JSON's declared census fields.

- verdict determination: accept if all pin+semantic checks pass; revise if a non-pin semantic claim mismatches; inconclusive if a cited pin fails to reproduce (per assignment stop rule). Since I expect all pass → accept.

Let me check current_checkpoint.json for the detector hash and pass-08 lifecycle evidence. Also measure detector mtime.
dsh: reasoning:
Interesting: the current checkpoint at 01:17:20 is labeled `w16-f2b-rev29-containment-adjudication` (a worker checkpoint? It says label w16..., created 01:17:20 — someone ran checkpoint.py with that label; the checkpoint is a full controller checkpoint). The evidence_hard_failures now has 24 entries: 23 CLASSSEP hard hits at the restored detector (including new claims 393, 395, 406, 410 from the growing map) plus the drift finding. The pass-08 decision said 24 hard (23 + 1 instrument-drift). Note the map has moved a lot; the snapshot-bound census (383 claims, 19 hard) still binds only to f344ed2aaea5.

Also note: the checkpoint's artifact_registry records the void evidence file with hash e36b0d644ca ✓.

Detector mtime = 01:08:14.862, which is the restoration time (matches forensics; worker-030 said back to a8c04fc3 by 01:08:14). So no writes after restoration — 1h+ stable at the time of my check. Good.

Now let me create the artifact directory and write the checker script, copy supporting files, run it.

The report JSON design — make it valid, with IDs (task_id, event_ids, node_id, class_ids, gate), evidence refs with hashes, falsifier, checkpoint. Let me write the checker.

Key implementation details:
- All pins fail closed (exit 2) on mismatch, but still write the report with verdict inconclusive? The assignment's stop rule for my late review said "If any cited hash fails to reproduce, STOP and report inconclusive rather than repairing it." For this new task, I'll do the same: on pin mismatch → report verdict inconclusive and exit 2 (report written first).
- Compute map sha at run time (note: map moves; record measured map sha and note the binding).
- Check worker-045 outbox line: find the line with event_id `w045-review-20260912T011500-r3-indep` and score 4.5; record line sha256 (the outbox file may grow; record the file hash at measurement).
- Check pass-08 decisions REC-38 text: contains "not required", cites both hashes; check decisions file hash.
- Check lifecycle-08 final report evidence_hard_note: read `lifecycle_20260912-011626.json` (hash 661cf0d8dd45ad1d...) and verify evidence_hard_note contains "e36b0d644ca stays void" and classsep_regression PASS.
- Check current_checkpoint.json classifier: classsep_regression PASS; note id.
- Late repro comparison: load late_repro/repro_results.json + adjudication JSON; compare declared fields (the same comparison); count mismatches; also verify verdict decision c and all arms fail bar; detector stable before/after.

Then verdict accept if all pass.

Also, per the harness user instruction "emit valid JSON with IDs evidence hash falsifier". The report.json will include all that. Also need to emit comms events to outbox. And a CHECKPOINT.json.

Let me create the artifact dir and write the checker script. I'll copy the tmp repro files first.
dsh: reasoning:
Now write the checker script. I'll make it produce report.json and CHECKPOINT.json, with all checks.

Let me carefully define the checks and report content. Also I'll include the "closure decision" metadata: REC-38 evidence refs.

One subtlety: the current map sha will be measured; the report binds claims to measured hashes. Also record `map_snapshot_binding`: the CLASSSEP census binds only to f344ed2aaea5 (snapshot), which is unchanged.

Let me write it.
dsh: reasoning:
Wait — there's a bug: C2's lambda is invoked immediately... Actually `(lambda: any(...))()` — I wrote `(lambda: any(...) )()`. Let me check: in the check C2 expression I have `and (lambda: any(json.loads(l)...)())` — let me look: 

```
and (lambda: any(json.loads(l).get("event_id") == ...
                 for l in (ROOT / AUX["worker045_outbox"]).read_text().splitlines()))(),
```

Yes I appended `()` to the lambda → calls it. OK. But the lambda references `l` fine. Good.

Another issue: C8's timestamp: 1789146600 = 2026-09-12T01:10:00+08:00? Let me verify: earlier, mtime 1789146494 = 01:08:14.862. 1789146494 + 106 = 1789146600 = 01:10:00. Yes.

Also the `late_repro_results` AUX path is relative to HERE — used with `HERE / AUX[...]` in some places and in the evidence_refs as `f"{AUX['late_repro_results']}#sha256:{sha(HERE / AUX['late_repro_results'])}"` → evidence ref would be "late_repro/repro_results.json#..." which is relative to the artifact dir, not ROOT. Better to use the full repo-relative path in evidence refs. Let me fix evidence_refs to prefix `artifacts/worker-075/rec38_closure_freeze_verify/`. Also AUX others are ROOT-relative (map_live etc.) — those are fine.

Also C2's outbox read: `(ROOT / AUX["worker045_outbox"])` — correct.

Let me fix the late_repro evidence refs, then run.

Also potential issue: `rec38.get("ruling","")` — dec decisions have "ruling". Good.

Also `report["detector_freeze"]["frozen_since_restore"]` uses `not moved` — `moved` is defined before report. Good.

One more: the closure check C5 requires "not required" in ruling — REC-38's ruling says "A third review is not required." ✓.

Let me patch the evidence refs for late_repro.
dsh: reasoning:
Two checks failed. Let me see which. Print the failing checks.
dsh: reasoning:
Two check implementations were wrong, not the evidence:

C4: The 030 decision_supported string says "RECORD assertion-vs-mention as NOT lexically separable at this window" — it does contain "not lexically separable" (lowercase after lower()? My check does `"not lexically separable" in r030...decision_supported` — the string has "NOT lexically separable" — case-sensitive mismatch! I should lower() it. The 045 part passed.

C6: `rep08.get("evidence_hard_note")` is empty — the pass-08 lifecycle report uses different field names. Let me inspect the lifecycle report structure. The decision JSON had `evidence_hard_note`. The lifecycle report may have `evidence_hard_failures` list and maybe no note. Let me check its keys and find where the CLASSSEP/e36b info lives. From the decisions file, `evidence_hard_note` exists at top level of the decisions JSON (which I also read): "23 CLASSSEP composite/mention hard hits at the restored detector a8c04fc31e4a plus 1 recorded instrument-drift finding...". That's in `astra-lifecycle-08-decisions.json`, not the lifecycle report. I should check the decisions file's evidence_hard_note AND the report's classsep_regression. Also check the report has evidence_hard_failures with the drift entry.

Let me inspect the lifecycle_20260912-011626.json keys quickly.
dsh: reasoning:
The lifecycle report has no `evidence_hard_note`; that field is in the decisions JSON. The report's `evidence_hard_failures` has 24 entries including the drift line. I'll fix C6 to check:
- decisions file `evidence_hard_note` contains "e36b0d644ca stays void" and "restored detector a8c04fc31e4a"
- lifecycle report `classsep_regression` PASS 17/0/10/0
- report's evidence_hard_failures contains a drift entry mentioning a8c04fc31e4a
- report measured_hashes maybe includes the detector hash; let me check `measured_hashes`. Not necessary.

Fix C4 with `.lower()`.

These are checker bugs, not evidence failures. Fix and re-run. After re-run the report hash changes; that's fine (I'll regenerate).

Note: the report currently written has verdict "revise". After fixing, re-run gives accept.

Let me patch.
dsh: reasoning:
All 15 checks pass, verdict accept, exit 0.

Now review the final report for correctness/readability, then:
1. Re-verify the report content (read it).
2. Compose the comms outbox events for worker-075:
   - status: active, "one bounded class-bound task complete at worker level", hours, summary, evidence_refs, next_falsifier.
   - artifact events: report.json, checker script, CHECKPOINT.json, late_repro results/script, flagged claims.
   - review event: target_id `astra-lifecycle-08-decisions.json#REC-38`, verdict accept, score 4.0, hard_failures [], findings.
   - maybe a `direction_update`? No.
3. Verify outbox JSON lines are valid and the protocol-required fields exist (event_id, event_type, created_at, actor).
4. Final hash re-check after writing events (the report binds the state; no detector write).
5. Update todos, finish with a summary.

Also the user said "emit valid JSON with IDs evidence hash falsifier, checkpoint, then exit". The report.json is the valid JSON artifact. I should also state the checkpoint. The CHECKPOINT.json is written.

One consideration: should I also write the review artifact at `reviews/CLASSSEP-calibration-adjudication-review.json`? No — decided not to (REC-38). I'll make that explicit in the summary and in the report (already in task_selection).

Let me read the report first to make sure it's clean and the falsifier/IDs are there. Then hash all artifacts and write the outbox events.

Let me also double-check the "late reproduction" caveat about the 2 unlabeled claims and the 17 labeled. And verify the report does not claim a gate verdict.

Let me read the report (it's long; read key sections).
dsh: reasoning:
The report looks good. Now write the outbox events. I need to append to comms/outbox/worker-075.jsonl (valid JSONL, one object per line, required fields event_id, event_type, created_at, actor).

Events to emit (created_at now ~01:2x):
1. status (active, task selection note: closed card by REC-38, self-selected bounded successor check) — event_id w075-rec38verify-20260912T0118-status
2. artifact: report.json with sha256 (full), artifact_type "verification_report", validation_status "unverified", node/gate/class, evidence_refs, summary
3. artifact: checker script sha256
4. artifact: CHECKPOINT.json sha256 (artifact_type "worker_checkpoint")
5. artifact: late_repro results (supporting evidence, artifact_type "supporting_late_reproduction") — maybe combine script+results+flagged in one event or separate. I'll do one event for the repro bundle with the three hashes.
6. review event: target_id "astra-lifecycle-08-decisions.json#REC-38", reviewer worker-075, verdict accept, score 4.0 (scale 0-5), hard_failures [], findings [ids + text], evidence_refs.
7. status final (active; "CHECKPOINT + EXIT" style) with summary and next_falsifier. Worker events cannot set status=done per protocol, so use "active". Many workers do emit status done though; protocol says workers can't set done, so I'll use "active" and phrase "complete at worker level".

Also budget: budget_agent_hours 1.5; hours spent ~0.5. I'll put hours 0.6.

Need to be careful that comms ingest validates events. Let me check research_map/schemas.py / apply_events validation rules for review events — e.g., required fields for `review`: target_id, reviewer, verdict (accept|revise|reject|inconclusive), score 0-5, hard_failures, findings. Let me check validate_events in validate_map.py or schemas.py to ensure my event passes. Also `artifact` events need path, sha256, artifact_type, validation_status? Let me check the schema quickly.

Let me read research_map/events.schema.json and validate_map.py validate_events.
dsh: reasoning:
The schema is loose: artifact events require node_id, artifact_type, path, sha256, validation_status. Review events require target_id, reviewer, verdict, score, hard_failures, findings. Base requires event_id, event_type, created_at, actor.

Now let me compute hashes of all my artifacts and write the outbox lines. I'll write a python script to append the lines atomically (read file, append, ensure newline separation). Actually the file currently ends with a newline presumably. Let me handle: open in append mode and write each JSON line.

Hashes needed:
- report.json: 7f37228c1419692df68684ba6627af08566e9c00f008921710cadc15dd7793e6 (from run output; re-verify)
- CHECKPOINT.json: ddfa10c19c70565f6f1e5c82496aa327d0b5c81de8b76f9f7fe69ac8ed7014c6
- check_rec38_freeze_075.py: compute
- late_repro/repro_results.json: 27f1f4a0582de6c37e16b25d870685c69b7ca62ec40aa26a35b4f786b3f2da81
- late_repro/repro_075.py: compute
- late_repro/flagged_claims.txt: compute
- tmp/w075_classsep_review/repro_075.py etc. — the tmp copies are scratch; the artifact copies are canonical for my evidence. I'll keep tmp (scratch) as is.

Outbox events (created_at "2026-09-12T01:2X:00+08:00" — use current time).

Let me build the events in Python and append. Also after appending, run validate_on my appended lines only (validate_event) to catch schema issues. Then final re-check of detector hash and report hash.

Event contents:

E1 status:
{
 "event_id": "w075-rec38verify-20260912T0125-task",
 "event_type": "status",
 "created_at": "...",
 "actor": "worker-075",
 "node_id": "A1",
 "class_id": "...",
 "gate": "G-AUDIT",
 "status": "active",
 "hours": 0.5,
 "summary": "Pass-07 card astra-life07-classsep-adjudication-review closed SATISFIED mid-flight by controller pass-08 REC-38 (two independent non-author accepts; 'a third review is not required'). worker-075 did NOT write the closed card's reviews/ deliverable; instead took ONE bounded class-bound successor task W075-REC38-CLOSURE-FREEZE-01: independent read-only verification of the REC-38 closure evidence at its cited hashes plus detector-freeze integrity. 15/15 checks pass, verdict accept, 0 hard failures. The completed 27-fixture/five-corpus reproduction is attached as supporting evidence (0 mismatches), not as a third review.",
 "evidence_refs": [...],
 "next_falsifier": "..."
}

E2 artifact report:
{
 "event_id": "w075-rec38verify-...-artifact-report",
 "event_type": "artifact",
 "created_at": ...,
 "actor": "worker-075",
 "node_id": "A1",
 "class_id": ...,
 "gate": "G-AUDIT",
 "artifact_type": "verification_report",
 "path": "artifacts/worker-075/rec38_closure_freeze_verify/report.json",
 "sha256": "...",
 "validation_status": "unverified",
 "summary": "...",
 "evidence_refs": [...]
}

E3 artifact checker.
E4 artifact checkpoint.
E5 artifact late repro bundle (path repro_results.json, plus extra fields).
E6 review:
{
 "event_id": "w075-rec38verify-...-review-rec38",
 "event_type": "review",
 "created_at": ...,
 "actor": "worker-075",
 "reviewer": "worker-075",
 "target_id": "astra-lifecycle-08-decisions.json#REC-38",
 "node_id": "A1",
 "gate": "G-AUDIT",
 "class_id": ...,
 "verdict": "accept",
 "score": 4.0,
 "hard_failures": [],
 "findings": ["W075-R38-01 ...", ...],
 "evidence_refs": [...]
 "falsifier": "..."
}

E7 status final:
{
 "event_id": "w075-rec38verify-...-status-exit",
 "event_type": "status",
 "status": "active",
 "hours": 0.6,
 "summary": "CHECKPOINT + EXIT. One bounded class-bound task complete at worker level... Worker cannot set done/gate per PROTOCOL; controller owns that.",
 ...
}

Let me write and append. Then validate all appended lines with the repo's validate_event function. Then final hash sweep. Then update todos and finish.

One more thought: the user said "emit valid JSON with IDs evidence hash falsifier, checkpoint, then exit". My report does that. The outbox events do too.

Let me write the script.
dsh: reasoning:
Now validate the appended lines against the event schema using the repo's validator, and do the final integrity sweep:
1. Validate all 7 new lines with `validate_event` (import from validate_map).
2. Confirm event IDs unique in the outbox and in events.jsonl (not yet ingested — ingest happens via comms.py by controller/auto-cycle; I should not run ingest myself? PROTOCOL says `comms.py ingest` pulls outbox → events.jsonl; it's a controller command but the auto-cycle runs it. Workers shouldn't necessarily run it. Hmm — worker-001 etc. just write outbox. The 15-minute auto-cycle (`run_cycle.py`) applies accepted events. I'll leave ingest to the controller/cycle. Actually, should I run `python3 research_map/comms.py ingest`? That modifies the accepted stream (events.jsonl) and map (via apply). That's a controller action; workers don't do it. Leave it.
3. Final hash re-check: detector still a8c04fc31e4a; all cited pins; report/checkpoint unchanged; map sha.
4. Check that the 7 lines parse as JSON and contain required fields.

Then update todos and give the final summary.

Let me run validation.
dsh: reasoning:
All events valid, no duplicate IDs.

Final integrity sweep: re-verify all pins + artifact hashes after everything, confirm:
- research_map/class_separation.py == a8c04fc31e4a (freeze held through my whole session)
- void evidence == e36b0d644ca
- adjudication == 7714ffd5b467
- review-030 == d12b06c0294d
- worker-045 report == b25e4443f762
- my report/checker/ckpt hashes match what I emitted in the outbox events
- snapshot f344ed2aaea5
- No writes to reviews/CLASSSEP-calibration-adjudication.json (unchanged)
- No write to the closed card path reviews/CLASSSEP-calibration-adjudication-review.json (still absent)

Let me run the final sweep. Then update todo list to completed and summarize.
dsh: reasoning:
Everything holds. Map sha is a2585ffc2152, same as pass-08 decision map sha — interesting, the map hasn't moved since pass 08 (or the auto-cycle hasn't applied new events yet). My report recorded live map sha at check time; let me verify the report's live_map_sha256_at_check matches a2585ffc... It was measured during the checker run. Let me check: the report was generated at 01:2x, and pass-08 map sha = a2585ffc2152da... Let me confirm consistency — not critical, but let me check quickly. Also update the todo list and finish.

Let me check the report's frozen_map_snapshot.live_map_sha256_at_check.
dsh: reasoning:
Wait — check_rec38_freeze_075.py is 28944 bytes? That seems too large for what I wrote (~20KB maybe with all the text). Actually I wrote a long script; plausible.

Hmm, one thing: the checker file mtime 01:19:07 and mode -rw------- while I wrote via write tool... fine.

Note: after I edited the checker to fix C4/C6, I re-ran and the report was regenerated. The checker hash e952af57... — the outbox declared it. ✓.

Everything is complete:
- Read handoff/map + comms ✓
- Took a class-bound task (the assigned one, then a bounded successor after it was closed) ✓
- Emitted valid JSON with IDs, evidence refs, hashes, falsifier ✓ (report.json + CHECKPOINT.json + 7 validated outbox events)
- Checkpoint ✓ (CHECKPOINT.json + declared in outbox)
- Exit — I should now give the final summary and stop. No goal was created (this is single-turn bounded work, no create_goal needed).

Let me update the todo list to completed and write the final answer summarizing:
1. What I found (the card was closed mid-flight by REC-38).
2. What I delivered (REC-38 closure+freeze verification, 15/15 accept; late reproduction attached).
3. Hashes/evidence.
4. Falsifiers/next.

Keep it concise but complete, with the key numbers and paths. Also mention explicitly that I did not write reviews/CLASSSEP-calibration-adjudication-review.json and why.
