row_id,source_id,citation,authors,year,venue,doi,arxiv_id,url,audit_status,audit_verdict,class_id,coverage,role,theorem_ids,conclusion_types,entry_kinds,strongest_conclusion_type,exact_theorem,theorem_locator,genericity,regularity,assumptions,scope_flags,falsifier,evidence_basis,verification_status,ledger_bound_classes,registry_crosscheck,notes
CC-0001,SRC-001,"Yakov Shlapentokh-Rothman. Weak cosmic censorship, trapped surfaces, and naked singularities for the Einstein vacuum equations.",Yakov Shlapentokh-Rothman,2025,"Comptes Rendus. Mécanique, Volume 353 (2025), pp. 379-410",10.5802/crmeca.284,,https://comptes-rendus.academie-sciences.fr/mecanique/articles/10.5802/crmeca.284/,verified-primary,verified,AF-WCC-VAC-GEN,partial,open_problem,D-001,open_problem,conjecture,open_problem,"Generically, all singularities in General Relativity arising from regular asymptotically flat initial data should have a complete future null infinity.",ledger D-001,Left open in the quoted statement; every rigorous positive result below fixes its own topology and its own data class.,Initial data regular; the precise differentiability class is part of what must be fixed per theorem.,Einstein field equations (stated for asymptotically flat initial data) | A genericity notion must be supplied separately (topology on the data space); the conjecture as quoted does not fix it | Regular initial data,none,"Construct a generic family (open set, or positive measure in an explicitly fixed topology) of asymptotically flat initial data satisfying the constraints whose maximal globally hyperbolic development has incomplete future null infinity. | Prove that no such genericity notion can make the conjecture true while keeping the known non-generic naked-singularity examples excluded.",ledger_theorem_partial,audit:verified-primary,AF-WCC-VAC-GEN,,partial: binding exists only at strength {open_problem} / kinds {conjecture}
CC-0002,SRC-001,"Yakov Shlapentokh-Rothman. Weak cosmic censorship, trapped surfaces, and naked singularities for the Einstein vacuum equations.",Yakov Shlapentokh-Rothman,2025,"Comptes Rendus. Mécanique, Volume 353 (2025), pp. 379-410",10.5802/crmeca.284,,https://comptes-rendus.academie-sciences.fr/mecanique/articles/10.5802/crmeca.284/,verified-primary,verified,AF-SCC-C2-VAC-GEN,none,out_of_class,,,,not_applicable,,n/a,,,,none,,ledger_absence,audit:verified-primary,AF-WCC-VAC-GEN,,empty cell: source is referenced by the ledger but never bound to this class; bound classes: AF-WCC-VAC-GEN
CC-0003,SRC-001,"Yakov Shlapentokh-Rothman. Weak cosmic censorship, trapped surfaces, and naked singularities for the Einstein vacuum equations.",Yakov Shlapentokh-Rothman,2025,"Comptes Rendus. Mécanique, Volume 353 (2025), pp. 379-410",10.5802/crmeca.284,,https://comptes-rendus.academie-sciences.fr/mecanique/articles/10.5802/crmeca.284/,verified-primary,verified,AF-SCC-C0-VAC-GEN,none,out_of_class,,,,not_applicable,,n/a,,,,none,,ledger_absence,audit:verified-primary,AF-WCC-VAC-GEN,,empty cell: source is referenced by the ledger but never bound to this class; bound classes: AF-WCC-VAC-GEN
CC-0004,SRC-001,"Yakov Shlapentokh-Rothman. Weak cosmic censorship, trapped surfaces, and naked singularities for the Einstein vacuum equations.",Yakov Shlapentokh-Rothman,2025,"Comptes Rendus. Mécanique, Volume 353 (2025), pp. 379-410",10.5802/crmeca.284,,https://comptes-rendus.academie-sciences.fr/mecanique/articles/10.5802/crmeca.284/,verified-primary,verified,AF-WCC-SCALAR-SPH,none,out_of_class,,,,not_applicable,,n/a,,,,none,,ledger_absence,audit:verified-primary,AF-WCC-VAC-GEN,,empty cell: source is referenced by the ledger but never bound to this class; bound classes: AF-WCC-VAC-GEN
CC-0005,SRC-002,Igor Rodnianski; Yakov Shlapentokh-Rothman. Naked Singularities for the Einstein Vacuum Equations: The Exterior Solution.,Igor Rodnianski; Yakov Shlapentokh-Rothman,2023,"Annals of Mathematics (2) 198(1), 231-391 (2023); arXiv v2 2022",10.4007/annals.2023.198.1.3,1912.08478,https://arxiv.org/abs/1912.08478,verified-primary,verified,AF-WCC-VAC-GEN,covered,falsifier,T-208,counterexample,counterexample_candidate,counterexample,"There exist solutions of the 3+1-dimensional Einstein vacuum equations corresponding to the exterior region of a naked singularity, constructed via a new type of self-similarity and a geometric twisting phenomenon.",ledger T-208,Constructed self-similar family; not generic.,Smooth in the constructed region (specific regularity in the paper).,Einstein vacuum equations in 3+1 dimensions | Self-similar (twisted) ansatz | The construction gives the exterior region; the full maximal development requires gluing to an interior solution,none,"Find an error in the self-similar construction. | Show the exterior cannot be glued to any interior solution satisfying the vacuum equations, which would invalidate the naked-singularity interpretation.",ledger_theorem_covered,audit:verified-primary,AF-WCC-VAC-GEN,audit provides locator,covered by accepted ledger entry T-208
CC-0006,SRC-002,Igor Rodnianski; Yakov Shlapentokh-Rothman. Naked Singularities for the Einstein Vacuum Equations: The Exterior Solution.,Igor Rodnianski; Yakov Shlapentokh-Rothman,2023,"Annals of Mathematics (2) 198(1), 231-391 (2023); arXiv v2 2022",10.4007/annals.2023.198.1.3,1912.08478,https://arxiv.org/abs/1912.08478,verified-primary,verified,AF-SCC-C2-VAC-GEN,none,out_of_class,,,,not_applicable,,n/a,,,,none,,ledger_absence,audit:verified-primary,AF-WCC-VAC-GEN,audit provides locator,empty cell: source is referenced by the ledger but never bound to this class; bound classes: AF-WCC-VAC-GEN
CC-0007,SRC-002,Igor Rodnianski; Yakov Shlapentokh-Rothman. Naked Singularities for the Einstein Vacuum Equations: The Exterior Solution.,Igor Rodnianski; Yakov Shlapentokh-Rothman,2023,"Annals of Mathematics (2) 198(1), 231-391 (2023); arXiv v2 2022",10.4007/annals.2023.198.1.3,1912.08478,https://arxiv.org/abs/1912.08478,verified-primary,verified,AF-SCC-C0-VAC-GEN,none,out_of_class,,,,not_applicable,,n/a,,,,none,,ledger_absence,audit:verified-primary,AF-WCC-VAC-GEN,audit provides locator,empty cell: source is referenced by the ledger but never bound to this class; bound classes: AF-WCC-VAC-GEN
CC-0008,SRC-002,Igor Rodnianski; Yakov Shlapentokh-Rothman. Naked Singularities for the Einstein Vacuum Equations: The Exterior Solution.,Igor Rodnianski; Yakov Shlapentokh-Rothman,2023,"Annals of Mathematics (2) 198(1), 231-391 (2023); arXiv v2 2022",10.4007/annals.2023.198.1.3,1912.08478,https://arxiv.org/abs/1912.08478,verified-primary,verified,AF-WCC-SCALAR-SPH,none,out_of_class,,,,not_applicable,,n/a,,,,none,,ledger_absence,audit:verified-primary,AF-WCC-VAC-GEN,audit provides locator,empty cell: source is referenced by the ledger but never bound to this class; bound classes: AF-WCC-VAC-GEN
CC-0009,SRC-003,Yakov Shlapentokh-Rothman. Naked Singularities for the Einstein Vacuum Equations: The Interior Solution.,Yakov Shlapentokh-Rothman,2022,"arXiv preprint (v1, 21 Apr 2022)",10.48550/arXiv.2204.09891,2204.09891,https://arxiv.org/abs/2204.09891,verified-primary,verified,AF-WCC-VAC-GEN,covered,falsifier,T-208 | T-209,counterexample,counterexample_candidate | preprint_result,counterexample,"There exist solutions of the 3+1-dimensional Einstein vacuum equations corresponding to the exterior region of a naked singularity, constructed via a new type of self-similarity and a geometric twisting phenomenon.",ledger T-208 (strongest of 2),Constructed self-similar family; not generic.,Smooth in the constructed region (specific regularity in the paper).,Einstein vacuum equations in 3+1 dimensions | Self-similar (twisted) ansatz | The construction gives the exterior region; the full maximal development requires gluing to an interior solution,none,"Find an error in the self-similar construction. | Show the exterior cannot be glued to any interior solution satisfying the vacuum equations, which would invalidate the naked-singularity interpretation.",ledger_theorem_covered,audit:verified-primary,AF-WCC-VAC-GEN,audit provides locator,"covered by accepted ledger entry T-208, T-209"
CC-0010,SRC-003,Yakov Shlapentokh-Rothman. Naked Singularities for the Einstein Vacuum Equations: The Interior Solution.,Yakov Shlapentokh-Rothman,2022,"arXiv preprint (v1, 21 Apr 2022)",10.48550/arXiv.2204.09891,2204.09891,https://arxiv.org/abs/2204.09891,verified-primary,verified,AF-SCC-C2-VAC-GEN,none,out_of_class,,,,not_applicable,,n/a,,,,none,,ledger_absence,audit:verified-primary,AF-WCC-VAC-GEN,audit provides locator,empty cell: source is referenced by the ledger but never bound to this class; bound classes: AF-WCC-VAC-GEN
CC-0011,SRC-003,Yakov Shlapentokh-Rothman. Naked Singularities for the Einstein Vacuum Equations: The Interior Solution.,Yakov Shlapentokh-Rothman,2022,"arXiv preprint (v1, 21 Apr 2022)",10.48550/arXiv.2204.09891,2204.09891,https://arxiv.org/abs/2204.09891,verified-primary,verified,AF-SCC-C0-VAC-GEN,none,out_of_class,,,,not_applicable,,n/a,,,,none,,ledger_absence,audit:verified-primary,AF-WCC-VAC-GEN,audit provides locator,empty cell: source is referenced by the ledger but never bound to this class; bound classes: AF-WCC-VAC-GEN
CC-0012,SRC-003,Yakov Shlapentokh-Rothman. Naked Singularities for the Einstein Vacuum Equations: The Interior Solution.,Yakov Shlapentokh-Rothman,2022,"arXiv preprint (v1, 21 Apr 2022)",10.48550/arXiv.2204.09891,2204.09891,https://arxiv.org/abs/2204.09891,verified-primary,verified,AF-WCC-SCALAR-SPH,none,out_of_class,,,,not_applicable,,n/a,,,,none,,ledger_absence,audit:verified-primary,AF-WCC-VAC-GEN,audit provides locator,empty cell: source is referenced by the ledger but never bound to this class; bound classes: AF-WCC-VAC-GEN
CC-0013,SRC-004,Mihalis Dafermos; Jonathan Luk. The interior of dynamical vacuum black holes I: The C^0-stability of the Kerr Cauchy horizon.,Mihalis Dafermos; Jonathan Luk,2025,"Annals of Mathematics (2) 202(2), 309-630 (September 2025); arXiv v1 2017",10.4007/annals.2025.202.2.1,1710.01722,https://arxiv.org/abs/1710.01722,verified-primary,verified,AF-WCC-VAC-GEN,none,out_of_class,,,,not_applicable,,n/a,,,,none,,ledger_absence,audit:verified-primary,AF-SCC-C0-VAC-GEN | AF-SCC-C2-VAC-GEN,audit provides locator,"empty cell: source is referenced by the ledger but never bound to this class; bound classes: AF-SCC-C0-VAC-GEN, AF-SCC-C2-VAC-GEN"
CC-0014,SRC-004,Mihalis Dafermos; Jonathan Luk. The interior of dynamical vacuum black holes I: The C^0-stability of the Kerr Cauchy horizon.,Mihalis Dafermos; Jonathan Luk,2025,"Annals of Mathematics (2) 202(2), 309-630 (September 2025); arXiv v1 2017",10.4007/annals.2025.202.2.1,1710.01722,https://arxiv.org/abs/1710.01722,verified-primary,verified,AF-SCC-C2-VAC-GEN,partial,supporting_conditional,T-305 | T-401 | T-402,conditional_theorem | open_problem,conjecture | literature_status | preprint_result,conditional_theorem,"For solutions of the Einstein vacuum equations arising from smooth data on a hypersurface slightly inside a dynamical black hole settling down to a subextremal Kerr black hole and satisfying a precise nonlinear Price's-law-type estimate (expected to hold generically), the maximal globally hyperbolic development admits a non-trivial piece of future null boundary (the Cauchy horizon) emanating from timelike infinity i_+, across which the spacetime metric is Lipschitz-inextendible; this yields a Lipschitz version of SCC for Kerr near timelike infinity under that assumption.",ledger T-305 (strongest of 3),"Conditional on the Price-law estimate; conclusion covers the piece of the Cauchy horizon near i_+, not the whole horizon.","Lipschitz-inextendibility (metric C^{0,1}).","Einstein vacuum equations, no symmetry | Data slightly inside a dynamical black hole settling to subextremal Kerr | Nonlinear Price's-law-type estimate assumed (expected generically, not proved)",none,"Show the Price-law estimate fails on an open set of data, making the conditional result vacuous there. | Construct a Lipschitz extension of the Kerr Cauchy horizon near i_+, which would refute the theorem.",ledger_theorem_partial,audit:verified-primary,AF-SCC-C0-VAC-GEN | AF-SCC-C2-VAC-GEN,audit provides locator,"partial: binding exists only at strength {conditional_theorem, open_problem} / kinds {conjecture, literature_status, preprint_result}"
CC-0015,SRC-004,Mihalis Dafermos; Jonathan Luk. The interior of dynamical vacuum black holes I: The C^0-stability of the Kerr Cauchy horizon.,Mihalis Dafermos; Jonathan Luk,2025,"Annals of Mathematics (2) 202(2), 309-630 (September 2025); arXiv v1 2017",10.4007/annals.2025.202.2.1,1710.01722,https://arxiv.org/abs/1710.01722,verified-primary,verified,AF-SCC-C0-VAC-GEN,partial,supporting_conditional,D-002 | T-301 | T-305 | T-402,conditional_theorem | open_problem,conjecture | definition | preprint_result | theorem,conditional_theorem,"For Cauchy data for the Einstein vacuum equations posed on a hypersurface already inside the black-hole interior (representing the geometry just inside the event horizon), the maximal Cauchy evolution can be extended across a non-trivial piece of Cauchy horizon as a Lorentzian manifold with continuous metric. Moreover, if the exterior region of the Kerr family is dynamically stable, then the C^0-inextendibility formulation of strong cosmic censorship is false.",ledger T-301 (strongest of 4),The interior-data class is open in the topology used; genericity of the exterior data is inherited only through the conditional Kerr-stability hypothesis.,Metric continuous across the Cauchy horizon; the connection is not controlled (weak null singularities expected).,"Einstein vacuum equations, no symmetry | Cauchy data defined on a hypersurface already within the black-hole interior | Data represent the expected geometry just inside the event horizon",none,"Exhibit a generic family of data whose MGHD admits a non-trivial continuous isometric extension (this is exactly what Dafermos-Luk produce for Kerr-like interior data, conditional on Kerr exterior stability). | Show the formulation is vacuous because every MGHD has a continuous extension.",ledger_theorem_partial,audit:verified-primary,AF-SCC-C0-VAC-GEN | AF-SCC-C2-VAC-GEN,audit provides locator,"partial: binding exists only at strength {conditional_theorem, open_problem} / kinds {conjecture, definition, preprint_result, theorem}"
CC-0016,SRC-004,Mihalis Dafermos; Jonathan Luk. The interior of dynamical vacuum black holes I: The C^0-stability of the Kerr Cauchy horizon.,Mihalis Dafermos; Jonathan Luk,2025,"Annals of Mathematics (2) 202(2), 309-630 (September 2025); arXiv v1 2017",10.4007/annals.2025.202.2.1,1710.01722,https://arxiv.org/abs/1710.01722,verified-primary,verified,AF-WCC-SCALAR-SPH,none,out_of_class,,,,not_applicable,,n/a,,,,none,,ledger_absence,audit:verified-primary,AF-SCC-C0-VAC-GEN | AF-SCC-C2-VAC-GEN,audit provides locator,"empty cell: source is referenced by the ledger but never bound to this class; bound classes: AF-SCC-C0-VAC-GEN, AF-SCC-C2-VAC-GEN"
CC-0017,SRC-005,Jan Sbierski. The C^0-inextendibility of the Schwarzschild spacetime and the spacelike diameter in Lorentzian Geometry.,Jan Sbierski,2018,"Journal of Differential Geometry 108(2), 319-378 (2018); arXiv:1507.00601",10.4310/jdg/1518490820,1507.00601,https://arxiv.org/abs/1507.00601,verified-api,verified,AF-WCC-VAC-GEN,none,out_of_class,,,,not_applicable,,n/a,,,,none,,ledger_absence,audit:verified-api,AF-SCC-C0-VAC-GEN,audit provides locator,empty cell: source is referenced by the ledger but never bound to this class; bound classes: AF-SCC-C0-VAC-GEN
CC-0018,SRC-005,Jan Sbierski. The C^0-inextendibility of the Schwarzschild spacetime and the spacelike diameter in Lorentzian Geometry.,Jan Sbierski,2018,"Journal of Differential Geometry 108(2), 319-378 (2018); arXiv:1507.00601",10.4310/jdg/1518490820,1507.00601,https://arxiv.org/abs/1507.00601,verified-api,verified,AF-SCC-C2-VAC-GEN,none,out_of_class,,,,not_applicable,,n/a,,,,none,,ledger_absence,audit:verified-api,AF-SCC-C0-VAC-GEN,audit provides locator,empty cell: source is referenced by the ledger but never bound to this class; bound classes: AF-SCC-C0-VAC-GEN
CC-0019,SRC-005,Jan Sbierski. The C^0-inextendibility of the Schwarzschild spacetime and the spacelike diameter in Lorentzian Geometry.,Jan Sbierski,2018,"Journal of Differential Geometry 108(2), 319-378 (2018); arXiv:1507.00601",10.4310/jdg/1518490820,1507.00601,https://arxiv.org/abs/1507.00601,verified-api,verified,AF-SCC-C0-VAC-GEN,covered,supporting,T-302,theorem,theorem,theorem,"The maximal analytic Schwarzschild spacetime is inextendible as a Lorentzian manifold with a continuous metric (stronger than the classical statement that it is inextendible as a C^2 Lorentzian manifold). The obstruction to continuous extension through the curvature singularity is captured by a notion of spacelike diameter of a globally hyperbolic region with merely continuous metric, with a sufficient condition for finiteness.",ledger T-302,"Exact solution, not a generic-data statement.",C^0 metric.,Exact Schwarzschild spacetime (maximal analytic extension) | Extension = isometric embedding into a larger C^0 Lorentzian manifold | Dimension 3+1,none,"Construct a non-trivial continuous isometric extension of the maximal analytic Schwarzschild spacetime (would refute the theorem). | Find a gap in the spacelike-diameter argument (the method has since been adapted by others, e.g. SRC-007/008/009/049, suggesting acceptance).",ledger_theorem_covered,audit:verified-api,AF-SCC-C0-VAC-GEN,audit provides locator,covered by accepted ledger entry T-302
CC-0020,SRC-005,Jan Sbierski. The C^0-inextendibility of the Schwarzschild spacetime and the spacelike diameter in Lorentzian Geometry.,Jan Sbierski,2018,"Journal of Differential Geometry 108(2), 319-378 (2018); arXiv:1507.00601",10.4310/jdg/1518490820,1507.00601,https://arxiv.org/abs/1507.00601,verified-api,verified,AF-WCC-SCALAR-SPH,none,out_of_class,,,,not_applicable,,n/a,,,,none,,ledger_absence,audit:verified-api,AF-SCC-C0-VAC-GEN,audit provides locator,empty cell: source is referenced by the ledger but never bound to this class; bound classes: AF-SCC-C0-VAC-GEN
CC-0021,SRC-006,Jan Sbierski. On the proof of the C^0-inextendibility of the Schwarzschild spacetime.,Jan Sbierski,2018,"Journal of Physics: Conference Series 968, 012012 (2018)",10.1088/1742-6596/968/1/012012,1711.11380,https://arxiv.org/abs/1711.11380,verified-api,verified,AF-WCC-VAC-GEN,none,out_of_class,,,,not_applicable,,n/a,,,,none,,ledger_absence,audit:verified-api,AF-SCC-C0-VAC-GEN,audit provides locator,empty cell: source is referenced by the ledger but never bound to this class; bound classes: AF-SCC-C0-VAC-GEN
CC-0022,SRC-006,Jan Sbierski. On the proof of the C^0-inextendibility of the Schwarzschild spacetime.,Jan Sbierski,2018,"Journal of Physics: Conference Series 968, 012012 (2018)",10.1088/1742-6596/968/1/012012,1711.11380,https://arxiv.org/abs/1711.11380,verified-api,verified,AF-SCC-C2-VAC-GEN,none,out_of_class,,,,not_applicable,,n/a,,,,none,,ledger_absence,audit:verified-api,AF-SCC-C0-VAC-GEN,audit provides locator,empty cell: source is referenced by the ledger but never bound to this class; bound classes: AF-SCC-C0-VAC-GEN
CC-0023,SRC-006,Jan Sbierski. On the proof of the C^0-inextendibility of the Schwarzschild spacetime.,Jan Sbierski,2018,"Journal of Physics: Conference Series 968, 012012 (2018)",10.1088/1742-6596/968/1/012012,1711.11380,https://arxiv.org/abs/1711.11380,verified-api,verified,AF-SCC-C0-VAC-GEN,covered,supporting,T-301 | T-302,conditional_theorem | theorem,theorem,theorem,"The maximal analytic Schwarzschild spacetime is inextendible as a Lorentzian manifold with a continuous metric (stronger than the classical statement that it is inextendible as a C^2 Lorentzian manifold). The obstruction to continuous extension through the curvature singularity is captured by a notion of spacelike diameter of a globally hyperbolic region with merely continuous metric, with a sufficient condition for finiteness.",ledger T-302 (strongest of 2),"Exact solution, not a generic-data statement.",C^0 metric.,Exact Schwarzschild spacetime (maximal analytic extension) | Extension = isometric embedding into a larger C^0 Lorentzian manifold | Dimension 3+1,none,Prove that generic Kerr interiors admit no continuous extension across the Cauchy horizon (would refute the C^0-stability theorem). | Show that the constructed extension is not an extension of the maximal development (e.g. it fails the vacuum equations or isometric embedding conditions).,ledger_theorem_covered,audit:verified-api,AF-SCC-C0-VAC-GEN,audit provides locator,"covered by accepted ledger entry T-301, T-302"
CC-0024,SRC-006,Jan Sbierski. On the proof of the C^0-inextendibility of the Schwarzschild spacetime.,Jan Sbierski,2018,"Journal of Physics: Conference Series 968, 012012 (2018)",10.1088/1742-6596/968/1/012012,1711.11380,https://arxiv.org/abs/1711.11380,verified-api,verified,AF-WCC-SCALAR-SPH,none,out_of_class,,,,not_applicable,,n/a,,,,none,,ledger_absence,audit:verified-api,AF-SCC-C0-VAC-GEN,audit provides locator,empty cell: source is referenced by the ledger but never bound to this class; bound classes: AF-SCC-C0-VAC-GEN
CC-0025,SRC-007,Benedikt Miethke. C^0-inextendibility of the Kasner spacetime.,Benedikt Miethke,2024,"Master's thesis, Universität Wien (arXiv:2408.05257)",10.25365/thesis.76304,2408.05257,https://arxiv.org/abs/2408.05257,verified-api,verified,AF-WCC-VAC-GEN,none,out_of_class,,,,not_applicable,,n/a,,,,none,,ledger_absence,audit:verified-api,(none),audit provides locator,empty cell: source is referenced by the ledger but never bound to this class; no class binding at all
CC-0026,SRC-007,Benedikt Miethke. C^0-inextendibility of the Kasner spacetime.,Benedikt Miethke,2024,"Master's thesis, Universität Wien (arXiv:2408.05257)",10.25365/thesis.76304,2408.05257,https://arxiv.org/abs/2408.05257,verified-api,verified,AF-SCC-C2-VAC-GEN,none,out_of_class,,,,not_applicable,,n/a,,,,none,,ledger_absence,audit:verified-api,(none),audit provides locator,empty cell: source is referenced by the ledger but never bound to this class; no class binding at all
CC-0027,SRC-007,Benedikt Miethke. C^0-inextendibility of the Kasner spacetime.,Benedikt Miethke,2024,"Master's thesis, Universität Wien (arXiv:2408.05257)",10.25365/thesis.76304,2408.05257,https://arxiv.org/abs/2408.05257,verified-api,verified,AF-SCC-C0-VAC-GEN,none,out_of_class,,,,not_applicable,,n/a,,,,none,,ledger_absence,audit:verified-api,(none),audit provides locator,empty cell: source is referenced by the ledger but never bound to this class; no class binding at all
CC-0028,SRC-007,Benedikt Miethke. C^0-inextendibility of the Kasner spacetime.,Benedikt Miethke,2024,"Master's thesis, Universität Wien (arXiv:2408.05257)",10.25365/thesis.76304,2408.05257,https://arxiv.org/abs/2408.05257,verified-api,verified,AF-WCC-SCALAR-SPH,none,out_of_class,,,,not_applicable,,n/a,,,,none,,ledger_absence,audit:verified-api,(none),audit provides locator,empty cell: source is referenced by the ledger but never bound to this class; no class binding at all
CC-0029,SRC-008,Melanie Graf; Marco van den Beld-Serrano. C^0-inextendibility of FLRW spacetimes within a subclass of axisymmetric spacetimes.,Melanie Graf; Marco van den Beld-Serrano,2024,"arXiv preprint (v1, 20 Sep 2024)",10.48550/arXiv.2409.13799,2409.13799,https://arxiv.org/abs/2409.13799,verified-api,verified,AF-WCC-VAC-GEN,none,out_of_class,,,,not_applicable,,n/a,,,,none,,ledger_absence,audit:verified-api,(none),audit provides locator,empty cell: source is referenced by the ledger but never bound to this class; no class binding at all
CC-0030,SRC-008,Melanie Graf; Marco van den Beld-Serrano. C^0-inextendibility of FLRW spacetimes within a subclass of axisymmetric spacetimes.,Melanie Graf; Marco van den Beld-Serrano,2024,"arXiv preprint (v1, 20 Sep 2024)",10.48550/arXiv.2409.13799,2409.13799,https://arxiv.org/abs/2409.13799,verified-api,verified,AF-SCC-C2-VAC-GEN,none,out_of_class,,,,not_applicable,,n/a,,,,none,,ledger_absence,audit:verified-api,(none),audit provides locator,empty cell: source is referenced by the ledger but never bound to this class; no class binding at all
CC-0031,SRC-008,Melanie Graf; Marco van den Beld-Serrano. C^0-inextendibility of FLRW spacetimes within a subclass of axisymmetric spacetimes.,Melanie Graf; Marco van den Beld-Serrano,2024,"arXiv preprint (v1, 20 Sep 2024)",10.48550/arXiv.2409.13799,2409.13799,https://arxiv.org/abs/2409.13799,verified-api,verified,AF-SCC-C0-VAC-GEN,none,out_of_class,,,,not_applicable,,n/a,,,,none,,ledger_absence,audit:verified-api,(none),audit provides locator,empty cell: source is referenced by the ledger but never bound to this class; no class binding at all
CC-0032,SRC-008,Melanie Graf; Marco van den Beld-Serrano. C^0-inextendibility of FLRW spacetimes within a subclass of axisymmetric spacetimes.,Melanie Graf; Marco van den Beld-Serrano,2024,"arXiv preprint (v1, 20 Sep 2024)",10.48550/arXiv.2409.13799,2409.13799,https://arxiv.org/abs/2409.13799,verified-api,verified,AF-WCC-SCALAR-SPH,none,out_of_class,,,,not_applicable,,n/a,,,,none,,ledger_absence,audit:verified-api,(none),audit provides locator,empty cell: source is referenced by the ledger but never bound to this class; no class binding at all
CC-0033,SRC-009,Karim Mosani. C^0-inextendibility of a class of warped-product black hole spacetimes.,Karim Mosani,2026,"arXiv preprint (v1, 24 Jun 2026)",10.48550/arXiv.2606.25755,2606.25755,https://arxiv.org/abs/2606.25755,verified-api,verified,AF-WCC-VAC-GEN,none,out_of_class,,,,not_applicable,,n/a,,,,none,,ledger_absence,audit:verified-api,(none),audit provides locator,empty cell: source is referenced by the ledger but never bound to this class; no class binding at all
CC-0034,SRC-009,Karim Mosani. C^0-inextendibility of a class of warped-product black hole spacetimes.,Karim Mosani,2026,"arXiv preprint (v1, 24 Jun 2026)",10.48550/arXiv.2606.25755,2606.25755,https://arxiv.org/abs/2606.25755,verified-api,verified,AF-SCC-C2-VAC-GEN,none,out_of_class,,,,not_applicable,,n/a,,,,none,,ledger_absence,audit:verified-api,(none),audit provides locator,empty cell: source is referenced by the ledger but never bound to this class; no class binding at all
CC-0035,SRC-009,Karim Mosani. C^0-inextendibility of a class of warped-product black hole spacetimes.,Karim Mosani,2026,"arXiv preprint (v1, 24 Jun 2026)",10.48550/arXiv.2606.25755,2606.25755,https://arxiv.org/abs/2606.25755,verified-api,verified,AF-SCC-C0-VAC-GEN,none,out_of_class,,,,not_applicable,,n/a,,,,none,,ledger_absence,audit:verified-api,(none),audit provides locator,empty cell: source is referenced by the ledger but never bound to this class; no class binding at all
CC-0036,SRC-009,Karim Mosani. C^0-inextendibility of a class of warped-product black hole spacetimes.,Karim Mosani,2026,"arXiv preprint (v1, 24 Jun 2026)",10.48550/arXiv.2606.25755,2606.25755,https://arxiv.org/abs/2606.25755,verified-api,verified,AF-WCC-SCALAR-SPH,none,out_of_class,,,,not_applicable,,n/a,,,,none,,ledger_absence,audit:verified-api,(none),audit provides locator,empty cell: source is referenced by the ledger but never bound to this class; no class binding at all
CC-0037,SRC-010,Roger Penrose. Gravitational collapse and space-time singularities.,Roger Penrose,1965,"Physical Review Letters 14, 57-59 (1965)",10.1103/PhysRevLett.14.57,,https://inspirehep.net/api/literature/9038,verified-api,verified,AF-WCC-VAC-GEN,none,out_of_class,,,,not_applicable,,n/a,,,,none,,ledger_absence,audit:verified-api,(none),,empty cell: source is referenced by the ledger but never bound to this class; no class binding at all
CC-0038,SRC-010,Roger Penrose. Gravitational collapse and space-time singularities.,Roger Penrose,1965,"Physical Review Letters 14, 57-59 (1965)",10.1103/PhysRevLett.14.57,,https://inspirehep.net/api/literature/9038,verified-api,verified,AF-SCC-C2-VAC-GEN,none,out_of_class,,,,not_applicable,,n/a,,,,none,,ledger_absence,audit:verified-api,(none),,empty cell: source is referenced by the ledger but never bound to this class; no class binding at all
CC-0039,SRC-010,Roger Penrose. Gravitational collapse and space-time singularities.,Roger Penrose,1965,"Physical Review Letters 14, 57-59 (1965)",10.1103/PhysRevLett.14.57,,https://inspirehep.net/api/literature/9038,verified-api,verified,AF-SCC-C0-VAC-GEN,none,out_of_class,,,,not_applicable,,n/a,,,,none,,ledger_absence,audit:verified-api,(none),,empty cell: source is referenced by the ledger but never bound to this class; no class binding at all
CC-0040,SRC-010,Roger Penrose. Gravitational collapse and space-time singularities.,Roger Penrose,1965,"Physical Review Letters 14, 57-59 (1965)",10.1103/PhysRevLett.14.57,,https://inspirehep.net/api/literature/9038,verified-api,verified,AF-WCC-SCALAR-SPH,none,out_of_class,,,,not_applicable,,n/a,,,,none,,ledger_absence,audit:verified-api,(none),,empty cell: source is referenced by the ledger but never bound to this class; no class binding at all
CC-0041,SRC-011,Roger Penrose. Gravitational collapse: The role of general relativity.,Roger Penrose,1969,"Rivista del Nuovo Cimento 1, 252-276 (1969); reprinted Gen. Rel. Grav. 34, 1141-1165 (2002)",10.1023/A:1016578408204,,https://inspirehep.net/api/literature/54979,verified-api,verified,AF-WCC-VAC-GEN,partial,open_problem,D-001,open_problem,conjecture,open_problem,"Generically, all singularities in General Relativity arising from regular asymptotically flat initial data should have a complete future null infinity.",ledger D-001,Left open in the quoted statement; every rigorous positive result below fixes its own topology and its own data class.,Initial data regular; the precise differentiability class is part of what must be fixed per theorem.,Einstein field equations (stated for asymptotically flat initial data) | A genericity notion must be supplied separately (topology on the data space); the conjecture as quoted does not fix it | Regular initial data,none,"Construct a generic family (open set, or positive measure in an explicitly fixed topology) of asymptotically flat initial data satisfying the constraints whose maximal globally hyperbolic development has incomplete future null infinity. | Prove that no such genericity notion can make the conjecture true while keeping the known non-generic naked-singularity examples excluded.",ledger_theorem_partial,audit:verified-api,AF-WCC-VAC-GEN,,partial: binding exists only at strength {open_problem} / kinds {conjecture}
CC-0042,SRC-011,Roger Penrose. Gravitational collapse: The role of general relativity.,Roger Penrose,1969,"Rivista del Nuovo Cimento 1, 252-276 (1969); reprinted Gen. Rel. Grav. 34, 1141-1165 (2002)",10.1023/A:1016578408204,,https://inspirehep.net/api/literature/54979,verified-api,verified,AF-SCC-C2-VAC-GEN,none,out_of_class,,,,not_applicable,,n/a,,,,none,,ledger_absence,audit:verified-api,AF-WCC-VAC-GEN,,empty cell: source is referenced by the ledger but never bound to this class; bound classes: AF-WCC-VAC-GEN
CC-0043,SRC-011,Roger Penrose. Gravitational collapse: The role of general relativity.,Roger Penrose,1969,"Rivista del Nuovo Cimento 1, 252-276 (1969); reprinted Gen. Rel. Grav. 34, 1141-1165 (2002)",10.1023/A:1016578408204,,https://inspirehep.net/api/literature/54979,verified-api,verified,AF-SCC-C0-VAC-GEN,none,out_of_class,,,,not_applicable,,n/a,,,,none,,ledger_absence,audit:verified-api,AF-WCC-VAC-GEN,,empty cell: source is referenced by the ledger but never bound to this class; bound classes: AF-WCC-VAC-GEN
CC-0044,SRC-011,Roger Penrose. Gravitational collapse: The role of general relativity.,Roger Penrose,1969,"Rivista del Nuovo Cimento 1, 252-276 (1969); reprinted Gen. Rel. Grav. 34, 1141-1165 (2002)",10.1023/A:1016578408204,,https://inspirehep.net/api/literature/54979,verified-api,verified,AF-WCC-SCALAR-SPH,none,out_of_class,,,,not_applicable,,n/a,,,,none,,ledger_absence,audit:verified-api,AF-WCC-VAC-GEN,,empty cell: source is referenced by the ledger but never bound to this class; bound classes: AF-WCC-VAC-GEN
CC-0045,SRC-012,Stephen W. Hawking; Roger Penrose. The singularities of gravitational collapse and cosmology.,Stephen W. Hawking; Roger Penrose,1970,"Proceedings of the Royal Society of London A 314, 529-548 (1970)",10.1098/rspa.1970.0021,,https://inspirehep.net/api/literature/55131,verified-api,verified,AF-WCC-VAC-GEN,none,out_of_class,,,,not_applicable,,n/a,,,,none,,ledger_absence,audit:verified-api,(none),,empty cell: source is referenced by the ledger but never bound to this class; no class binding at all
CC-0046,SRC-012,Stephen W. Hawking; Roger Penrose. The singularities of gravitational collapse and cosmology.,Stephen W. Hawking; Roger Penrose,1970,"Proceedings of the Royal Society of London A 314, 529-548 (1970)",10.1098/rspa.1970.0021,,https://inspirehep.net/api/literature/55131,verified-api,verified,AF-SCC-C2-VAC-GEN,none,out_of_class,,,,not_applicable,,n/a,,,,none,,ledger_absence,audit:verified-api,(none),,empty cell: source is referenced by the ledger but never bound to this class; no class binding at all
CC-0047,SRC-012,Stephen W. Hawking; Roger Penrose. The singularities of gravitational collapse and cosmology.,Stephen W. Hawking; Roger Penrose,1970,"Proceedings of the Royal Society of London A 314, 529-548 (1970)",10.1098/rspa.1970.0021,,https://inspirehep.net/api/literature/55131,verified-api,verified,AF-SCC-C0-VAC-GEN,none,out_of_class,,,,not_applicable,,n/a,,,,none,,ledger_absence,audit:verified-api,(none),,empty cell: source is referenced by the ledger but never bound to this class; no class binding at all
CC-0048,SRC-012,Stephen W. Hawking; Roger Penrose. The singularities of gravitational collapse and cosmology.,Stephen W. Hawking; Roger Penrose,1970,"Proceedings of the Royal Society of London A 314, 529-548 (1970)",10.1098/rspa.1970.0021,,https://inspirehep.net/api/literature/55131,verified-api,verified,AF-WCC-SCALAR-SPH,none,out_of_class,,,,not_applicable,,n/a,,,,none,,ledger_absence,audit:verified-api,(none),,empty cell: source is referenced by the ledger but never bound to this class; no class binding at all
CC-0049,SRC-013,Demetrios Christodoulou. Examples of naked singularity formation in the gravitational collapse of a scalar field.,Demetrios Christodoulou,1994,"Annals of Mathematics (2) 140(3), 607-653 (1994)",10.2307/2118619,,https://inspirehep.net/api/literature/391017,verified-api,verified,AF-WCC-VAC-GEN,none,out_of_class,,,,not_applicable,,n/a,,,,none,,ledger_absence,audit:verified-api,AF-WCC-SCALAR-SPH,,empty cell: source is referenced by the ledger but never bound to this class; bound classes: AF-WCC-SCALAR-SPH
CC-0050,SRC-013,Demetrios Christodoulou. Examples of naked singularity formation in the gravitational collapse of a scalar field.,Demetrios Christodoulou,1994,"Annals of Mathematics (2) 140(3), 607-653 (1994)",10.2307/2118619,,https://inspirehep.net/api/literature/391017,verified-api,verified,AF-SCC-C2-VAC-GEN,none,out_of_class,,,,not_applicable,,n/a,,,,none,,ledger_absence,audit:verified-api,AF-WCC-SCALAR-SPH,,empty cell: source is referenced by the ledger but never bound to this class; bound classes: AF-WCC-SCALAR-SPH
CC-0051,SRC-013,Demetrios Christodoulou. Examples of naked singularity formation in the gravitational collapse of a scalar field.,Demetrios Christodoulou,1994,"Annals of Mathematics (2) 140(3), 607-653 (1994)",10.2307/2118619,,https://inspirehep.net/api/literature/391017,verified-api,verified,AF-SCC-C0-VAC-GEN,none,out_of_class,,,,not_applicable,,n/a,,,,none,,ledger_absence,audit:verified-api,AF-WCC-SCALAR-SPH,,empty cell: source is referenced by the ledger but never bound to this class; bound classes: AF-WCC-SCALAR-SPH
CC-0052,SRC-013,Demetrios Christodoulou. Examples of naked singularity formation in the gravitational collapse of a scalar field.,Demetrios Christodoulou,1994,"Annals of Mathematics (2) 140(3), 607-653 (1994)",10.2307/2118619,,https://inspirehep.net/api/literature/391017,verified-api,verified,AF-WCC-SCALAR-SPH,partial,supporting,T-102,theorem,theorem,theorem,"There exists a one-parameter family of continuously self-similar C^{1,alpha} solutions of the spherically symmetric Einstein-scalar field equations that form naked singularities.",ledger T-102,"Non-generic by construction: a one-parameter self-similar family, not an open set in a smooth topology.","C^{1,alpha}.",Spherical symmetry | Massless scalar field | Continuous self-similarity,spherical_symmetry | extra_matter,Find an error in the 1994 construction (no verified claim of this exists in the checked literature). | Show the family fails to be a solution of the Einstein-scalar system (would be a retraction-level event; none found).,ledger_theorem_partial,audit:verified-api,AF-WCC-SCALAR-SPH,,partial: binding exists only at strength {theorem} / kinds {theorem}
CC-0053,SRC-014,Demetrios Christodoulou. The instability of naked singularities in the gravitational collapse of a scalar field.,Demetrios Christodoulou,1999,"Annals of Mathematics (2) 149(1), 183-217 (1999)",10.2307/121023,math/9901147,https://arxiv.org/abs/math/9901147,verified-primary,verified,AF-WCC-VAC-GEN,none,out_of_class,,,,not_applicable,,n/a,,,,none,,ledger_absence,audit:verified-primary,AF-SCC-C2-VAC-GEN | AF-WCC-SCALAR-SPH,audit provides locator,"empty cell: source is referenced by the ledger but never bound to this class; bound classes: AF-SCC-C2-VAC-GEN, AF-WCC-SCALAR-SPH"
CC-0054,SRC-014,Demetrios Christodoulou. The instability of naked singularities in the gravitational collapse of a scalar field.,Demetrios Christodoulou,1999,"Annals of Mathematics (2) 149(1), 183-217 (1999)",10.2307/121023,math/9901147,https://arxiv.org/abs/math/9901147,verified-primary,verified,AF-SCC-C2-VAC-GEN,partial,definition,D-007,formal_model,definition,formal_model,"For the C^2 formulation of strong cosmic censorship in the two-ended asymptotically flat Einstein-Maxwell-real-scalar model, 'generic' is made precise as: the exceptional/good set of Cauchy data is open with respect to a weighted C^1 topology and dense with respect to a weighted C^infinity topology.",ledger D-007,"This entry IS the genericity standard, not a statement about data.",C^1 / C^infinity data topologies.,Two-ended asymptotically flat Cauchy data | Einstein-Maxwell-real-scalar system in spherical symmetry | The topologies are weighted (weights fixed in Part II of the cited work),spherical_symmetry | charged_maxwell,"Show that under this genericity standard the C^2 result becomes vacuous (e.g. the good set is empty or the topology trivial), which would force a different quantifier. | Exhibit two reasonable topologies giving opposite verdicts for the same model, which would show the standard is not canonical.",ledger_theorem_partial,audit:verified-primary,AF-SCC-C2-VAC-GEN | AF-WCC-SCALAR-SPH,audit provides locator,partial: binding exists only at strength {formal_model} / kinds {definition}
CC-0055,SRC-014,Demetrios Christodoulou. The instability of naked singularities in the gravitational collapse of a scalar field.,Demetrios Christodoulou,1999,"Annals of Mathematics (2) 149(1), 183-217 (1999)",10.2307/121023,math/9901147,https://arxiv.org/abs/math/9901147,verified-primary,verified,AF-SCC-C0-VAC-GEN,none,out_of_class,,,,not_applicable,,n/a,,,,none,,ledger_absence,audit:verified-primary,AF-SCC-C2-VAC-GEN | AF-WCC-SCALAR-SPH,audit provides locator,"empty cell: source is referenced by the ledger but never bound to this class; bound classes: AF-SCC-C2-VAC-GEN, AF-WCC-SCALAR-SPH"
CC-0056,SRC-014,Demetrios Christodoulou. The instability of naked singularities in the gravitational collapse of a scalar field.,Demetrios Christodoulou,1999,"Annals of Mathematics (2) 149(1), 183-217 (1999)",10.2307/121023,math/9901147,https://arxiv.org/abs/math/9901147,verified-primary,verified,AF-WCC-SCALAR-SPH,covered,supporting,T-101 | T-523 | T-525,stability_result | theorem,theorem,theorem,"New a priori estimates give a robust (non-contradiction) proof that the naked singularities of a self-gravitating scalar field are unstable in spherical symmetry, so that cosmic censorship holds in that context.",ledger T-523 (strongest of 3),Same rough-functional-framework genericity as T-101; not a smooth-topology statement.,A priori estimates not requiring contradiction; exact function spaces in the paper.,Spherical symmetry | Self-gravitating massless scalar field | Estimates relaxed relative to Christodoulou 1999 but still sufficient,spherical_symmetry | extra_matter,"Construct perturbations of the 1994 data, rough in the same norm, that remain naked-singularity-forming (would contradict the theorem as scoped). | Show the theorem's quantifier is not 'generic' but only 'there exist arbitrarily small rough perturbations', which would force a weaker ledger statement.",ledger_theorem_covered,audit:verified-primary,AF-SCC-C2-VAC-GEN | AF-WCC-SCALAR-SPH,audit provides locator,"covered by accepted ledger entry T-101, T-523, T-525"
CC-0057,SRC-015,Demetrios Christodoulou. Violation of cosmic censorship in the gravitational collapse of a dust cloud.,Demetrios Christodoulou,1984,"Communications in Mathematical Physics 93(2), 171-195 (1984)",10.1007/BF01223743,,https://inspirehep.net/api/literature/211917,verified-api,verified,AF-WCC-VAC-GEN,none,out_of_class,,,,not_applicable,,n/a,,,,none,,ledger_absence,audit:verified-api,(none),,empty cell: source is referenced by the ledger but never bound to this class; no class binding at all
CC-0058,SRC-015,Demetrios Christodoulou. Violation of cosmic censorship in the gravitational collapse of a dust cloud.,Demetrios Christodoulou,1984,"Communications in Mathematical Physics 93(2), 171-195 (1984)",10.1007/BF01223743,,https://inspirehep.net/api/literature/211917,verified-api,verified,AF-SCC-C2-VAC-GEN,none,out_of_class,,,,not_applicable,,n/a,,,,none,,ledger_absence,audit:verified-api,(none),,empty cell: source is referenced by the ledger but never bound to this class; no class binding at all
CC-0059,SRC-015,Demetrios Christodoulou. Violation of cosmic censorship in the gravitational collapse of a dust cloud.,Demetrios Christodoulou,1984,"Communications in Mathematical Physics 93(2), 171-195 (1984)",10.1007/BF01223743,,https://inspirehep.net/api/literature/211917,verified-api,verified,AF-SCC-C0-VAC-GEN,none,out_of_class,,,,not_applicable,,n/a,,,,none,,ledger_absence,audit:verified-api,(none),,empty cell: source is referenced by the ledger but never bound to this class; no class binding at all
CC-0060,SRC-015,Demetrios Christodoulou. Violation of cosmic censorship in the gravitational collapse of a dust cloud.,Demetrios Christodoulou,1984,"Communications in Mathematical Physics 93(2), 171-195 (1984)",10.1007/BF01223743,,https://inspirehep.net/api/literature/211917,verified-api,verified,AF-WCC-SCALAR-SPH,none,out_of_class,,,,not_applicable,,n/a,,,,none,,ledger_absence,audit:verified-api,(none),,empty cell: source is referenced by the ledger but never bound to this class; no class binding at all
CC-0061,SRC-016,Matthew W. Choptuik. Universality and scaling in gravitational collapse of a massless scalar field.,Matthew W. Choptuik,1993,"Physical Review Letters 70(1), 9-12 (1993)",10.1103/PhysRevLett.70.9,,https://inspirehep.net/api/literature/33714,verified-api,verified,AF-WCC-VAC-GEN,none,out_of_class,,,,not_applicable,,n/a,,,,none,,ledger_absence,audit:verified-api,AF-WCC-SCALAR-SPH,,empty cell: source is referenced by the ledger but never bound to this class; bound classes: AF-WCC-SCALAR-SPH
CC-0062,SRC-016,Matthew W. Choptuik. Universality and scaling in gravitational collapse of a massless scalar field.,Matthew W. Choptuik,1993,"Physical Review Letters 70(1), 9-12 (1993)",10.1103/PhysRevLett.70.9,,https://inspirehep.net/api/literature/33714,verified-api,verified,AF-SCC-C2-VAC-GEN,none,out_of_class,,,,not_applicable,,n/a,,,,none,,ledger_absence,audit:verified-api,AF-WCC-SCALAR-SPH,,empty cell: source is referenced by the ledger but never bound to this class; bound classes: AF-WCC-SCALAR-SPH
CC-0063,SRC-016,Matthew W. Choptuik. Universality and scaling in gravitational collapse of a massless scalar field.,Matthew W. Choptuik,1993,"Physical Review Letters 70(1), 9-12 (1993)",10.1103/PhysRevLett.70.9,,https://inspirehep.net/api/literature/33714,verified-api,verified,AF-SCC-C0-VAC-GEN,none,out_of_class,,,,not_applicable,,n/a,,,,none,,ledger_absence,audit:verified-api,AF-WCC-SCALAR-SPH,,empty cell: source is referenced by the ledger but never bound to this class; bound classes: AF-WCC-SCALAR-SPH
CC-0064,SRC-016,Matthew W. Choptuik. Universality and scaling in gravitational collapse of a massless scalar field.,Matthew W. Choptuik,1993,"Physical Review Letters 70(1), 9-12 (1993)",10.1103/PhysRevLett.70.9,,https://inspirehep.net/api/literature/33714,verified-api,verified,AF-WCC-SCALAR-SPH,partial,numerical_evidence,T-103,numerical_evidence,numerical_evidence,numerical_evidence,"Numerical study of spherically symmetric massless-scalar collapse: a critical parameter value p* separates black-hole-forming from dispersing solutions; the strong-field p->p* limit is universal and generates structure on arbitrarily small spatiotemporal scales, and black-hole masses obey a power law with universal exponent gamma ~ 0.37.",ledger T-103,Threshold behaviour occurs on a codimension-one set (p = p*) in a one-parameter family; it is not claimed generic.,Numerical smooth data.,"Numerical evidence only | One-parameter families of initial data | Spherical symmetry, massless scalar field",spherical_symmetry | extra_matter,"A rigorous computation showing the critical solution is not naked-singular, or that the power law fails outside the tested families.",ledger_theorem_partial,audit:verified-api,AF-WCC-SCALAR-SPH,,partial: binding exists only at strength {numerical_evidence} / kinds {numerical_evidence}
CC-0065,SRC-017,Vincent Moncrief; James Isenberg. Symmetries of cosmological Cauchy horizons.,Vincent Moncrief; James Isenberg,1983,"Communications in Mathematical Physics 89(3), 387-413 (1983)",10.1007/BF01214662,,https://inspirehep.net/api/literature/1235595,verified-api,verified,AF-WCC-VAC-GEN,none,out_of_class,,,,not_applicable,,n/a,,,,none,,ledger_absence,audit:verified-api,(none),,empty cell: source is referenced by the ledger but never bound to this class; no class binding at all
CC-0066,SRC-017,Vincent Moncrief; James Isenberg. Symmetries of cosmological Cauchy horizons.,Vincent Moncrief; James Isenberg,1983,"Communications in Mathematical Physics 89(3), 387-413 (1983)",10.1007/BF01214662,,https://inspirehep.net/api/literature/1235595,verified-api,verified,AF-SCC-C2-VAC-GEN,none,out_of_class,,,,not_applicable,,n/a,,,,none,,ledger_absence,audit:verified-api,(none),,empty cell: source is referenced by the ledger but never bound to this class; no class binding at all
CC-0067,SRC-017,Vincent Moncrief; James Isenberg. Symmetries of cosmological Cauchy horizons.,Vincent Moncrief; James Isenberg,1983,"Communications in Mathematical Physics 89(3), 387-413 (1983)",10.1007/BF01214662,,https://inspirehep.net/api/literature/1235595,verified-api,verified,AF-SCC-C0-VAC-GEN,none,out_of_class,,,,not_applicable,,n/a,,,,none,,ledger_absence,audit:verified-api,(none),,empty cell: source is referenced by the ledger but never bound to this class; no class binding at all
CC-0068,SRC-017,Vincent Moncrief; James Isenberg. Symmetries of cosmological Cauchy horizons.,Vincent Moncrief; James Isenberg,1983,"Communications in Mathematical Physics 89(3), 387-413 (1983)",10.1007/BF01214662,,https://inspirehep.net/api/literature/1235595,verified-api,verified,AF-WCC-SCALAR-SPH,none,out_of_class,,,,not_applicable,,n/a,,,,none,,ledger_absence,audit:verified-api,(none),,empty cell: source is referenced by the ledger but never bound to this class; no class binding at all
CC-0069,SRC-018,James Isenberg; Vincent Moncrief. Symmetries of cosmological Cauchy horizons with exceptional orbits.,James Isenberg; Vincent Moncrief,1985,"Journal of Mathematical Physics 26(5), 1024-1027 (1985)",10.1063/1.526587,,https://inspirehep.net/api/literature/2862908,verified-api,verified,AF-WCC-VAC-GEN,none,out_of_class,,,,not_applicable,,n/a,,,,none,,ledger_absence,audit:verified-api,(none),,empty cell: source is referenced by the ledger but never bound to this class; no class binding at all
CC-0070,SRC-018,James Isenberg; Vincent Moncrief. Symmetries of cosmological Cauchy horizons with exceptional orbits.,James Isenberg; Vincent Moncrief,1985,"Journal of Mathematical Physics 26(5), 1024-1027 (1985)",10.1063/1.526587,,https://inspirehep.net/api/literature/2862908,verified-api,verified,AF-SCC-C2-VAC-GEN,none,out_of_class,,,,not_applicable,,n/a,,,,none,,ledger_absence,audit:verified-api,(none),,empty cell: source is referenced by the ledger but never bound to this class; no class binding at all
CC-0071,SRC-018,James Isenberg; Vincent Moncrief. Symmetries of cosmological Cauchy horizons with exceptional orbits.,James Isenberg; Vincent Moncrief,1985,"Journal of Mathematical Physics 26(5), 1024-1027 (1985)",10.1063/1.526587,,https://inspirehep.net/api/literature/2862908,verified-api,verified,AF-SCC-C0-VAC-GEN,none,out_of_class,,,,not_applicable,,n/a,,,,none,,ledger_absence,audit:verified-api,(none),,empty cell: source is referenced by the ledger but never bound to this class; no class binding at all
CC-0072,SRC-018,James Isenberg; Vincent Moncrief. Symmetries of cosmological Cauchy horizons with exceptional orbits.,James Isenberg; Vincent Moncrief,1985,"Journal of Mathematical Physics 26(5), 1024-1027 (1985)",10.1063/1.526587,,https://inspirehep.net/api/literature/2862908,verified-api,verified,AF-WCC-SCALAR-SPH,none,out_of_class,,,,not_applicable,,n/a,,,,none,,ledger_absence,audit:verified-api,(none),,empty cell: source is referenced by the ledger but never bound to this class; no class binding at all
CC-0073,SRC-019,Vincent Moncrief; James Isenberg. Symmetries of cosmological Cauchy horizons with non-closed orbits.,Vincent Moncrief; James Isenberg,2019,"Communications in Mathematical Physics 374(1), 145-186 (2019)",10.1007/s00220-019-03571-9,,https://inspirehep.net/api/literature/1684261,verified-api,verified,AF-WCC-VAC-GEN,none,out_of_class,,,,not_applicable,,n/a,,,,none,,ledger_absence,audit:verified-api,(none),,empty cell: source is referenced by the ledger but never bound to this class; no class binding at all
CC-0074,SRC-019,Vincent Moncrief; James Isenberg. Symmetries of cosmological Cauchy horizons with non-closed orbits.,Vincent Moncrief; James Isenberg,2019,"Communications in Mathematical Physics 374(1), 145-186 (2019)",10.1007/s00220-019-03571-9,,https://inspirehep.net/api/literature/1684261,verified-api,verified,AF-SCC-C2-VAC-GEN,none,out_of_class,,,,not_applicable,,n/a,,,,none,,ledger_absence,audit:verified-api,(none),,empty cell: source is referenced by the ledger but never bound to this class; no class binding at all
CC-0075,SRC-019,Vincent Moncrief; James Isenberg. Symmetries of cosmological Cauchy horizons with non-closed orbits.,Vincent Moncrief; James Isenberg,2019,"Communications in Mathematical Physics 374(1), 145-186 (2019)",10.1007/s00220-019-03571-9,,https://inspirehep.net/api/literature/1684261,verified-api,verified,AF-SCC-C0-VAC-GEN,none,out_of_class,,,,not_applicable,,n/a,,,,none,,ledger_absence,audit:verified-api,(none),,empty cell: source is referenced by the ledger but never bound to this class; no class binding at all
CC-0076,SRC-019,Vincent Moncrief; James Isenberg. Symmetries of cosmological Cauchy horizons with non-closed orbits.,Vincent Moncrief; James Isenberg,2019,"Communications in Mathematical Physics 374(1), 145-186 (2019)",10.1007/s00220-019-03571-9,,https://inspirehep.net/api/literature/1684261,verified-api,verified,AF-WCC-SCALAR-SPH,none,out_of_class,,,,not_applicable,,n/a,,,,none,,ledger_absence,audit:verified-api,(none),,empty cell: source is referenced by the ledger but never bound to this class; no class binding at all
CC-0077,SRC-020,Mihalis Dafermos. Stability and instability of the Cauchy horizon for the spherically symmetric Einstein-Maxwell-scalar field equations.,Mihalis Dafermos,2003,"Annals of Mathematics (2) 158(3), 875-928 (2003)",,,https://inspirehep.net/api/literature/1767922,verified-api,verified,AF-WCC-VAC-GEN,none,out_of_class,,,,not_applicable,,n/a,,,,none,,ledger_absence,audit:verified-api,(none),,empty cell: source is referenced by the ledger but never bound to this class; no class binding at all
CC-0078,SRC-020,Mihalis Dafermos. Stability and instability of the Cauchy horizon for the spherically symmetric Einstein-Maxwell-scalar field equations.,Mihalis Dafermos,2003,"Annals of Mathematics (2) 158(3), 875-928 (2003)",,,https://inspirehep.net/api/literature/1767922,verified-api,verified,AF-SCC-C2-VAC-GEN,none,out_of_class,,,,not_applicable,,n/a,,,,none,,ledger_absence,audit:verified-api,(none),,empty cell: source is referenced by the ledger but never bound to this class; no class binding at all
CC-0079,SRC-020,Mihalis Dafermos. Stability and instability of the Cauchy horizon for the spherically symmetric Einstein-Maxwell-scalar field equations.,Mihalis Dafermos,2003,"Annals of Mathematics (2) 158(3), 875-928 (2003)",,,https://inspirehep.net/api/literature/1767922,verified-api,verified,AF-SCC-C0-VAC-GEN,none,out_of_class,,,,not_applicable,,n/a,,,,none,,ledger_absence,audit:verified-api,(none),,empty cell: source is referenced by the ledger but never bound to this class; no class binding at all
CC-0080,SRC-020,Mihalis Dafermos. Stability and instability of the Cauchy horizon for the spherically symmetric Einstein-Maxwell-scalar field equations.,Mihalis Dafermos,2003,"Annals of Mathematics (2) 158(3), 875-928 (2003)",,,https://inspirehep.net/api/literature/1767922,verified-api,verified,AF-WCC-SCALAR-SPH,none,out_of_class,,,,not_applicable,,n/a,,,,none,,ledger_absence,audit:verified-api,(none),,empty cell: source is referenced by the ledger but never bound to this class; no class binding at all
CC-0081,SRC-021,Mihalis Dafermos. The interior of charged black holes and the problem of uniqueness in general relativity.,Mihalis Dafermos,2005,"Communications on Pure and Applied Mathematics 58(4), 445-504 (2005)",10.1002/cpa.20071,http://arxiv.org/abs/gr-qc/0307013v3,https://inspirehep.net/api/literature/622602,verified-api,verified,AF-WCC-VAC-GEN,none,out_of_class,,,,not_applicable,,n/a,,,,none,,ledger_absence,audit:verified-api,AF-SCC-C0-VAC-GEN,flash-10 registry match http://arxiv.org/abs/gr-qc/0307013v3: The interior of charged black holes and the problem of uniqueness in general relativity,empty cell: source is referenced by the ledger but never bound to this class; bound classes: AF-SCC-C0-VAC-GEN
CC-0082,SRC-021,Mihalis Dafermos. The interior of charged black holes and the problem of uniqueness in general relativity.,Mihalis Dafermos,2005,"Communications on Pure and Applied Mathematics 58(4), 445-504 (2005)",10.1002/cpa.20071,http://arxiv.org/abs/gr-qc/0307013v3,https://inspirehep.net/api/literature/622602,verified-api,verified,AF-SCC-C2-VAC-GEN,none,out_of_class,,,,not_applicable,,n/a,,,,none,,ledger_absence,audit:verified-api,AF-SCC-C0-VAC-GEN,flash-10 registry match http://arxiv.org/abs/gr-qc/0307013v3: The interior of charged black holes and the problem of uniqueness in general relativity,empty cell: source is referenced by the ledger but never bound to this class; bound classes: AF-SCC-C0-VAC-GEN
CC-0083,SRC-021,Mihalis Dafermos. The interior of charged black holes and the problem of uniqueness in general relativity.,Mihalis Dafermos,2005,"Communications on Pure and Applied Mathematics 58(4), 445-504 (2005)",10.1002/cpa.20071,http://arxiv.org/abs/gr-qc/0307013v3,https://inspirehep.net/api/literature/622602,verified-api,verified,AF-SCC-C0-VAC-GEN,partial,definition,D-002,open_problem,definition,open_problem,Strong cosmic censorship in C^0 form: the maximal Cauchy development is inextendible as a Lorentzian manifold with merely continuous metric across its Cauchy horizon.,ledger D-002,Generic initial data in the class under consideration; the formulation itself does not fix the class.,Metric C^0; no regularity demanded of the connection.,A maximal globally hyperbolic development (MGHD) is fixed. | 'Extension' means a non-trivial isometric embedding into a larger C^0 Lorentzian manifold (the embedding may be required to be C^0 or smoother; formulations differ). | Genericity of the initial data must be supplied separately.,none,"Exhibit a generic family of data whose MGHD admits a non-trivial continuous isometric extension (this is exactly what Dafermos-Luk produce for Kerr-like interior data, conditional on Kerr exterior stability). | Show the formulation is vacuous because every MGHD has a continuous extension.",ledger_theorem_partial,audit:verified-api,AF-SCC-C0-VAC-GEN,flash-10 registry match http://arxiv.org/abs/gr-qc/0307013v3: The interior of charged black holes and the problem of uniqueness in general relativity,partial: binding exists only at strength {open_problem} / kinds {definition}
CC-0084,SRC-021,Mihalis Dafermos. The interior of charged black holes and the problem of uniqueness in general relativity.,Mihalis Dafermos,2005,"Communications on Pure and Applied Mathematics 58(4), 445-504 (2005)",10.1002/cpa.20071,http://arxiv.org/abs/gr-qc/0307013v3,https://inspirehep.net/api/literature/622602,verified-api,verified,AF-WCC-SCALAR-SPH,none,out_of_class,,,,not_applicable,,n/a,,,,none,,ledger_absence,audit:verified-api,AF-SCC-C0-VAC-GEN,flash-10 registry match http://arxiv.org/abs/gr-qc/0307013v3: The interior of charged black holes and the problem of uniqueness in general relativity,empty cell: source is referenced by the ledger but never bound to this class; bound classes: AF-SCC-C0-VAC-GEN
CC-0085,SRC-022,Jonathan Luk. Weak null singularities in general relativity.,Jonathan Luk,2018,"Journal of the American Mathematical Society 31(1), 1-63 (2018)",10.1090/jams/888,,https://inspirehep.net/api/literature/1265214,verified-api,verified,AF-WCC-VAC-GEN,none,out_of_class,,,,not_applicable,,n/a,,,,none,,ledger_absence,audit:verified-api,AF-SCC-C0-VAC-GEN | AF-SCC-C2-VAC-GEN,,"empty cell: source is referenced by the ledger but never bound to this class; bound classes: AF-SCC-C0-VAC-GEN, AF-SCC-C2-VAC-GEN"
CC-0086,SRC-022,Jonathan Luk. Weak null singularities in general relativity.,Jonathan Luk,2018,"Journal of the American Mathematical Society 31(1), 1-63 (2018)",10.1090/jams/888,,https://inspirehep.net/api/literature/1265214,verified-api,verified,AF-SCC-C2-VAC-GEN,covered,supporting,T-303 | T-401 | T-402,open_problem | theorem,conjecture | literature_status | theorem,theorem,There is a class of spacetimes without symmetry satisfying the vacuum Einstein equations with singular boundaries on two null hypersurfaces intersecting in the future on a 2-sphere; the metric extends continuously beyond the singularities while the Christoffel symbols fail to be square integrable in a neighbourhood of any point of the singular boundaries. The construction is stable in a suitable sense.,ledger T-303 (strongest of 3),"Stable in a suitable sense, but the data class is special (high-frequency/impulsive), not generic AF collapse data.",C^0 metric; Christoffel symbols not in L^2_loc.,"Einstein vacuum equations, no symmetry | Characteristic data with singular boundaries on two null hypersurfaces | The construction is of impulsive-wave type (Luk-Rodnianski lineage)",none,"Find an error in the construction. | Show the singular boundary is actually C^1-extendible, contradicting the non-square-integrability of the connection.",ledger_theorem_covered,audit:verified-api,AF-SCC-C0-VAC-GEN | AF-SCC-C2-VAC-GEN,,"covered by accepted ledger entry T-303, T-401, T-402"
CC-0087,SRC-022,Jonathan Luk. Weak null singularities in general relativity.,Jonathan Luk,2018,"Journal of the American Mathematical Society 31(1), 1-63 (2018)",10.1090/jams/888,,https://inspirehep.net/api/literature/1265214,verified-api,verified,AF-SCC-C0-VAC-GEN,covered,supporting,T-303 | T-402,open_problem | theorem,conjecture | theorem,theorem,There is a class of spacetimes without symmetry satisfying the vacuum Einstein equations with singular boundaries on two null hypersurfaces intersecting in the future on a 2-sphere; the metric extends continuously beyond the singularities while the Christoffel symbols fail to be square integrable in a neighbourhood of any point of the singular boundaries. The construction is stable in a suitable sense.,ledger T-303 (strongest of 2),"Stable in a suitable sense, but the data class is special (high-frequency/impulsive), not generic AF collapse data.",C^0 metric; Christoffel symbols not in L^2_loc.,"Einstein vacuum equations, no symmetry | Characteristic data with singular boundaries on two null hypersurfaces | The construction is of impulsive-wave type (Luk-Rodnianski lineage)",none,"Find an error in the construction. | Show the singular boundary is actually C^1-extendible, contradicting the non-square-integrability of the connection.",ledger_theorem_covered,audit:verified-api,AF-SCC-C0-VAC-GEN | AF-SCC-C2-VAC-GEN,,"covered by accepted ledger entry T-303, T-402"
CC-0088,SRC-022,Jonathan Luk. Weak null singularities in general relativity.,Jonathan Luk,2018,"Journal of the American Mathematical Society 31(1), 1-63 (2018)",10.1090/jams/888,,https://inspirehep.net/api/literature/1265214,verified-api,verified,AF-WCC-SCALAR-SPH,none,out_of_class,,,,not_applicable,,n/a,,,,none,,ledger_absence,audit:verified-api,AF-SCC-C0-VAC-GEN | AF-SCC-C2-VAC-GEN,,"empty cell: source is referenced by the ledger but never bound to this class; bound classes: AF-SCC-C0-VAC-GEN, AF-SCC-C2-VAC-GEN"
CC-0089,SRC-023,Jonathan Luk; Sung-Jin Oh. Proof of linear instability of the Reissner-Nordstrom Cauchy horizon under scalar perturbations.,Jonathan Luk; Sung-Jin Oh,2017,"Duke Mathematical Journal 166(3), 437-493 (2017)",10.1215/00127094-3715189,1501.04598,https://inspirehep.net/api/literature/1340082,verified-api,verified,AF-WCC-VAC-GEN,none,out_of_class,,,,not_applicable,,n/a,,,,none,,ledger_absence,audit:verified-api,(none),flash-10 registry match 1501.04598: Proof of linear instability of the Reissner-Nordström Cauchy horizon under scalar perturbations,empty cell: source is referenced by the ledger but never bound to this class; no class binding at all
CC-0090,SRC-023,Jonathan Luk; Sung-Jin Oh. Proof of linear instability of the Reissner-Nordstrom Cauchy horizon under scalar perturbations.,Jonathan Luk; Sung-Jin Oh,2017,"Duke Mathematical Journal 166(3), 437-493 (2017)",10.1215/00127094-3715189,1501.04598,https://inspirehep.net/api/literature/1340082,verified-api,verified,AF-SCC-C2-VAC-GEN,none,out_of_class,,,,not_applicable,,n/a,,,,none,,ledger_absence,audit:verified-api,(none),flash-10 registry match 1501.04598: Proof of linear instability of the Reissner-Nordström Cauchy horizon under scalar perturbations,empty cell: source is referenced by the ledger but never bound to this class; no class binding at all
CC-0091,SRC-023,Jonathan Luk; Sung-Jin Oh. Proof of linear instability of the Reissner-Nordstrom Cauchy horizon under scalar perturbations.,Jonathan Luk; Sung-Jin Oh,2017,"Duke Mathematical Journal 166(3), 437-493 (2017)",10.1215/00127094-3715189,1501.04598,https://inspirehep.net/api/literature/1340082,verified-api,verified,AF-SCC-C0-VAC-GEN,none,out_of_class,,,,not_applicable,,n/a,,,,none,,ledger_absence,audit:verified-api,(none),flash-10 registry match 1501.04598: Proof of linear instability of the Reissner-Nordström Cauchy horizon under scalar perturbations,empty cell: source is referenced by the ledger but never bound to this class; no class binding at all
CC-0092,SRC-023,Jonathan Luk; Sung-Jin Oh. Proof of linear instability of the Reissner-Nordstrom Cauchy horizon under scalar perturbations.,Jonathan Luk; Sung-Jin Oh,2017,"Duke Mathematical Journal 166(3), 437-493 (2017)",10.1215/00127094-3715189,1501.04598,https://inspirehep.net/api/literature/1340082,verified-api,verified,AF-WCC-SCALAR-SPH,none,out_of_class,,,,not_applicable,,n/a,,,,none,,ledger_absence,audit:verified-api,(none),flash-10 registry match 1501.04598: Proof of linear instability of the Reissner-Nordström Cauchy horizon under scalar perturbations,empty cell: source is referenced by the ledger but never bound to this class; no class binding at all
CC-0093,SRC-024,"Jan Sbierski. On holonomy singularities in general relativity and the C^{0,1}_loc-inextendibility of spacetimes.",Jan Sbierski,2022,"arXiv:2007.12049 (v2), accepted by Duke Mathematical Journal (per arXiv comment)",,2007.12049,https://arxiv.org/abs/2007.12049,verified-api,verified,AF-WCC-VAC-GEN,none,out_of_class,,,,not_applicable,,n/a,,,,none,,ledger_absence,audit:verified-api,AF-SCC-C0-VAC-GEN | AF-SCC-C2-VAC-GEN,audit provides locator,"empty cell: source is referenced by the ledger but never bound to this class; bound classes: AF-SCC-C0-VAC-GEN, AF-SCC-C2-VAC-GEN"
CC-0094,SRC-024,"Jan Sbierski. On holonomy singularities in general relativity and the C^{0,1}_loc-inextendibility of spacetimes.",Jan Sbierski,2022,"arXiv:2007.12049 (v2), accepted by Duke Mathematical Journal (per arXiv comment)",,2007.12049,https://arxiv.org/abs/2007.12049,verified-api,verified,AF-SCC-C2-VAC-GEN,partial,definition,D-003 | D-005,open_problem,definition,open_problem,"Strong cosmic censorship in C^2 form: the maximal globally hyperbolic development is future-inextendible as a Lorentzian manifold whose metric is twice continuously differentiable, for generic initial data.",ledger D-003 (strongest of 2),Generic data; class-dependent.,Metric C^2 across the boundary.,MGHD fixed. | Extension = non-trivial isometric embedding into a larger C^2 Lorentzian manifold. | Genericity supplied separately.,none,"Construct generic data whose MGHD admits a C^2 isometric extension across the Cauchy horizon (for the RNdS model with smooth data, Dias-Reall-Santos report exactly this in the linear coupled setting). | Exhibit a C^2-inextendibility proof in the model and show its hypotheses fail on an open set.",ledger_theorem_partial,audit:verified-api,AF-SCC-C0-VAC-GEN | AF-SCC-C2-VAC-GEN,audit provides locator,partial: binding exists only at strength {open_problem} / kinds {definition}
CC-0095,SRC-024,"Jan Sbierski. On holonomy singularities in general relativity and the C^{0,1}_loc-inextendibility of spacetimes.",Jan Sbierski,2022,"arXiv:2007.12049 (v2), accepted by Duke Mathematical Journal (per arXiv comment)",,2007.12049,https://arxiv.org/abs/2007.12049,verified-api,verified,AF-SCC-C0-VAC-GEN,partial,definition,D-005,open_problem,definition,open_problem,"A family of intermediate inextendibility requirements: the MGHD is not extendible as a Lorentzian manifold in a class where the metric is Lipschitz (C^{0,1}_loc), or where the metric is continuous and the Christoffel symbols lie in L^s_loc for s>1.",ledger D-005,Class-dependent; Gurriaran 2026 assumes a nonlinear Price-law estimate expected to hold generically.,"Metric C^{0,1} (Lipschitz), or C^0 with connection in L^s_loc, s>1.",MGHD fixed | Extension class fixed by the exponent s or by Lipschitz regularity of the metric,none,"Produce a Lipschitz extension of a Kerr Cauchy horizon for generic data, which would falsify the Lipschitz version. | Show the L^s_loc blow-up condition of Cameron-Sbierski 2026 fails on an open set of spherical EM-scalar data.",ledger_theorem_partial,audit:verified-api,AF-SCC-C0-VAC-GEN | AF-SCC-C2-VAC-GEN,audit provides locator,partial: binding exists only at strength {open_problem} / kinds {definition}
CC-0096,SRC-024,"Jan Sbierski. On holonomy singularities in general relativity and the C^{0,1}_loc-inextendibility of spacetimes.",Jan Sbierski,2022,"arXiv:2007.12049 (v2), accepted by Duke Mathematical Journal (per arXiv comment)",,2007.12049,https://arxiv.org/abs/2007.12049,verified-api,verified,AF-WCC-SCALAR-SPH,none,out_of_class,,,,not_applicable,,n/a,,,,none,,ledger_absence,audit:verified-api,AF-SCC-C0-VAC-GEN | AF-SCC-C2-VAC-GEN,audit provides locator,"empty cell: source is referenced by the ledger but never bound to this class; bound classes: AF-SCC-C0-VAC-GEN, AF-SCC-C2-VAC-GEN"
CC-0097,SRC-025,Maxime Van de Moortel. Mass inflation and the C^2-inextendibility of spherically symmetric charged scalar field dynamical black holes.,Maxime Van de Moortel,2021,"Communications in Mathematical Physics 382, 1263-1341 (2021); arXiv:2001.11156",10.1007/s00220-020-03923-w,2001.11156,https://arxiv.org/abs/2001.11156,verified-api,verified,AF-WCC-VAC-GEN,none,out_of_class,,,,not_applicable,,n/a,,,,none,,ledger_absence,audit:verified-api,AF-SCC-C2-VAC-GEN,audit provides locator,empty cell: source is referenced by the ledger but never bound to this class; bound classes: AF-SCC-C2-VAC-GEN
CC-0098,SRC-025,Maxime Van de Moortel. Mass inflation and the C^2-inextendibility of spherically symmetric charged scalar field dynamical black holes.,Maxime Van de Moortel,2021,"Communications in Mathematical Physics 382, 1263-1341 (2021); arXiv:2001.11156",10.1007/s00220-020-03923-w,2001.11156,https://arxiv.org/abs/2001.11156,verified-api,verified,AF-SCC-C2-VAC-GEN,partial,definition,D-003,open_problem,definition,open_problem,"Strong cosmic censorship in C^2 form: the maximal globally hyperbolic development is future-inextendible as a Lorentzian manifold whose metric is twice continuously differentiable, for generic initial data.",ledger D-003,Generic data; class-dependent.,Metric C^2 across the boundary.,MGHD fixed. | Extension = non-trivial isometric embedding into a larger C^2 Lorentzian manifold. | Genericity supplied separately.,none,"Construct generic data whose MGHD admits a C^2 isometric extension across the Cauchy horizon (for the RNdS model with smooth data, Dias-Reall-Santos report exactly this in the linear coupled setting). | Exhibit a C^2-inextendibility proof in the model and show its hypotheses fail on an open set.",ledger_theorem_partial,audit:verified-api,AF-SCC-C2-VAC-GEN,audit provides locator,partial: binding exists only at strength {open_problem} / kinds {definition}
CC-0099,SRC-025,Maxime Van de Moortel. Mass inflation and the C^2-inextendibility of spherically symmetric charged scalar field dynamical black holes.,Maxime Van de Moortel,2021,"Communications in Mathematical Physics 382, 1263-1341 (2021); arXiv:2001.11156",10.1007/s00220-020-03923-w,2001.11156,https://arxiv.org/abs/2001.11156,verified-api,verified,AF-SCC-C0-VAC-GEN,none,out_of_class,,,,not_applicable,,n/a,,,,none,,ledger_absence,audit:verified-api,AF-SCC-C2-VAC-GEN,audit provides locator,empty cell: source is referenced by the ledger but never bound to this class; bound classes: AF-SCC-C2-VAC-GEN
CC-0100,SRC-025,Maxime Van de Moortel. Mass inflation and the C^2-inextendibility of spherically symmetric charged scalar field dynamical black holes.,Maxime Van de Moortel,2021,"Communications in Mathematical Physics 382, 1263-1341 (2021); arXiv:2001.11156",10.1007/s00220-020-03923-w,2001.11156,https://arxiv.org/abs/2001.11156,verified-api,verified,AF-WCC-SCALAR-SPH,none,out_of_class,,,,not_applicable,,n/a,,,,none,,ledger_absence,audit:verified-api,AF-SCC-C2-VAC-GEN,audit provides locator,empty cell: source is referenced by the ledger but never bound to this class; bound classes: AF-SCC-C2-VAC-GEN
CC-0101,SRC-026,Joao L. Costa; Pedro M. Girao; Jose Natario; Jorge Drumond Silva. On the global uniqueness for the Einstein-Maxwell-scalar field system with a cosmological constant. Part 1: Well posedness and breakdown criterion.,Joao L. Costa; Pedro M. Girao; Jose Natario; Jorge Drumond Silva,2015,"Classical and Quantum Gravity 32(1), 015017 (2015); arXiv:1406.7245",10.1088/0264-9381/32/1/015017,1406.7245,https://arxiv.org/abs/1406.7245,verified-api,verified,AF-WCC-VAC-GEN,none,out_of_class,,,,not_applicable,,n/a,,,,none,,ledger_absence,audit:verified-api,(none),audit provides locator,empty cell: source is referenced by the ledger but never bound to this class; no class binding at all
CC-0102,SRC-026,Joao L. Costa; Pedro M. Girao; Jose Natario; Jorge Drumond Silva. On the global uniqueness for the Einstein-Maxwell-scalar field system with a cosmological constant. Part 1: Well posedness and breakdown criterion.,Joao L. Costa; Pedro M. Girao; Jose Natario; Jorge Drumond Silva,2015,"Classical and Quantum Gravity 32(1), 015017 (2015); arXiv:1406.7245",10.1088/0264-9381/32/1/015017,1406.7245,https://arxiv.org/abs/1406.7245,verified-api,verified,AF-SCC-C2-VAC-GEN,none,out_of_class,,,,not_applicable,,n/a,,,,none,,ledger_absence,audit:verified-api,(none),audit provides locator,empty cell: source is referenced by the ledger but never bound to this class; no class binding at all
CC-0103,SRC-026,Joao L. Costa; Pedro M. Girao; Jose Natario; Jorge Drumond Silva. On the global uniqueness for the Einstein-Maxwell-scalar field system with a cosmological constant. Part 1: Well posedness and breakdown criterion.,Joao L. Costa; Pedro M. Girao; Jose Natario; Jorge Drumond Silva,2015,"Classical and Quantum Gravity 32(1), 015017 (2015); arXiv:1406.7245",10.1088/0264-9381/32/1/015017,1406.7245,https://arxiv.org/abs/1406.7245,verified-api,verified,AF-SCC-C0-VAC-GEN,none,out_of_class,,,,not_applicable,,n/a,,,,none,,ledger_absence,audit:verified-api,(none),audit provides locator,empty cell: source is referenced by the ledger but never bound to this class; no class binding at all
CC-0104,SRC-026,Joao L. Costa; Pedro M. Girao; Jose Natario; Jorge Drumond Silva. On the global uniqueness for the Einstein-Maxwell-scalar field system with a cosmological constant. Part 1: Well posedness and breakdown criterion.,Joao L. Costa; Pedro M. Girao; Jose Natario; Jorge Drumond Silva,2015,"Classical and Quantum Gravity 32(1), 015017 (2015); arXiv:1406.7245",10.1088/0264-9381/32/1/015017,1406.7245,https://arxiv.org/abs/1406.7245,verified-api,verified,AF-WCC-SCALAR-SPH,none,out_of_class,,,,not_applicable,,n/a,,,,none,,ledger_absence,audit:verified-api,(none),audit provides locator,empty cell: source is referenced by the ledger but never bound to this class; no class binding at all
CC-0105,SRC-027,Joao L. Costa; Pedro M. Girao; Jose Natario; Jorge Drumond Silva. On the global uniqueness for the Einstein-Maxwell-scalar field system with a cosmological constant. Part 2: Structure of the solutions and stability of the Cauchy horizon.,Joao L. Costa; Pedro M. Girao; Jose Natario; Jorge Drumond Silva,2015,"Communications in Mathematical Physics 339, 903-947 (2015); arXiv:1406.7253",10.1007/s00220-015-2433-6,1406.7253,https://arxiv.org/abs/1406.7253,verified-api,verified,AF-WCC-VAC-GEN,none,out_of_class,,,,not_applicable,,n/a,,,,none,,ledger_absence,audit:verified-api,(none),audit provides locator,empty cell: source is referenced by the ledger but never bound to this class; no class binding at all
CC-0106,SRC-027,Joao L. Costa; Pedro M. Girao; Jose Natario; Jorge Drumond Silva. On the global uniqueness for the Einstein-Maxwell-scalar field system with a cosmological constant. Part 2: Structure of the solutions and stability of the Cauchy horizon.,Joao L. Costa; Pedro M. Girao; Jose Natario; Jorge Drumond Silva,2015,"Communications in Mathematical Physics 339, 903-947 (2015); arXiv:1406.7253",10.1007/s00220-015-2433-6,1406.7253,https://arxiv.org/abs/1406.7253,verified-api,verified,AF-SCC-C2-VAC-GEN,none,out_of_class,,,,not_applicable,,n/a,,,,none,,ledger_absence,audit:verified-api,(none),audit provides locator,empty cell: source is referenced by the ledger but never bound to this class; no class binding at all
CC-0107,SRC-027,Joao L. Costa; Pedro M. Girao; Jose Natario; Jorge Drumond Silva. On the global uniqueness for the Einstein-Maxwell-scalar field system with a cosmological constant. Part 2: Structure of the solutions and stability of the Cauchy horizon.,Joao L. Costa; Pedro M. Girao; Jose Natario; Jorge Drumond Silva,2015,"Communications in Mathematical Physics 339, 903-947 (2015); arXiv:1406.7253",10.1007/s00220-015-2433-6,1406.7253,https://arxiv.org/abs/1406.7253,verified-api,verified,AF-SCC-C0-VAC-GEN,none,out_of_class,,,,not_applicable,,n/a,,,,none,,ledger_absence,audit:verified-api,(none),audit provides locator,empty cell: source is referenced by the ledger but never bound to this class; no class binding at all
CC-0108,SRC-027,Joao L. Costa; Pedro M. Girao; Jose Natario; Jorge Drumond Silva. On the global uniqueness for the Einstein-Maxwell-scalar field system with a cosmological constant. Part 2: Structure of the solutions and stability of the Cauchy horizon.,Joao L. Costa; Pedro M. Girao; Jose Natario; Jorge Drumond Silva,2015,"Communications in Mathematical Physics 339, 903-947 (2015); arXiv:1406.7253",10.1007/s00220-015-2433-6,1406.7253,https://arxiv.org/abs/1406.7253,verified-api,verified,AF-WCC-SCALAR-SPH,none,out_of_class,,,,not_applicable,,n/a,,,,none,,ledger_absence,audit:verified-api,(none),audit provides locator,empty cell: source is referenced by the ledger but never bound to this class; no class binding at all
CC-0109,SRC-028,Joao L. Costa; Pedro M. Girao; Jose Natario; Jorge Drumond Silva. On the global uniqueness for the Einstein-Maxwell-scalar field system with a cosmological constant. Part 3: Mass inflation and extendibility of the solutions.,Joao L. Costa; Pedro M. Girao; Jose Natario; Jorge Drumond Silva,2017,"Annals of PDE 3, 8 (2017); arXiv:1406.7261",10.1007/s40818-017-0028-6,1406.7261,https://arxiv.org/abs/1406.7261,verified-api,verified,AF-WCC-VAC-GEN,none,out_of_class,,,,not_applicable,,n/a,,,,none,,ledger_absence,audit:verified-api,(none),audit provides locator,empty cell: source is referenced by the ledger but never bound to this class; no class binding at all
CC-0110,SRC-028,Joao L. Costa; Pedro M. Girao; Jose Natario; Jorge Drumond Silva. On the global uniqueness for the Einstein-Maxwell-scalar field system with a cosmological constant. Part 3: Mass inflation and extendibility of the solutions.,Joao L. Costa; Pedro M. Girao; Jose Natario; Jorge Drumond Silva,2017,"Annals of PDE 3, 8 (2017); arXiv:1406.7261",10.1007/s40818-017-0028-6,1406.7261,https://arxiv.org/abs/1406.7261,verified-api,verified,AF-SCC-C2-VAC-GEN,none,out_of_class,,,,not_applicable,,n/a,,,,none,,ledger_absence,audit:verified-api,(none),audit provides locator,empty cell: source is referenced by the ledger but never bound to this class; no class binding at all
CC-0111,SRC-028,Joao L. Costa; Pedro M. Girao; Jose Natario; Jorge Drumond Silva. On the global uniqueness for the Einstein-Maxwell-scalar field system with a cosmological constant. Part 3: Mass inflation and extendibility of the solutions.,Joao L. Costa; Pedro M. Girao; Jose Natario; Jorge Drumond Silva,2017,"Annals of PDE 3, 8 (2017); arXiv:1406.7261",10.1007/s40818-017-0028-6,1406.7261,https://arxiv.org/abs/1406.7261,verified-api,verified,AF-SCC-C0-VAC-GEN,none,out_of_class,,,,not_applicable,,n/a,,,,none,,ledger_absence,audit:verified-api,(none),audit provides locator,empty cell: source is referenced by the ledger but never bound to this class; no class binding at all
CC-0112,SRC-028,Joao L. Costa; Pedro M. Girao; Jose Natario; Jorge Drumond Silva. On the global uniqueness for the Einstein-Maxwell-scalar field system with a cosmological constant. Part 3: Mass inflation and extendibility of the solutions.,Joao L. Costa; Pedro M. Girao; Jose Natario; Jorge Drumond Silva,2017,"Annals of PDE 3, 8 (2017); arXiv:1406.7261",10.1007/s40818-017-0028-6,1406.7261,https://arxiv.org/abs/1406.7261,verified-api,verified,AF-WCC-SCALAR-SPH,none,out_of_class,,,,not_applicable,,n/a,,,,none,,ledger_absence,audit:verified-api,(none),audit provides locator,empty cell: source is referenced by the ledger but never bound to this class; no class binding at all
CC-0113,SRC-029,Joao L. Costa; Pedro M. Girao; Jose Natario; Jorge Drumond Silva. On the occurrence of mass inflation for the Einstein-Maxwell-scalar field system with a cosmological constant and an exponential Price law.,Joao L. Costa; Pedro M. Girao; Jose Natario; Jorge Drumond Silva,2018,"Communications in Mathematical Physics 361, 289-341 (2018); arXiv:1707.08975",10.1007/s00220-018-3122-z,1707.08975,https://arxiv.org/abs/1707.08975,verified-api,verified,AF-WCC-VAC-GEN,none,out_of_class,,,,not_applicable,,n/a,,,,none,,ledger_absence,audit:verified-api,AF-SCC-C0-VAC-GEN | AF-SCC-C2-VAC-GEN,audit provides locator,"empty cell: source is referenced by the ledger but never bound to this class; bound classes: AF-SCC-C0-VAC-GEN, AF-SCC-C2-VAC-GEN"
CC-0114,SRC-029,Joao L. Costa; Pedro M. Girao; Jose Natario; Jorge Drumond Silva. On the occurrence of mass inflation for the Einstein-Maxwell-scalar field system with a cosmological constant and an exponential Price law.,Joao L. Costa; Pedro M. Girao; Jose Natario; Jorge Drumond Silva,2018,"Communications in Mathematical Physics 361, 289-341 (2018); arXiv:1707.08975",10.1007/s00220-018-3122-z,1707.08975,https://arxiv.org/abs/1707.08975,verified-api,verified,AF-SCC-C2-VAC-GEN,partial,definition,D-004,open_problem,definition,open_problem,A version of SCC in which the forbidden extension is one with continuous metric and Christoffel symbols in L^2_loc; failure means the solution can be extended across the Cauchy horizon with continuous metric and square-integrable Christoffel symbols.,ledger D-004,"Generic data, class-dependent.","Metric C^0, Christoffel L^2_loc.",MGHD fixed | Extension class = C^0 metric with connection in L^2_loc,none,"Locate a primary text defining the Christodoulou-Chrusciel version differently, which would make the quoted usage non-standard and force a rename. | Show that L^2_loc Christoffel extensions exist for generic vacuum data, which would decide the version negatively.",ledger_theorem_partial,audit:verified-api,AF-SCC-C0-VAC-GEN | AF-SCC-C2-VAC-GEN,audit provides locator,partial: binding exists only at strength {open_problem} / kinds {definition}
CC-0115,SRC-029,Joao L. Costa; Pedro M. Girao; Jose Natario; Jorge Drumond Silva. On the occurrence of mass inflation for the Einstein-Maxwell-scalar field system with a cosmological constant and an exponential Price law.,Joao L. Costa; Pedro M. Girao; Jose Natario; Jorge Drumond Silva,2018,"Communications in Mathematical Physics 361, 289-341 (2018); arXiv:1707.08975",10.1007/s00220-018-3122-z,1707.08975,https://arxiv.org/abs/1707.08975,verified-api,verified,AF-SCC-C0-VAC-GEN,partial,definition,D-004,open_problem,definition,open_problem,A version of SCC in which the forbidden extension is one with continuous metric and Christoffel symbols in L^2_loc; failure means the solution can be extended across the Cauchy horizon with continuous metric and square-integrable Christoffel symbols.,ledger D-004,"Generic data, class-dependent.","Metric C^0, Christoffel L^2_loc.",MGHD fixed | Extension class = C^0 metric with connection in L^2_loc,none,"Locate a primary text defining the Christodoulou-Chrusciel version differently, which would make the quoted usage non-standard and force a rename. | Show that L^2_loc Christoffel extensions exist for generic vacuum data, which would decide the version negatively.",ledger_theorem_partial,audit:verified-api,AF-SCC-C0-VAC-GEN | AF-SCC-C2-VAC-GEN,audit provides locator,partial: binding exists only at strength {open_problem} / kinds {definition}
CC-0116,SRC-029,Joao L. Costa; Pedro M. Girao; Jose Natario; Jorge Drumond Silva. On the occurrence of mass inflation for the Einstein-Maxwell-scalar field system with a cosmological constant and an exponential Price law.,Joao L. Costa; Pedro M. Girao; Jose Natario; Jorge Drumond Silva,2018,"Communications in Mathematical Physics 361, 289-341 (2018); arXiv:1707.08975",10.1007/s00220-018-3122-z,1707.08975,https://arxiv.org/abs/1707.08975,verified-api,verified,AF-WCC-SCALAR-SPH,none,out_of_class,,,,not_applicable,,n/a,,,,none,,ledger_absence,audit:verified-api,AF-SCC-C0-VAC-GEN | AF-SCC-C2-VAC-GEN,audit provides locator,"empty cell: source is referenced by the ledger but never bound to this class; bound classes: AF-SCC-C0-VAC-GEN, AF-SCC-C2-VAC-GEN"
CC-0117,SRC-030,Raimon Luna; Miguel Zilhao; Vitor Cardoso; Joao L. Costa; Jose Natario. Strong cosmic censorship: The nonlinear story.,Raimon Luna; Miguel Zilhao; Vitor Cardoso; Joao L. Costa; Jose Natario,2019,"Physical Review D 99, 064014 (2019); arXiv:1810.00886",10.1103/PhysRevD.99.064014,1810.00886,https://arxiv.org/abs/1810.00886,verified-api,verified,AF-WCC-VAC-GEN,none,out_of_class,,,,not_applicable,,n/a,,,,none,,ledger_absence,audit:verified-api,(none),audit provides locator,empty cell: source is referenced by the ledger but never bound to this class; no class binding at all
CC-0118,SRC-030,Raimon Luna; Miguel Zilhao; Vitor Cardoso; Joao L. Costa; Jose Natario. Strong cosmic censorship: The nonlinear story.,Raimon Luna; Miguel Zilhao; Vitor Cardoso; Joao L. Costa; Jose Natario,2019,"Physical Review D 99, 064014 (2019); arXiv:1810.00886",10.1103/PhysRevD.99.064014,1810.00886,https://arxiv.org/abs/1810.00886,verified-api,verified,AF-SCC-C2-VAC-GEN,none,out_of_class,,,,not_applicable,,n/a,,,,none,,ledger_absence,audit:verified-api,(none),audit provides locator,empty cell: source is referenced by the ledger but never bound to this class; no class binding at all
CC-0119,SRC-030,Raimon Luna; Miguel Zilhao; Vitor Cardoso; Joao L. Costa; Jose Natario. Strong cosmic censorship: The nonlinear story.,Raimon Luna; Miguel Zilhao; Vitor Cardoso; Joao L. Costa; Jose Natario,2019,"Physical Review D 99, 064014 (2019); arXiv:1810.00886",10.1103/PhysRevD.99.064014,1810.00886,https://arxiv.org/abs/1810.00886,verified-api,verified,AF-SCC-C0-VAC-GEN,none,out_of_class,,,,not_applicable,,n/a,,,,none,,ledger_absence,audit:verified-api,(none),audit provides locator,empty cell: source is referenced by the ledger but never bound to this class; no class binding at all
CC-0120,SRC-030,Raimon Luna; Miguel Zilhao; Vitor Cardoso; Joao L. Costa; Jose Natario. Strong cosmic censorship: The nonlinear story.,Raimon Luna; Miguel Zilhao; Vitor Cardoso; Joao L. Costa; Jose Natario,2019,"Physical Review D 99, 064014 (2019); arXiv:1810.00886",10.1103/PhysRevD.99.064014,1810.00886,https://arxiv.org/abs/1810.00886,verified-api,verified,AF-WCC-SCALAR-SPH,none,out_of_class,,,,not_applicable,,n/a,,,,none,,ledger_absence,audit:verified-api,(none),audit provides locator,empty cell: source is referenced by the ledger but never bound to this class; no class binding at all
CC-0121,SRC-031,Vitor Cardoso; Joao L. Costa; Kyriakos Destounis; Peter Hintz; Aron Jansen. Quasinormal modes and strong cosmic censorship.,Vitor Cardoso; Joao L. Costa; Kyriakos Destounis; Peter Hintz; Aron Jansen,2018,"Physical Review Letters 120(3), 031103 (2018)",10.1103/PhysRevLett.120.031103,,https://inspirehep.net/api/literature/1639422,verified-api,verified,AF-WCC-VAC-GEN,none,out_of_class,,,,not_applicable,,n/a,,,,none,,ledger_absence,audit:verified-api,(none),,empty cell: source is referenced by the ledger but never bound to this class; no class binding at all
CC-0122,SRC-031,Vitor Cardoso; Joao L. Costa; Kyriakos Destounis; Peter Hintz; Aron Jansen. Quasinormal modes and strong cosmic censorship.,Vitor Cardoso; Joao L. Costa; Kyriakos Destounis; Peter Hintz; Aron Jansen,2018,"Physical Review Letters 120(3), 031103 (2018)",10.1103/PhysRevLett.120.031103,,https://inspirehep.net/api/literature/1639422,verified-api,verified,AF-SCC-C2-VAC-GEN,none,out_of_class,,,,not_applicable,,n/a,,,,none,,ledger_absence,audit:verified-api,(none),,empty cell: source is referenced by the ledger but never bound to this class; no class binding at all
CC-0123,SRC-031,Vitor Cardoso; Joao L. Costa; Kyriakos Destounis; Peter Hintz; Aron Jansen. Quasinormal modes and strong cosmic censorship.,Vitor Cardoso; Joao L. Costa; Kyriakos Destounis; Peter Hintz; Aron Jansen,2018,"Physical Review Letters 120(3), 031103 (2018)",10.1103/PhysRevLett.120.031103,,https://inspirehep.net/api/literature/1639422,verified-api,verified,AF-SCC-C0-VAC-GEN,none,out_of_class,,,,not_applicable,,n/a,,,,none,,ledger_absence,audit:verified-api,(none),,empty cell: source is referenced by the ledger but never bound to this class; no class binding at all
CC-0124,SRC-031,Vitor Cardoso; Joao L. Costa; Kyriakos Destounis; Peter Hintz; Aron Jansen. Quasinormal modes and strong cosmic censorship.,Vitor Cardoso; Joao L. Costa; Kyriakos Destounis; Peter Hintz; Aron Jansen,2018,"Physical Review Letters 120(3), 031103 (2018)",10.1103/PhysRevLett.120.031103,,https://inspirehep.net/api/literature/1639422,verified-api,verified,AF-WCC-SCALAR-SPH,none,out_of_class,,,,not_applicable,,n/a,,,,none,,ledger_absence,audit:verified-api,(none),,empty cell: source is referenced by the ledger but never bound to this class; no class binding at all
CC-0125,SRC-032,Oscar J. C. Dias; Harvey S. Reall; Jorge E. Santos. Strong cosmic censorship: taking the rough with the smooth.,Oscar J. C. Dias; Harvey S. Reall; Jorge E. Santos,2018,"Journal of High Energy Physics 10, 001 (2018)",10.1007/JHEP10(2018)001,,https://inspirehep.net/api/literature/1685783,verified-api,verified,AF-WCC-VAC-GEN,none,out_of_class,,,,not_applicable,,n/a,,,,none,,ledger_absence,audit:verified-api,(none),,empty cell: source is referenced by the ledger but never bound to this class; no class binding at all
CC-0126,SRC-032,Oscar J. C. Dias; Harvey S. Reall; Jorge E. Santos. Strong cosmic censorship: taking the rough with the smooth.,Oscar J. C. Dias; Harvey S. Reall; Jorge E. Santos,2018,"Journal of High Energy Physics 10, 001 (2018)",10.1007/JHEP10(2018)001,,https://inspirehep.net/api/literature/1685783,verified-api,verified,AF-SCC-C2-VAC-GEN,none,out_of_class,,,,not_applicable,,n/a,,,,none,,ledger_absence,audit:verified-api,(none),,empty cell: source is referenced by the ledger but never bound to this class; no class binding at all
CC-0127,SRC-032,Oscar J. C. Dias; Harvey S. Reall; Jorge E. Santos. Strong cosmic censorship: taking the rough with the smooth.,Oscar J. C. Dias; Harvey S. Reall; Jorge E. Santos,2018,"Journal of High Energy Physics 10, 001 (2018)",10.1007/JHEP10(2018)001,,https://inspirehep.net/api/literature/1685783,verified-api,verified,AF-SCC-C0-VAC-GEN,none,out_of_class,,,,not_applicable,,n/a,,,,none,,ledger_absence,audit:verified-api,(none),,empty cell: source is referenced by the ledger but never bound to this class; no class binding at all
CC-0128,SRC-032,Oscar J. C. Dias; Harvey S. Reall; Jorge E. Santos. Strong cosmic censorship: taking the rough with the smooth.,Oscar J. C. Dias; Harvey S. Reall; Jorge E. Santos,2018,"Journal of High Energy Physics 10, 001 (2018)",10.1007/JHEP10(2018)001,,https://inspirehep.net/api/literature/1685783,verified-api,verified,AF-WCC-SCALAR-SPH,none,out_of_class,,,,not_applicable,,n/a,,,,none,,ledger_absence,audit:verified-api,(none),,empty cell: source is referenced by the ledger but never bound to this class; no class binding at all
CC-0129,SRC-033,Mihalis Dafermos; Yakov Shlapentokh-Rothman. Rough initial data and the strength of the blue-shift instability on cosmological black holes with Lambda > 0.,Mihalis Dafermos; Yakov Shlapentokh-Rothman,2018,"Classical and Quantum Gravity 35(19), 195010 (2018)",10.1088/1361-6382/aadbcf,,https://inspirehep.net/api/literature/1674350,verified-api,verified,AF-WCC-VAC-GEN,none,out_of_class,,,,not_applicable,,n/a,,,,none,,ledger_absence,audit:verified-api,AF-SCC-C2-VAC-GEN,,empty cell: source is referenced by the ledger but never bound to this class; bound classes: AF-SCC-C2-VAC-GEN
CC-0130,SRC-033,Mihalis Dafermos; Yakov Shlapentokh-Rothman. Rough initial data and the strength of the blue-shift instability on cosmological black holes with Lambda > 0.,Mihalis Dafermos; Yakov Shlapentokh-Rothman,2018,"Classical and Quantum Gravity 35(19), 195010 (2018)",10.1088/1361-6382/aadbcf,,https://inspirehep.net/api/literature/1674350,verified-api,verified,AF-SCC-C2-VAC-GEN,partial,definition,D-007,formal_model,definition,formal_model,"For the C^2 formulation of strong cosmic censorship in the two-ended asymptotically flat Einstein-Maxwell-real-scalar model, 'generic' is made precise as: the exceptional/good set of Cauchy data is open with respect to a weighted C^1 topology and dense with respect to a weighted C^infinity topology.",ledger D-007,"This entry IS the genericity standard, not a statement about data.",C^1 / C^infinity data topologies.,Two-ended asymptotically flat Cauchy data | Einstein-Maxwell-real-scalar system in spherical symmetry | The topologies are weighted (weights fixed in Part II of the cited work),spherical_symmetry | charged_maxwell,"Show that under this genericity standard the C^2 result becomes vacuous (e.g. the good set is empty or the topology trivial), which would force a different quantifier. | Exhibit two reasonable topologies giving opposite verdicts for the same model, which would show the standard is not canonical.",ledger_theorem_partial,audit:verified-api,AF-SCC-C2-VAC-GEN,,partial: binding exists only at strength {formal_model} / kinds {definition}
CC-0131,SRC-033,Mihalis Dafermos; Yakov Shlapentokh-Rothman. Rough initial data and the strength of the blue-shift instability on cosmological black holes with Lambda > 0.,Mihalis Dafermos; Yakov Shlapentokh-Rothman,2018,"Classical and Quantum Gravity 35(19), 195010 (2018)",10.1088/1361-6382/aadbcf,,https://inspirehep.net/api/literature/1674350,verified-api,verified,AF-SCC-C0-VAC-GEN,none,out_of_class,,,,not_applicable,,n/a,,,,none,,ledger_absence,audit:verified-api,AF-SCC-C2-VAC-GEN,,empty cell: source is referenced by the ledger but never bound to this class; bound classes: AF-SCC-C2-VAC-GEN
CC-0132,SRC-033,Mihalis Dafermos; Yakov Shlapentokh-Rothman. Rough initial data and the strength of the blue-shift instability on cosmological black holes with Lambda > 0.,Mihalis Dafermos; Yakov Shlapentokh-Rothman,2018,"Classical and Quantum Gravity 35(19), 195010 (2018)",10.1088/1361-6382/aadbcf,,https://inspirehep.net/api/literature/1674350,verified-api,verified,AF-WCC-SCALAR-SPH,none,out_of_class,,,,not_applicable,,n/a,,,,none,,ledger_absence,audit:verified-api,AF-SCC-C2-VAC-GEN,,empty cell: source is referenced by the ledger but never bound to this class; bound classes: AF-SCC-C2-VAC-GEN
CC-0133,SRC-034,Filipe S. Miguel. Interior quasinormal modes and strong cosmic censorship.,Filipe S. Miguel,2021,"Physical Review D 103(6), 064077 (2021)",10.1103/PhysRevD.103.064077,,https://inspirehep.net/api/literature/1837621,verified-api,verified,AF-WCC-VAC-GEN,none,out_of_class,,,,not_applicable,,n/a,,,,none,,ledger_absence,audit:verified-api,(none),,empty cell: source is referenced by the ledger but never bound to this class; no class binding at all
CC-0134,SRC-034,Filipe S. Miguel. Interior quasinormal modes and strong cosmic censorship.,Filipe S. Miguel,2021,"Physical Review D 103(6), 064077 (2021)",10.1103/PhysRevD.103.064077,,https://inspirehep.net/api/literature/1837621,verified-api,verified,AF-SCC-C2-VAC-GEN,none,out_of_class,,,,not_applicable,,n/a,,,,none,,ledger_absence,audit:verified-api,(none),,empty cell: source is referenced by the ledger but never bound to this class; no class binding at all
CC-0135,SRC-034,Filipe S. Miguel. Interior quasinormal modes and strong cosmic censorship.,Filipe S. Miguel,2021,"Physical Review D 103(6), 064077 (2021)",10.1103/PhysRevD.103.064077,,https://inspirehep.net/api/literature/1837621,verified-api,verified,AF-SCC-C0-VAC-GEN,none,out_of_class,,,,not_applicable,,n/a,,,,none,,ledger_absence,audit:verified-api,(none),,empty cell: source is referenced by the ledger but never bound to this class; no class binding at all
CC-0136,SRC-034,Filipe S. Miguel. Interior quasinormal modes and strong cosmic censorship.,Filipe S. Miguel,2021,"Physical Review D 103(6), 064077 (2021)",10.1103/PhysRevD.103.064077,,https://inspirehep.net/api/literature/1837621,verified-api,verified,AF-WCC-SCALAR-SPH,none,out_of_class,,,,not_applicable,,n/a,,,,none,,ledger_absence,audit:verified-api,(none),,empty cell: source is referenced by the ledger but never bound to this class; no class binding at all
CC-0137,SRC-035,Peter Hintz; Andras Vasy. The global non-linear stability of the Kerr-de Sitter family of black holes.,Peter Hintz; Andras Vasy,2018,"Acta Mathematica 220(1), 1-206 (2018)",10.4310/acta.2018.v220.n1.a1,,https://inspirehep.net/api/literature/1469117,verified-api,verified,AF-WCC-VAC-GEN,partial,open_problem,T-515,open_problem,literature_status,open_problem,"Status of the Kerr exterior stability antecedent: (a) Hintz (arXiv:2606.28253, 339 pp, Jun/Aug 2026) CLAIMS global nonlinear stability of Kerr in the full subextremal range, with companions on constraint damping (arXiv:2606.27658) and tame estimates (arXiv:2606.28008); (b) earlier unconditional nonlinear stability was established in preprints for small angular momentum |a|/m << 1 (Klainerman-Szeftel arXiv:2104.11857; GKS arXiv:2205.14808); (c) unconditional LINEAR stability is proved for the full subextremal range (Hafner-Hintz-Vasy arXiv:2506.21183, 2025); (d) for Lambda > 0, nonlinear stability of Kerr-de Sitter in the full subextremal range is conditional on mode stability (Hintz-Petersen-Vasy arXiv:2508.06620, 2025); (e) future event horizons in the nonlinear-stability spacetimes are smooth (Chen-Klainerman arXiv:2409.05700, 2024).",ledger T-515,"Not applicable: this entry records what is proven, not a genericity statement.",Smooth.,"Search performed 2026-09-11/12 via arXiv API (au:Klainerman AND ti:Kerr; ti:'stability of Kerr', sorted by date) and earlier INSPIRE/arXiv queries | Status claim, not a mathematical theorem",cosmological_constant | linear_only,Find an error in arXiv:2606.28253 or its companions (would downgrade). | Locate a peer-reviewed full-subextremal nonlinear stability proof (would upgrade clause (a)).,ledger_theorem_partial,audit:verified-api,AF-SCC-C0-VAC-GEN | AF-WCC-VAC-GEN,,partial: binding exists only at strength {open_problem} / kinds {literature_status}
CC-0138,SRC-035,Peter Hintz; Andras Vasy. The global non-linear stability of the Kerr-de Sitter family of black holes.,Peter Hintz; Andras Vasy,2018,"Acta Mathematica 220(1), 1-206 (2018)",10.4310/acta.2018.v220.n1.a1,,https://inspirehep.net/api/literature/1469117,verified-api,verified,AF-SCC-C2-VAC-GEN,none,out_of_class,,,,not_applicable,,n/a,,,,none,,ledger_absence,audit:verified-api,AF-SCC-C0-VAC-GEN | AF-WCC-VAC-GEN,,"empty cell: source is referenced by the ledger but never bound to this class; bound classes: AF-SCC-C0-VAC-GEN, AF-WCC-VAC-GEN"
CC-0139,SRC-035,Peter Hintz; Andras Vasy. The global non-linear stability of the Kerr-de Sitter family of black holes.,Peter Hintz; Andras Vasy,2018,"Acta Mathematica 220(1), 1-206 (2018)",10.4310/acta.2018.v220.n1.a1,,https://inspirehep.net/api/literature/1469117,verified-api,verified,AF-SCC-C0-VAC-GEN,partial,open_problem,T-515,open_problem,literature_status,open_problem,"Status of the Kerr exterior stability antecedent: (a) Hintz (arXiv:2606.28253, 339 pp, Jun/Aug 2026) CLAIMS global nonlinear stability of Kerr in the full subextremal range, with companions on constraint damping (arXiv:2606.27658) and tame estimates (arXiv:2606.28008); (b) earlier unconditional nonlinear stability was established in preprints for small angular momentum |a|/m << 1 (Klainerman-Szeftel arXiv:2104.11857; GKS arXiv:2205.14808); (c) unconditional LINEAR stability is proved for the full subextremal range (Hafner-Hintz-Vasy arXiv:2506.21183, 2025); (d) for Lambda > 0, nonlinear stability of Kerr-de Sitter in the full subextremal range is conditional on mode stability (Hintz-Petersen-Vasy arXiv:2508.06620, 2025); (e) future event horizons in the nonlinear-stability spacetimes are smooth (Chen-Klainerman arXiv:2409.05700, 2024).",ledger T-515,"Not applicable: this entry records what is proven, not a genericity statement.",Smooth.,"Search performed 2026-09-11/12 via arXiv API (au:Klainerman AND ti:Kerr; ti:'stability of Kerr', sorted by date) and earlier INSPIRE/arXiv queries | Status claim, not a mathematical theorem",cosmological_constant | linear_only,Find an error in arXiv:2606.28253 or its companions (would downgrade). | Locate a peer-reviewed full-subextremal nonlinear stability proof (would upgrade clause (a)).,ledger_theorem_partial,audit:verified-api,AF-SCC-C0-VAC-GEN | AF-WCC-VAC-GEN,,partial: binding exists only at strength {open_problem} / kinds {literature_status}
CC-0140,SRC-035,Peter Hintz; Andras Vasy. The global non-linear stability of the Kerr-de Sitter family of black holes.,Peter Hintz; Andras Vasy,2018,"Acta Mathematica 220(1), 1-206 (2018)",10.4310/acta.2018.v220.n1.a1,,https://inspirehep.net/api/literature/1469117,verified-api,verified,AF-WCC-SCALAR-SPH,none,out_of_class,,,,not_applicable,,n/a,,,,none,,ledger_absence,audit:verified-api,AF-SCC-C0-VAC-GEN | AF-WCC-VAC-GEN,,"empty cell: source is referenced by the ledger but never bound to this class; bound classes: AF-SCC-C0-VAC-GEN, AF-WCC-VAC-GEN"
CC-0141,SRC-036,Mihalis Dafermos; Gustav Holzegel; Igor Rodnianski. The linear stability of the Schwarzschild solution to gravitational perturbations.,Mihalis Dafermos; Gustav Holzegel; Igor Rodnianski,2019,"Acta Mathematica 222(1), 1-214 (2019)",10.4310/acta.2019.v222.n1.a1,,https://inspirehep.net/api/literature/1416803,verified-api,verified,AF-WCC-VAC-GEN,partial,supporting_conditional,T-204,stability_result,stability_result,stability_result,"General vacuum initial data with no symmetry, sufficiently close to Schwarzschild data and constrained to a teleologically constructed codimension-3 submanifold of moduli space, evolve to a vacuum spacetime that (i) possesses a complete future null infinity I+ whose past is bounded by a regular future-complete event horizon, (ii) remains close to Schwarzschild in the exterior, and (iii) asymptotes back to a member of the Schwarzschild family.",ledger T-204,"Open neighbourhood of Schwarzschild data intersected with a codimension-3 submanifold; not generic among all AF data, but an open set in a natural restricted class.",Smooth data in the relevant topology (double-null gauges).,"Einstein vacuum equations, no symmetry | Initial data sufficiently close to Schwarzschild | Data constrained to a codimension-3 submanifold of moduli space (teleologically constructed)",none,"Find an error in the 513-page preprint (no retraction found). | Show the submanifold restriction is empty, making the theorem vacuous.",ledger_theorem_partial,audit:verified-api,AF-WCC-VAC-GEN,,partial: binding exists only at strength {stability_result} / kinds {stability_result}
CC-0142,SRC-036,Mihalis Dafermos; Gustav Holzegel; Igor Rodnianski. The linear stability of the Schwarzschild solution to gravitational perturbations.,Mihalis Dafermos; Gustav Holzegel; Igor Rodnianski,2019,"Acta Mathematica 222(1), 1-214 (2019)",10.4310/acta.2019.v222.n1.a1,,https://inspirehep.net/api/literature/1416803,verified-api,verified,AF-SCC-C2-VAC-GEN,none,out_of_class,,,,not_applicable,,n/a,,,,none,,ledger_absence,audit:verified-api,AF-WCC-VAC-GEN,,empty cell: source is referenced by the ledger but never bound to this class; bound classes: AF-WCC-VAC-GEN
CC-0143,SRC-036,Mihalis Dafermos; Gustav Holzegel; Igor Rodnianski. The linear stability of the Schwarzschild solution to gravitational perturbations.,Mihalis Dafermos; Gustav Holzegel; Igor Rodnianski,2019,"Acta Mathematica 222(1), 1-214 (2019)",10.4310/acta.2019.v222.n1.a1,,https://inspirehep.net/api/literature/1416803,verified-api,verified,AF-SCC-C0-VAC-GEN,none,out_of_class,,,,not_applicable,,n/a,,,,none,,ledger_absence,audit:verified-api,AF-WCC-VAC-GEN,,empty cell: source is referenced by the ledger but never bound to this class; bound classes: AF-WCC-VAC-GEN
CC-0144,SRC-036,Mihalis Dafermos; Gustav Holzegel; Igor Rodnianski. The linear stability of the Schwarzschild solution to gravitational perturbations.,Mihalis Dafermos; Gustav Holzegel; Igor Rodnianski,2019,"Acta Mathematica 222(1), 1-214 (2019)",10.4310/acta.2019.v222.n1.a1,,https://inspirehep.net/api/literature/1416803,verified-api,verified,AF-WCC-SCALAR-SPH,none,out_of_class,,,,not_applicable,,n/a,,,,none,,ledger_absence,audit:verified-api,AF-WCC-VAC-GEN,,empty cell: source is referenced by the ledger but never bound to this class; bound classes: AF-WCC-VAC-GEN
CC-0145,SRC-037,Mihalis Dafermos; Gustav Holzegel; Igor Rodnianski; Martin Taylor. The non-linear stability of the Schwarzschild family of black holes.,Mihalis Dafermos; Gustav Holzegel; Igor Rodnianski; Martin Taylor,2021,"arXiv:2104.08222 (v1, 16 Apr 2021), 513 pages",10.48550/arXiv.2104.08222,2104.08222,https://arxiv.org/abs/2104.08222,verified-api,verified,AF-WCC-VAC-GEN,partial,supporting_conditional,T-204,stability_result,stability_result,stability_result,"General vacuum initial data with no symmetry, sufficiently close to Schwarzschild data and constrained to a teleologically constructed codimension-3 submanifold of moduli space, evolve to a vacuum spacetime that (i) possesses a complete future null infinity I+ whose past is bounded by a regular future-complete event horizon, (ii) remains close to Schwarzschild in the exterior, and (iii) asymptotes back to a member of the Schwarzschild family.",ledger T-204,"Open neighbourhood of Schwarzschild data intersected with a codimension-3 submanifold; not generic among all AF data, but an open set in a natural restricted class.",Smooth data in the relevant topology (double-null gauges).,"Einstein vacuum equations, no symmetry | Initial data sufficiently close to Schwarzschild | Data constrained to a codimension-3 submanifold of moduli space (teleologically constructed)",none,"Find an error in the 513-page preprint (no retraction found). | Show the submanifold restriction is empty, making the theorem vacuous.",ledger_theorem_partial,audit:verified-api,AF-SCC-C0-VAC-GEN | AF-WCC-VAC-GEN,audit provides locator,partial: binding exists only at strength {stability_result} / kinds {stability_result}
CC-0146,SRC-037,Mihalis Dafermos; Gustav Holzegel; Igor Rodnianski; Martin Taylor. The non-linear stability of the Schwarzschild family of black holes.,Mihalis Dafermos; Gustav Holzegel; Igor Rodnianski; Martin Taylor,2021,"arXiv:2104.08222 (v1, 16 Apr 2021), 513 pages",10.48550/arXiv.2104.08222,2104.08222,https://arxiv.org/abs/2104.08222,verified-api,verified,AF-SCC-C2-VAC-GEN,none,out_of_class,,,,not_applicable,,n/a,,,,none,,ledger_absence,audit:verified-api,AF-SCC-C0-VAC-GEN | AF-WCC-VAC-GEN,audit provides locator,"empty cell: source is referenced by the ledger but never bound to this class; bound classes: AF-SCC-C0-VAC-GEN, AF-WCC-VAC-GEN"
CC-0147,SRC-037,Mihalis Dafermos; Gustav Holzegel; Igor Rodnianski; Martin Taylor. The non-linear stability of the Schwarzschild family of black holes.,Mihalis Dafermos; Gustav Holzegel; Igor Rodnianski; Martin Taylor,2021,"arXiv:2104.08222 (v1, 16 Apr 2021), 513 pages",10.48550/arXiv.2104.08222,2104.08222,https://arxiv.org/abs/2104.08222,verified-api,verified,AF-SCC-C0-VAC-GEN,partial,supporting_conditional,T-301,conditional_theorem,theorem,conditional_theorem,"For Cauchy data for the Einstein vacuum equations posed on a hypersurface already inside the black-hole interior (representing the geometry just inside the event horizon), the maximal Cauchy evolution can be extended across a non-trivial piece of Cauchy horizon as a Lorentzian manifold with continuous metric. Moreover, if the exterior region of the Kerr family is dynamically stable, then the C^0-inextendibility formulation of strong cosmic censorship is false.",ledger T-301,The interior-data class is open in the topology used; genericity of the exterior data is inherited only through the conditional Kerr-stability hypothesis.,Metric continuous across the Cauchy horizon; the connection is not controlled (weak null singularities expected).,"Einstein vacuum equations, no symmetry | Cauchy data defined on a hypersurface already within the black-hole interior | Data represent the expected geometry just inside the event horizon",none,Prove that generic Kerr interiors admit no continuous extension across the Cauchy horizon (would refute the C^0-stability theorem). | Show that the constructed extension is not an extension of the maximal development (e.g. it fails the vacuum equations or isometric embedding conditions).,ledger_theorem_partial,audit:verified-api,AF-SCC-C0-VAC-GEN | AF-WCC-VAC-GEN,audit provides locator,partial: binding exists only at strength {conditional_theorem} / kinds {theorem}
CC-0148,SRC-037,Mihalis Dafermos; Gustav Holzegel; Igor Rodnianski; Martin Taylor. The non-linear stability of the Schwarzschild family of black holes.,Mihalis Dafermos; Gustav Holzegel; Igor Rodnianski; Martin Taylor,2021,"arXiv:2104.08222 (v1, 16 Apr 2021), 513 pages",10.48550/arXiv.2104.08222,2104.08222,https://arxiv.org/abs/2104.08222,verified-api,verified,AF-WCC-SCALAR-SPH,none,out_of_class,,,,not_applicable,,n/a,,,,none,,ledger_absence,audit:verified-api,AF-SCC-C0-VAC-GEN | AF-WCC-VAC-GEN,audit provides locator,"empty cell: source is referenced by the ledger but never bound to this class; bound classes: AF-SCC-C0-VAC-GEN, AF-WCC-VAC-GEN"
CC-0149,SRC-038,Sergiu Klainerman; Jeremie Szeftel. Global nonlinear stability of Schwarzschild spacetime under polarized perturbations.,Sergiu Klainerman; Jeremie Szeftel,2020,"Annals of Mathematics Studies 210, Princeton University Press (2020), ISBN 9780691212425; arXiv:1711.07597",10.23943/princeton/9780691212425.001.0001,1711.07597,https://inspirehep.net/api/literature/1637357,verified-api,verified,AF-WCC-VAC-GEN,partial,supporting_conditional,T-205,stability_result,stability_result,stability_result,Nonlinear stability of the Schwarzschild spacetime under axially symmetric polarized perturbations: solutions of the Einstein vacuum equations for asymptotically flat 1+3-dimensional Lorentzian metrics admitting a hypersurface-orthogonal spacelike Killing field with closed orbits.,ledger T-205,Restricted symmetry class; not generic AF data.,Smooth.,Einstein vacuum equations | Axisymmetric polarized perturbations (hypersurface-orthogonal spacelike Killing field with closed orbits),none,"Find an error in the proof (no retraction found). | Show the polarized class does not contain a neighbourhood of Schwarzschild within its symmetry class, contradicting stability.",ledger_theorem_partial,audit:verified-api,AF-WCC-VAC-GEN,audit provides locator,partial: binding exists only at strength {stability_result} / kinds {stability_result}
CC-0150,SRC-038,Sergiu Klainerman; Jeremie Szeftel. Global nonlinear stability of Schwarzschild spacetime under polarized perturbations.,Sergiu Klainerman; Jeremie Szeftel,2020,"Annals of Mathematics Studies 210, Princeton University Press (2020), ISBN 9780691212425; arXiv:1711.07597",10.23943/princeton/9780691212425.001.0001,1711.07597,https://inspirehep.net/api/literature/1637357,verified-api,verified,AF-SCC-C2-VAC-GEN,none,out_of_class,,,,not_applicable,,n/a,,,,none,,ledger_absence,audit:verified-api,AF-WCC-VAC-GEN,audit provides locator,empty cell: source is referenced by the ledger but never bound to this class; bound classes: AF-WCC-VAC-GEN
CC-0151,SRC-038,Sergiu Klainerman; Jeremie Szeftel. Global nonlinear stability of Schwarzschild spacetime under polarized perturbations.,Sergiu Klainerman; Jeremie Szeftel,2020,"Annals of Mathematics Studies 210, Princeton University Press (2020), ISBN 9780691212425; arXiv:1711.07597",10.23943/princeton/9780691212425.001.0001,1711.07597,https://inspirehep.net/api/literature/1637357,verified-api,verified,AF-SCC-C0-VAC-GEN,none,out_of_class,,,,not_applicable,,n/a,,,,none,,ledger_absence,audit:verified-api,AF-WCC-VAC-GEN,audit provides locator,empty cell: source is referenced by the ledger but never bound to this class; bound classes: AF-WCC-VAC-GEN
CC-0152,SRC-038,Sergiu Klainerman; Jeremie Szeftel. Global nonlinear stability of Schwarzschild spacetime under polarized perturbations.,Sergiu Klainerman; Jeremie Szeftel,2020,"Annals of Mathematics Studies 210, Princeton University Press (2020), ISBN 9780691212425; arXiv:1711.07597",10.23943/princeton/9780691212425.001.0001,1711.07597,https://inspirehep.net/api/literature/1637357,verified-api,verified,AF-WCC-SCALAR-SPH,none,out_of_class,,,,not_applicable,,n/a,,,,none,,ledger_absence,audit:verified-api,AF-WCC-VAC-GEN,audit provides locator,empty cell: source is referenced by the ledger but never bound to this class; bound classes: AF-WCC-VAC-GEN
CC-0153,SRC-039,Elena Giorgi; Sergiu Klainerman; Jeremie Szeftel. A general formalism for the stability of Kerr.,Elena Giorgi; Sergiu Klainerman; Jeremie Szeftel,2020,"arXiv:2002.02740 (v1, 7 Feb 2020)",10.48550/arXiv.2002.02740,2002.02740,https://arxiv.org/abs/2002.02740,verified-api,verified,AF-WCC-VAC-GEN,partial,supporting_conditional,T-206,stability_result,preprint_result,stability_result,The nonlinear stability of the Kerr family for small angular momentum (|a|/m << 1) is proved; the paper completes the proof of the Main Theorem of the GKS programme by supplying the nonlinear wave estimates.,ledger T-206,Open neighbourhood of slowly rotating Kerr data; not generic AF data and not the full subextremal range.,Smooth.,Einstein vacuum equations | Slowly rotating Kerr: |a|/m << 1 | Small perturbations of Kerr data (as set up in the GKS series),none,"Find an error in the GKS series (no retraction found). | Show the small-|a| restriction cannot be removed, which would restrict the SCC-failure conclusion to slowly rotating Kerr.",ledger_theorem_partial,audit:verified-api,AF-WCC-VAC-GEN,audit provides locator,partial: binding exists only at strength {stability_result} / kinds {preprint_result}
CC-0154,SRC-039,Elena Giorgi; Sergiu Klainerman; Jeremie Szeftel. A general formalism for the stability of Kerr.,Elena Giorgi; Sergiu Klainerman; Jeremie Szeftel,2020,"arXiv:2002.02740 (v1, 7 Feb 2020)",10.48550/arXiv.2002.02740,2002.02740,https://arxiv.org/abs/2002.02740,verified-api,verified,AF-SCC-C2-VAC-GEN,none,out_of_class,,,,not_applicable,,n/a,,,,none,,ledger_absence,audit:verified-api,AF-WCC-VAC-GEN,audit provides locator,empty cell: source is referenced by the ledger but never bound to this class; bound classes: AF-WCC-VAC-GEN
CC-0155,SRC-039,Elena Giorgi; Sergiu Klainerman; Jeremie Szeftel. A general formalism for the stability of Kerr.,Elena Giorgi; Sergiu Klainerman; Jeremie Szeftel,2020,"arXiv:2002.02740 (v1, 7 Feb 2020)",10.48550/arXiv.2002.02740,2002.02740,https://arxiv.org/abs/2002.02740,verified-api,verified,AF-SCC-C0-VAC-GEN,none,out_of_class,,,,not_applicable,,n/a,,,,none,,ledger_absence,audit:verified-api,AF-WCC-VAC-GEN,audit provides locator,empty cell: source is referenced by the ledger but never bound to this class; bound classes: AF-WCC-VAC-GEN
CC-0156,SRC-039,Elena Giorgi; Sergiu Klainerman; Jeremie Szeftel. A general formalism for the stability of Kerr.,Elena Giorgi; Sergiu Klainerman; Jeremie Szeftel,2020,"arXiv:2002.02740 (v1, 7 Feb 2020)",10.48550/arXiv.2002.02740,2002.02740,https://arxiv.org/abs/2002.02740,verified-api,verified,AF-WCC-SCALAR-SPH,none,out_of_class,,,,not_applicable,,n/a,,,,none,,ledger_absence,audit:verified-api,AF-WCC-VAC-GEN,audit provides locator,empty cell: source is referenced by the ledger but never bound to this class; bound classes: AF-WCC-VAC-GEN
CC-0157,SRC-040,Elena Giorgi; Sergiu Klainerman; Jeremie Szeftel. Wave equations estimates and the nonlinear stability of slowly rotating Kerr black holes.,Elena Giorgi; Sergiu Klainerman; Jeremie Szeftel,2022,"arXiv:2205.14808 (v1, 30 May 2022)",10.48550/arXiv.2205.14808,2205.14808,https://arxiv.org/abs/2205.14808,verified-api,verified,AF-WCC-VAC-GEN,partial,supporting_conditional,T-206 | T-515 | T-528,open_problem | stability_result,literature_status | preprint_result,stability_result,The nonlinear stability of the Kerr family for small angular momentum (|a|/m << 1) is proved; the paper completes the proof of the Main Theorem of the GKS programme by supplying the nonlinear wave estimates.,ledger T-206 (strongest of 3),Open neighbourhood of slowly rotating Kerr data; not generic AF data and not the full subextremal range.,Smooth.,Einstein vacuum equations | Slowly rotating Kerr: |a|/m << 1 | Small perturbations of Kerr data (as set up in the GKS series),none,"Find an error in the GKS series (no retraction found). | Show the small-|a| restriction cannot be removed, which would restrict the SCC-failure conclusion to slowly rotating Kerr.",ledger_theorem_partial,audit:verified-api,AF-SCC-C0-VAC-GEN | AF-SCC-C2-VAC-GEN | AF-WCC-VAC-GEN,audit provides locator,"partial: binding exists only at strength {open_problem, stability_result} / kinds {literature_status, preprint_result}"
CC-0158,SRC-040,Elena Giorgi; Sergiu Klainerman; Jeremie Szeftel. Wave equations estimates and the nonlinear stability of slowly rotating Kerr black holes.,Elena Giorgi; Sergiu Klainerman; Jeremie Szeftel,2022,"arXiv:2205.14808 (v1, 30 May 2022)",10.48550/arXiv.2205.14808,2205.14808,https://arxiv.org/abs/2205.14808,verified-api,verified,AF-SCC-C2-VAC-GEN,partial,supporting_conditional,T-305,conditional_theorem,preprint_result,conditional_theorem,"For solutions of the Einstein vacuum equations arising from smooth data on a hypersurface slightly inside a dynamical black hole settling down to a subextremal Kerr black hole and satisfying a precise nonlinear Price's-law-type estimate (expected to hold generically), the maximal globally hyperbolic development admits a non-trivial piece of future null boundary (the Cauchy horizon) emanating from timelike infinity i_+, across which the spacetime metric is Lipschitz-inextendible; this yields a Lipschitz version of SCC for Kerr near timelike infinity under that assumption.",ledger T-305,"Conditional on the Price-law estimate; conclusion covers the piece of the Cauchy horizon near i_+, not the whole horizon.","Lipschitz-inextendibility (metric C^{0,1}).","Einstein vacuum equations, no symmetry | Data slightly inside a dynamical black hole settling to subextremal Kerr | Nonlinear Price's-law-type estimate assumed (expected generically, not proved)",none,"Show the Price-law estimate fails on an open set of data, making the conditional result vacuous there. | Construct a Lipschitz extension of the Kerr Cauchy horizon near i_+, which would refute the theorem.",ledger_theorem_partial,audit:verified-api,AF-SCC-C0-VAC-GEN | AF-SCC-C2-VAC-GEN | AF-WCC-VAC-GEN,audit provides locator,partial: binding exists only at strength {conditional_theorem} / kinds {preprint_result}
CC-0159,SRC-040,Elena Giorgi; Sergiu Klainerman; Jeremie Szeftel. Wave equations estimates and the nonlinear stability of slowly rotating Kerr black holes.,Elena Giorgi; Sergiu Klainerman; Jeremie Szeftel,2022,"arXiv:2205.14808 (v1, 30 May 2022)",10.48550/arXiv.2205.14808,2205.14808,https://arxiv.org/abs/2205.14808,verified-api,verified,AF-SCC-C0-VAC-GEN,partial,supporting_conditional,T-301 | T-305 | T-515 | T-528,conditional_theorem | open_problem | stability_result,literature_status | preprint_result | theorem,conditional_theorem,"For Cauchy data for the Einstein vacuum equations posed on a hypersurface already inside the black-hole interior (representing the geometry just inside the event horizon), the maximal Cauchy evolution can be extended across a non-trivial piece of Cauchy horizon as a Lorentzian manifold with continuous metric. Moreover, if the exterior region of the Kerr family is dynamically stable, then the C^0-inextendibility formulation of strong cosmic censorship is false.",ledger T-301 (strongest of 4),The interior-data class is open in the topology used; genericity of the exterior data is inherited only through the conditional Kerr-stability hypothesis.,Metric continuous across the Cauchy horizon; the connection is not controlled (weak null singularities expected).,"Einstein vacuum equations, no symmetry | Cauchy data defined on a hypersurface already within the black-hole interior | Data represent the expected geometry just inside the event horizon",none,Prove that generic Kerr interiors admit no continuous extension across the Cauchy horizon (would refute the C^0-stability theorem). | Show that the constructed extension is not an extension of the maximal development (e.g. it fails the vacuum equations or isometric embedding conditions).,ledger_theorem_partial,audit:verified-api,AF-SCC-C0-VAC-GEN | AF-SCC-C2-VAC-GEN | AF-WCC-VAC-GEN,audit provides locator,"partial: binding exists only at strength {conditional_theorem, open_problem, stability_result} / kinds {literature_status, preprint_result, theorem}"
CC-0160,SRC-040,Elena Giorgi; Sergiu Klainerman; Jeremie Szeftel. Wave equations estimates and the nonlinear stability of slowly rotating Kerr black holes.,Elena Giorgi; Sergiu Klainerman; Jeremie Szeftel,2022,"arXiv:2205.14808 (v1, 30 May 2022)",10.48550/arXiv.2205.14808,2205.14808,https://arxiv.org/abs/2205.14808,verified-api,verified,AF-WCC-SCALAR-SPH,none,out_of_class,,,,not_applicable,,n/a,,,,none,,ledger_absence,audit:verified-api,AF-SCC-C0-VAC-GEN | AF-SCC-C2-VAC-GEN | AF-WCC-VAC-GEN,audit provides locator,"empty cell: source is referenced by the ledger but never bound to this class; bound classes: AF-SCC-C0-VAC-GEN, AF-SCC-C2-VAC-GEN, AF-WCC-VAC-GEN"
CC-0161,SRC-041,Demetrios Christodoulou. The formation of black holes in general relativity.,Demetrios Christodoulou,2012,"The Twelfth Marcel Grossmann Meeting (MG12), World Scientific, pp. 24-34 (2012)",10.1142/9789814374552_0002,http://arxiv.org/abs/gr-qc/0307013v3,https://inspirehep.net/api/literature/786592,verified-api,verified,AF-WCC-VAC-GEN,covered,supporting,T-201,theorem,theorem,theorem,"For the Einstein vacuum equations in 3+1 dimensions with no symmetry assumptions, there is an open set of regular initial conditions on an outgoing null hypersurface, of short-pulse type, whose future development forms a trapped surface; the theorems are the first long-time dynamics result for data not confined to a small neighbourhood of Minkowski data.",ledger T-201,Open set within the short-pulse family (as restated by SRC-042: 'an open set of regular initial conditions'); NOT an open set of general asymptotically flat data.,Regular data (specific differentiability fixed in the monograph).,Vacuum Einstein equations | No symmetry assumed | Characteristic initial data on an outgoing null hypersurface plus incoming Minkowski data,none,Find an error in the short-pulse mechanism (no retraction found in the verified set). | Show the trapped surface forms but the solution still has incomplete I+ (would decouple the two notions and change the WCC evidence map).,ledger_theorem_covered,audit:verified-api,AF-WCC-VAC-GEN,flash-10 registry match http://arxiv.org/abs/gr-qc/0307013v3: The interior of charged black holes and the problem of uniqueness in general relativity,covered by accepted ledger entry T-201
CC-0162,SRC-041,Demetrios Christodoulou. The formation of black holes in general relativity.,Demetrios Christodoulou,2012,"The Twelfth Marcel Grossmann Meeting (MG12), World Scientific, pp. 24-34 (2012)",10.1142/9789814374552_0002,http://arxiv.org/abs/gr-qc/0307013v3,https://inspirehep.net/api/literature/786592,verified-api,verified,AF-SCC-C2-VAC-GEN,none,out_of_class,,,,not_applicable,,n/a,,,,none,,ledger_absence,audit:verified-api,AF-WCC-VAC-GEN,flash-10 registry match http://arxiv.org/abs/gr-qc/0307013v3: The interior of charged black holes and the problem of uniqueness in general relativity,empty cell: source is referenced by the ledger but never bound to this class; bound classes: AF-WCC-VAC-GEN
CC-0163,SRC-041,Demetrios Christodoulou. The formation of black holes in general relativity.,Demetrios Christodoulou,2012,"The Twelfth Marcel Grossmann Meeting (MG12), World Scientific, pp. 24-34 (2012)",10.1142/9789814374552_0002,http://arxiv.org/abs/gr-qc/0307013v3,https://inspirehep.net/api/literature/786592,verified-api,verified,AF-SCC-C0-VAC-GEN,none,out_of_class,,,,not_applicable,,n/a,,,,none,,ledger_absence,audit:verified-api,AF-WCC-VAC-GEN,flash-10 registry match http://arxiv.org/abs/gr-qc/0307013v3: The interior of charged black holes and the problem of uniqueness in general relativity,empty cell: source is referenced by the ledger but never bound to this class; bound classes: AF-WCC-VAC-GEN
CC-0164,SRC-041,Demetrios Christodoulou. The formation of black holes in general relativity.,Demetrios Christodoulou,2012,"The Twelfth Marcel Grossmann Meeting (MG12), World Scientific, pp. 24-34 (2012)",10.1142/9789814374552_0002,http://arxiv.org/abs/gr-qc/0307013v3,https://inspirehep.net/api/literature/786592,verified-api,verified,AF-WCC-SCALAR-SPH,none,out_of_class,,,,not_applicable,,n/a,,,,none,,ledger_absence,audit:verified-api,AF-WCC-VAC-GEN,flash-10 registry match http://arxiv.org/abs/gr-qc/0307013v3: The interior of charged black holes and the problem of uniqueness in general relativity,empty cell: source is referenced by the ledger but never bound to this class; bound classes: AF-WCC-VAC-GEN
CC-0165,SRC-042,Sergiu Klainerman; Igor Rodnianski. On the formation of trapped surfaces.,Sergiu Klainerman; Igor Rodnianski,2012,"Acta Mathematica 208(2), 211-333 (2012)",10.1007/s11511-012-0077-3,0912.5097,https://inspirehep.net/api/literature/841287,verified-api,verified,AF-WCC-VAC-GEN,covered,supporting,T-201 | T-202,theorem,theorem,theorem,"For the Einstein vacuum equations in 3+1 dimensions with no symmetry assumptions, there is an open set of regular initial conditions on an outgoing null hypersurface, of short-pulse type, whose future development forms a trapped surface; the theorems are the first long-time dynamics result for data not confined to a small neighbourhood of Minkowski data.",ledger T-201 (strongest of 2),Open set within the short-pulse family (as restated by SRC-042: 'an open set of regular initial conditions'); NOT an open set of general asymptotically flat data.,Regular data (specific differentiability fixed in the monograph).,Vacuum Einstein equations | No symmetry assumed | Characteristic initial data on an outgoing null hypersurface plus incoming Minkowski data,none,Find an error in the short-pulse mechanism (no retraction found in the verified set). | Show the trapped surface forms but the solution still has incomplete I+ (would decouple the two notions and change the WCC evidence map).,ledger_theorem_covered,audit:verified-api,AF-WCC-VAC-GEN,flash-10 registry match 0912.5097: On the formation of trapped surfaces,"covered by accepted ledger entry T-201, T-202"
CC-0166,SRC-042,Sergiu Klainerman; Igor Rodnianski. On the formation of trapped surfaces.,Sergiu Klainerman; Igor Rodnianski,2012,"Acta Mathematica 208(2), 211-333 (2012)",10.1007/s11511-012-0077-3,0912.5097,https://inspirehep.net/api/literature/841287,verified-api,verified,AF-SCC-C2-VAC-GEN,none,out_of_class,,,,not_applicable,,n/a,,,,none,,ledger_absence,audit:verified-api,AF-WCC-VAC-GEN,flash-10 registry match 0912.5097: On the formation of trapped surfaces,empty cell: source is referenced by the ledger but never bound to this class; bound classes: AF-WCC-VAC-GEN
CC-0167,SRC-042,Sergiu Klainerman; Igor Rodnianski. On the formation of trapped surfaces.,Sergiu Klainerman; Igor Rodnianski,2012,"Acta Mathematica 208(2), 211-333 (2012)",10.1007/s11511-012-0077-3,0912.5097,https://inspirehep.net/api/literature/841287,verified-api,verified,AF-SCC-C0-VAC-GEN,none,out_of_class,,,,not_applicable,,n/a,,,,none,,ledger_absence,audit:verified-api,AF-WCC-VAC-GEN,flash-10 registry match 0912.5097: On the formation of trapped surfaces,empty cell: source is referenced by the ledger but never bound to this class; bound classes: AF-WCC-VAC-GEN
CC-0168,SRC-042,Sergiu Klainerman; Igor Rodnianski. On the formation of trapped surfaces.,Sergiu Klainerman; Igor Rodnianski,2012,"Acta Mathematica 208(2), 211-333 (2012)",10.1007/s11511-012-0077-3,0912.5097,https://inspirehep.net/api/literature/841287,verified-api,verified,AF-WCC-SCALAR-SPH,none,out_of_class,,,,not_applicable,,n/a,,,,none,,ledger_absence,audit:verified-api,AF-WCC-VAC-GEN,flash-10 registry match 0912.5097: On the formation of trapped surfaces,empty cell: source is referenced by the ledger but never bound to this class; bound classes: AF-WCC-VAC-GEN
CC-0169,SRC-043,Junbin Li; Pin Yu. Construction of Cauchy data of vacuum Einstein field equations evolving to black holes.,Junbin Li; Pin Yu,2015,"Annals of Mathematics (2) 181(2), 699-768 (2015); arXiv:1207.3164",10.4007/annals.2015.181.2.6,1207.3164,https://arxiv.org/abs/1207.3164,verified-api,verified,AF-WCC-VAC-GEN,covered,supporting,T-203,theorem,theorem,theorem,"There exists complete, asymptotically flat vacuum Cauchy initial data, free of trapped surfaces, whose future development must admit a trapped surface; the data equal a constant-time Minkowski slice inside and a constant-time Kerr slice outside.",ledger T-203,Existence of a special family; not generic.,Smooth (gluing class; exact differentiability in the paper).,Vacuum Einstein constraint equations | Complete asymptotically flat Cauchy data | Gluing construction using Christodoulou's black-hole formation theorem and Corvino-Schoen gluing,none,"Find a gap in the gluing argument (no retraction found). | Show the resulting development fails to be asymptotically flat, which would break the AF class binding.",ledger_theorem_covered,audit:verified-api,AF-WCC-VAC-GEN,audit provides locator,covered by accepted ledger entry T-203
CC-0170,SRC-043,Junbin Li; Pin Yu. Construction of Cauchy data of vacuum Einstein field equations evolving to black holes.,Junbin Li; Pin Yu,2015,"Annals of Mathematics (2) 181(2), 699-768 (2015); arXiv:1207.3164",10.4007/annals.2015.181.2.6,1207.3164,https://arxiv.org/abs/1207.3164,verified-api,verified,AF-SCC-C2-VAC-GEN,none,out_of_class,,,,not_applicable,,n/a,,,,none,,ledger_absence,audit:verified-api,AF-WCC-VAC-GEN,audit provides locator,empty cell: source is referenced by the ledger but never bound to this class; bound classes: AF-WCC-VAC-GEN
CC-0171,SRC-043,Junbin Li; Pin Yu. Construction of Cauchy data of vacuum Einstein field equations evolving to black holes.,Junbin Li; Pin Yu,2015,"Annals of Mathematics (2) 181(2), 699-768 (2015); arXiv:1207.3164",10.4007/annals.2015.181.2.6,1207.3164,https://arxiv.org/abs/1207.3164,verified-api,verified,AF-SCC-C0-VAC-GEN,none,out_of_class,,,,not_applicable,,n/a,,,,none,,ledger_absence,audit:verified-api,AF-WCC-VAC-GEN,audit provides locator,empty cell: source is referenced by the ledger but never bound to this class; bound classes: AF-WCC-VAC-GEN
CC-0172,SRC-043,Junbin Li; Pin Yu. Construction of Cauchy data of vacuum Einstein field equations evolving to black holes.,Junbin Li; Pin Yu,2015,"Annals of Mathematics (2) 181(2), 699-768 (2015); arXiv:1207.3164",10.4007/annals.2015.181.2.6,1207.3164,https://arxiv.org/abs/1207.3164,verified-api,verified,AF-WCC-SCALAR-SPH,none,out_of_class,,,,not_applicable,,n/a,,,,none,,ledger_absence,audit:verified-api,AF-WCC-VAC-GEN,audit provides locator,empty cell: source is referenced by the ledger but never bound to this class; bound classes: AF-WCC-VAC-GEN
CC-0173,SRC-044,Xinliang An. Naked singularity censoring with anisotropic apparent horizon.,Xinliang An,2025,"Annals of Mathematics (2) 201(3), 775-908 (2025)",,,https://inspirehep.net/api/literature/2743272,verified-api,verified,AF-WCC-VAC-GEN,none,out_of_class,,,,not_applicable,,n/a,,,,none,,ledger_absence,audit:verified-api,AF-WCC-SCALAR-SPH,,empty cell: source is referenced by the ledger but never bound to this class; bound classes: AF-WCC-SCALAR-SPH
CC-0174,SRC-044,Xinliang An. Naked singularity censoring with anisotropic apparent horizon.,Xinliang An,2025,"Annals of Mathematics (2) 201(3), 775-908 (2025)",,,https://inspirehep.net/api/literature/2743272,verified-api,verified,AF-SCC-C2-VAC-GEN,none,out_of_class,,,,not_applicable,,n/a,,,,none,,ledger_absence,audit:verified-api,AF-WCC-SCALAR-SPH,,empty cell: source is referenced by the ledger but never bound to this class; bound classes: AF-WCC-SCALAR-SPH
CC-0175,SRC-044,Xinliang An. Naked singularity censoring with anisotropic apparent horizon.,Xinliang An,2025,"Annals of Mathematics (2) 201(3), 775-908 (2025)",,,https://inspirehep.net/api/literature/2743272,verified-api,verified,AF-SCC-C0-VAC-GEN,none,out_of_class,,,,not_applicable,,n/a,,,,none,,ledger_absence,audit:verified-api,AF-WCC-SCALAR-SPH,,empty cell: source is referenced by the ledger but never bound to this class; bound classes: AF-WCC-SCALAR-SPH
CC-0176,SRC-044,Xinliang An. Naked singularity censoring with anisotropic apparent horizon.,Xinliang An,2025,"Annals of Mathematics (2) 201(3), 775-908 (2025)",,,https://inspirehep.net/api/literature/2743272,verified-api,verified,AF-WCC-SCALAR-SPH,covered,supporting,T-101 | T-105,theorem,theorem,theorem,"Employing the Einstein-scalar field system, a tiny anisotropic perturbation from the outgoing characteristic initial data of Christodoulou's naked-singularity solutions leads to an anisotropic apparent horizon that covers and censors the naked singularity; the method proves high co-dimensional nonlinear instability of those solutions.",ledger T-105 (strongest of 2),High co-dimensional instability statement; perturbations are small in scale-critical norms but anisotropic.,Finite BV / C^0 perturbations.,Einstein-scalar field system (not vacuum) | Initial data = Christodoulou's naked-singularity data plus a small anisotropic perturbation on the outgoing characteristic hypersurface | Perturbations allowed finite BV and C^0 norms for shear and scalar derivative; scale-critical norms may be arbitrarily small,extra_matter,"Construct perturbations of the 1994 data, rough in the same norm, that remain naked-singularity-forming (would contradict the theorem as scoped). | Show the theorem's quantifier is not 'generic' but only 'there exist arbitrarily small rough perturbations', which would force a weaker ledger statement.",ledger_theorem_covered,audit:verified-api,AF-WCC-SCALAR-SPH,,"covered by accepted ledger entry T-101, T-105"
CC-0177,SRC-045,Xinliang An; Shengrong Wu. Naked singularities beyond spherical symmetry: Singular inner Cauchy horizons for the Einstein-scalar field system.,Xinliang An; Shengrong Wu,2026,"arXiv:2607.07134 (v1, 8 Jul 2026), 116 pages",10.48550/arXiv.2607.07134,2607.07134,https://arxiv.org/abs/2607.07134,verified-api,verified,AF-WCC-VAC-GEN,none,out_of_class,,,,not_applicable,,n/a,,,,none,,ledger_absence,audit:verified-api,AF-WCC-SCALAR-SPH,audit provides locator,empty cell: source is referenced by the ledger but never bound to this class; bound classes: AF-WCC-SCALAR-SPH
CC-0178,SRC-045,Xinliang An; Shengrong Wu. Naked singularities beyond spherical symmetry: Singular inner Cauchy horizons for the Einstein-scalar field system.,Xinliang An; Shengrong Wu,2026,"arXiv:2607.07134 (v1, 8 Jul 2026), 116 pages",10.48550/arXiv.2607.07134,2607.07134,https://arxiv.org/abs/2607.07134,verified-api,verified,AF-SCC-C2-VAC-GEN,none,out_of_class,,,,not_applicable,,n/a,,,,none,,ledger_absence,audit:verified-api,AF-WCC-SCALAR-SPH,audit provides locator,empty cell: source is referenced by the ledger but never bound to this class; bound classes: AF-WCC-SCALAR-SPH
CC-0179,SRC-045,Xinliang An; Shengrong Wu. Naked singularities beyond spherical symmetry: Singular inner Cauchy horizons for the Einstein-scalar field system.,Xinliang An; Shengrong Wu,2026,"arXiv:2607.07134 (v1, 8 Jul 2026), 116 pages",10.48550/arXiv.2607.07134,2607.07134,https://arxiv.org/abs/2607.07134,verified-api,verified,AF-SCC-C0-VAC-GEN,none,out_of_class,,,,not_applicable,,n/a,,,,none,,ledger_absence,audit:verified-api,AF-WCC-SCALAR-SPH,audit provides locator,empty cell: source is referenced by the ledger but never bound to this class; bound classes: AF-WCC-SCALAR-SPH
CC-0180,SRC-045,Xinliang An; Shengrong Wu. Naked singularities beyond spherical symmetry: Singular inner Cauchy horizons for the Einstein-scalar field system.,Xinliang An; Shengrong Wu,2026,"arXiv:2607.07134 (v1, 8 Jul 2026), 116 pages",10.48550/arXiv.2607.07134,2607.07134,https://arxiv.org/abs/2607.07134,verified-api,verified,AF-WCC-SCALAR-SPH,partial,falsifier,T-106,counterexample,preprint_result,counterexample,"There exist non-spherically-symmetric solutions of the 3+1-dimensional Einstein-scalar field system with incomplete future null infinity and a singular inner Cauchy horizon, obtained by prescribing non-spherical data along incoming and outgoing null hypersurfaces; the solutions satisfy C^{1,kappa/(1-kappa)+} inextendibility at the inner Cauchy horizon for self-similar parameter kappa in (0,1/3).",ledger T-106,Constructed family; not claimed generic.,"C^{1,kappa/(1-kappa)+} inextendibility of the inner horizon.",Einstein-scalar field system (not vacuum) | Characteristic initial data on two transversely intersecting null hypersurfaces | No symmetry assumed; constructed from a generalisation of Christodoulou's self-similar solution,spherical_symmetry | extra_matter,"Find a gap in the global existence/inextendibility proof (preprint, unreviewed). | Show the constructed spacetimes are C^{1,...}-extendible across the inner horizon.",ledger_theorem_partial,audit:verified-api,AF-WCC-SCALAR-SPH,audit provides locator,partial: binding exists only at strength {counterexample} / kinds {preprint_result}
CC-0181,SRC-046,Weihao Zheng. Nonlinear stability of continuously self-similar naked singularities for the Einstein-scalar field equations I: main results.,Weihao Zheng,2026,"arXiv:2605.16235 (v1, 15 May 2026), 54 pages",10.48550/arXiv.2605.16235,2605.16235,https://arxiv.org/abs/2605.16235,verified-api,verified,AF-WCC-VAC-GEN,none,out_of_class,,,,not_applicable,,n/a,,,,none,,ledger_absence,audit:verified-api,AF-WCC-SCALAR-SPH,audit provides locator,empty cell: source is referenced by the ledger but never bound to this class; bound classes: AF-WCC-SCALAR-SPH
CC-0182,SRC-046,Weihao Zheng. Nonlinear stability of continuously self-similar naked singularities for the Einstein-scalar field equations I: main results.,Weihao Zheng,2026,"arXiv:2605.16235 (v1, 15 May 2026), 54 pages",10.48550/arXiv.2605.16235,2605.16235,https://arxiv.org/abs/2605.16235,verified-api,verified,AF-SCC-C2-VAC-GEN,none,out_of_class,,,,not_applicable,,n/a,,,,none,,ledger_absence,audit:verified-api,AF-WCC-SCALAR-SPH,audit provides locator,empty cell: source is referenced by the ledger but never bound to this class; bound classes: AF-WCC-SCALAR-SPH
CC-0183,SRC-046,Weihao Zheng. Nonlinear stability of continuously self-similar naked singularities for the Einstein-scalar field equations I: main results.,Weihao Zheng,2026,"arXiv:2605.16235 (v1, 15 May 2026), 54 pages",10.48550/arXiv.2605.16235,2605.16235,https://arxiv.org/abs/2605.16235,verified-api,verified,AF-SCC-C0-VAC-GEN,none,out_of_class,,,,not_applicable,,n/a,,,,none,,ledger_absence,audit:verified-api,AF-WCC-SCALAR-SPH,audit provides locator,empty cell: source is referenced by the ledger but never bound to this class; bound classes: AF-WCC-SCALAR-SPH
CC-0184,SRC-046,Weihao Zheng. Nonlinear stability of continuously self-similar naked singularities for the Einstein-scalar field equations I: main results.,Weihao Zheng,2026,"arXiv:2605.16235 (v1, 15 May 2026), 54 pages",10.48550/arXiv.2605.16235,2605.16235,https://arxiv.org/abs/2605.16235,verified-api,verified,AF-WCC-SCALAR-SPH,partial,supporting,T-101 | T-102 | T-107,stability_result | theorem,preprint_result | theorem,theorem,"For the spherically symmetric Einstein-massless-scalar-field system, the naked-singularity solutions constructed in 1994 are unstable under sufficiently rough perturbations: within a rough functional framework, perturbations of those data lead to black-hole formation rather than a naked singularity.",ledger T-101 (strongest of 3),"The accessible evidence supports 'sufficiently rough perturbations' in 'a rough functional framework'. It does NOT by itself establish a generic-set, open-set, or positive-probability statement.",Function space not extracted from the primary body; the accessible evidence says 'sufficiently rough perturbations' in a rough functional framework. Review C2 reports that Liu-Li 2018 (SRC-075) restates the result in a BV/codimension framework; that restatement is not independently verified here.,Spherical symmetry | Massless scalar field coupled to gravity (Einstein-scalar system) | Perturbations measured in a rough functional framework; the precise function space is not fixed by the accessible abstract-level evidence (see unresolved),spherical_symmetry | extra_matter,"Construct perturbations of the 1994 data, rough in the same norm, that remain naked-singularity-forming (would contradict the theorem as scoped). | Show the theorem's quantifier is not 'generic' but only 'there exist arbitrarily small rough perturbations', which would force a weaker ledger statement.",ledger_theorem_partial,audit:verified-api,AF-WCC-SCALAR-SPH,audit provides locator,"partial: binding exists only at strength {stability_result, theorem} / kinds {preprint_result, theorem}"
CC-0185,SRC-047,Sebastian Gurriaran. Non-linear instability of the Kerr Cauchy horizon near i_+.,Sebastian Gurriaran,2026,"arXiv:2603.17911 (v2, 23 Mar 2026)",10.48550/arXiv.2603.17911,2603.17911,https://arxiv.org/abs/2603.17911,verified-api,verified,AF-WCC-VAC-GEN,none,out_of_class,,,,not_applicable,,n/a,,,,none,,ledger_absence,audit:verified-api,AF-SCC-C0-VAC-GEN | AF-SCC-C2-VAC-GEN,audit provides locator,"empty cell: source is referenced by the ledger but never bound to this class; bound classes: AF-SCC-C0-VAC-GEN, AF-SCC-C2-VAC-GEN"
CC-0186,SRC-047,Sebastian Gurriaran. Non-linear instability of the Kerr Cauchy horizon near i_+.,Sebastian Gurriaran,2026,"arXiv:2603.17911 (v2, 23 Mar 2026)",10.48550/arXiv.2603.17911,2603.17911,https://arxiv.org/abs/2603.17911,verified-api,verified,AF-SCC-C2-VAC-GEN,partial,supporting_conditional,D-005 | T-305 | T-401,conditional_theorem | open_problem,definition | literature_status | preprint_result,conditional_theorem,"For solutions of the Einstein vacuum equations arising from smooth data on a hypersurface slightly inside a dynamical black hole settling down to a subextremal Kerr black hole and satisfying a precise nonlinear Price's-law-type estimate (expected to hold generically), the maximal globally hyperbolic development admits a non-trivial piece of future null boundary (the Cauchy horizon) emanating from timelike infinity i_+, across which the spacetime metric is Lipschitz-inextendible; this yields a Lipschitz version of SCC for Kerr near timelike infinity under that assumption.",ledger T-305 (strongest of 3),"Conditional on the Price-law estimate; conclusion covers the piece of the Cauchy horizon near i_+, not the whole horizon.","Lipschitz-inextendibility (metric C^{0,1}).","Einstein vacuum equations, no symmetry | Data slightly inside a dynamical black hole settling to subextremal Kerr | Nonlinear Price's-law-type estimate assumed (expected generically, not proved)",none,"Produce a Lipschitz extension of a Kerr Cauchy horizon for generic data, which would falsify the Lipschitz version. | Show the L^s_loc blow-up condition of Cameron-Sbierski 2026 fails on an open set of spherical EM-scalar data.",ledger_theorem_partial,audit:verified-api,AF-SCC-C0-VAC-GEN | AF-SCC-C2-VAC-GEN,audit provides locator,"partial: binding exists only at strength {conditional_theorem, open_problem} / kinds {definition, literature_status, preprint_result}"
CC-0187,SRC-047,Sebastian Gurriaran. Non-linear instability of the Kerr Cauchy horizon near i_+.,Sebastian Gurriaran,2026,"arXiv:2603.17911 (v2, 23 Mar 2026)",10.48550/arXiv.2603.17911,2603.17911,https://arxiv.org/abs/2603.17911,verified-api,verified,AF-SCC-C0-VAC-GEN,partial,supporting_conditional,D-005 | T-305,conditional_theorem | open_problem,definition | preprint_result,conditional_theorem,"For solutions of the Einstein vacuum equations arising from smooth data on a hypersurface slightly inside a dynamical black hole settling down to a subextremal Kerr black hole and satisfying a precise nonlinear Price's-law-type estimate (expected to hold generically), the maximal globally hyperbolic development admits a non-trivial piece of future null boundary (the Cauchy horizon) emanating from timelike infinity i_+, across which the spacetime metric is Lipschitz-inextendible; this yields a Lipschitz version of SCC for Kerr near timelike infinity under that assumption.",ledger T-305 (strongest of 2),"Conditional on the Price-law estimate; conclusion covers the piece of the Cauchy horizon near i_+, not the whole horizon.","Lipschitz-inextendibility (metric C^{0,1}).","Einstein vacuum equations, no symmetry | Data slightly inside a dynamical black hole settling to subextremal Kerr | Nonlinear Price's-law-type estimate assumed (expected generically, not proved)",none,"Produce a Lipschitz extension of a Kerr Cauchy horizon for generic data, which would falsify the Lipschitz version. | Show the L^s_loc blow-up condition of Cameron-Sbierski 2026 fails on an open set of spherical EM-scalar data.",ledger_theorem_partial,audit:verified-api,AF-SCC-C0-VAC-GEN | AF-SCC-C2-VAC-GEN,audit provides locator,"partial: binding exists only at strength {conditional_theorem, open_problem} / kinds {definition, preprint_result}"
CC-0188,SRC-047,Sebastian Gurriaran. Non-linear instability of the Kerr Cauchy horizon near i_+.,Sebastian Gurriaran,2026,"arXiv:2603.17911 (v2, 23 Mar 2026)",10.48550/arXiv.2603.17911,2603.17911,https://arxiv.org/abs/2603.17911,verified-api,verified,AF-WCC-SCALAR-SPH,none,out_of_class,,,,not_applicable,,n/a,,,,none,,ledger_absence,audit:verified-api,AF-SCC-C0-VAC-GEN | AF-SCC-C2-VAC-GEN,audit provides locator,"empty cell: source is referenced by the ledger but never bound to this class; bound classes: AF-SCC-C0-VAC-GEN, AF-SCC-C2-VAC-GEN"
CC-0189,SRC-048,Peter Cameron; Jan Sbierski. Spherically symmetric inextendibility of weak null singularities with Christoffel symbols in L^s_loc.,Peter Cameron; Jan Sbierski,2026,"arXiv:2609.05167 (v1, 4 Sep 2026)",10.48550/arXiv.2609.05167,2609.05167,https://arxiv.org/abs/2609.05167,verified-api,verified,AF-WCC-VAC-GEN,none,out_of_class,,,,not_applicable,,n/a,,,,none,,ledger_absence,audit:verified-api,AF-SCC-C0-VAC-GEN | AF-SCC-C2-VAC-GEN,audit provides locator,"empty cell: source is referenced by the ledger but never bound to this class; bound classes: AF-SCC-C0-VAC-GEN, AF-SCC-C2-VAC-GEN"
CC-0190,SRC-048,Peter Cameron; Jan Sbierski. Spherically symmetric inextendibility of weak null singularities with Christoffel symbols in L^s_loc.,Peter Cameron; Jan Sbierski,2026,"arXiv:2609.05167 (v1, 4 Sep 2026)",10.48550/arXiv.2609.05167,2609.05167,https://arxiv.org/abs/2609.05167,verified-api,verified,AF-SCC-C2-VAC-GEN,partial,definition,D-005,open_problem,definition,open_problem,"A family of intermediate inextendibility requirements: the MGHD is not extendible as a Lorentzian manifold in a class where the metric is Lipschitz (C^{0,1}_loc), or where the metric is continuous and the Christoffel symbols lie in L^s_loc for s>1.",ledger D-005,Class-dependent; Gurriaran 2026 assumes a nonlinear Price-law estimate expected to hold generically.,"Metric C^{0,1} (Lipschitz), or C^0 with connection in L^s_loc, s>1.",MGHD fixed | Extension class fixed by the exponent s or by Lipschitz regularity of the metric,none,"Produce a Lipschitz extension of a Kerr Cauchy horizon for generic data, which would falsify the Lipschitz version. | Show the L^s_loc blow-up condition of Cameron-Sbierski 2026 fails on an open set of spherical EM-scalar data.",ledger_theorem_partial,audit:verified-api,AF-SCC-C0-VAC-GEN | AF-SCC-C2-VAC-GEN,audit provides locator,partial: binding exists only at strength {open_problem} / kinds {definition}
CC-0191,SRC-048,Peter Cameron; Jan Sbierski. Spherically symmetric inextendibility of weak null singularities with Christoffel symbols in L^s_loc.,Peter Cameron; Jan Sbierski,2026,"arXiv:2609.05167 (v1, 4 Sep 2026)",10.48550/arXiv.2609.05167,2609.05167,https://arxiv.org/abs/2609.05167,verified-api,verified,AF-SCC-C0-VAC-GEN,partial,definition,D-005,open_problem,definition,open_problem,"A family of intermediate inextendibility requirements: the MGHD is not extendible as a Lorentzian manifold in a class where the metric is Lipschitz (C^{0,1}_loc), or where the metric is continuous and the Christoffel symbols lie in L^s_loc for s>1.",ledger D-005,Class-dependent; Gurriaran 2026 assumes a nonlinear Price-law estimate expected to hold generically.,"Metric C^{0,1} (Lipschitz), or C^0 with connection in L^s_loc, s>1.",MGHD fixed | Extension class fixed by the exponent s or by Lipschitz regularity of the metric,none,"Produce a Lipschitz extension of a Kerr Cauchy horizon for generic data, which would falsify the Lipschitz version. | Show the L^s_loc blow-up condition of Cameron-Sbierski 2026 fails on an open set of spherical EM-scalar data.",ledger_theorem_partial,audit:verified-api,AF-SCC-C0-VAC-GEN | AF-SCC-C2-VAC-GEN,audit provides locator,partial: binding exists only at strength {open_problem} / kinds {definition}
CC-0192,SRC-048,Peter Cameron; Jan Sbierski. Spherically symmetric inextendibility of weak null singularities with Christoffel symbols in L^s_loc.,Peter Cameron; Jan Sbierski,2026,"arXiv:2609.05167 (v1, 4 Sep 2026)",10.48550/arXiv.2609.05167,2609.05167,https://arxiv.org/abs/2609.05167,verified-api,verified,AF-WCC-SCALAR-SPH,none,out_of_class,,,,not_applicable,,n/a,,,,none,,ledger_absence,audit:verified-api,AF-SCC-C0-VAC-GEN | AF-SCC-C2-VAC-GEN,audit provides locator,"empty cell: source is referenced by the ledger but never bound to this class; bound classes: AF-SCC-C0-VAC-GEN, AF-SCC-C2-VAC-GEN"
CC-0193,SRC-049,Peter Cameron; Jan Sbierski. On the uniqueness of continuous spacetime extensions in 1+1 dimensions with applications to weak null singularities.,Peter Cameron; Jan Sbierski,2025,"arXiv:2511.13422 (v2, 23 Jun 2026)",10.48550/arXiv.2511.13422,2511.13422,https://arxiv.org/abs/2511.13422,verified-api,verified,AF-WCC-VAC-GEN,none,out_of_class,,,,not_applicable,,n/a,,,,none,,ledger_absence,audit:verified-api,(none),audit provides locator,empty cell: source is referenced by the ledger but never bound to this class; no class binding at all
CC-0194,SRC-049,Peter Cameron; Jan Sbierski. On the uniqueness of continuous spacetime extensions in 1+1 dimensions with applications to weak null singularities.,Peter Cameron; Jan Sbierski,2025,"arXiv:2511.13422 (v2, 23 Jun 2026)",10.48550/arXiv.2511.13422,2511.13422,https://arxiv.org/abs/2511.13422,verified-api,verified,AF-SCC-C2-VAC-GEN,none,out_of_class,,,,not_applicable,,n/a,,,,none,,ledger_absence,audit:verified-api,(none),audit provides locator,empty cell: source is referenced by the ledger but never bound to this class; no class binding at all
CC-0195,SRC-049,Peter Cameron; Jan Sbierski. On the uniqueness of continuous spacetime extensions in 1+1 dimensions with applications to weak null singularities.,Peter Cameron; Jan Sbierski,2025,"arXiv:2511.13422 (v2, 23 Jun 2026)",10.48550/arXiv.2511.13422,2511.13422,https://arxiv.org/abs/2511.13422,verified-api,verified,AF-SCC-C0-VAC-GEN,none,out_of_class,,,,not_applicable,,n/a,,,,none,,ledger_absence,audit:verified-api,(none),audit provides locator,empty cell: source is referenced by the ledger but never bound to this class; no class binding at all
CC-0196,SRC-049,Peter Cameron; Jan Sbierski. On the uniqueness of continuous spacetime extensions in 1+1 dimensions with applications to weak null singularities.,Peter Cameron; Jan Sbierski,2025,"arXiv:2511.13422 (v2, 23 Jun 2026)",10.48550/arXiv.2511.13422,2511.13422,https://arxiv.org/abs/2511.13422,verified-api,verified,AF-WCC-SCALAR-SPH,none,out_of_class,,,,not_applicable,,n/a,,,,none,,ledger_absence,audit:verified-api,(none),audit provides locator,empty cell: source is referenced by the ledger but never bound to this class; no class binding at all
CC-0197,SRC-050,Jonathan Luk; Sung-Jin Oh; Yakov Shlapentokh-Rothman. A scattering theory approach to Cauchy horizon instability and applications to mass inflation.,Jonathan Luk; Sung-Jin Oh; Yakov Shlapentokh-Rothman,2022,"Annales Henri Poincare 24, 363-411 (2023); arXiv:2201.12294",10.1007/s00023-022-01216-7,2201.12294,https://arxiv.org/abs/2201.12294,verified-api,verified,AF-WCC-VAC-GEN,none,out_of_class,,,,not_applicable,,n/a,,,,none,,ledger_absence,audit:verified-api,AF-SCC-C2-VAC-GEN,audit provides locator,empty cell: source is referenced by the ledger but never bound to this class; bound classes: AF-SCC-C2-VAC-GEN
CC-0198,SRC-050,Jonathan Luk; Sung-Jin Oh; Yakov Shlapentokh-Rothman. A scattering theory approach to Cauchy horizon instability and applications to mass inflation.,Jonathan Luk; Sung-Jin Oh; Yakov Shlapentokh-Rothman,2022,"Annales Henri Poincare 24, 363-411 (2023); arXiv:2201.12294",10.1007/s00023-022-01216-7,2201.12294,https://arxiv.org/abs/2201.12294,verified-api,verified,AF-SCC-C2-VAC-GEN,partial,definition,D-003,open_problem,definition,open_problem,"Strong cosmic censorship in C^2 form: the maximal globally hyperbolic development is future-inextendible as a Lorentzian manifold whose metric is twice continuously differentiable, for generic initial data.",ledger D-003,Generic data; class-dependent.,Metric C^2 across the boundary.,MGHD fixed. | Extension = non-trivial isometric embedding into a larger C^2 Lorentzian manifold. | Genericity supplied separately.,none,"Construct generic data whose MGHD admits a C^2 isometric extension across the Cauchy horizon (for the RNdS model with smooth data, Dias-Reall-Santos report exactly this in the linear coupled setting). | Exhibit a C^2-inextendibility proof in the model and show its hypotheses fail on an open set.",ledger_theorem_partial,audit:verified-api,AF-SCC-C2-VAC-GEN,audit provides locator,partial: binding exists only at strength {open_problem} / kinds {definition}
CC-0199,SRC-050,Jonathan Luk; Sung-Jin Oh; Yakov Shlapentokh-Rothman. A scattering theory approach to Cauchy horizon instability and applications to mass inflation.,Jonathan Luk; Sung-Jin Oh; Yakov Shlapentokh-Rothman,2022,"Annales Henri Poincare 24, 363-411 (2023); arXiv:2201.12294",10.1007/s00023-022-01216-7,2201.12294,https://arxiv.org/abs/2201.12294,verified-api,verified,AF-SCC-C0-VAC-GEN,none,out_of_class,,,,not_applicable,,n/a,,,,none,,ledger_absence,audit:verified-api,AF-SCC-C2-VAC-GEN,audit provides locator,empty cell: source is referenced by the ledger but never bound to this class; bound classes: AF-SCC-C2-VAC-GEN
CC-0200,SRC-050,Jonathan Luk; Sung-Jin Oh; Yakov Shlapentokh-Rothman. A scattering theory approach to Cauchy horizon instability and applications to mass inflation.,Jonathan Luk; Sung-Jin Oh; Yakov Shlapentokh-Rothman,2022,"Annales Henri Poincare 24, 363-411 (2023); arXiv:2201.12294",10.1007/s00023-022-01216-7,2201.12294,https://arxiv.org/abs/2201.12294,verified-api,verified,AF-WCC-SCALAR-SPH,none,out_of_class,,,,not_applicable,,n/a,,,,none,,ledger_absence,audit:verified-api,AF-SCC-C2-VAC-GEN,audit provides locator,empty cell: source is referenced by the ledger but never bound to this class; bound classes: AF-SCC-C2-VAC-GEN
CC-0201,SRC-051,Siyuan Ma; Lin Zhang. Precise late-time asymptotics of scalar field in the interior of a subextreme Kerr black hole and its application in Strong Cosmic Censorship conjecture.,Siyuan Ma; Lin Zhang,2023,Transactions of the AMS 376 (2023); DOI 10.1090/tran/8957; arXiv:2208.08702,10.1090/tran/8957,2208.08702,https://arxiv.org/abs/2208.08702,verified-api,verified,AF-WCC-VAC-GEN,none,out_of_class,,,,not_applicable,,n/a,,,,none,,ledger_absence,audit:verified-api,(none),audit provides locator,empty cell: source is referenced by the ledger but never bound to this class; no class binding at all
CC-0202,SRC-051,Siyuan Ma; Lin Zhang. Precise late-time asymptotics of scalar field in the interior of a subextreme Kerr black hole and its application in Strong Cosmic Censorship conjecture.,Siyuan Ma; Lin Zhang,2023,Transactions of the AMS 376 (2023); DOI 10.1090/tran/8957; arXiv:2208.08702,10.1090/tran/8957,2208.08702,https://arxiv.org/abs/2208.08702,verified-api,verified,AF-SCC-C2-VAC-GEN,none,out_of_class,,,,not_applicable,,n/a,,,,none,,ledger_absence,audit:verified-api,(none),audit provides locator,empty cell: source is referenced by the ledger but never bound to this class; no class binding at all
CC-0203,SRC-051,Siyuan Ma; Lin Zhang. Precise late-time asymptotics of scalar field in the interior of a subextreme Kerr black hole and its application in Strong Cosmic Censorship conjecture.,Siyuan Ma; Lin Zhang,2023,Transactions of the AMS 376 (2023); DOI 10.1090/tran/8957; arXiv:2208.08702,10.1090/tran/8957,2208.08702,https://arxiv.org/abs/2208.08702,verified-api,verified,AF-SCC-C0-VAC-GEN,none,out_of_class,,,,not_applicable,,n/a,,,,none,,ledger_absence,audit:verified-api,(none),audit provides locator,empty cell: source is referenced by the ledger but never bound to this class; no class binding at all
CC-0204,SRC-051,Siyuan Ma; Lin Zhang. Precise late-time asymptotics of scalar field in the interior of a subextreme Kerr black hole and its application in Strong Cosmic Censorship conjecture.,Siyuan Ma; Lin Zhang,2023,Transactions of the AMS 376 (2023); DOI 10.1090/tran/8957; arXiv:2208.08702,10.1090/tran/8957,2208.08702,https://arxiv.org/abs/2208.08702,verified-api,verified,AF-WCC-SCALAR-SPH,none,out_of_class,,,,not_applicable,,n/a,,,,none,,ledger_absence,audit:verified-api,(none),audit provides locator,empty cell: source is referenced by the ledger but never bound to this class; no class binding at all
CC-0205,SRC-052,Onyx Gautam. Late-time tails and mass inflation for the spherically symmetric Einstein-Maxwell-scalar field system.,Onyx Gautam,2024,"arXiv:2412.17927 (v1, 23 Dec 2024), 84 pages",10.48550/arXiv.2412.17927,2412.17927,https://arxiv.org/abs/2412.17927,verified-api,verified,AF-WCC-VAC-GEN,none,out_of_class,,,,not_applicable,,n/a,,,,none,,ledger_absence,audit:verified-api,(none),audit provides locator,empty cell: source is referenced by the ledger but never bound to this class; no class binding at all
CC-0206,SRC-052,Onyx Gautam. Late-time tails and mass inflation for the spherically symmetric Einstein-Maxwell-scalar field system.,Onyx Gautam,2024,"arXiv:2412.17927 (v1, 23 Dec 2024), 84 pages",10.48550/arXiv.2412.17927,2412.17927,https://arxiv.org/abs/2412.17927,verified-api,verified,AF-SCC-C2-VAC-GEN,none,out_of_class,,,,not_applicable,,n/a,,,,none,,ledger_absence,audit:verified-api,(none),audit provides locator,empty cell: source is referenced by the ledger but never bound to this class; no class binding at all
CC-0207,SRC-052,Onyx Gautam. Late-time tails and mass inflation for the spherically symmetric Einstein-Maxwell-scalar field system.,Onyx Gautam,2024,"arXiv:2412.17927 (v1, 23 Dec 2024), 84 pages",10.48550/arXiv.2412.17927,2412.17927,https://arxiv.org/abs/2412.17927,verified-api,verified,AF-SCC-C0-VAC-GEN,none,out_of_class,,,,not_applicable,,n/a,,,,none,,ledger_absence,audit:verified-api,(none),audit provides locator,empty cell: source is referenced by the ledger but never bound to this class; no class binding at all
CC-0208,SRC-052,Onyx Gautam. Late-time tails and mass inflation for the spherically symmetric Einstein-Maxwell-scalar field system.,Onyx Gautam,2024,"arXiv:2412.17927 (v1, 23 Dec 2024), 84 pages",10.48550/arXiv.2412.17927,2412.17927,https://arxiv.org/abs/2412.17927,verified-api,verified,AF-WCC-SCALAR-SPH,none,out_of_class,,,,not_applicable,,n/a,,,,none,,ledger_absence,audit:verified-api,(none),audit provides locator,empty cell: source is referenced by the ledger but never bound to this class; no class binding at all
CC-0209,SRC-053,Anna Chrysostomou; Alan S. Cornell; Aldo Deandrea; Seong Chan Park. A note on Strong Cosmic Censorship and its violation in Reissner-Nordstrom de Sitter black hole space-times.,Anna Chrysostomou; Alan S. Cornell; Aldo Deandrea; Seong Chan Park,2025,"Classical and Quantum Gravity 42, 107001 (2025); arXiv:2501.12968",10.1088/1361-6382/add5b4,2501.12968,https://arxiv.org/abs/2501.12968,verified-api,verified,AF-WCC-VAC-GEN,none,out_of_class,,,,not_applicable,,n/a,,,,none,,ledger_absence,audit:verified-api,(none),audit provides locator,empty cell: source is referenced by the ledger but never bound to this class; no class binding at all
CC-0210,SRC-053,Anna Chrysostomou; Alan S. Cornell; Aldo Deandrea; Seong Chan Park. A note on Strong Cosmic Censorship and its violation in Reissner-Nordstrom de Sitter black hole space-times.,Anna Chrysostomou; Alan S. Cornell; Aldo Deandrea; Seong Chan Park,2025,"Classical and Quantum Gravity 42, 107001 (2025); arXiv:2501.12968",10.1088/1361-6382/add5b4,2501.12968,https://arxiv.org/abs/2501.12968,verified-api,verified,AF-SCC-C2-VAC-GEN,none,out_of_class,,,,not_applicable,,n/a,,,,none,,ledger_absence,audit:verified-api,(none),audit provides locator,empty cell: source is referenced by the ledger but never bound to this class; no class binding at all
CC-0211,SRC-053,Anna Chrysostomou; Alan S. Cornell; Aldo Deandrea; Seong Chan Park. A note on Strong Cosmic Censorship and its violation in Reissner-Nordstrom de Sitter black hole space-times.,Anna Chrysostomou; Alan S. Cornell; Aldo Deandrea; Seong Chan Park,2025,"Classical and Quantum Gravity 42, 107001 (2025); arXiv:2501.12968",10.1088/1361-6382/add5b4,2501.12968,https://arxiv.org/abs/2501.12968,verified-api,verified,AF-SCC-C0-VAC-GEN,none,out_of_class,,,,not_applicable,,n/a,,,,none,,ledger_absence,audit:verified-api,(none),audit provides locator,empty cell: source is referenced by the ledger but never bound to this class; no class binding at all
CC-0212,SRC-053,Anna Chrysostomou; Alan S. Cornell; Aldo Deandrea; Seong Chan Park. A note on Strong Cosmic Censorship and its violation in Reissner-Nordstrom de Sitter black hole space-times.,Anna Chrysostomou; Alan S. Cornell; Aldo Deandrea; Seong Chan Park,2025,"Classical and Quantum Gravity 42, 107001 (2025); arXiv:2501.12968",10.1088/1361-6382/add5b4,2501.12968,https://arxiv.org/abs/2501.12968,verified-api,verified,AF-WCC-SCALAR-SPH,none,out_of_class,,,,not_applicable,,n/a,,,,none,,ledger_absence,audit:verified-api,(none),audit provides locator,empty cell: source is referenced by the ledger but never bound to this class; no class binding at all
CC-0213,SRC-054,Demetrios Christodoulou. The Formation of Black Holes in General Relativity.,Demetrios Christodoulou,2008,"arXiv:0805.3880 (v1, 26 May 2008), 594 pages; EMS Monographs in Mathematics (2009)",,0805.3880,https://arxiv.org/abs/0805.3880,verified-primary,verified,AF-WCC-VAC-GEN,covered,supporting,T-201,theorem,theorem,theorem,"For the Einstein vacuum equations in 3+1 dimensions with no symmetry assumptions, there is an open set of regular initial conditions on an outgoing null hypersurface, of short-pulse type, whose future development forms a trapped surface; the theorems are the first long-time dynamics result for data not confined to a small neighbourhood of Minkowski data.",ledger T-201,Open set within the short-pulse family (as restated by SRC-042: 'an open set of regular initial conditions'); NOT an open set of general asymptotically flat data.,Regular data (specific differentiability fixed in the monograph).,Vacuum Einstein equations | No symmetry assumed | Characteristic initial data on an outgoing null hypersurface plus incoming Minkowski data,none,Find an error in the short-pulse mechanism (no retraction found in the verified set). | Show the trapped surface forms but the solution still has incomplete I+ (would decouple the two notions and change the WCC evidence map).,ledger_theorem_covered,audit:verified-primary,AF-WCC-VAC-GEN,audit provides locator,covered by accepted ledger entry T-201
CC-0214,SRC-054,Demetrios Christodoulou. The Formation of Black Holes in General Relativity.,Demetrios Christodoulou,2008,"arXiv:0805.3880 (v1, 26 May 2008), 594 pages; EMS Monographs in Mathematics (2009)",,0805.3880,https://arxiv.org/abs/0805.3880,verified-primary,verified,AF-SCC-C2-VAC-GEN,none,out_of_class,,,,not_applicable,,n/a,,,,none,,ledger_absence,audit:verified-primary,AF-WCC-VAC-GEN,audit provides locator,empty cell: source is referenced by the ledger but never bound to this class; bound classes: AF-WCC-VAC-GEN
CC-0215,SRC-054,Demetrios Christodoulou. The Formation of Black Holes in General Relativity.,Demetrios Christodoulou,2008,"arXiv:0805.3880 (v1, 26 May 2008), 594 pages; EMS Monographs in Mathematics (2009)",,0805.3880,https://arxiv.org/abs/0805.3880,verified-primary,verified,AF-SCC-C0-VAC-GEN,none,out_of_class,,,,not_applicable,,n/a,,,,none,,ledger_absence,audit:verified-primary,AF-WCC-VAC-GEN,audit provides locator,empty cell: source is referenced by the ledger but never bound to this class; bound classes: AF-WCC-VAC-GEN
CC-0216,SRC-054,Demetrios Christodoulou. The Formation of Black Holes in General Relativity.,Demetrios Christodoulou,2008,"arXiv:0805.3880 (v1, 26 May 2008), 594 pages; EMS Monographs in Mathematics (2009)",,0805.3880,https://arxiv.org/abs/0805.3880,verified-primary,verified,AF-WCC-SCALAR-SPH,none,out_of_class,,,,not_applicable,,n/a,,,,none,,ledger_absence,audit:verified-primary,AF-WCC-VAC-GEN,audit provides locator,empty cell: source is referenced by the ledger but never bound to this class; bound classes: AF-WCC-VAC-GEN
CC-0217,SRC-055,Jonathan Luk; Sung-Jin Oh. Proof of linear instability of the Reissner-Nordstrom Cauchy horizon under scalar perturbations (arXiv version with journal ref).,Jonathan Luk; Sung-Jin Oh,2017,"Duke Mathematical Journal 166(3), 437-493 (2017); arXiv:1501.04598",10.1215/00127094-3715189,1501.04598,https://arxiv.org/abs/1501.04598,verified-primary,verified,AF-WCC-VAC-GEN,none,out_of_class,,,,not_applicable,,n/a,,,,none,,ledger_absence,audit:verified-primary,(none),audit provides locator,empty cell: source is referenced by the ledger but never bound to this class; no class binding at all
CC-0218,SRC-055,Jonathan Luk; Sung-Jin Oh. Proof of linear instability of the Reissner-Nordstrom Cauchy horizon under scalar perturbations (arXiv version with journal ref).,Jonathan Luk; Sung-Jin Oh,2017,"Duke Mathematical Journal 166(3), 437-493 (2017); arXiv:1501.04598",10.1215/00127094-3715189,1501.04598,https://arxiv.org/abs/1501.04598,verified-primary,verified,AF-SCC-C2-VAC-GEN,none,out_of_class,,,,not_applicable,,n/a,,,,none,,ledger_absence,audit:verified-primary,(none),audit provides locator,empty cell: source is referenced by the ledger but never bound to this class; no class binding at all
CC-0219,SRC-055,Jonathan Luk; Sung-Jin Oh. Proof of linear instability of the Reissner-Nordstrom Cauchy horizon under scalar perturbations (arXiv version with journal ref).,Jonathan Luk; Sung-Jin Oh,2017,"Duke Mathematical Journal 166(3), 437-493 (2017); arXiv:1501.04598",10.1215/00127094-3715189,1501.04598,https://arxiv.org/abs/1501.04598,verified-primary,verified,AF-SCC-C0-VAC-GEN,none,out_of_class,,,,not_applicable,,n/a,,,,none,,ledger_absence,audit:verified-primary,(none),audit provides locator,empty cell: source is referenced by the ledger but never bound to this class; no class binding at all
CC-0220,SRC-055,Jonathan Luk; Sung-Jin Oh. Proof of linear instability of the Reissner-Nordstrom Cauchy horizon under scalar perturbations (arXiv version with journal ref).,Jonathan Luk; Sung-Jin Oh,2017,"Duke Mathematical Journal 166(3), 437-493 (2017); arXiv:1501.04598",10.1215/00127094-3715189,1501.04598,https://arxiv.org/abs/1501.04598,verified-primary,verified,AF-WCC-SCALAR-SPH,none,out_of_class,,,,not_applicable,,n/a,,,,none,,ledger_absence,audit:verified-primary,(none),audit provides locator,empty cell: source is referenced by the ledger but never bound to this class; no class binding at all
CC-0221,SRC-056,Mihalis Dafermos. The interior of charged black holes and the problem of uniqueness in general relativity (arXiv version with journal ref).,Mihalis Dafermos,2005,"Communications on Pure and Applied Mathematics 58, 0445-0504 (2005); arXiv:gr-qc/0307013 (v3)",10.1002/cpa.20071,gr-qc/0307013,https://arxiv.org/abs/gr-qc/0307013,verified-primary,verified,AF-WCC-VAC-GEN,none,out_of_class,,,,not_applicable,,n/a,,,,none,,ledger_absence,audit:verified-primary,AF-SCC-C0-VAC-GEN | AF-WCC-SCALAR-SPH,audit provides locator,"empty cell: source is referenced by the ledger but never bound to this class; bound classes: AF-SCC-C0-VAC-GEN, AF-WCC-SCALAR-SPH"
CC-0222,SRC-056,Mihalis Dafermos. The interior of charged black holes and the problem of uniqueness in general relativity (arXiv version with journal ref).,Mihalis Dafermos,2005,"Communications on Pure and Applied Mathematics 58, 0445-0504 (2005); arXiv:gr-qc/0307013 (v3)",10.1002/cpa.20071,gr-qc/0307013,https://arxiv.org/abs/gr-qc/0307013,verified-primary,verified,AF-SCC-C2-VAC-GEN,none,out_of_class,,,,not_applicable,,n/a,,,,none,,ledger_absence,audit:verified-primary,AF-SCC-C0-VAC-GEN | AF-WCC-SCALAR-SPH,audit provides locator,"empty cell: source is referenced by the ledger but never bound to this class; bound classes: AF-SCC-C0-VAC-GEN, AF-WCC-SCALAR-SPH"
CC-0223,SRC-056,Mihalis Dafermos. The interior of charged black holes and the problem of uniqueness in general relativity (arXiv version with journal ref).,Mihalis Dafermos,2005,"Communications on Pure and Applied Mathematics 58, 0445-0504 (2005); arXiv:gr-qc/0307013 (v3)",10.1002/cpa.20071,gr-qc/0307013,https://arxiv.org/abs/gr-qc/0307013,verified-primary,verified,AF-SCC-C0-VAC-GEN,partial,definition,D-002,open_problem,definition,open_problem,Strong cosmic censorship in C^0 form: the maximal Cauchy development is inextendible as a Lorentzian manifold with merely continuous metric across its Cauchy horizon.,ledger D-002,Generic initial data in the class under consideration; the formulation itself does not fix the class.,Metric C^0; no regularity demanded of the connection.,A maximal globally hyperbolic development (MGHD) is fixed. | 'Extension' means a non-trivial isometric embedding into a larger C^0 Lorentzian manifold (the embedding may be required to be C^0 or smoother; formulations differ). | Genericity of the initial data must be supplied separately.,none,"Exhibit a generic family of data whose MGHD admits a non-trivial continuous isometric extension (this is exactly what Dafermos-Luk produce for Kerr-like interior data, conditional on Kerr exterior stability). | Show the formulation is vacuous because every MGHD has a continuous extension.",ledger_theorem_partial,audit:verified-primary,AF-SCC-C0-VAC-GEN | AF-WCC-SCALAR-SPH,audit provides locator,partial: binding exists only at strength {open_problem} / kinds {definition}
CC-0224,SRC-056,Mihalis Dafermos. The interior of charged black holes and the problem of uniqueness in general relativity (arXiv version with journal ref).,Mihalis Dafermos,2005,"Communications on Pure and Applied Mathematics 58, 0445-0504 (2005); arXiv:gr-qc/0307013 (v3)",10.1002/cpa.20071,gr-qc/0307013,https://arxiv.org/abs/gr-qc/0307013,verified-primary,verified,AF-WCC-SCALAR-SPH,covered,supporting,T-516,theorem,theorem,theorem,"A well-defined upper-bound formulation of Price's law is proved for the collapse of a self-gravitating scalar field with spherically symmetric initial data, optionally with an additional gravitationally coupled Maxwell field; the result supplies the decay input assumed in the interior analysis of charged black holes, and hence applies to the strong cosmic censorship conjecture for the Einstein-Maxwell-real-scalar system with complete spacelike asymptotically flat spherically symmetric initial data, where under Christodoulou's C^0 formulation the conjecture is proved false.",ledger T-516,"The decay statement is for the stated data class, not a genericity statement.",Smooth data.,Spherical symmetry | Self-gravitating scalar field; optional Maxwell field | Complete spacelike asymptotically flat initial data (for the SCC application),spherical_symmetry | charged_maxwell | extra_matter,Find an error in the decay estimates (none found; widely used). | Show the upper bound is too weak to imply the mass-inflation input for the stated data class.,ledger_theorem_covered,audit:verified-primary,AF-SCC-C0-VAC-GEN | AF-WCC-SCALAR-SPH,audit provides locator,covered by accepted ledger entry T-516
CC-0225,SRC-057,Jonathan Luk; Sung-Jin Oh. Strong cosmic censorship in spherical symmetry for two-ended asymptotically flat initial data I. The interior of the black hole region.,Jonathan Luk; Sung-Jin Oh,2019,"arXiv:1702.05715 (v2, 22 Feb 2019), 70 pages; version accepted for publication",10.48550/arXiv.1702.05715,1702.05715,https://arxiv.org/abs/1702.05715,verified-primary,verified,AF-WCC-VAC-GEN,none,out_of_class,,,,not_applicable,,n/a,,,,none,,ledger_absence,audit:verified-primary,AF-SCC-C2-VAC-GEN | AF-WCC-SCALAR-SPH,audit provides locator,"empty cell: source is referenced by the ledger but never bound to this class; bound classes: AF-SCC-C2-VAC-GEN, AF-WCC-SCALAR-SPH"
CC-0226,SRC-057,Jonathan Luk; Sung-Jin Oh. Strong cosmic censorship in spherical symmetry for two-ended asymptotically flat initial data I. The interior of the black hole region.,Jonathan Luk; Sung-Jin Oh,2019,"arXiv:1702.05715 (v2, 22 Feb 2019), 70 pages; version accepted for publication",10.48550/arXiv.1702.05715,1702.05715,https://arxiv.org/abs/1702.05715,verified-primary,verified,AF-SCC-C2-VAC-GEN,partial,definition,D-007,formal_model,definition,formal_model,"For the C^2 formulation of strong cosmic censorship in the two-ended asymptotically flat Einstein-Maxwell-real-scalar model, 'generic' is made precise as: the exceptional/good set of Cauchy data is open with respect to a weighted C^1 topology and dense with respect to a weighted C^infinity topology.",ledger D-007,"This entry IS the genericity standard, not a statement about data.",C^1 / C^infinity data topologies.,Two-ended asymptotically flat Cauchy data | Einstein-Maxwell-real-scalar system in spherical symmetry | The topologies are weighted (weights fixed in Part II of the cited work),spherical_symmetry | charged_maxwell,"Show that under this genericity standard the C^2 result becomes vacuous (e.g. the good set is empty or the topology trivial), which would force a different quantifier. | Exhibit two reasonable topologies giving opposite verdicts for the same model, which would show the standard is not canonical.",ledger_theorem_partial,audit:verified-primary,AF-SCC-C2-VAC-GEN | AF-WCC-SCALAR-SPH,audit provides locator,partial: binding exists only at strength {formal_model} / kinds {definition}
CC-0227,SRC-057,Jonathan Luk; Sung-Jin Oh. Strong cosmic censorship in spherical symmetry for two-ended asymptotically flat initial data I. The interior of the black hole region.,Jonathan Luk; Sung-Jin Oh,2019,"arXiv:1702.05715 (v2, 22 Feb 2019), 70 pages; version accepted for publication",10.48550/arXiv.1702.05715,1702.05715,https://arxiv.org/abs/1702.05715,verified-primary,verified,AF-SCC-C0-VAC-GEN,none,out_of_class,,,,not_applicable,,n/a,,,,none,,ledger_absence,audit:verified-primary,AF-SCC-C2-VAC-GEN | AF-WCC-SCALAR-SPH,audit provides locator,"empty cell: source is referenced by the ledger but never bound to this class; bound classes: AF-SCC-C2-VAC-GEN, AF-WCC-SCALAR-SPH"
CC-0228,SRC-057,Jonathan Luk; Sung-Jin Oh. Strong cosmic censorship in spherical symmetry for two-ended asymptotically flat initial data I. The interior of the black hole region.,Jonathan Luk; Sung-Jin Oh,2019,"arXiv:1702.05715 (v2, 22 Feb 2019), 70 pages; version accepted for publication",10.48550/arXiv.1702.05715,1702.05715,https://arxiv.org/abs/1702.05715,verified-primary,verified,AF-WCC-SCALAR-SPH,covered,supporting,T-516,theorem,theorem,theorem,"A well-defined upper-bound formulation of Price's law is proved for the collapse of a self-gravitating scalar field with spherically symmetric initial data, optionally with an additional gravitationally coupled Maxwell field; the result supplies the decay input assumed in the interior analysis of charged black holes, and hence applies to the strong cosmic censorship conjecture for the Einstein-Maxwell-real-scalar system with complete spacelike asymptotically flat spherically symmetric initial data, where under Christodoulou's C^0 formulation the conjecture is proved false.",ledger T-516,"The decay statement is for the stated data class, not a genericity statement.",Smooth data.,Spherical symmetry | Self-gravitating scalar field; optional Maxwell field | Complete spacelike asymptotically flat initial data (for the SCC application),spherical_symmetry | charged_maxwell | extra_matter,Find an error in the decay estimates (none found; widely used). | Show the upper bound is too weak to imply the mass-inflation input for the stated data class.,ledger_theorem_covered,audit:verified-primary,AF-SCC-C2-VAC-GEN | AF-WCC-SCALAR-SPH,audit provides locator,covered by accepted ledger entry T-516
CC-0229,SRC-058,Jonathan Luk; Sung-Jin Oh. Strong cosmic censorship in spherical symmetry for two-ended asymptotically flat initial data II. The exterior of the black hole region.,Jonathan Luk; Sung-Jin Oh,2019,"Annals of PDE 5(1), paper no. 6, 194 pp (2019); DOI 10.1007/s40818-019-0062-7; arXiv:1702.05716",10.1007/s40818-019-0062-7,1702.05716,https://arxiv.org/abs/1702.05716,verified-primary,verified,AF-WCC-VAC-GEN,none,out_of_class,,,,not_applicable,,n/a,,,,none,,ledger_absence,audit:verified-primary,AF-SCC-C2-VAC-GEN,audit provides locator,empty cell: source is referenced by the ledger but never bound to this class; bound classes: AF-SCC-C2-VAC-GEN
CC-0230,SRC-058,Jonathan Luk; Sung-Jin Oh. Strong cosmic censorship in spherical symmetry for two-ended asymptotically flat initial data II. The exterior of the black hole region.,Jonathan Luk; Sung-Jin Oh,2019,"Annals of PDE 5(1), paper no. 6, 194 pp (2019); DOI 10.1007/s40818-019-0062-7; arXiv:1702.05716",10.1007/s40818-019-0062-7,1702.05716,https://arxiv.org/abs/1702.05716,verified-primary,verified,AF-SCC-C2-VAC-GEN,partial,definition,D-007,formal_model,definition,formal_model,"For the C^2 formulation of strong cosmic censorship in the two-ended asymptotically flat Einstein-Maxwell-real-scalar model, 'generic' is made precise as: the exceptional/good set of Cauchy data is open with respect to a weighted C^1 topology and dense with respect to a weighted C^infinity topology.",ledger D-007,"This entry IS the genericity standard, not a statement about data.",C^1 / C^infinity data topologies.,Two-ended asymptotically flat Cauchy data | Einstein-Maxwell-real-scalar system in spherical symmetry | The topologies are weighted (weights fixed in Part II of the cited work),spherical_symmetry | charged_maxwell,"Show that under this genericity standard the C^2 result becomes vacuous (e.g. the good set is empty or the topology trivial), which would force a different quantifier. | Exhibit two reasonable topologies giving opposite verdicts for the same model, which would show the standard is not canonical.",ledger_theorem_partial,audit:verified-primary,AF-SCC-C2-VAC-GEN,audit provides locator,partial: binding exists only at strength {formal_model} / kinds {definition}
CC-0231,SRC-058,Jonathan Luk; Sung-Jin Oh. Strong cosmic censorship in spherical symmetry for two-ended asymptotically flat initial data II. The exterior of the black hole region.,Jonathan Luk; Sung-Jin Oh,2019,"Annals of PDE 5(1), paper no. 6, 194 pp (2019); DOI 10.1007/s40818-019-0062-7; arXiv:1702.05716",10.1007/s40818-019-0062-7,1702.05716,https://arxiv.org/abs/1702.05716,verified-primary,verified,AF-SCC-C0-VAC-GEN,none,out_of_class,,,,not_applicable,,n/a,,,,none,,ledger_absence,audit:verified-primary,AF-SCC-C2-VAC-GEN,audit provides locator,empty cell: source is referenced by the ledger but never bound to this class; bound classes: AF-SCC-C2-VAC-GEN
CC-0232,SRC-058,Jonathan Luk; Sung-Jin Oh. Strong cosmic censorship in spherical symmetry for two-ended asymptotically flat initial data II. The exterior of the black hole region.,Jonathan Luk; Sung-Jin Oh,2019,"Annals of PDE 5(1), paper no. 6, 194 pp (2019); DOI 10.1007/s40818-019-0062-7; arXiv:1702.05716",10.1007/s40818-019-0062-7,1702.05716,https://arxiv.org/abs/1702.05716,verified-primary,verified,AF-WCC-SCALAR-SPH,none,out_of_class,,,,not_applicable,,n/a,,,,none,,ledger_absence,audit:verified-primary,AF-SCC-C2-VAC-GEN,audit provides locator,empty cell: source is referenced by the ledger but never bound to this class; bound classes: AF-SCC-C2-VAC-GEN
CC-0233,SRC-059,Hans Ringstrom. Strong cosmic censorship in T^3-Gowdy spacetimes.,Hans Ringstrom,2009,"Annals of Mathematics (2) 170(3), 1181-1240 (2009)",10.4007/annals.2009.170.1181,,https://api.crossref.org/works/10.4007/annals.2009.170.1181,verified-api,verified,AF-WCC-VAC-GEN,none,out_of_class,,,,not_applicable,,n/a,,,,none,,ledger_absence,audit:verified-api,(none),,empty cell: source is referenced by the ledger but never bound to this class; no class binding at all
CC-0234,SRC-059,Hans Ringstrom. Strong cosmic censorship in T^3-Gowdy spacetimes.,Hans Ringstrom,2009,"Annals of Mathematics (2) 170(3), 1181-1240 (2009)",10.4007/annals.2009.170.1181,,https://api.crossref.org/works/10.4007/annals.2009.170.1181,verified-api,verified,AF-SCC-C2-VAC-GEN,none,out_of_class,,,,not_applicable,,n/a,,,,none,,ledger_absence,audit:verified-api,(none),,empty cell: source is referenced by the ledger but never bound to this class; no class binding at all
CC-0235,SRC-059,Hans Ringstrom. Strong cosmic censorship in T^3-Gowdy spacetimes.,Hans Ringstrom,2009,"Annals of Mathematics (2) 170(3), 1181-1240 (2009)",10.4007/annals.2009.170.1181,,https://api.crossref.org/works/10.4007/annals.2009.170.1181,verified-api,verified,AF-SCC-C0-VAC-GEN,none,out_of_class,,,,not_applicable,,n/a,,,,none,,ledger_absence,audit:verified-api,(none),,empty cell: source is referenced by the ledger but never bound to this class; no class binding at all
CC-0236,SRC-059,Hans Ringstrom. Strong cosmic censorship in T^3-Gowdy spacetimes.,Hans Ringstrom,2009,"Annals of Mathematics (2) 170(3), 1181-1240 (2009)",10.4007/annals.2009.170.1181,,https://api.crossref.org/works/10.4007/annals.2009.170.1181,verified-api,verified,AF-WCC-SCALAR-SPH,none,out_of_class,,,,not_applicable,,n/a,,,,none,,ledger_absence,audit:verified-api,(none),,empty cell: source is referenced by the ledger but never bound to this class; no class binding at all
CC-0237,SRC-060,Mihalis Dafermos. Stability and instability of the Cauchy horizon for the spherically symmetric Einstein-Maxwell-scalar field equations (Crossref record).,Mihalis Dafermos,2003,"Annals of Mathematics (2) 158(3), 875-928 (2003)",10.4007/annals.2003.158.875,,https://api.crossref.org/works/10.4007/annals.2003.158.875,verified-api,verified,AF-WCC-VAC-GEN,none,out_of_class,,,,not_applicable,,n/a,,,,none,,ledger_absence,audit:verified-api,(none),,empty cell: source is referenced by the ledger but never bound to this class; no class binding at all
CC-0238,SRC-060,Mihalis Dafermos. Stability and instability of the Cauchy horizon for the spherically symmetric Einstein-Maxwell-scalar field equations (Crossref record).,Mihalis Dafermos,2003,"Annals of Mathematics (2) 158(3), 875-928 (2003)",10.4007/annals.2003.158.875,,https://api.crossref.org/works/10.4007/annals.2003.158.875,verified-api,verified,AF-SCC-C2-VAC-GEN,none,out_of_class,,,,not_applicable,,n/a,,,,none,,ledger_absence,audit:verified-api,(none),,empty cell: source is referenced by the ledger but never bound to this class; no class binding at all
CC-0239,SRC-060,Mihalis Dafermos. Stability and instability of the Cauchy horizon for the spherically symmetric Einstein-Maxwell-scalar field equations (Crossref record).,Mihalis Dafermos,2003,"Annals of Mathematics (2) 158(3), 875-928 (2003)",10.4007/annals.2003.158.875,,https://api.crossref.org/works/10.4007/annals.2003.158.875,verified-api,verified,AF-SCC-C0-VAC-GEN,none,out_of_class,,,,not_applicable,,n/a,,,,none,,ledger_absence,audit:verified-api,(none),,empty cell: source is referenced by the ledger but never bound to this class; no class binding at all
CC-0240,SRC-060,Mihalis Dafermos. Stability and instability of the Cauchy horizon for the spherically symmetric Einstein-Maxwell-scalar field equations (Crossref record).,Mihalis Dafermos,2003,"Annals of Mathematics (2) 158(3), 875-928 (2003)",10.4007/annals.2003.158.875,,https://api.crossref.org/works/10.4007/annals.2003.158.875,verified-api,verified,AF-WCC-SCALAR-SPH,none,out_of_class,,,,not_applicable,,n/a,,,,none,,ledger_absence,audit:verified-api,(none),,empty cell: source is referenced by the ledger but never bound to this class; no class binding at all
CC-0241,SRC-061,Mihalis Dafermos; Igor Rodnianski. A proof of Price's law for the collapse of a self-gravitating scalar field.,Mihalis Dafermos; Igor Rodnianski,2005,"Inventiones Mathematicae 162, 381-457 (2005); arXiv:gr-qc/0309115 (v3)",10.1007/s00222-005-0450-3,gr-qc/0309115,https://arxiv.org/abs/gr-qc/0309115,verified-primary,verified,AF-WCC-VAC-GEN,none,out_of_class,,,,not_applicable,,n/a,,,,none,,ledger_absence,audit:verified-primary,AF-SCC-C0-VAC-GEN | AF-WCC-SCALAR-SPH,audit provides locator,"empty cell: source is referenced by the ledger but never bound to this class; bound classes: AF-SCC-C0-VAC-GEN, AF-WCC-SCALAR-SPH"
CC-0242,SRC-061,Mihalis Dafermos; Igor Rodnianski. A proof of Price's law for the collapse of a self-gravitating scalar field.,Mihalis Dafermos; Igor Rodnianski,2005,"Inventiones Mathematicae 162, 381-457 (2005); arXiv:gr-qc/0309115 (v3)",10.1007/s00222-005-0450-3,gr-qc/0309115,https://arxiv.org/abs/gr-qc/0309115,verified-primary,verified,AF-SCC-C2-VAC-GEN,none,out_of_class,,,,not_applicable,,n/a,,,,none,,ledger_absence,audit:verified-primary,AF-SCC-C0-VAC-GEN | AF-WCC-SCALAR-SPH,audit provides locator,"empty cell: source is referenced by the ledger but never bound to this class; bound classes: AF-SCC-C0-VAC-GEN, AF-WCC-SCALAR-SPH"
CC-0243,SRC-061,Mihalis Dafermos; Igor Rodnianski. A proof of Price's law for the collapse of a self-gravitating scalar field.,Mihalis Dafermos; Igor Rodnianski,2005,"Inventiones Mathematicae 162, 381-457 (2005); arXiv:gr-qc/0309115 (v3)",10.1007/s00222-005-0450-3,gr-qc/0309115,https://arxiv.org/abs/gr-qc/0309115,verified-primary,verified,AF-SCC-C0-VAC-GEN,partial,definition,D-002,open_problem,definition,open_problem,Strong cosmic censorship in C^0 form: the maximal Cauchy development is inextendible as a Lorentzian manifold with merely continuous metric across its Cauchy horizon.,ledger D-002,Generic initial data in the class under consideration; the formulation itself does not fix the class.,Metric C^0; no regularity demanded of the connection.,A maximal globally hyperbolic development (MGHD) is fixed. | 'Extension' means a non-trivial isometric embedding into a larger C^0 Lorentzian manifold (the embedding may be required to be C^0 or smoother; formulations differ). | Genericity of the initial data must be supplied separately.,none,"Exhibit a generic family of data whose MGHD admits a non-trivial continuous isometric extension (this is exactly what Dafermos-Luk produce for Kerr-like interior data, conditional on Kerr exterior stability). | Show the formulation is vacuous because every MGHD has a continuous extension.",ledger_theorem_partial,audit:verified-primary,AF-SCC-C0-VAC-GEN | AF-WCC-SCALAR-SPH,audit provides locator,partial: binding exists only at strength {open_problem} / kinds {definition}
CC-0244,SRC-061,Mihalis Dafermos; Igor Rodnianski. A proof of Price's law for the collapse of a self-gravitating scalar field.,Mihalis Dafermos; Igor Rodnianski,2005,"Inventiones Mathematicae 162, 381-457 (2005); arXiv:gr-qc/0309115 (v3)",10.1007/s00222-005-0450-3,gr-qc/0309115,https://arxiv.org/abs/gr-qc/0309115,verified-primary,verified,AF-WCC-SCALAR-SPH,covered,supporting,T-516,theorem,theorem,theorem,"A well-defined upper-bound formulation of Price's law is proved for the collapse of a self-gravitating scalar field with spherically symmetric initial data, optionally with an additional gravitationally coupled Maxwell field; the result supplies the decay input assumed in the interior analysis of charged black holes, and hence applies to the strong cosmic censorship conjecture for the Einstein-Maxwell-real-scalar system with complete spacelike asymptotically flat spherically symmetric initial data, where under Christodoulou's C^0 formulation the conjecture is proved false.",ledger T-516,"The decay statement is for the stated data class, not a genericity statement.",Smooth data.,Spherical symmetry | Self-gravitating scalar field; optional Maxwell field | Complete spacelike asymptotically flat initial data (for the SCC application),spherical_symmetry | charged_maxwell | extra_matter,Find an error in the decay estimates (none found; widely used). | Show the upper bound is too weak to imply the mass-inflation input for the stated data class.,ledger_theorem_covered,audit:verified-primary,AF-SCC-C0-VAC-GEN | AF-WCC-SCALAR-SPH,audit provides locator,covered by accepted ledger entry T-516
CC-0245,SRC-062,Sergiu Klainerman; Jeremie Szeftel. Kerr stability for small angular momentum.,Sergiu Klainerman; Jeremie Szeftel,2021,"arXiv:2104.11857 (v1, 24 Apr 2021), 801 pages",10.48550/arXiv.2104.11857,2104.11857,https://arxiv.org/abs/2104.11857,verified-api,verified,AF-WCC-VAC-GEN,partial,supporting_conditional,T-206 | T-515 | T-528,open_problem | stability_result,literature_status | preprint_result,stability_result,The nonlinear stability of the Kerr family for small angular momentum (|a|/m << 1) is proved; the paper completes the proof of the Main Theorem of the GKS programme by supplying the nonlinear wave estimates.,ledger T-206 (strongest of 3),Open neighbourhood of slowly rotating Kerr data; not generic AF data and not the full subextremal range.,Smooth.,Einstein vacuum equations | Slowly rotating Kerr: |a|/m << 1 | Small perturbations of Kerr data (as set up in the GKS series),none,"Find an error in the GKS series (no retraction found). | Show the small-|a| restriction cannot be removed, which would restrict the SCC-failure conclusion to slowly rotating Kerr.",ledger_theorem_partial,audit:verified-api,AF-SCC-C0-VAC-GEN | AF-WCC-VAC-GEN,audit provides locator,"partial: binding exists only at strength {open_problem, stability_result} / kinds {literature_status, preprint_result}"
CC-0246,SRC-062,Sergiu Klainerman; Jeremie Szeftel. Kerr stability for small angular momentum.,Sergiu Klainerman; Jeremie Szeftel,2021,"arXiv:2104.11857 (v1, 24 Apr 2021), 801 pages",10.48550/arXiv.2104.11857,2104.11857,https://arxiv.org/abs/2104.11857,verified-api,verified,AF-SCC-C2-VAC-GEN,none,out_of_class,,,,not_applicable,,n/a,,,,none,,ledger_absence,audit:verified-api,AF-SCC-C0-VAC-GEN | AF-WCC-VAC-GEN,audit provides locator,"empty cell: source is referenced by the ledger but never bound to this class; bound classes: AF-SCC-C0-VAC-GEN, AF-WCC-VAC-GEN"
CC-0247,SRC-062,Sergiu Klainerman; Jeremie Szeftel. Kerr stability for small angular momentum.,Sergiu Klainerman; Jeremie Szeftel,2021,"arXiv:2104.11857 (v1, 24 Apr 2021), 801 pages",10.48550/arXiv.2104.11857,2104.11857,https://arxiv.org/abs/2104.11857,verified-api,verified,AF-SCC-C0-VAC-GEN,partial,supporting_conditional,T-301 | T-515 | T-528,conditional_theorem | open_problem | stability_result,literature_status | preprint_result | theorem,conditional_theorem,"For Cauchy data for the Einstein vacuum equations posed on a hypersurface already inside the black-hole interior (representing the geometry just inside the event horizon), the maximal Cauchy evolution can be extended across a non-trivial piece of Cauchy horizon as a Lorentzian manifold with continuous metric. Moreover, if the exterior region of the Kerr family is dynamically stable, then the C^0-inextendibility formulation of strong cosmic censorship is false.",ledger T-301 (strongest of 3),The interior-data class is open in the topology used; genericity of the exterior data is inherited only through the conditional Kerr-stability hypothesis.,Metric continuous across the Cauchy horizon; the connection is not controlled (weak null singularities expected).,"Einstein vacuum equations, no symmetry | Cauchy data defined on a hypersurface already within the black-hole interior | Data represent the expected geometry just inside the event horizon",none,Prove that generic Kerr interiors admit no continuous extension across the Cauchy horizon (would refute the C^0-stability theorem). | Show that the constructed extension is not an extension of the maximal development (e.g. it fails the vacuum equations or isometric embedding conditions).,ledger_theorem_partial,audit:verified-api,AF-SCC-C0-VAC-GEN | AF-WCC-VAC-GEN,audit provides locator,"partial: binding exists only at strength {conditional_theorem, open_problem, stability_result} / kinds {literature_status, preprint_result, theorem}"
CC-0248,SRC-062,Sergiu Klainerman; Jeremie Szeftel. Kerr stability for small angular momentum.,Sergiu Klainerman; Jeremie Szeftel,2021,"arXiv:2104.11857 (v1, 24 Apr 2021), 801 pages",10.48550/arXiv.2104.11857,2104.11857,https://arxiv.org/abs/2104.11857,verified-api,verified,AF-WCC-SCALAR-SPH,none,out_of_class,,,,not_applicable,,n/a,,,,none,,ledger_absence,audit:verified-api,AF-SCC-C0-VAC-GEN | AF-WCC-VAC-GEN,audit provides locator,"empty cell: source is referenced by the ledger but never bound to this class; bound classes: AF-SCC-C0-VAC-GEN, AF-WCC-VAC-GEN"
CC-0249,SRC-063,Dietrich Hafner; Peter Hintz; Andras Vasy. Linear stability of Kerr black holes in the full subextremal range.,Dietrich Hafner; Peter Hintz; Andras Vasy,2025,"arXiv:2506.21183 (v1, 26 Jun 2025), 25 pages",10.48550/arXiv.2506.21183,2506.21183,https://arxiv.org/abs/2506.21183,verified-api,verified,AF-WCC-VAC-GEN,partial,supporting_conditional,T-515 | T-528,open_problem | stability_result,literature_status | preprint_result,stability_result,"Spacetimes evolving from initial data close to those of a subextremal Kerr black hole as solutions of the Einstein vacuum equation Ric(g)=0 settle down to a nearby member of the Kerr family at rate O(t_*^{-2-eps}) in spatially compact regions; the initial data are required to have an arbitrary finite expansion in r^{-z}(log r)^k, z>1, plus an O(r^{-3-eps_0}) remainder.",ledger T-528 (strongest of 2),Open neighbourhood (in the stated topology) of each subextremal Kerr member; this is the full subextremal range.,Smooth data with prescribed asymptotics.,Einstein vacuum equations | Initial data close to a subextremal Kerr black hole with the stated finite asymptotic expansion and decay | Generalized wave map gauge with finite-dimensional gauge source terms; nonlinear Nash-Moser iteration,none,Find an error in arXiv:2606.28253 or its companions (would downgrade). | Locate a peer-reviewed full-subextremal nonlinear stability proof (would upgrade clause (a)).,ledger_theorem_partial,audit:verified-api,AF-SCC-C0-VAC-GEN | AF-WCC-VAC-GEN,audit provides locator,"partial: binding exists only at strength {open_problem, stability_result} / kinds {literature_status, preprint_result}"
CC-0250,SRC-063,Dietrich Hafner; Peter Hintz; Andras Vasy. Linear stability of Kerr black holes in the full subextremal range.,Dietrich Hafner; Peter Hintz; Andras Vasy,2025,"arXiv:2506.21183 (v1, 26 Jun 2025), 25 pages",10.48550/arXiv.2506.21183,2506.21183,https://arxiv.org/abs/2506.21183,verified-api,verified,AF-SCC-C2-VAC-GEN,none,out_of_class,,,,not_applicable,,n/a,,,,none,,ledger_absence,audit:verified-api,AF-SCC-C0-VAC-GEN | AF-WCC-VAC-GEN,audit provides locator,"empty cell: source is referenced by the ledger but never bound to this class; bound classes: AF-SCC-C0-VAC-GEN, AF-WCC-VAC-GEN"
CC-0251,SRC-063,Dietrich Hafner; Peter Hintz; Andras Vasy. Linear stability of Kerr black holes in the full subextremal range.,Dietrich Hafner; Peter Hintz; Andras Vasy,2025,"arXiv:2506.21183 (v1, 26 Jun 2025), 25 pages",10.48550/arXiv.2506.21183,2506.21183,https://arxiv.org/abs/2506.21183,verified-api,verified,AF-SCC-C0-VAC-GEN,partial,supporting_conditional,T-301 | T-515 | T-528,conditional_theorem | open_problem | stability_result,literature_status | preprint_result | theorem,conditional_theorem,"For Cauchy data for the Einstein vacuum equations posed on a hypersurface already inside the black-hole interior (representing the geometry just inside the event horizon), the maximal Cauchy evolution can be extended across a non-trivial piece of Cauchy horizon as a Lorentzian manifold with continuous metric. Moreover, if the exterior region of the Kerr family is dynamically stable, then the C^0-inextendibility formulation of strong cosmic censorship is false.",ledger T-301 (strongest of 3),The interior-data class is open in the topology used; genericity of the exterior data is inherited only through the conditional Kerr-stability hypothesis.,Metric continuous across the Cauchy horizon; the connection is not controlled (weak null singularities expected).,"Einstein vacuum equations, no symmetry | Cauchy data defined on a hypersurface already within the black-hole interior | Data represent the expected geometry just inside the event horizon",none,Prove that generic Kerr interiors admit no continuous extension across the Cauchy horizon (would refute the C^0-stability theorem). | Show that the constructed extension is not an extension of the maximal development (e.g. it fails the vacuum equations or isometric embedding conditions).,ledger_theorem_partial,audit:verified-api,AF-SCC-C0-VAC-GEN | AF-WCC-VAC-GEN,audit provides locator,"partial: binding exists only at strength {conditional_theorem, open_problem, stability_result} / kinds {literature_status, preprint_result, theorem}"
CC-0252,SRC-063,Dietrich Hafner; Peter Hintz; Andras Vasy. Linear stability of Kerr black holes in the full subextremal range.,Dietrich Hafner; Peter Hintz; Andras Vasy,2025,"arXiv:2506.21183 (v1, 26 Jun 2025), 25 pages",10.48550/arXiv.2506.21183,2506.21183,https://arxiv.org/abs/2506.21183,verified-api,verified,AF-WCC-SCALAR-SPH,none,out_of_class,,,,not_applicable,,n/a,,,,none,,ledger_absence,audit:verified-api,AF-SCC-C0-VAC-GEN | AF-WCC-VAC-GEN,audit provides locator,"empty cell: source is referenced by the ledger but never bound to this class; bound classes: AF-SCC-C0-VAC-GEN, AF-WCC-VAC-GEN"
CC-0253,SRC-064,Peter Hintz; Oliver Petersen; Andras Vasy. Conditional non-linear stability of Kerr-de Sitter spacetimes in the full subextremal range.,Peter Hintz; Oliver Petersen; Andras Vasy,2025,"arXiv:2508.06620 (v1, 8 Aug 2025), 69 pages",10.48550/arXiv.2508.06620,2508.06620,https://arxiv.org/abs/2508.06620,verified-api,verified,AF-WCC-VAC-GEN,partial,open_problem,T-515,open_problem,literature_status,open_problem,"Status of the Kerr exterior stability antecedent: (a) Hintz (arXiv:2606.28253, 339 pp, Jun/Aug 2026) CLAIMS global nonlinear stability of Kerr in the full subextremal range, with companions on constraint damping (arXiv:2606.27658) and tame estimates (arXiv:2606.28008); (b) earlier unconditional nonlinear stability was established in preprints for small angular momentum |a|/m << 1 (Klainerman-Szeftel arXiv:2104.11857; GKS arXiv:2205.14808); (c) unconditional LINEAR stability is proved for the full subextremal range (Hafner-Hintz-Vasy arXiv:2506.21183, 2025); (d) for Lambda > 0, nonlinear stability of Kerr-de Sitter in the full subextremal range is conditional on mode stability (Hintz-Petersen-Vasy arXiv:2508.06620, 2025); (e) future event horizons in the nonlinear-stability spacetimes are smooth (Chen-Klainerman arXiv:2409.05700, 2024).",ledger T-515,"Not applicable: this entry records what is proven, not a genericity statement.",Smooth.,"Search performed 2026-09-11/12 via arXiv API (au:Klainerman AND ti:Kerr; ti:'stability of Kerr', sorted by date) and earlier INSPIRE/arXiv queries | Status claim, not a mathematical theorem",cosmological_constant | linear_only,Find an error in arXiv:2606.28253 or its companions (would downgrade). | Locate a peer-reviewed full-subextremal nonlinear stability proof (would upgrade clause (a)).,ledger_theorem_partial,audit:verified-api,AF-SCC-C0-VAC-GEN | AF-WCC-VAC-GEN,audit provides locator,partial: binding exists only at strength {open_problem} / kinds {literature_status}
CC-0254,SRC-064,Peter Hintz; Oliver Petersen; Andras Vasy. Conditional non-linear stability of Kerr-de Sitter spacetimes in the full subextremal range.,Peter Hintz; Oliver Petersen; Andras Vasy,2025,"arXiv:2508.06620 (v1, 8 Aug 2025), 69 pages",10.48550/arXiv.2508.06620,2508.06620,https://arxiv.org/abs/2508.06620,verified-api,verified,AF-SCC-C2-VAC-GEN,none,out_of_class,,,,not_applicable,,n/a,,,,none,,ledger_absence,audit:verified-api,AF-SCC-C0-VAC-GEN | AF-WCC-VAC-GEN,audit provides locator,"empty cell: source is referenced by the ledger but never bound to this class; bound classes: AF-SCC-C0-VAC-GEN, AF-WCC-VAC-GEN"
CC-0255,SRC-064,Peter Hintz; Oliver Petersen; Andras Vasy. Conditional non-linear stability of Kerr-de Sitter spacetimes in the full subextremal range.,Peter Hintz; Oliver Petersen; Andras Vasy,2025,"arXiv:2508.06620 (v1, 8 Aug 2025), 69 pages",10.48550/arXiv.2508.06620,2508.06620,https://arxiv.org/abs/2508.06620,verified-api,verified,AF-SCC-C0-VAC-GEN,partial,open_problem,T-515,open_problem,literature_status,open_problem,"Status of the Kerr exterior stability antecedent: (a) Hintz (arXiv:2606.28253, 339 pp, Jun/Aug 2026) CLAIMS global nonlinear stability of Kerr in the full subextremal range, with companions on constraint damping (arXiv:2606.27658) and tame estimates (arXiv:2606.28008); (b) earlier unconditional nonlinear stability was established in preprints for small angular momentum |a|/m << 1 (Klainerman-Szeftel arXiv:2104.11857; GKS arXiv:2205.14808); (c) unconditional LINEAR stability is proved for the full subextremal range (Hafner-Hintz-Vasy arXiv:2506.21183, 2025); (d) for Lambda > 0, nonlinear stability of Kerr-de Sitter in the full subextremal range is conditional on mode stability (Hintz-Petersen-Vasy arXiv:2508.06620, 2025); (e) future event horizons in the nonlinear-stability spacetimes are smooth (Chen-Klainerman arXiv:2409.05700, 2024).",ledger T-515,"Not applicable: this entry records what is proven, not a genericity statement.",Smooth.,"Search performed 2026-09-11/12 via arXiv API (au:Klainerman AND ti:Kerr; ti:'stability of Kerr', sorted by date) and earlier INSPIRE/arXiv queries | Status claim, not a mathematical theorem",cosmological_constant | linear_only,Find an error in arXiv:2606.28253 or its companions (would downgrade). | Locate a peer-reviewed full-subextremal nonlinear stability proof (would upgrade clause (a)).,ledger_theorem_partial,audit:verified-api,AF-SCC-C0-VAC-GEN | AF-WCC-VAC-GEN,audit provides locator,partial: binding exists only at strength {open_problem} / kinds {literature_status}
CC-0256,SRC-064,Peter Hintz; Oliver Petersen; Andras Vasy. Conditional non-linear stability of Kerr-de Sitter spacetimes in the full subextremal range.,Peter Hintz; Oliver Petersen; Andras Vasy,2025,"arXiv:2508.06620 (v1, 8 Aug 2025), 69 pages",10.48550/arXiv.2508.06620,2508.06620,https://arxiv.org/abs/2508.06620,verified-api,verified,AF-WCC-SCALAR-SPH,none,out_of_class,,,,not_applicable,,n/a,,,,none,,ledger_absence,audit:verified-api,AF-SCC-C0-VAC-GEN | AF-WCC-VAC-GEN,audit provides locator,"empty cell: source is referenced by the ledger but never bound to this class; bound classes: AF-SCC-C0-VAC-GEN, AF-WCC-VAC-GEN"
CC-0257,SRC-065,Xuantao Chen; Sergiu Klainerman. Regularity of the future event horizon in perturbations of Kerr.,Xuantao Chen; Sergiu Klainerman,2024,"arXiv:2409.05700 (v1, 9 Sep 2024)",10.48550/arXiv.2409.05700,2409.05700,https://arxiv.org/abs/2409.05700,verified-api,verified,AF-WCC-VAC-GEN,partial,open_problem,T-515,open_problem,literature_status,open_problem,"Status of the Kerr exterior stability antecedent: (a) Hintz (arXiv:2606.28253, 339 pp, Jun/Aug 2026) CLAIMS global nonlinear stability of Kerr in the full subextremal range, with companions on constraint damping (arXiv:2606.27658) and tame estimates (arXiv:2606.28008); (b) earlier unconditional nonlinear stability was established in preprints for small angular momentum |a|/m << 1 (Klainerman-Szeftel arXiv:2104.11857; GKS arXiv:2205.14808); (c) unconditional LINEAR stability is proved for the full subextremal range (Hafner-Hintz-Vasy arXiv:2506.21183, 2025); (d) for Lambda > 0, nonlinear stability of Kerr-de Sitter in the full subextremal range is conditional on mode stability (Hintz-Petersen-Vasy arXiv:2508.06620, 2025); (e) future event horizons in the nonlinear-stability spacetimes are smooth (Chen-Klainerman arXiv:2409.05700, 2024).",ledger T-515,"Not applicable: this entry records what is proven, not a genericity statement.",Smooth.,"Search performed 2026-09-11/12 via arXiv API (au:Klainerman AND ti:Kerr; ti:'stability of Kerr', sorted by date) and earlier INSPIRE/arXiv queries | Status claim, not a mathematical theorem",cosmological_constant | linear_only,Find an error in arXiv:2606.28253 or its companions (would downgrade). | Locate a peer-reviewed full-subextremal nonlinear stability proof (would upgrade clause (a)).,ledger_theorem_partial,audit:verified-api,AF-SCC-C0-VAC-GEN | AF-WCC-VAC-GEN,audit provides locator,partial: binding exists only at strength {open_problem} / kinds {literature_status}
CC-0258,SRC-065,Xuantao Chen; Sergiu Klainerman. Regularity of the future event horizon in perturbations of Kerr.,Xuantao Chen; Sergiu Klainerman,2024,"arXiv:2409.05700 (v1, 9 Sep 2024)",10.48550/arXiv.2409.05700,2409.05700,https://arxiv.org/abs/2409.05700,verified-api,verified,AF-SCC-C2-VAC-GEN,none,out_of_class,,,,not_applicable,,n/a,,,,none,,ledger_absence,audit:verified-api,AF-SCC-C0-VAC-GEN | AF-WCC-VAC-GEN,audit provides locator,"empty cell: source is referenced by the ledger but never bound to this class; bound classes: AF-SCC-C0-VAC-GEN, AF-WCC-VAC-GEN"
CC-0259,SRC-065,Xuantao Chen; Sergiu Klainerman. Regularity of the future event horizon in perturbations of Kerr.,Xuantao Chen; Sergiu Klainerman,2024,"arXiv:2409.05700 (v1, 9 Sep 2024)",10.48550/arXiv.2409.05700,2409.05700,https://arxiv.org/abs/2409.05700,verified-api,verified,AF-SCC-C0-VAC-GEN,partial,supporting_conditional,T-301 | T-515,conditional_theorem | open_problem,literature_status | theorem,conditional_theorem,"For Cauchy data for the Einstein vacuum equations posed on a hypersurface already inside the black-hole interior (representing the geometry just inside the event horizon), the maximal Cauchy evolution can be extended across a non-trivial piece of Cauchy horizon as a Lorentzian manifold with continuous metric. Moreover, if the exterior region of the Kerr family is dynamically stable, then the C^0-inextendibility formulation of strong cosmic censorship is false.",ledger T-301 (strongest of 2),The interior-data class is open in the topology used; genericity of the exterior data is inherited only through the conditional Kerr-stability hypothesis.,Metric continuous across the Cauchy horizon; the connection is not controlled (weak null singularities expected).,"Einstein vacuum equations, no symmetry | Cauchy data defined on a hypersurface already within the black-hole interior | Data represent the expected geometry just inside the event horizon",none,Prove that generic Kerr interiors admit no continuous extension across the Cauchy horizon (would refute the C^0-stability theorem). | Show that the constructed extension is not an extension of the maximal development (e.g. it fails the vacuum equations or isometric embedding conditions).,ledger_theorem_partial,audit:verified-api,AF-SCC-C0-VAC-GEN | AF-WCC-VAC-GEN,audit provides locator,"partial: binding exists only at strength {conditional_theorem, open_problem} / kinds {literature_status, theorem}"
CC-0260,SRC-065,Xuantao Chen; Sergiu Klainerman. Regularity of the future event horizon in perturbations of Kerr.,Xuantao Chen; Sergiu Klainerman,2024,"arXiv:2409.05700 (v1, 9 Sep 2024)",10.48550/arXiv.2409.05700,2409.05700,https://arxiv.org/abs/2409.05700,verified-api,verified,AF-WCC-SCALAR-SPH,none,out_of_class,,,,not_applicable,,n/a,,,,none,,ledger_absence,audit:verified-api,AF-SCC-C0-VAC-GEN | AF-WCC-VAC-GEN,audit provides locator,"empty cell: source is referenced by the ledger but never bound to this class; bound classes: AF-SCC-C0-VAC-GEN, AF-WCC-VAC-GEN"
CC-0261,SRC-066,Jonathan Luk; Jan Sbierski. Instability results for the wave equation in the interior of Kerr black holes.,Jonathan Luk; Jan Sbierski,2016,"arXiv:1512.08259 (v2, 30 Jun 2016); Journal of Functional Analysis (2016) per secondary citation",,1512.08259,https://arxiv.org/abs/1512.08259,verified-api,verified,AF-WCC-VAC-GEN,none,out_of_class,,,,not_applicable,,n/a,,,,none,,ledger_absence,audit:verified-api,(none),audit provides locator,empty cell: source is referenced by the ledger but never bound to this class; no class binding at all
CC-0262,SRC-066,Jonathan Luk; Jan Sbierski. Instability results for the wave equation in the interior of Kerr black holes.,Jonathan Luk; Jan Sbierski,2016,"arXiv:1512.08259 (v2, 30 Jun 2016); Journal of Functional Analysis (2016) per secondary citation",,1512.08259,https://arxiv.org/abs/1512.08259,verified-api,verified,AF-SCC-C2-VAC-GEN,none,out_of_class,,,,not_applicable,,n/a,,,,none,,ledger_absence,audit:verified-api,(none),audit provides locator,empty cell: source is referenced by the ledger but never bound to this class; no class binding at all
CC-0263,SRC-066,Jonathan Luk; Jan Sbierski. Instability results for the wave equation in the interior of Kerr black holes.,Jonathan Luk; Jan Sbierski,2016,"arXiv:1512.08259 (v2, 30 Jun 2016); Journal of Functional Analysis (2016) per secondary citation",,1512.08259,https://arxiv.org/abs/1512.08259,verified-api,verified,AF-SCC-C0-VAC-GEN,none,out_of_class,,,,not_applicable,,n/a,,,,none,,ledger_absence,audit:verified-api,(none),audit provides locator,empty cell: source is referenced by the ledger but never bound to this class; no class binding at all
CC-0264,SRC-066,Jonathan Luk; Jan Sbierski. Instability results for the wave equation in the interior of Kerr black holes.,Jonathan Luk; Jan Sbierski,2016,"arXiv:1512.08259 (v2, 30 Jun 2016); Journal of Functional Analysis (2016) per secondary citation",,1512.08259,https://arxiv.org/abs/1512.08259,verified-api,verified,AF-WCC-SCALAR-SPH,none,out_of_class,,,,not_applicable,,n/a,,,,none,,ledger_absence,audit:verified-api,(none),audit provides locator,empty cell: source is referenced by the ledger but never bound to this class; no class binding at all
CC-0265,SRC-067,Xinliang An. Naked singularity censoring with anisotropic apparent horizon (Crossref record).,Xinliang An,2025,"Annals of Mathematics (2) 201(3), 775-908 (2025)",10.4007/annals.2025.201.3.3,,https://api.crossref.org/works/10.4007/annals.2025.201.3.3,verified-api,verified,AF-WCC-VAC-GEN,none,out_of_class,,,,not_applicable,,n/a,,,,none,,ledger_absence,audit:verified-api,AF-WCC-SCALAR-SPH,,empty cell: source is referenced by the ledger but never bound to this class; bound classes: AF-WCC-SCALAR-SPH
CC-0266,SRC-067,Xinliang An. Naked singularity censoring with anisotropic apparent horizon (Crossref record).,Xinliang An,2025,"Annals of Mathematics (2) 201(3), 775-908 (2025)",10.4007/annals.2025.201.3.3,,https://api.crossref.org/works/10.4007/annals.2025.201.3.3,verified-api,verified,AF-SCC-C2-VAC-GEN,none,out_of_class,,,,not_applicable,,n/a,,,,none,,ledger_absence,audit:verified-api,AF-WCC-SCALAR-SPH,,empty cell: source is referenced by the ledger but never bound to this class; bound classes: AF-WCC-SCALAR-SPH
CC-0267,SRC-067,Xinliang An. Naked singularity censoring with anisotropic apparent horizon (Crossref record).,Xinliang An,2025,"Annals of Mathematics (2) 201(3), 775-908 (2025)",10.4007/annals.2025.201.3.3,,https://api.crossref.org/works/10.4007/annals.2025.201.3.3,verified-api,verified,AF-SCC-C0-VAC-GEN,none,out_of_class,,,,not_applicable,,n/a,,,,none,,ledger_absence,audit:verified-api,AF-WCC-SCALAR-SPH,,empty cell: source is referenced by the ledger but never bound to this class; bound classes: AF-WCC-SCALAR-SPH
CC-0268,SRC-067,Xinliang An. Naked singularity censoring with anisotropic apparent horizon (Crossref record).,Xinliang An,2025,"Annals of Mathematics (2) 201(3), 775-908 (2025)",10.4007/annals.2025.201.3.3,,https://api.crossref.org/works/10.4007/annals.2025.201.3.3,verified-api,verified,AF-WCC-SCALAR-SPH,covered,supporting,T-105,theorem,theorem,theorem,"Employing the Einstein-scalar field system, a tiny anisotropic perturbation from the outgoing characteristic initial data of Christodoulou's naked-singularity solutions leads to an anisotropic apparent horizon that covers and censors the naked singularity; the method proves high co-dimensional nonlinear instability of those solutions.",ledger T-105,High co-dimensional instability statement; perturbations are small in scale-critical norms but anisotropic.,Finite BV / C^0 perturbations.,Einstein-scalar field system (not vacuum) | Initial data = Christodoulou's naked-singularity data plus a small anisotropic perturbation on the outgoing characteristic hypersurface | Perturbations allowed finite BV and C^0 norms for shear and scalar derivative; scale-critical norms may be arbitrarily small,extra_matter,Show the perturbed solution still has a naked singularity visible from infinity (would contradict the theorem as scoped). | Show the anisotropic apparent horizon does not form for the stated perturbation class.,ledger_theorem_covered,audit:verified-api,AF-WCC-SCALAR-SPH,,covered by accepted ledger entry T-105
CC-0269,SRC-068,Igor Rodnianski; Yakov Shlapentokh-Rothman. Naked singularities for the Einstein vacuum equations: The exterior solution (Crossref record).,Igor Rodnianski; Yakov Shlapentokh-Rothman,2023,"Annals of Mathematics (2) 198(1), 231-391 (2023)",10.4007/annals.2023.198.1.3,1912.08478,https://api.crossref.org/works/10.4007/annals.2023.198.1.3,verified-api,verified,AF-WCC-VAC-GEN,covered,falsifier,T-208,counterexample,counterexample_candidate,counterexample,"There exist solutions of the 3+1-dimensional Einstein vacuum equations corresponding to the exterior region of a naked singularity, constructed via a new type of self-similarity and a geometric twisting phenomenon.",ledger T-208,Constructed self-similar family; not generic.,Smooth in the constructed region (specific regularity in the paper).,Einstein vacuum equations in 3+1 dimensions | Self-similar (twisted) ansatz | The construction gives the exterior region; the full maximal development requires gluing to an interior solution,none,"Find an error in the self-similar construction. | Show the exterior cannot be glued to any interior solution satisfying the vacuum equations, which would invalidate the naked-singularity interpretation.",ledger_theorem_covered,audit:verified-api,AF-WCC-VAC-GEN,audit provides locator,covered by accepted ledger entry T-208
CC-0270,SRC-068,Igor Rodnianski; Yakov Shlapentokh-Rothman. Naked singularities for the Einstein vacuum equations: The exterior solution (Crossref record).,Igor Rodnianski; Yakov Shlapentokh-Rothman,2023,"Annals of Mathematics (2) 198(1), 231-391 (2023)",10.4007/annals.2023.198.1.3,1912.08478,https://api.crossref.org/works/10.4007/annals.2023.198.1.3,verified-api,verified,AF-SCC-C2-VAC-GEN,none,out_of_class,,,,not_applicable,,n/a,,,,none,,ledger_absence,audit:verified-api,AF-WCC-VAC-GEN,audit provides locator,empty cell: source is referenced by the ledger but never bound to this class; bound classes: AF-WCC-VAC-GEN
CC-0271,SRC-068,Igor Rodnianski; Yakov Shlapentokh-Rothman. Naked singularities for the Einstein vacuum equations: The exterior solution (Crossref record).,Igor Rodnianski; Yakov Shlapentokh-Rothman,2023,"Annals of Mathematics (2) 198(1), 231-391 (2023)",10.4007/annals.2023.198.1.3,1912.08478,https://api.crossref.org/works/10.4007/annals.2023.198.1.3,verified-api,verified,AF-SCC-C0-VAC-GEN,none,out_of_class,,,,not_applicable,,n/a,,,,none,,ledger_absence,audit:verified-api,AF-WCC-VAC-GEN,audit provides locator,empty cell: source is referenced by the ledger but never bound to this class; bound classes: AF-WCC-VAC-GEN
CC-0272,SRC-068,Igor Rodnianski; Yakov Shlapentokh-Rothman. Naked singularities for the Einstein vacuum equations: The exterior solution (Crossref record).,Igor Rodnianski; Yakov Shlapentokh-Rothman,2023,"Annals of Mathematics (2) 198(1), 231-391 (2023)",10.4007/annals.2023.198.1.3,1912.08478,https://api.crossref.org/works/10.4007/annals.2023.198.1.3,verified-api,verified,AF-WCC-SCALAR-SPH,none,out_of_class,,,,not_applicable,,n/a,,,,none,,ledger_absence,audit:verified-api,AF-WCC-VAC-GEN,audit provides locator,empty cell: source is referenced by the ledger but never bound to this class; bound classes: AF-WCC-VAC-GEN
CC-0273,SRC-069,Piotr T. Chrusciel; James Isenberg; Vincent Moncrief. Strong cosmic censorship in polarised Gowdy spacetimes.,Piotr T. Chrusciel; James Isenberg; Vincent Moncrief,1990,"Classical and Quantum Gravity 7(10), 1671-1680 (1990)",10.1088/0264-9381/7/10/003,,https://inspirehep.net/api/literature/311851,verified-api,verified,AF-WCC-VAC-GEN,none,out_of_class,,,,not_applicable,,n/a,,,,none,,ledger_absence,audit:verified-api,(none),,empty cell: source is referenced by the ledger but never bound to this class; no class binding at all
CC-0274,SRC-069,Piotr T. Chrusciel; James Isenberg; Vincent Moncrief. Strong cosmic censorship in polarised Gowdy spacetimes.,Piotr T. Chrusciel; James Isenberg; Vincent Moncrief,1990,"Classical and Quantum Gravity 7(10), 1671-1680 (1990)",10.1088/0264-9381/7/10/003,,https://inspirehep.net/api/literature/311851,verified-api,verified,AF-SCC-C2-VAC-GEN,none,out_of_class,,,,not_applicable,,n/a,,,,none,,ledger_absence,audit:verified-api,(none),,empty cell: source is referenced by the ledger but never bound to this class; no class binding at all
CC-0275,SRC-069,Piotr T. Chrusciel; James Isenberg; Vincent Moncrief. Strong cosmic censorship in polarised Gowdy spacetimes.,Piotr T. Chrusciel; James Isenberg; Vincent Moncrief,1990,"Classical and Quantum Gravity 7(10), 1671-1680 (1990)",10.1088/0264-9381/7/10/003,,https://inspirehep.net/api/literature/311851,verified-api,verified,AF-SCC-C0-VAC-GEN,none,out_of_class,,,,not_applicable,,n/a,,,,none,,ledger_absence,audit:verified-api,(none),,empty cell: source is referenced by the ledger but never bound to this class; no class binding at all
CC-0276,SRC-069,Piotr T. Chrusciel; James Isenberg; Vincent Moncrief. Strong cosmic censorship in polarised Gowdy spacetimes.,Piotr T. Chrusciel; James Isenberg; Vincent Moncrief,1990,"Classical and Quantum Gravity 7(10), 1671-1680 (1990)",10.1088/0264-9381/7/10/003,,https://inspirehep.net/api/literature/311851,verified-api,verified,AF-WCC-SCALAR-SPH,none,out_of_class,,,,not_applicable,,n/a,,,,none,,ledger_absence,audit:verified-api,(none),,empty cell: source is referenced by the ledger but never bound to this class; no class binding at all
CC-0277,SRC-070,Flavio Rossetti. Strong cosmic censorship for the spherically symmetric Einstein-Maxwell-charged-Klein-Gordon system with positive Lambda: stability of the Cauchy horizon and H^1 extensions.,Flavio Rossetti,2025,"Annales Henri Poincare 26, 675-753 (2025); arXiv:2309.14420 (v3)",10.1007/s00023-024-01454-x,2309.14420,https://arxiv.org/abs/2309.14420,verified-primary,verified,AF-WCC-VAC-GEN,none,out_of_class,,,,not_applicable,,n/a,,,,none,,ledger_absence,audit:verified-primary,(none),audit provides locator,empty cell: source is referenced by the ledger but never bound to this class; no class binding at all
CC-0278,SRC-070,Flavio Rossetti. Strong cosmic censorship for the spherically symmetric Einstein-Maxwell-charged-Klein-Gordon system with positive Lambda: stability of the Cauchy horizon and H^1 extensions.,Flavio Rossetti,2025,"Annales Henri Poincare 26, 675-753 (2025); arXiv:2309.14420 (v3)",10.1007/s00023-024-01454-x,2309.14420,https://arxiv.org/abs/2309.14420,verified-primary,verified,AF-SCC-C2-VAC-GEN,none,out_of_class,,,,not_applicable,,n/a,,,,none,,ledger_absence,audit:verified-primary,(none),audit provides locator,empty cell: source is referenced by the ledger but never bound to this class; no class binding at all
CC-0279,SRC-070,Flavio Rossetti. Strong cosmic censorship for the spherically symmetric Einstein-Maxwell-charged-Klein-Gordon system with positive Lambda: stability of the Cauchy horizon and H^1 extensions.,Flavio Rossetti,2025,"Annales Henri Poincare 26, 675-753 (2025); arXiv:2309.14420 (v3)",10.1007/s00023-024-01454-x,2309.14420,https://arxiv.org/abs/2309.14420,verified-primary,verified,AF-SCC-C0-VAC-GEN,none,out_of_class,,,,not_applicable,,n/a,,,,none,,ledger_absence,audit:verified-primary,(none),audit provides locator,empty cell: source is referenced by the ledger but never bound to this class; no class binding at all
CC-0280,SRC-070,Flavio Rossetti. Strong cosmic censorship for the spherically symmetric Einstein-Maxwell-charged-Klein-Gordon system with positive Lambda: stability of the Cauchy horizon and H^1 extensions.,Flavio Rossetti,2025,"Annales Henri Poincare 26, 675-753 (2025); arXiv:2309.14420 (v3)",10.1007/s00023-024-01454-x,2309.14420,https://arxiv.org/abs/2309.14420,verified-primary,verified,AF-WCC-SCALAR-SPH,none,out_of_class,,,,not_applicable,,n/a,,,,none,,ledger_absence,audit:verified-primary,(none),audit provides locator,empty cell: source is referenced by the ledger but never bound to this class; no class binding at all
CC-0281,SRC-071,Hans Ringstrom. Strong cosmic censorship in T^3-Gowdy spacetimes (OpenAlex abstract reconstruction).,Hans Ringstrom,2009,"Annals of Mathematics (2) 170(3), 1181-1240 (2009)",10.4007/annals.2009.170.1181,,https://api.openalex.org/works/doi:10.4007/annals.2009.170.1181,verified-api,verified,AF-WCC-VAC-GEN,none,out_of_class,,,,not_applicable,,n/a,,,,none,,ledger_absence,audit:verified-api,(none),,empty cell: source is referenced by the ledger but never bound to this class; no class binding at all
CC-0282,SRC-071,Hans Ringstrom. Strong cosmic censorship in T^3-Gowdy spacetimes (OpenAlex abstract reconstruction).,Hans Ringstrom,2009,"Annals of Mathematics (2) 170(3), 1181-1240 (2009)",10.4007/annals.2009.170.1181,,https://api.openalex.org/works/doi:10.4007/annals.2009.170.1181,verified-api,verified,AF-SCC-C2-VAC-GEN,none,out_of_class,,,,not_applicable,,n/a,,,,none,,ledger_absence,audit:verified-api,(none),,empty cell: source is referenced by the ledger but never bound to this class; no class binding at all
CC-0283,SRC-071,Hans Ringstrom. Strong cosmic censorship in T^3-Gowdy spacetimes (OpenAlex abstract reconstruction).,Hans Ringstrom,2009,"Annals of Mathematics (2) 170(3), 1181-1240 (2009)",10.4007/annals.2009.170.1181,,https://api.openalex.org/works/doi:10.4007/annals.2009.170.1181,verified-api,verified,AF-SCC-C0-VAC-GEN,none,out_of_class,,,,not_applicable,,n/a,,,,none,,ledger_absence,audit:verified-api,(none),,empty cell: source is referenced by the ledger but never bound to this class; no class binding at all
CC-0284,SRC-071,Hans Ringstrom. Strong cosmic censorship in T^3-Gowdy spacetimes (OpenAlex abstract reconstruction).,Hans Ringstrom,2009,"Annals of Mathematics (2) 170(3), 1181-1240 (2009)",10.4007/annals.2009.170.1181,,https://api.openalex.org/works/doi:10.4007/annals.2009.170.1181,verified-api,verified,AF-WCC-SCALAR-SPH,none,out_of_class,,,,not_applicable,,n/a,,,,none,,ledger_absence,audit:verified-api,(none),,empty cell: source is referenced by the ledger but never bound to this class; no class binding at all
CC-0285,SRC-072,Mihalis Dafermos. Stability and instability of the Cauchy horizon for the spherically symmetric Einstein-Maxwell-scalar field equations (OpenAlex abstract reconstruction).,Mihalis Dafermos,2003,"Annals of Mathematics (2) 158(3), 875-928 (2003)",10.4007/annals.2003.158.875,,https://api.openalex.org/works/doi:10.4007/annals.2003.158.875,verified-api,verified,AF-WCC-VAC-GEN,none,out_of_class,,,,not_applicable,,n/a,,,,none,,ledger_absence,audit:verified-api,AF-SCC-C0-VAC-GEN,,empty cell: source is referenced by the ledger but never bound to this class; bound classes: AF-SCC-C0-VAC-GEN
CC-0286,SRC-072,Mihalis Dafermos. Stability and instability of the Cauchy horizon for the spherically symmetric Einstein-Maxwell-scalar field equations (OpenAlex abstract reconstruction).,Mihalis Dafermos,2003,"Annals of Mathematics (2) 158(3), 875-928 (2003)",10.4007/annals.2003.158.875,,https://api.openalex.org/works/doi:10.4007/annals.2003.158.875,verified-api,verified,AF-SCC-C2-VAC-GEN,none,out_of_class,,,,not_applicable,,n/a,,,,none,,ledger_absence,audit:verified-api,AF-SCC-C0-VAC-GEN,,empty cell: source is referenced by the ledger but never bound to this class; bound classes: AF-SCC-C0-VAC-GEN
CC-0287,SRC-072,Mihalis Dafermos. Stability and instability of the Cauchy horizon for the spherically symmetric Einstein-Maxwell-scalar field equations (OpenAlex abstract reconstruction).,Mihalis Dafermos,2003,"Annals of Mathematics (2) 158(3), 875-928 (2003)",10.4007/annals.2003.158.875,,https://api.openalex.org/works/doi:10.4007/annals.2003.158.875,verified-api,verified,AF-SCC-C0-VAC-GEN,partial,definition,D-002,open_problem,definition,open_problem,Strong cosmic censorship in C^0 form: the maximal Cauchy development is inextendible as a Lorentzian manifold with merely continuous metric across its Cauchy horizon.,ledger D-002,Generic initial data in the class under consideration; the formulation itself does not fix the class.,Metric C^0; no regularity demanded of the connection.,A maximal globally hyperbolic development (MGHD) is fixed. | 'Extension' means a non-trivial isometric embedding into a larger C^0 Lorentzian manifold (the embedding may be required to be C^0 or smoother; formulations differ). | Genericity of the initial data must be supplied separately.,none,"Exhibit a generic family of data whose MGHD admits a non-trivial continuous isometric extension (this is exactly what Dafermos-Luk produce for Kerr-like interior data, conditional on Kerr exterior stability). | Show the formulation is vacuous because every MGHD has a continuous extension.",ledger_theorem_partial,audit:verified-api,AF-SCC-C0-VAC-GEN,,partial: binding exists only at strength {open_problem} / kinds {definition}
CC-0288,SRC-072,Mihalis Dafermos. Stability and instability of the Cauchy horizon for the spherically symmetric Einstein-Maxwell-scalar field equations (OpenAlex abstract reconstruction).,Mihalis Dafermos,2003,"Annals of Mathematics (2) 158(3), 875-928 (2003)",10.4007/annals.2003.158.875,,https://api.openalex.org/works/doi:10.4007/annals.2003.158.875,verified-api,verified,AF-WCC-SCALAR-SPH,none,out_of_class,,,,not_applicable,,n/a,,,,none,,ledger_absence,audit:verified-api,AF-SCC-C0-VAC-GEN,,empty cell: source is referenced by the ledger but never bound to this class; bound classes: AF-SCC-C0-VAC-GEN
CC-0289,SRC-073,Yvonne Choquet-Bruhat; Robert P. Geroch. Global aspects of the Cauchy problem in general relativity.,Yvonne Choquet-Bruhat; Robert P. Geroch,1969,"Communications in Mathematical Physics 14(4), 329-335 (1969)",10.1007/BF01645389,,https://inspirehep.net/api/literature/59617,verified-api,verified,AF-WCC-VAC-GEN,none,out_of_class,,,,not_applicable,,n/a,,,,none,,ledger_absence,audit:verified-api,(none),,empty cell: source is referenced by the ledger but never bound to this class; no class binding at all
CC-0290,SRC-073,Yvonne Choquet-Bruhat; Robert P. Geroch. Global aspects of the Cauchy problem in general relativity.,Yvonne Choquet-Bruhat; Robert P. Geroch,1969,"Communications in Mathematical Physics 14(4), 329-335 (1969)",10.1007/BF01645389,,https://inspirehep.net/api/literature/59617,verified-api,verified,AF-SCC-C2-VAC-GEN,none,out_of_class,,,,not_applicable,,n/a,,,,none,,ledger_absence,audit:verified-api,(none),,empty cell: source is referenced by the ledger but never bound to this class; no class binding at all
CC-0291,SRC-073,Yvonne Choquet-Bruhat; Robert P. Geroch. Global aspects of the Cauchy problem in general relativity.,Yvonne Choquet-Bruhat; Robert P. Geroch,1969,"Communications in Mathematical Physics 14(4), 329-335 (1969)",10.1007/BF01645389,,https://inspirehep.net/api/literature/59617,verified-api,verified,AF-SCC-C0-VAC-GEN,none,out_of_class,,,,not_applicable,,n/a,,,,none,,ledger_absence,audit:verified-api,(none),,empty cell: source is referenced by the ledger but never bound to this class; no class binding at all
CC-0292,SRC-073,Yvonne Choquet-Bruhat; Robert P. Geroch. Global aspects of the Cauchy problem in general relativity.,Yvonne Choquet-Bruhat; Robert P. Geroch,1969,"Communications in Mathematical Physics 14(4), 329-335 (1969)",10.1007/BF01645389,,https://inspirehep.net/api/literature/59617,verified-api,verified,AF-WCC-SCALAR-SPH,none,out_of_class,,,,not_applicable,,n/a,,,,none,,ledger_absence,audit:verified-api,(none),,empty cell: source is referenced by the ledger but never bound to this class; no class binding at all
CC-0293,SRC-074,Yan Guo; Mahir Hadzic; Juhi Jang. Naked singularities in the Einstein-Euler system.,Yan Guo; Mahir Hadzic; Juhi Jang,2023,"Annals of PDE 9(1), 4 (2023)",10.1007/s40818-022-00144-3,,https://inspirehep.net/api/literature/1994913,verified-api,verified,AF-WCC-VAC-GEN,none,out_of_class,,,,not_applicable,,n/a,,,,none,,ledger_absence,audit:verified-api,(none),,empty cell: source is referenced by the ledger but never bound to this class; no class binding at all
CC-0294,SRC-074,Yan Guo; Mahir Hadzic; Juhi Jang. Naked singularities in the Einstein-Euler system.,Yan Guo; Mahir Hadzic; Juhi Jang,2023,"Annals of PDE 9(1), 4 (2023)",10.1007/s40818-022-00144-3,,https://inspirehep.net/api/literature/1994913,verified-api,verified,AF-SCC-C2-VAC-GEN,none,out_of_class,,,,not_applicable,,n/a,,,,none,,ledger_absence,audit:verified-api,(none),,empty cell: source is referenced by the ledger but never bound to this class; no class binding at all
CC-0295,SRC-074,Yan Guo; Mahir Hadzic; Juhi Jang. Naked singularities in the Einstein-Euler system.,Yan Guo; Mahir Hadzic; Juhi Jang,2023,"Annals of PDE 9(1), 4 (2023)",10.1007/s40818-022-00144-3,,https://inspirehep.net/api/literature/1994913,verified-api,verified,AF-SCC-C0-VAC-GEN,none,out_of_class,,,,not_applicable,,n/a,,,,none,,ledger_absence,audit:verified-api,(none),,empty cell: source is referenced by the ledger but never bound to this class; no class binding at all
CC-0296,SRC-074,Yan Guo; Mahir Hadzic; Juhi Jang. Naked singularities in the Einstein-Euler system.,Yan Guo; Mahir Hadzic; Juhi Jang,2023,"Annals of PDE 9(1), 4 (2023)",10.1007/s40818-022-00144-3,,https://inspirehep.net/api/literature/1994913,verified-api,verified,AF-WCC-SCALAR-SPH,none,out_of_class,,,,not_applicable,,n/a,,,,none,,ledger_absence,audit:verified-api,(none),,empty cell: source is referenced by the ledger but never bound to this class; no class binding at all
CC-0297,SRC-075,Jue Liu; Junbin Li. A robust proof of the instability of naked singularities of a scalar field in spherical symmetry.,Jue Liu; Junbin Li,2018,"Communications in Mathematical Physics 363(2), 561-578 (2018)",10.1007/s00220-018-3157-1,1710.02922,https://arxiv.org/abs/1710.02922,verified-api,verified,AF-WCC-VAC-GEN,none,out_of_class,,,,not_applicable,,n/a,,,,none,,ledger_absence,audit:verified-api,AF-WCC-SCALAR-SPH,audit provides locator,empty cell: source is referenced by the ledger but never bound to this class; bound classes: AF-WCC-SCALAR-SPH
CC-0298,SRC-075,Jue Liu; Junbin Li. A robust proof of the instability of naked singularities of a scalar field in spherical symmetry.,Jue Liu; Junbin Li,2018,"Communications in Mathematical Physics 363(2), 561-578 (2018)",10.1007/s00220-018-3157-1,1710.02922,https://arxiv.org/abs/1710.02922,verified-api,verified,AF-SCC-C2-VAC-GEN,none,out_of_class,,,,not_applicable,,n/a,,,,none,,ledger_absence,audit:verified-api,AF-WCC-SCALAR-SPH,audit provides locator,empty cell: source is referenced by the ledger but never bound to this class; bound classes: AF-WCC-SCALAR-SPH
CC-0299,SRC-075,Jue Liu; Junbin Li. A robust proof of the instability of naked singularities of a scalar field in spherical symmetry.,Jue Liu; Junbin Li,2018,"Communications in Mathematical Physics 363(2), 561-578 (2018)",10.1007/s00220-018-3157-1,1710.02922,https://arxiv.org/abs/1710.02922,verified-api,verified,AF-SCC-C0-VAC-GEN,none,out_of_class,,,,not_applicable,,n/a,,,,none,,ledger_absence,audit:verified-api,AF-WCC-SCALAR-SPH,audit provides locator,empty cell: source is referenced by the ledger but never bound to this class; bound classes: AF-WCC-SCALAR-SPH
CC-0300,SRC-075,Jue Liu; Junbin Li. A robust proof of the instability of naked singularities of a scalar field in spherical symmetry.,Jue Liu; Junbin Li,2018,"Communications in Mathematical Physics 363(2), 561-578 (2018)",10.1007/s00220-018-3157-1,1710.02922,https://arxiv.org/abs/1710.02922,verified-api,verified,AF-WCC-SCALAR-SPH,covered,supporting,T-523 | T-524,theorem,theorem,theorem,"New a priori estimates give a robust (non-contradiction) proof that the naked singularities of a self-gravitating scalar field are unstable in spherical symmetry, so that cosmic censorship holds in that context.",ledger T-523 (strongest of 2),Same rough-functional-framework genericity as T-101; not a smooth-topology statement.,A priori estimates not requiring contradiction; exact function spaces in the paper.,Spherical symmetry | Self-gravitating massless scalar field | Estimates relaxed relative to Christodoulou 1999 but still sufficient,spherical_symmetry | extra_matter,"Construct a stable spherical scalar naked singularity in the same function space. | Show the censoring set is not open in the stated topology, or exhibit a non-meagre exceptional set.",ledger_theorem_covered,audit:verified-api,AF-WCC-SCALAR-SPH,audit provides locator,"covered by accepted ledger entry T-523, T-524"
CC-0301,SRC-076,Junbin Li; Jue Liu. Instability of spherical naked singularities of a scalar field under gravitational perturbations.,Junbin Li; Jue Liu,2022,"Journal of Differential Geometry 120(1), 97-197 (2022)",10.4310/jdg/1641413698,,https://inspirehep.net/api/literature/1628972,verified-api,verified,AF-WCC-VAC-GEN,none,out_of_class,,,,not_applicable,,n/a,,,,none,,ledger_absence,audit:verified-api,AF-WCC-SCALAR-SPH,,empty cell: source is referenced by the ledger but never bound to this class; bound classes: AF-WCC-SCALAR-SPH
CC-0302,SRC-076,Junbin Li; Jue Liu. Instability of spherical naked singularities of a scalar field under gravitational perturbations.,Junbin Li; Jue Liu,2022,"Journal of Differential Geometry 120(1), 97-197 (2022)",10.4310/jdg/1641413698,,https://inspirehep.net/api/literature/1628972,verified-api,verified,AF-SCC-C2-VAC-GEN,none,out_of_class,,,,not_applicable,,n/a,,,,none,,ledger_absence,audit:verified-api,AF-WCC-SCALAR-SPH,,empty cell: source is referenced by the ledger but never bound to this class; bound classes: AF-WCC-SCALAR-SPH
CC-0303,SRC-076,Junbin Li; Jue Liu. Instability of spherical naked singularities of a scalar field under gravitational perturbations.,Junbin Li; Jue Liu,2022,"Journal of Differential Geometry 120(1), 97-197 (2022)",10.4310/jdg/1641413698,,https://inspirehep.net/api/literature/1628972,verified-api,verified,AF-SCC-C0-VAC-GEN,none,out_of_class,,,,not_applicable,,n/a,,,,none,,ledger_absence,audit:verified-api,AF-WCC-SCALAR-SPH,,empty cell: source is referenced by the ledger but never bound to this class; bound classes: AF-WCC-SCALAR-SPH
CC-0304,SRC-076,Junbin Li; Jue Liu. Instability of spherical naked singularities of a scalar field under gravitational perturbations.,Junbin Li; Jue Liu,2022,"Journal of Differential Geometry 120(1), 97-197 (2022)",10.4310/jdg/1641413698,,https://inspirehep.net/api/literature/1628972,verified-api,verified,AF-WCC-SCALAR-SPH,covered,supporting,T-524,theorem,theorem,theorem,"For a characteristic initial value problem of the Einstein-scalar system whose incoming null cone is spherically symmetric with a singular vertex and whose outgoing null cone has no symmetries: arbitrarily fixing the initial scalar field, the set of initial conformal metrics on the outgoing cone for which the maximal future development has no sequence of closed trapped surfaces approaching the singularity is of first category (in the space of continuous shear tensors), while the set for which a closed trapped surface forms before any fixed later incoming cone contains an open and dense subset. Hence the spherical naked singularities are unstable under gravitational perturbations without symmetry.",ledger T-524,"Exceptional (non-censoring) set is of first category; censoring set is open and dense. A third genericity vocabulary in the ledger (Baire category, not open+dense alone).",Continuous shear tensors.,Characteristic initial data on two intersecting null cones | Incoming cone spherically symmetric and singular at the vertex; outgoing cone without symmetry | Shear tensors continuous; initial scalar field fixed arbitrarily,spherical_symmetry | extra_matter,"Show the censoring set is not open in the stated topology, or exhibit a non-meagre exceptional set.",ledger_theorem_covered,audit:verified-api,AF-WCC-SCALAR-SPH,,covered by accepted ledger entry T-524
CC-0305,SRC-077,Jaydeep Singh. A construction of approximately self-similar naked singularities for the spherically symmetric Einstein-scalar field system.,Jaydeep Singh,2025,"Annales Henri Poincare 26(7), 2355-2465 (2025)",10.1007/s00023-024-01489-0,,https://inspirehep.net/api/literature/2168006,verified-api,verified,AF-WCC-VAC-GEN,none,out_of_class,,,,not_applicable,,n/a,,,,none,,ledger_absence,audit:verified-api,AF-WCC-SCALAR-SPH,,empty cell: source is referenced by the ledger but never bound to this class; bound classes: AF-WCC-SCALAR-SPH
CC-0306,SRC-077,Jaydeep Singh. A construction of approximately self-similar naked singularities for the spherically symmetric Einstein-scalar field system.,Jaydeep Singh,2025,"Annales Henri Poincare 26(7), 2355-2465 (2025)",10.1007/s00023-024-01489-0,,https://inspirehep.net/api/literature/2168006,verified-api,verified,AF-SCC-C2-VAC-GEN,none,out_of_class,,,,not_applicable,,n/a,,,,none,,ledger_absence,audit:verified-api,AF-WCC-SCALAR-SPH,,empty cell: source is referenced by the ledger but never bound to this class; bound classes: AF-WCC-SCALAR-SPH
CC-0307,SRC-077,Jaydeep Singh. A construction of approximately self-similar naked singularities for the spherically symmetric Einstein-scalar field system.,Jaydeep Singh,2025,"Annales Henri Poincare 26(7), 2355-2465 (2025)",10.1007/s00023-024-01489-0,,https://inspirehep.net/api/literature/2168006,verified-api,verified,AF-SCC-C0-VAC-GEN,none,out_of_class,,,,not_applicable,,n/a,,,,none,,ledger_absence,audit:verified-api,AF-WCC-SCALAR-SPH,,empty cell: source is referenced by the ledger but never bound to this class; bound classes: AF-WCC-SCALAR-SPH
CC-0308,SRC-077,Jaydeep Singh. A construction of approximately self-similar naked singularities for the spherically symmetric Einstein-scalar field system.,Jaydeep Singh,2025,"Annales Henri Poincare 26(7), 2355-2465 (2025)",10.1007/s00023-024-01489-0,,https://inspirehep.net/api/literature/2168006,verified-api,verified,AF-WCC-SCALAR-SPH,partial,supporting_conditional,T-525,stability_result,theorem,stability_result,"Stable perturbations of k-self-similar naked singularities of the spherically symmetric Einstein-scalar system exist for the full parameter range k^2 in (0,1/3), yielding dynamical constructions of naked-singularity interior and exterior regions outside exact self-similarity; the perturbations are fine-tuned data that must be consistent with the absence of a blue-shift instability and are therefore non-generic (in particular the scalar perturbation along the past light cone of the singular point vanishes to high order).",ledger T-525,Explicitly NON-generic: fine-tuned data chosen to avoid the blue-shift instability.,Not specified at abstract level; self-similar bounds.,Spherical symmetry | Einstein-massless-scalar system | Self-similar bounds on the background; fine-tuned perturbations in the past light cone of the singularity,spherical_symmetry,"Exhibit an open set of data (in a stated topology) satisfying the fine-tuning conditions and retaining the naked singularity, which would make the construction generic.",ledger_theorem_partial,audit:verified-api,AF-WCC-SCALAR-SPH,,partial: binding exists only at strength {stability_result} / kinds {theorem}
CC-0309,SRC-078,Peter Hintz. Nonlinear stability of subextremal Kerr black holes.,Peter Hintz,2026,"arXiv:2606.28253 (v2, 3 Aug 2026), 339 pages; preprint",10.48550/arXiv.2606.28253,2606.28253,https://arxiv.org/abs/2606.28253,verified-api,verified,AF-WCC-VAC-GEN,partial,supporting_conditional,T-515 | T-528,open_problem | stability_result,literature_status | preprint_result,stability_result,"Spacetimes evolving from initial data close to those of a subextremal Kerr black hole as solutions of the Einstein vacuum equation Ric(g)=0 settle down to a nearby member of the Kerr family at rate O(t_*^{-2-eps}) in spatially compact regions; the initial data are required to have an arbitrary finite expansion in r^{-z}(log r)^k, z>1, plus an O(r^{-3-eps_0}) remainder.",ledger T-528 (strongest of 2),Open neighbourhood (in the stated topology) of each subextremal Kerr member; this is the full subextremal range.,Smooth data with prescribed asymptotics.,Einstein vacuum equations | Initial data close to a subextremal Kerr black hole with the stated finite asymptotic expansion and decay | Generalized wave map gauge with finite-dimensional gauge source terms; nonlinear Nash-Moser iteration,none,Find an error in arXiv:2606.28253 or its companions (would downgrade). | Locate a peer-reviewed full-subextremal nonlinear stability proof (would upgrade clause (a)).,ledger_theorem_partial,audit:verified-api,AF-SCC-C0-VAC-GEN | AF-SCC-C2-VAC-GEN | AF-WCC-VAC-GEN,audit provides locator,"partial: binding exists only at strength {open_problem, stability_result} / kinds {literature_status, preprint_result}"
CC-0310,SRC-078,Peter Hintz. Nonlinear stability of subextremal Kerr black holes.,Peter Hintz,2026,"arXiv:2606.28253 (v2, 3 Aug 2026), 339 pages; preprint",10.48550/arXiv.2606.28253,2606.28253,https://arxiv.org/abs/2606.28253,verified-api,verified,AF-SCC-C2-VAC-GEN,partial,open_problem,T-401,open_problem,literature_status,open_problem,"Status of AF-SCC-C2-VAC-GEN at 2026-09-11: the C^2 formulation is (i) proved for model classes (Luk-Oh T-514: spherical EM-scalar two-ended AF), (ii) proved for T^3-Gowdy vacuum (Ringstrom T-520), and (iii) NOW covered for generic rotating vacuum black-hole interiors at PREPRINT level: Luk-Sbierski 2026 (T-526) prove the metric is not Lipschitz-extendible across the forming weak null singularity, and non-Lipschitz-extendibility implies non-C^2-extendibility by regularity inclusion. No peer-reviewed theorem proving C^2-future-inextendibility for generic asymptotically flat vacuum Cauchy data was located.",ledger T-401,"Target class: generic asymptotically flat vacuum data; the new preprint result covers characteristic interior data, a different (but related) data class.",C^2.,"Scope of the search: arXiv API queries ('strong cosmic censorship', 'inextendibility'+'Cauchy horizon', 'C^2-inextendibility'+Kerr, 'nonlinear stability'+Kerr), INSPIRE title queries, Crossref, on 2026-09-11/12 | The claim is about the state of the literature, not a proof of impossibility",spherical_symmetry,Locate a peer-reviewed C^2-inextendibility theorem for generic AF vacuum Cauchy data (promote); or find an error in T-526/T-527 (demote).,ledger_theorem_partial,audit:verified-api,AF-SCC-C0-VAC-GEN | AF-SCC-C2-VAC-GEN | AF-WCC-VAC-GEN,audit provides locator,partial: binding exists only at strength {open_problem} / kinds {literature_status}
CC-0311,SRC-078,Peter Hintz. Nonlinear stability of subextremal Kerr black holes.,Peter Hintz,2026,"arXiv:2606.28253 (v2, 3 Aug 2026), 339 pages; preprint",10.48550/arXiv.2606.28253,2606.28253,https://arxiv.org/abs/2606.28253,verified-api,verified,AF-SCC-C0-VAC-GEN,partial,supporting_conditional,T-515 | T-528,open_problem | stability_result,literature_status | preprint_result,stability_result,"Spacetimes evolving from initial data close to those of a subextremal Kerr black hole as solutions of the Einstein vacuum equation Ric(g)=0 settle down to a nearby member of the Kerr family at rate O(t_*^{-2-eps}) in spatially compact regions; the initial data are required to have an arbitrary finite expansion in r^{-z}(log r)^k, z>1, plus an O(r^{-3-eps_0}) remainder.",ledger T-528 (strongest of 2),Open neighbourhood (in the stated topology) of each subextremal Kerr member; this is the full subextremal range.,Smooth data with prescribed asymptotics.,Einstein vacuum equations | Initial data close to a subextremal Kerr black hole with the stated finite asymptotic expansion and decay | Generalized wave map gauge with finite-dimensional gauge source terms; nonlinear Nash-Moser iteration,none,Find an error in arXiv:2606.28253 or its companions (would downgrade). | Locate a peer-reviewed full-subextremal nonlinear stability proof (would upgrade clause (a)).,ledger_theorem_partial,audit:verified-api,AF-SCC-C0-VAC-GEN | AF-SCC-C2-VAC-GEN | AF-WCC-VAC-GEN,audit provides locator,"partial: binding exists only at strength {open_problem, stability_result} / kinds {literature_status, preprint_result}"
CC-0312,SRC-078,Peter Hintz. Nonlinear stability of subextremal Kerr black holes.,Peter Hintz,2026,"arXiv:2606.28253 (v2, 3 Aug 2026), 339 pages; preprint",10.48550/arXiv.2606.28253,2606.28253,https://arxiv.org/abs/2606.28253,verified-api,verified,AF-WCC-SCALAR-SPH,none,out_of_class,,,,not_applicable,,n/a,,,,none,,ledger_absence,audit:verified-api,AF-SCC-C0-VAC-GEN | AF-SCC-C2-VAC-GEN | AF-WCC-VAC-GEN,audit provides locator,"empty cell: source is referenced by the ledger but never bound to this class; bound classes: AF-SCC-C0-VAC-GEN, AF-SCC-C2-VAC-GEN, AF-WCC-VAC-GEN"
CC-0313,SRC-079,Peter Hintz. Constraint damping on subextremal Kerr spacetimes.,Peter Hintz,2026,"arXiv:2606.27658 (v1, 26 Jun 2026), 100 pages; preprint",10.48550/arXiv.2606.27658,2606.27658,https://arxiv.org/abs/2606.27658,verified-api,verified,AF-WCC-VAC-GEN,partial,supporting_conditional,T-515 | T-528,open_problem | stability_result,literature_status | preprint_result,stability_result,"Spacetimes evolving from initial data close to those of a subextremal Kerr black hole as solutions of the Einstein vacuum equation Ric(g)=0 settle down to a nearby member of the Kerr family at rate O(t_*^{-2-eps}) in spatially compact regions; the initial data are required to have an arbitrary finite expansion in r^{-z}(log r)^k, z>1, plus an O(r^{-3-eps_0}) remainder.",ledger T-528 (strongest of 2),Open neighbourhood (in the stated topology) of each subextremal Kerr member; this is the full subextremal range.,Smooth data with prescribed asymptotics.,Einstein vacuum equations | Initial data close to a subextremal Kerr black hole with the stated finite asymptotic expansion and decay | Generalized wave map gauge with finite-dimensional gauge source terms; nonlinear Nash-Moser iteration,none,Find an error in arXiv:2606.28253 or its companions (would downgrade). | Locate a peer-reviewed full-subextremal nonlinear stability proof (would upgrade clause (a)).,ledger_theorem_partial,audit:verified-api,AF-SCC-C0-VAC-GEN | AF-WCC-VAC-GEN,audit provides locator,"partial: binding exists only at strength {open_problem, stability_result} / kinds {literature_status, preprint_result}"
CC-0314,SRC-079,Peter Hintz. Constraint damping on subextremal Kerr spacetimes.,Peter Hintz,2026,"arXiv:2606.27658 (v1, 26 Jun 2026), 100 pages; preprint",10.48550/arXiv.2606.27658,2606.27658,https://arxiv.org/abs/2606.27658,verified-api,verified,AF-SCC-C2-VAC-GEN,none,out_of_class,,,,not_applicable,,n/a,,,,none,,ledger_absence,audit:verified-api,AF-SCC-C0-VAC-GEN | AF-WCC-VAC-GEN,audit provides locator,"empty cell: source is referenced by the ledger but never bound to this class; bound classes: AF-SCC-C0-VAC-GEN, AF-WCC-VAC-GEN"
CC-0315,SRC-079,Peter Hintz. Constraint damping on subextremal Kerr spacetimes.,Peter Hintz,2026,"arXiv:2606.27658 (v1, 26 Jun 2026), 100 pages; preprint",10.48550/arXiv.2606.27658,2606.27658,https://arxiv.org/abs/2606.27658,verified-api,verified,AF-SCC-C0-VAC-GEN,partial,supporting_conditional,T-515 | T-528,open_problem | stability_result,literature_status | preprint_result,stability_result,"Spacetimes evolving from initial data close to those of a subextremal Kerr black hole as solutions of the Einstein vacuum equation Ric(g)=0 settle down to a nearby member of the Kerr family at rate O(t_*^{-2-eps}) in spatially compact regions; the initial data are required to have an arbitrary finite expansion in r^{-z}(log r)^k, z>1, plus an O(r^{-3-eps_0}) remainder.",ledger T-528 (strongest of 2),Open neighbourhood (in the stated topology) of each subextremal Kerr member; this is the full subextremal range.,Smooth data with prescribed asymptotics.,Einstein vacuum equations | Initial data close to a subextremal Kerr black hole with the stated finite asymptotic expansion and decay | Generalized wave map gauge with finite-dimensional gauge source terms; nonlinear Nash-Moser iteration,none,Find an error in arXiv:2606.28253 or its companions (would downgrade). | Locate a peer-reviewed full-subextremal nonlinear stability proof (would upgrade clause (a)).,ledger_theorem_partial,audit:verified-api,AF-SCC-C0-VAC-GEN | AF-WCC-VAC-GEN,audit provides locator,"partial: binding exists only at strength {open_problem, stability_result} / kinds {literature_status, preprint_result}"
CC-0316,SRC-079,Peter Hintz. Constraint damping on subextremal Kerr spacetimes.,Peter Hintz,2026,"arXiv:2606.27658 (v1, 26 Jun 2026), 100 pages; preprint",10.48550/arXiv.2606.27658,2606.27658,https://arxiv.org/abs/2606.27658,verified-api,verified,AF-WCC-SCALAR-SPH,none,out_of_class,,,,not_applicable,,n/a,,,,none,,ledger_absence,audit:verified-api,AF-SCC-C0-VAC-GEN | AF-WCC-VAC-GEN,audit provides locator,"empty cell: source is referenced by the ledger but never bound to this class; bound classes: AF-SCC-C0-VAC-GEN, AF-WCC-VAC-GEN"
CC-0317,SRC-080,Jonathan Luk; Jan Sbierski. The formation of a weak null singularity in the interior of generic rotating black holes.,Jonathan Luk; Jan Sbierski,2026,"arXiv:2604.04877 (v1, 6 Apr 2026); preprint",10.48550/arXiv.2604.04877,2604.04877,https://arxiv.org/abs/2604.04877,verified-primary,verified,AF-WCC-VAC-GEN,none,out_of_class,,,,not_applicable,,n/a,,,,none,,ledger_absence,audit:verified-primary,AF-SCC-C0-VAC-GEN | AF-SCC-C2-VAC-GEN,audit provides locator,"empty cell: source is referenced by the ledger but never bound to this class; bound classes: AF-SCC-C0-VAC-GEN, AF-SCC-C2-VAC-GEN"
CC-0318,SRC-080,Jonathan Luk; Jan Sbierski. The formation of a weak null singularity in the interior of generic rotating black holes.,Jonathan Luk; Jan Sbierski,2026,"arXiv:2604.04877 (v1, 6 Apr 2026); preprint",10.48550/arXiv.2604.04877,2604.04877,https://arxiv.org/abs/2604.04877,verified-primary,verified,AF-SCC-C2-VAC-GEN,covered,supporting,T-401 | T-526 | T-527,open_problem | theorem,literature_status | preprint_result | theorem,theorem,"Weak null singularities are C^{0,1}_loc-inextendible without any symmetry assumptions, via a new strategy inferring C^{0,1}_loc-inextendibility from the blow-up of curvature. The assumed blow-up is expected to hold for weak null singularities in the interior of generic rotating black holes, so the result is expected to contribute directly to the C^{0,1}_loc formulation of SCC in a neighbourhood of subextremal Kerr.",ledger T-527 (strongest of 3),Criterion is general; the hypothesis is expected (not proved here) to be generic for rotating black holes.,"C^{0,1}_loc-inextendibility.",A curvature blow-up condition at the weak null singularity (the theorem's hypothesis) | No symmetry assumptions,none,"Locate a peer-reviewed C^2-inextendibility theorem for generic AF vacuum Cauchy data (promote); or find an error in T-526/T-527 (demote). | Construct a Lipschitz extension across the weak null singularity, contradicting the main theorem.",ledger_theorem_covered,audit:verified-primary,AF-SCC-C0-VAC-GEN | AF-SCC-C2-VAC-GEN,audit provides locator,"covered by accepted ledger entry T-401, T-526, T-527"
CC-0319,SRC-080,Jonathan Luk; Jan Sbierski. The formation of a weak null singularity in the interior of generic rotating black holes.,Jonathan Luk; Jan Sbierski,2026,"arXiv:2604.04877 (v1, 6 Apr 2026); preprint",10.48550/arXiv.2604.04877,2604.04877,https://arxiv.org/abs/2604.04877,verified-primary,verified,AF-SCC-C0-VAC-GEN,partial,supporting,T-526,theorem,preprint_result,theorem,"Given a characteristic initial value problem with smooth data representing a dynamical event horizon settling down to that of Kerr in the subextremal, strictly rotating range with suitable upper and lower bounds, a weak null singularity forms, across which the spacetime metric is continuously extendible but not Lipschitz extendible.",ledger T-526,Data class is generic in the stated characteristic setting (dynamical horizons settling to Kerr); not quantified as open/dense.,"C^0 extendible; NOT C^{0,1}_loc (Lipschitz) extendible.","Einstein vacuum equations, no symmetry | Characteristic initial data on a dynamical event horizon settling to subextremal, strictly rotating Kerr | Suitable upper and lower bounds on the data (Price-law-type; as in the linear instability works)",linear_only,"Construct a Lipschitz extension across the weak null singularity, contradicting the main theorem. | Find a gap in the dynamical-Teukolsky stability argument.",ledger_theorem_partial,audit:verified-primary,AF-SCC-C0-VAC-GEN | AF-SCC-C2-VAC-GEN,audit provides locator,partial: binding exists only at strength {theorem} / kinds {preprint_result}
CC-0320,SRC-080,Jonathan Luk; Jan Sbierski. The formation of a weak null singularity in the interior of generic rotating black holes.,Jonathan Luk; Jan Sbierski,2026,"arXiv:2604.04877 (v1, 6 Apr 2026); preprint",10.48550/arXiv.2604.04877,2604.04877,https://arxiv.org/abs/2604.04877,verified-primary,verified,AF-WCC-SCALAR-SPH,none,out_of_class,,,,not_applicable,,n/a,,,,none,,ledger_absence,audit:verified-primary,AF-SCC-C0-VAC-GEN | AF-SCC-C2-VAC-GEN,audit provides locator,"empty cell: source is referenced by the ledger but never bound to this class; bound classes: AF-SCC-C0-VAC-GEN, AF-SCC-C2-VAC-GEN"
CC-0321,SRC-081,Jan Sbierski. Lipschitz inextendibility of weak null singularities from curvature blow-up.,Jan Sbierski,2025,"arXiv:2409.18838 (v2, Nov 2025), 25 pages; accepted for publication in Inventiones Mathematicae (per arXiv comment)",10.48550/arXiv.2409.18838,2409.18838,https://arxiv.org/abs/2409.18838,verified-api,verified,AF-WCC-VAC-GEN,none,out_of_class,,,,not_applicable,,n/a,,,,none,,ledger_absence,audit:verified-api,AF-SCC-C0-VAC-GEN | AF-SCC-C2-VAC-GEN,audit provides locator,"empty cell: source is referenced by the ledger but never bound to this class; bound classes: AF-SCC-C0-VAC-GEN, AF-SCC-C2-VAC-GEN"
CC-0322,SRC-081,Jan Sbierski. Lipschitz inextendibility of weak null singularities from curvature blow-up.,Jan Sbierski,2025,"arXiv:2409.18838 (v2, Nov 2025), 25 pages; accepted for publication in Inventiones Mathematicae (per arXiv comment)",10.48550/arXiv.2409.18838,2409.18838,https://arxiv.org/abs/2409.18838,verified-api,verified,AF-SCC-C2-VAC-GEN,covered,supporting,T-401 | T-526 | T-527,open_problem | theorem,literature_status | preprint_result | theorem,theorem,"Weak null singularities are C^{0,1}_loc-inextendible without any symmetry assumptions, via a new strategy inferring C^{0,1}_loc-inextendibility from the blow-up of curvature. The assumed blow-up is expected to hold for weak null singularities in the interior of generic rotating black holes, so the result is expected to contribute directly to the C^{0,1}_loc formulation of SCC in a neighbourhood of subextremal Kerr.",ledger T-527 (strongest of 3),Criterion is general; the hypothesis is expected (not proved here) to be generic for rotating black holes.,"C^{0,1}_loc-inextendibility.",A curvature blow-up condition at the weak null singularity (the theorem's hypothesis) | No symmetry assumptions,none,"Locate a peer-reviewed C^2-inextendibility theorem for generic AF vacuum Cauchy data (promote); or find an error in T-526/T-527 (demote). | Construct a Lipschitz extension across the weak null singularity, contradicting the main theorem.",ledger_theorem_covered,audit:verified-api,AF-SCC-C0-VAC-GEN | AF-SCC-C2-VAC-GEN,audit provides locator,"covered by accepted ledger entry T-401, T-526, T-527"
CC-0323,SRC-081,Jan Sbierski. Lipschitz inextendibility of weak null singularities from curvature blow-up.,Jan Sbierski,2025,"arXiv:2409.18838 (v2, Nov 2025), 25 pages; accepted for publication in Inventiones Mathematicae (per arXiv comment)",10.48550/arXiv.2409.18838,2409.18838,https://arxiv.org/abs/2409.18838,verified-api,verified,AF-SCC-C0-VAC-GEN,partial,supporting,T-526,theorem,preprint_result,theorem,"Given a characteristic initial value problem with smooth data representing a dynamical event horizon settling down to that of Kerr in the subextremal, strictly rotating range with suitable upper and lower bounds, a weak null singularity forms, across which the spacetime metric is continuously extendible but not Lipschitz extendible.",ledger T-526,Data class is generic in the stated characteristic setting (dynamical horizons settling to Kerr); not quantified as open/dense.,"C^0 extendible; NOT C^{0,1}_loc (Lipschitz) extendible.","Einstein vacuum equations, no symmetry | Characteristic initial data on a dynamical event horizon settling to subextremal, strictly rotating Kerr | Suitable upper and lower bounds on the data (Price-law-type; as in the linear instability works)",linear_only,"Construct a Lipschitz extension across the weak null singularity, contradicting the main theorem. | Find a gap in the dynamical-Teukolsky stability argument.",ledger_theorem_partial,audit:verified-api,AF-SCC-C0-VAC-GEN | AF-SCC-C2-VAC-GEN,audit provides locator,partial: binding exists only at strength {theorem} / kinds {preprint_result}
CC-0324,SRC-081,Jan Sbierski. Lipschitz inextendibility of weak null singularities from curvature blow-up.,Jan Sbierski,2025,"arXiv:2409.18838 (v2, Nov 2025), 25 pages; accepted for publication in Inventiones Mathematicae (per arXiv comment)",10.48550/arXiv.2409.18838,2409.18838,https://arxiv.org/abs/2409.18838,verified-api,verified,AF-WCC-SCALAR-SPH,none,out_of_class,,,,not_applicable,,n/a,,,,none,,ledger_absence,audit:verified-api,AF-SCC-C0-VAC-GEN | AF-SCC-C2-VAC-GEN,audit provides locator,"empty cell: source is referenced by the ledger but never bound to this class; bound classes: AF-SCC-C0-VAC-GEN, AF-SCC-C2-VAC-GEN"
CC-0325,SRC-082,Jan Sbierski. A note on the instability of the Kerr Cauchy horizon under linearised gravitational perturbations.,Jan Sbierski,2026,"arXiv:2604.06283 (v1, 7 Apr 2026), preprint",10.48550/arXiv.2604.06283,2604.06283,https://arxiv.org/abs/2604.06283,verified-api,verified,AF-WCC-VAC-GEN,none,out_of_class,,,,not_applicable,,n/a,,,,none,,ledger_absence,audit:verified-api,AF-SCC-C0-VAC-GEN | AF-SCC-C2-VAC-GEN,audit provides locator,"empty cell: source is referenced by the ledger but never bound to this class; bound classes: AF-SCC-C0-VAC-GEN, AF-SCC-C2-VAC-GEN"
CC-0326,SRC-082,Jan Sbierski. A note on the instability of the Kerr Cauchy horizon under linearised gravitational perturbations.,Jan Sbierski,2026,"arXiv:2604.06283 (v1, 7 Apr 2026), preprint",10.48550/arXiv.2604.06283,2604.06283,https://arxiv.org/abs/2604.06283,verified-api,verified,AF-SCC-C2-VAC-GEN,partial,supporting,T-526,theorem,preprint_result,theorem,"Given a characteristic initial value problem with smooth data representing a dynamical event horizon settling down to that of Kerr in the subextremal, strictly rotating range with suitable upper and lower bounds, a weak null singularity forms, across which the spacetime metric is continuously extendible but not Lipschitz extendible.",ledger T-526,Data class is generic in the stated characteristic setting (dynamical horizons settling to Kerr); not quantified as open/dense.,"C^0 extendible; NOT C^{0,1}_loc (Lipschitz) extendible.","Einstein vacuum equations, no symmetry | Characteristic initial data on a dynamical event horizon settling to subextremal, strictly rotating Kerr | Suitable upper and lower bounds on the data (Price-law-type; as in the linear instability works)",linear_only,"Construct a Lipschitz extension across the weak null singularity, contradicting the main theorem. | Find a gap in the dynamical-Teukolsky stability argument.",ledger_theorem_partial,audit:verified-api,AF-SCC-C0-VAC-GEN | AF-SCC-C2-VAC-GEN,audit provides locator,partial: binding exists only at strength {theorem} / kinds {preprint_result}
CC-0327,SRC-082,Jan Sbierski. A note on the instability of the Kerr Cauchy horizon under linearised gravitational perturbations.,Jan Sbierski,2026,"arXiv:2604.06283 (v1, 7 Apr 2026), preprint",10.48550/arXiv.2604.06283,2604.06283,https://arxiv.org/abs/2604.06283,verified-api,verified,AF-SCC-C0-VAC-GEN,partial,supporting,T-526,theorem,preprint_result,theorem,"Given a characteristic initial value problem with smooth data representing a dynamical event horizon settling down to that of Kerr in the subextremal, strictly rotating range with suitable upper and lower bounds, a weak null singularity forms, across which the spacetime metric is continuously extendible but not Lipschitz extendible.",ledger T-526,Data class is generic in the stated characteristic setting (dynamical horizons settling to Kerr); not quantified as open/dense.,"C^0 extendible; NOT C^{0,1}_loc (Lipschitz) extendible.","Einstein vacuum equations, no symmetry | Characteristic initial data on a dynamical event horizon settling to subextremal, strictly rotating Kerr | Suitable upper and lower bounds on the data (Price-law-type; as in the linear instability works)",linear_only,"Construct a Lipschitz extension across the weak null singularity, contradicting the main theorem. | Find a gap in the dynamical-Teukolsky stability argument.",ledger_theorem_partial,audit:verified-api,AF-SCC-C0-VAC-GEN | AF-SCC-C2-VAC-GEN,audit provides locator,partial: binding exists only at strength {theorem} / kinds {preprint_result}
CC-0328,SRC-082,Jan Sbierski. A note on the instability of the Kerr Cauchy horizon under linearised gravitational perturbations.,Jan Sbierski,2026,"arXiv:2604.06283 (v1, 7 Apr 2026), preprint",10.48550/arXiv.2604.06283,2604.06283,https://arxiv.org/abs/2604.06283,verified-api,verified,AF-WCC-SCALAR-SPH,none,out_of_class,,,,not_applicable,,n/a,,,,none,,ledger_absence,audit:verified-api,AF-SCC-C0-VAC-GEN | AF-SCC-C2-VAC-GEN,audit provides locator,"empty cell: source is referenced by the ledger but never bound to this class; bound classes: AF-SCC-C0-VAC-GEN, AF-SCC-C2-VAC-GEN"
CC-0329,SRC-083,Sebastian Gurriaran. Precise asymptotics of the spin +2 Teukolsky field in the Kerr black hole interior.,Sebastian Gurriaran,2025,"Communications in Mathematical Physics 406, 152 (2025); arXiv:2409.02670",10.1007/s00220-025-05332-3,2409.02670,https://arxiv.org/abs/2409.02670,verified-api,verified,AF-WCC-VAC-GEN,none,out_of_class,,,,not_applicable,,n/a,,,,none,,ledger_absence,audit:verified-api,AF-SCC-C0-VAC-GEN | AF-SCC-C2-VAC-GEN,audit provides locator,"empty cell: source is referenced by the ledger but never bound to this class; bound classes: AF-SCC-C0-VAC-GEN, AF-SCC-C2-VAC-GEN"
CC-0330,SRC-083,Sebastian Gurriaran. Precise asymptotics of the spin +2 Teukolsky field in the Kerr black hole interior.,Sebastian Gurriaran,2025,"Communications in Mathematical Physics 406, 152 (2025); arXiv:2409.02670",10.1007/s00220-025-05332-3,2409.02670,https://arxiv.org/abs/2409.02670,verified-api,verified,AF-SCC-C2-VAC-GEN,partial,supporting,T-526,theorem,preprint_result,theorem,"Given a characteristic initial value problem with smooth data representing a dynamical event horizon settling down to that of Kerr in the subextremal, strictly rotating range with suitable upper and lower bounds, a weak null singularity forms, across which the spacetime metric is continuously extendible but not Lipschitz extendible.",ledger T-526,Data class is generic in the stated characteristic setting (dynamical horizons settling to Kerr); not quantified as open/dense.,"C^0 extendible; NOT C^{0,1}_loc (Lipschitz) extendible.","Einstein vacuum equations, no symmetry | Characteristic initial data on a dynamical event horizon settling to subextremal, strictly rotating Kerr | Suitable upper and lower bounds on the data (Price-law-type; as in the linear instability works)",linear_only,"Construct a Lipschitz extension across the weak null singularity, contradicting the main theorem. | Find a gap in the dynamical-Teukolsky stability argument.",ledger_theorem_partial,audit:verified-api,AF-SCC-C0-VAC-GEN | AF-SCC-C2-VAC-GEN,audit provides locator,partial: binding exists only at strength {theorem} / kinds {preprint_result}
CC-0331,SRC-083,Sebastian Gurriaran. Precise asymptotics of the spin +2 Teukolsky field in the Kerr black hole interior.,Sebastian Gurriaran,2025,"Communications in Mathematical Physics 406, 152 (2025); arXiv:2409.02670",10.1007/s00220-025-05332-3,2409.02670,https://arxiv.org/abs/2409.02670,verified-api,verified,AF-SCC-C0-VAC-GEN,partial,supporting,T-526,theorem,preprint_result,theorem,"Given a characteristic initial value problem with smooth data representing a dynamical event horizon settling down to that of Kerr in the subextremal, strictly rotating range with suitable upper and lower bounds, a weak null singularity forms, across which the spacetime metric is continuously extendible but not Lipschitz extendible.",ledger T-526,Data class is generic in the stated characteristic setting (dynamical horizons settling to Kerr); not quantified as open/dense.,"C^0 extendible; NOT C^{0,1}_loc (Lipschitz) extendible.","Einstein vacuum equations, no symmetry | Characteristic initial data on a dynamical event horizon settling to subextremal, strictly rotating Kerr | Suitable upper and lower bounds on the data (Price-law-type; as in the linear instability works)",linear_only,"Construct a Lipschitz extension across the weak null singularity, contradicting the main theorem. | Find a gap in the dynamical-Teukolsky stability argument.",ledger_theorem_partial,audit:verified-api,AF-SCC-C0-VAC-GEN | AF-SCC-C2-VAC-GEN,audit provides locator,partial: binding exists only at strength {theorem} / kinds {preprint_result}
CC-0332,SRC-083,Sebastian Gurriaran. Precise asymptotics of the spin +2 Teukolsky field in the Kerr black hole interior.,Sebastian Gurriaran,2025,"Communications in Mathematical Physics 406, 152 (2025); arXiv:2409.02670",10.1007/s00220-025-05332-3,2409.02670,https://arxiv.org/abs/2409.02670,verified-api,verified,AF-WCC-SCALAR-SPH,none,out_of_class,,,,not_applicable,,n/a,,,,none,,ledger_absence,audit:verified-api,AF-SCC-C0-VAC-GEN | AF-SCC-C2-VAC-GEN,audit provides locator,"empty cell: source is referenced by the ledger but never bound to this class; bound classes: AF-SCC-C0-VAC-GEN, AF-SCC-C2-VAC-GEN"
CC-0333,SRC-084,Sebastian Gurriaran. Generic linearized curvature singularity at the perturbed Kerr Cauchy horizon.,Sebastian Gurriaran,2025,"arXiv:2503.24114 (v1, 31 Mar 2025), preprint",10.48550/arXiv.2503.24114,2503.24114,https://arxiv.org/abs/2503.24114,verified-api,verified,AF-WCC-VAC-GEN,none,out_of_class,,,,not_applicable,,n/a,,,,none,,ledger_absence,audit:verified-api,AF-SCC-C0-VAC-GEN | AF-SCC-C2-VAC-GEN,audit provides locator,"empty cell: source is referenced by the ledger but never bound to this class; bound classes: AF-SCC-C0-VAC-GEN, AF-SCC-C2-VAC-GEN"
CC-0334,SRC-084,Sebastian Gurriaran. Generic linearized curvature singularity at the perturbed Kerr Cauchy horizon.,Sebastian Gurriaran,2025,"arXiv:2503.24114 (v1, 31 Mar 2025), preprint",10.48550/arXiv.2503.24114,2503.24114,https://arxiv.org/abs/2503.24114,verified-api,verified,AF-SCC-C2-VAC-GEN,partial,supporting,T-526,theorem,preprint_result,theorem,"Given a characteristic initial value problem with smooth data representing a dynamical event horizon settling down to that of Kerr in the subextremal, strictly rotating range with suitable upper and lower bounds, a weak null singularity forms, across which the spacetime metric is continuously extendible but not Lipschitz extendible.",ledger T-526,Data class is generic in the stated characteristic setting (dynamical horizons settling to Kerr); not quantified as open/dense.,"C^0 extendible; NOT C^{0,1}_loc (Lipschitz) extendible.","Einstein vacuum equations, no symmetry | Characteristic initial data on a dynamical event horizon settling to subextremal, strictly rotating Kerr | Suitable upper and lower bounds on the data (Price-law-type; as in the linear instability works)",linear_only,"Construct a Lipschitz extension across the weak null singularity, contradicting the main theorem. | Find a gap in the dynamical-Teukolsky stability argument.",ledger_theorem_partial,audit:verified-api,AF-SCC-C0-VAC-GEN | AF-SCC-C2-VAC-GEN,audit provides locator,partial: binding exists only at strength {theorem} / kinds {preprint_result}
CC-0335,SRC-084,Sebastian Gurriaran. Generic linearized curvature singularity at the perturbed Kerr Cauchy horizon.,Sebastian Gurriaran,2025,"arXiv:2503.24114 (v1, 31 Mar 2025), preprint",10.48550/arXiv.2503.24114,2503.24114,https://arxiv.org/abs/2503.24114,verified-api,verified,AF-SCC-C0-VAC-GEN,partial,supporting,T-526,theorem,preprint_result,theorem,"Given a characteristic initial value problem with smooth data representing a dynamical event horizon settling down to that of Kerr in the subextremal, strictly rotating range with suitable upper and lower bounds, a weak null singularity forms, across which the spacetime metric is continuously extendible but not Lipschitz extendible.",ledger T-526,Data class is generic in the stated characteristic setting (dynamical horizons settling to Kerr); not quantified as open/dense.,"C^0 extendible; NOT C^{0,1}_loc (Lipschitz) extendible.","Einstein vacuum equations, no symmetry | Characteristic initial data on a dynamical event horizon settling to subextremal, strictly rotating Kerr | Suitable upper and lower bounds on the data (Price-law-type; as in the linear instability works)",linear_only,"Construct a Lipschitz extension across the weak null singularity, contradicting the main theorem. | Find a gap in the dynamical-Teukolsky stability argument.",ledger_theorem_partial,audit:verified-api,AF-SCC-C0-VAC-GEN | AF-SCC-C2-VAC-GEN,audit provides locator,partial: binding exists only at strength {theorem} / kinds {preprint_result}
CC-0336,SRC-084,Sebastian Gurriaran. Generic linearized curvature singularity at the perturbed Kerr Cauchy horizon.,Sebastian Gurriaran,2025,"arXiv:2503.24114 (v1, 31 Mar 2025), preprint",10.48550/arXiv.2503.24114,2503.24114,https://arxiv.org/abs/2503.24114,verified-api,verified,AF-WCC-SCALAR-SPH,none,out_of_class,,,,not_applicable,,n/a,,,,none,,ledger_absence,audit:verified-api,AF-SCC-C0-VAC-GEN | AF-SCC-C2-VAC-GEN,audit provides locator,"empty cell: source is referenced by the ledger but never bound to this class; bound classes: AF-SCC-C0-VAC-GEN, AF-SCC-C2-VAC-GEN"
CC-0337,SRC-085,Jan Sbierski. Instability of the Kerr Cauchy horizon under linearised gravitational perturbations.,Jan Sbierski,2023,Annals of PDE (accepted per arXiv comment); arXiv:2201.12295 (v2),10.48550/arXiv.2201.12295,2201.12295,https://arxiv.org/abs/2201.12295,verified-api,verified,AF-WCC-VAC-GEN,none,out_of_class,,,,not_applicable,,n/a,,,,none,,ledger_absence,audit:verified-api,AF-SCC-C0-VAC-GEN | AF-SCC-C2-VAC-GEN,audit provides locator,"empty cell: source is referenced by the ledger but never bound to this class; bound classes: AF-SCC-C0-VAC-GEN, AF-SCC-C2-VAC-GEN"
CC-0338,SRC-085,Jan Sbierski. Instability of the Kerr Cauchy horizon under linearised gravitational perturbations.,Jan Sbierski,2023,Annals of PDE (accepted per arXiv comment); arXiv:2201.12295 (v2),10.48550/arXiv.2201.12295,2201.12295,https://arxiv.org/abs/2201.12295,verified-api,verified,AF-SCC-C2-VAC-GEN,partial,supporting,T-526,theorem,preprint_result,theorem,"Given a characteristic initial value problem with smooth data representing a dynamical event horizon settling down to that of Kerr in the subextremal, strictly rotating range with suitable upper and lower bounds, a weak null singularity forms, across which the spacetime metric is continuously extendible but not Lipschitz extendible.",ledger T-526,Data class is generic in the stated characteristic setting (dynamical horizons settling to Kerr); not quantified as open/dense.,"C^0 extendible; NOT C^{0,1}_loc (Lipschitz) extendible.","Einstein vacuum equations, no symmetry | Characteristic initial data on a dynamical event horizon settling to subextremal, strictly rotating Kerr | Suitable upper and lower bounds on the data (Price-law-type; as in the linear instability works)",linear_only,"Construct a Lipschitz extension across the weak null singularity, contradicting the main theorem. | Find a gap in the dynamical-Teukolsky stability argument.",ledger_theorem_partial,audit:verified-api,AF-SCC-C0-VAC-GEN | AF-SCC-C2-VAC-GEN,audit provides locator,partial: binding exists only at strength {theorem} / kinds {preprint_result}
CC-0339,SRC-085,Jan Sbierski. Instability of the Kerr Cauchy horizon under linearised gravitational perturbations.,Jan Sbierski,2023,Annals of PDE (accepted per arXiv comment); arXiv:2201.12295 (v2),10.48550/arXiv.2201.12295,2201.12295,https://arxiv.org/abs/2201.12295,verified-api,verified,AF-SCC-C0-VAC-GEN,partial,supporting,T-526,theorem,preprint_result,theorem,"Given a characteristic initial value problem with smooth data representing a dynamical event horizon settling down to that of Kerr in the subextremal, strictly rotating range with suitable upper and lower bounds, a weak null singularity forms, across which the spacetime metric is continuously extendible but not Lipschitz extendible.",ledger T-526,Data class is generic in the stated characteristic setting (dynamical horizons settling to Kerr); not quantified as open/dense.,"C^0 extendible; NOT C^{0,1}_loc (Lipschitz) extendible.","Einstein vacuum equations, no symmetry | Characteristic initial data on a dynamical event horizon settling to subextremal, strictly rotating Kerr | Suitable upper and lower bounds on the data (Price-law-type; as in the linear instability works)",linear_only,"Construct a Lipschitz extension across the weak null singularity, contradicting the main theorem. | Find a gap in the dynamical-Teukolsky stability argument.",ledger_theorem_partial,audit:verified-api,AF-SCC-C0-VAC-GEN | AF-SCC-C2-VAC-GEN,audit provides locator,partial: binding exists only at strength {theorem} / kinds {preprint_result}
CC-0340,SRC-085,Jan Sbierski. Instability of the Kerr Cauchy horizon under linearised gravitational perturbations.,Jan Sbierski,2023,Annals of PDE (accepted per arXiv comment); arXiv:2201.12295 (v2),10.48550/arXiv.2201.12295,2201.12295,https://arxiv.org/abs/2201.12295,verified-api,verified,AF-WCC-SCALAR-SPH,none,out_of_class,,,,not_applicable,,n/a,,,,none,,ledger_absence,audit:verified-api,AF-SCC-C0-VAC-GEN | AF-SCC-C2-VAC-GEN,audit provides locator,"empty cell: source is referenced by the ledger but never bound to this class; bound classes: AF-SCC-C0-VAC-GEN, AF-SCC-C2-VAC-GEN"
CC-0341,SRC-086,"Jonathan Luk; Sung-Jin Oh. Strong cosmic censorship in spherical symmetry for two-ended asymptotically flat initial data I (Crossref record, published version).",Jonathan Luk; Sung-Jin Oh,2019,"Annals of Mathematics (2) 190(1), 1-111 (2019)",10.4007/annals.2019.190.1.1,1702.05715,https://api.crossref.org/works/10.4007/annals.2019.190.1.1,verified-api,verified,AF-WCC-VAC-GEN,none,out_of_class,,,,not_applicable,,n/a,,,,none,,ledger_absence,audit:verified-api,(none),audit provides locator,empty cell: source is referenced by the ledger but never bound to this class; no class binding at all
CC-0342,SRC-086,"Jonathan Luk; Sung-Jin Oh. Strong cosmic censorship in spherical symmetry for two-ended asymptotically flat initial data I (Crossref record, published version).",Jonathan Luk; Sung-Jin Oh,2019,"Annals of Mathematics (2) 190(1), 1-111 (2019)",10.4007/annals.2019.190.1.1,1702.05715,https://api.crossref.org/works/10.4007/annals.2019.190.1.1,verified-api,verified,AF-SCC-C2-VAC-GEN,none,out_of_class,,,,not_applicable,,n/a,,,,none,,ledger_absence,audit:verified-api,(none),audit provides locator,empty cell: source is referenced by the ledger but never bound to this class; no class binding at all
CC-0343,SRC-086,"Jonathan Luk; Sung-Jin Oh. Strong cosmic censorship in spherical symmetry for two-ended asymptotically flat initial data I (Crossref record, published version).",Jonathan Luk; Sung-Jin Oh,2019,"Annals of Mathematics (2) 190(1), 1-111 (2019)",10.4007/annals.2019.190.1.1,1702.05715,https://api.crossref.org/works/10.4007/annals.2019.190.1.1,verified-api,verified,AF-SCC-C0-VAC-GEN,none,out_of_class,,,,not_applicable,,n/a,,,,none,,ledger_absence,audit:verified-api,(none),audit provides locator,empty cell: source is referenced by the ledger but never bound to this class; no class binding at all
CC-0344,SRC-086,"Jonathan Luk; Sung-Jin Oh. Strong cosmic censorship in spherical symmetry for two-ended asymptotically flat initial data I (Crossref record, published version).",Jonathan Luk; Sung-Jin Oh,2019,"Annals of Mathematics (2) 190(1), 1-111 (2019)",10.4007/annals.2019.190.1.1,1702.05715,https://api.crossref.org/works/10.4007/annals.2019.190.1.1,verified-api,verified,AF-WCC-SCALAR-SPH,none,out_of_class,,,,not_applicable,,n/a,,,,none,,ledger_absence,audit:verified-api,(none),audit provides locator,empty cell: source is referenced by the ledger but never bound to this class; no class binding at all
CC-0345,SRC-087,"Jan Sbierski. On holonomy singularities in general relativity and the C^{0,1}_loc-inextendibility of space-times (Crossref record, published version).",Jan Sbierski,2022,Duke Mathematical Journal 171(14) (2022),10.1215/00127094-2022-0040,2007.12049,https://api.crossref.org/works/10.1215/00127094-2022-0040,verified-api,verified,AF-WCC-VAC-GEN,none,out_of_class,,,,not_applicable,,n/a,,,,none,,ledger_absence,audit:verified-api,(none),audit provides locator,empty cell: source is referenced by the ledger but never bound to this class; no class binding at all
CC-0346,SRC-087,"Jan Sbierski. On holonomy singularities in general relativity and the C^{0,1}_loc-inextendibility of space-times (Crossref record, published version).",Jan Sbierski,2022,Duke Mathematical Journal 171(14) (2022),10.1215/00127094-2022-0040,2007.12049,https://api.crossref.org/works/10.1215/00127094-2022-0040,verified-api,verified,AF-SCC-C2-VAC-GEN,none,out_of_class,,,,not_applicable,,n/a,,,,none,,ledger_absence,audit:verified-api,(none),audit provides locator,empty cell: source is referenced by the ledger but never bound to this class; no class binding at all
CC-0347,SRC-087,"Jan Sbierski. On holonomy singularities in general relativity and the C^{0,1}_loc-inextendibility of space-times (Crossref record, published version).",Jan Sbierski,2022,Duke Mathematical Journal 171(14) (2022),10.1215/00127094-2022-0040,2007.12049,https://api.crossref.org/works/10.1215/00127094-2022-0040,verified-api,verified,AF-SCC-C0-VAC-GEN,none,out_of_class,,,,not_applicable,,n/a,,,,none,,ledger_absence,audit:verified-api,(none),audit provides locator,empty cell: source is referenced by the ledger but never bound to this class; no class binding at all
CC-0348,SRC-087,"Jan Sbierski. On holonomy singularities in general relativity and the C^{0,1}_loc-inextendibility of space-times (Crossref record, published version).",Jan Sbierski,2022,Duke Mathematical Journal 171(14) (2022),10.1215/00127094-2022-0040,2007.12049,https://api.crossref.org/works/10.1215/00127094-2022-0040,verified-api,verified,AF-WCC-SCALAR-SPH,none,out_of_class,,,,not_applicable,,n/a,,,,none,,ledger_absence,audit:verified-api,(none),audit provides locator,empty cell: source is referenced by the ledger but never bound to this class; no class binding at all
CC-0349,SRC-088,Mihalis Dafermos; Yakov Shlapentokh-Rothman. Rough initial data and the strength of the blue-shift instability on cosmological black holes with Lambda > 0 (arXiv record).,Mihalis Dafermos; Yakov Shlapentokh-Rothman,2018,"arXiv:1805.08764 (v2, 18 Jun 2018); Class. Quantum Grav. 35 (2018) 195010",10.1088/1361-6382/aadbcf,1805.08764,https://arxiv.org/abs/1805.08764,verified-primary,verified,AF-WCC-VAC-GEN,none,out_of_class,,,,not_applicable,,n/a,,,,none,,ledger_absence,audit:verified-primary,(none),audit provides locator,empty cell: source is referenced by the ledger but never bound to this class; no class binding at all
CC-0350,SRC-088,Mihalis Dafermos; Yakov Shlapentokh-Rothman. Rough initial data and the strength of the blue-shift instability on cosmological black holes with Lambda > 0 (arXiv record).,Mihalis Dafermos; Yakov Shlapentokh-Rothman,2018,"arXiv:1805.08764 (v2, 18 Jun 2018); Class. Quantum Grav. 35 (2018) 195010",10.1088/1361-6382/aadbcf,1805.08764,https://arxiv.org/abs/1805.08764,verified-primary,verified,AF-SCC-C2-VAC-GEN,none,out_of_class,,,,not_applicable,,n/a,,,,none,,ledger_absence,audit:verified-primary,(none),audit provides locator,empty cell: source is referenced by the ledger but never bound to this class; no class binding at all
CC-0351,SRC-088,Mihalis Dafermos; Yakov Shlapentokh-Rothman. Rough initial data and the strength of the blue-shift instability on cosmological black holes with Lambda > 0 (arXiv record).,Mihalis Dafermos; Yakov Shlapentokh-Rothman,2018,"arXiv:1805.08764 (v2, 18 Jun 2018); Class. Quantum Grav. 35 (2018) 195010",10.1088/1361-6382/aadbcf,1805.08764,https://arxiv.org/abs/1805.08764,verified-primary,verified,AF-SCC-C0-VAC-GEN,none,out_of_class,,,,not_applicable,,n/a,,,,none,,ledger_absence,audit:verified-primary,(none),audit provides locator,empty cell: source is referenced by the ledger but never bound to this class; no class binding at all
CC-0352,SRC-088,Mihalis Dafermos; Yakov Shlapentokh-Rothman. Rough initial data and the strength of the blue-shift instability on cosmological black holes with Lambda > 0 (arXiv record).,Mihalis Dafermos; Yakov Shlapentokh-Rothman,2018,"arXiv:1805.08764 (v2, 18 Jun 2018); Class. Quantum Grav. 35 (2018) 195010",10.1088/1361-6382/aadbcf,1805.08764,https://arxiv.org/abs/1805.08764,verified-primary,verified,AF-WCC-SCALAR-SPH,none,out_of_class,,,,not_applicable,,n/a,,,,none,,ledger_absence,audit:verified-primary,(none),audit provides locator,empty cell: source is referenced by the ledger but never bound to this class; no class binding at all
CC-0353,SRC-089,Jonathan Luk; Jan Sbierski. Instability results for the wave equation in the interior of Kerr black holes (Crossref record).,Jonathan Luk; Jan Sbierski,2016,"Journal of Functional Analysis 271(7), 1948-1995 (2016)",10.1016/j.jfa.2016.06.013,1512.08259,https://api.crossref.org/works/10.1016/j.jfa.2016.06.013,verified-api,verified,AF-WCC-VAC-GEN,none,out_of_class,,,,not_applicable,,n/a,,,,none,,ledger_absence,audit:verified-api,(none),audit provides locator,empty cell: source is referenced by the ledger but never bound to this class; no class binding at all
CC-0354,SRC-089,Jonathan Luk; Jan Sbierski. Instability results for the wave equation in the interior of Kerr black holes (Crossref record).,Jonathan Luk; Jan Sbierski,2016,"Journal of Functional Analysis 271(7), 1948-1995 (2016)",10.1016/j.jfa.2016.06.013,1512.08259,https://api.crossref.org/works/10.1016/j.jfa.2016.06.013,verified-api,verified,AF-SCC-C2-VAC-GEN,none,out_of_class,,,,not_applicable,,n/a,,,,none,,ledger_absence,audit:verified-api,(none),audit provides locator,empty cell: source is referenced by the ledger but never bound to this class; no class binding at all
CC-0355,SRC-089,Jonathan Luk; Jan Sbierski. Instability results for the wave equation in the interior of Kerr black holes (Crossref record).,Jonathan Luk; Jan Sbierski,2016,"Journal of Functional Analysis 271(7), 1948-1995 (2016)",10.1016/j.jfa.2016.06.013,1512.08259,https://api.crossref.org/works/10.1016/j.jfa.2016.06.013,verified-api,verified,AF-SCC-C0-VAC-GEN,none,out_of_class,,,,not_applicable,,n/a,,,,none,,ledger_absence,audit:verified-api,(none),audit provides locator,empty cell: source is referenced by the ledger but never bound to this class; no class binding at all
CC-0356,SRC-089,Jonathan Luk; Jan Sbierski. Instability results for the wave equation in the interior of Kerr black holes (Crossref record).,Jonathan Luk; Jan Sbierski,2016,"Journal of Functional Analysis 271(7), 1948-1995 (2016)",10.1016/j.jfa.2016.06.013,1512.08259,https://api.crossref.org/works/10.1016/j.jfa.2016.06.013,verified-api,verified,AF-WCC-SCALAR-SPH,none,out_of_class,,,,not_applicable,,n/a,,,,none,,ledger_absence,audit:verified-api,(none),audit provides locator,empty cell: source is referenced by the ledger but never bound to this class; no class binding at all
CC-0357,SRC-090,"Piotr T. Chrusciel. On uniqueness in the large of solutions of Einstein's equations (""strong cosmic censorship"").",Piotr T. Chrusciel,1992,"Contemporary Mathematics 132, Mathematical Aspects of Classical Field Theory, American Mathematical Society, pp. 235-273 (1992)",10.1090/conm/132/1188443,,https://api.crossref.org/works/10.1090/conm/132/1188443,verified-api,verified,AF-WCC-VAC-GEN,unassessed,unresolved_mapping,,,,not_applicable,,n/a,,,,none,"Map this source to at least one ledger theorem entry and re-run; if it cannot be mapped, class coverage cannot be assessed.",registry_only_unmapped,audit:verified-api,(no ledger entry),,"unassessed: source has zero ledger theorem entries (mapping gap, not a coverage judgement)."
CC-0358,SRC-090,"Piotr T. Chrusciel. On uniqueness in the large of solutions of Einstein's equations (""strong cosmic censorship"").",Piotr T. Chrusciel,1992,"Contemporary Mathematics 132, Mathematical Aspects of Classical Field Theory, American Mathematical Society, pp. 235-273 (1992)",10.1090/conm/132/1188443,,https://api.crossref.org/works/10.1090/conm/132/1188443,verified-api,verified,AF-SCC-C2-VAC-GEN,unassessed,unresolved_mapping,,,,not_applicable,,n/a,,,,none,"Map this source to at least one ledger theorem entry and re-run; if it cannot be mapped, class coverage cannot be assessed.",registry_only_unmapped,audit:verified-api,(no ledger entry),,"unassessed: source has zero ledger theorem entries (mapping gap, not a coverage judgement)."
CC-0359,SRC-090,"Piotr T. Chrusciel. On uniqueness in the large of solutions of Einstein's equations (""strong cosmic censorship"").",Piotr T. Chrusciel,1992,"Contemporary Mathematics 132, Mathematical Aspects of Classical Field Theory, American Mathematical Society, pp. 235-273 (1992)",10.1090/conm/132/1188443,,https://api.crossref.org/works/10.1090/conm/132/1188443,verified-api,verified,AF-SCC-C0-VAC-GEN,unassessed,unresolved_mapping,,,,not_applicable,,n/a,,,,none,"Map this source to at least one ledger theorem entry and re-run; if it cannot be mapped, class coverage cannot be assessed.",registry_only_unmapped,audit:verified-api,(no ledger entry),,"unassessed: source has zero ledger theorem entries (mapping gap, not a coverage judgement)."
CC-0360,SRC-090,"Piotr T. Chrusciel. On uniqueness in the large of solutions of Einstein's equations (""strong cosmic censorship"").",Piotr T. Chrusciel,1992,"Contemporary Mathematics 132, Mathematical Aspects of Classical Field Theory, American Mathematical Society, pp. 235-273 (1992)",10.1090/conm/132/1188443,,https://api.crossref.org/works/10.1090/conm/132/1188443,verified-api,verified,AF-WCC-SCALAR-SPH,unassessed,unresolved_mapping,,,,not_applicable,,n/a,,,,none,"Map this source to at least one ledger theorem entry and re-run; if it cannot be mapped, class coverage cannot be assessed.",registry_only_unmapped,audit:verified-api,(no ledger entry),,"unassessed: source has zero ledger theorem entries (mapping gap, not a coverage judgement)."
CC-0361,SRC-091,"Peter Hintz. (Non-)Linear waves on asymptotically flat spacetimes. II: trapping, bound states, nonlinear applications.",Peter Hintz,2026,"arXiv:2606.28008 (v1, 26 Jun 2026), 285 pages; preprint",10.48550/arXiv.2606.28008,2606.28008,https://arxiv.org/abs/2606.28008,verified-api,verified,AF-WCC-VAC-GEN,partial,supporting_conditional,T-515 | T-528,open_problem | stability_result,literature_status | preprint_result,stability_result,"Spacetimes evolving from initial data close to those of a subextremal Kerr black hole as solutions of the Einstein vacuum equation Ric(g)=0 settle down to a nearby member of the Kerr family at rate O(t_*^{-2-eps}) in spatially compact regions; the initial data are required to have an arbitrary finite expansion in r^{-z}(log r)^k, z>1, plus an O(r^{-3-eps_0}) remainder.",ledger T-528 (strongest of 2),Open neighbourhood (in the stated topology) of each subextremal Kerr member; this is the full subextremal range.,Smooth data with prescribed asymptotics.,Einstein vacuum equations | Initial data close to a subextremal Kerr black hole with the stated finite asymptotic expansion and decay | Generalized wave map gauge with finite-dimensional gauge source terms; nonlinear Nash-Moser iteration,none,Find an error in arXiv:2606.28253 or its companions (would downgrade). | Locate a peer-reviewed full-subextremal nonlinear stability proof (would upgrade clause (a)).,ledger_theorem_partial,audit:verified-api,AF-SCC-C0-VAC-GEN | AF-WCC-VAC-GEN,audit provides locator,"partial: binding exists only at strength {open_problem, stability_result} / kinds {literature_status, preprint_result}"
CC-0362,SRC-091,"Peter Hintz. (Non-)Linear waves on asymptotically flat spacetimes. II: trapping, bound states, nonlinear applications.",Peter Hintz,2026,"arXiv:2606.28008 (v1, 26 Jun 2026), 285 pages; preprint",10.48550/arXiv.2606.28008,2606.28008,https://arxiv.org/abs/2606.28008,verified-api,verified,AF-SCC-C2-VAC-GEN,none,out_of_class,,,,not_applicable,,n/a,,,,none,,ledger_absence,audit:verified-api,AF-SCC-C0-VAC-GEN | AF-WCC-VAC-GEN,audit provides locator,"empty cell: source is referenced by the ledger but never bound to this class; bound classes: AF-SCC-C0-VAC-GEN, AF-WCC-VAC-GEN"
CC-0363,SRC-091,"Peter Hintz. (Non-)Linear waves on asymptotically flat spacetimes. II: trapping, bound states, nonlinear applications.",Peter Hintz,2026,"arXiv:2606.28008 (v1, 26 Jun 2026), 285 pages; preprint",10.48550/arXiv.2606.28008,2606.28008,https://arxiv.org/abs/2606.28008,verified-api,verified,AF-SCC-C0-VAC-GEN,partial,supporting_conditional,T-515 | T-528,open_problem | stability_result,literature_status | preprint_result,stability_result,"Spacetimes evolving from initial data close to those of a subextremal Kerr black hole as solutions of the Einstein vacuum equation Ric(g)=0 settle down to a nearby member of the Kerr family at rate O(t_*^{-2-eps}) in spatially compact regions; the initial data are required to have an arbitrary finite expansion in r^{-z}(log r)^k, z>1, plus an O(r^{-3-eps_0}) remainder.",ledger T-528 (strongest of 2),Open neighbourhood (in the stated topology) of each subextremal Kerr member; this is the full subextremal range.,Smooth data with prescribed asymptotics.,Einstein vacuum equations | Initial data close to a subextremal Kerr black hole with the stated finite asymptotic expansion and decay | Generalized wave map gauge with finite-dimensional gauge source terms; nonlinear Nash-Moser iteration,none,Find an error in arXiv:2606.28253 or its companions (would downgrade). | Locate a peer-reviewed full-subextremal nonlinear stability proof (would upgrade clause (a)).,ledger_theorem_partial,audit:verified-api,AF-SCC-C0-VAC-GEN | AF-WCC-VAC-GEN,audit provides locator,"partial: binding exists only at strength {open_problem, stability_result} / kinds {literature_status, preprint_result}"
CC-0364,SRC-091,"Peter Hintz. (Non-)Linear waves on asymptotically flat spacetimes. II: trapping, bound states, nonlinear applications.",Peter Hintz,2026,"arXiv:2606.28008 (v1, 26 Jun 2026), 285 pages; preprint",10.48550/arXiv.2606.28008,2606.28008,https://arxiv.org/abs/2606.28008,verified-api,verified,AF-WCC-SCALAR-SPH,none,out_of_class,,,,not_applicable,,n/a,,,,none,,ledger_absence,audit:verified-api,AF-SCC-C0-VAC-GEN | AF-WCC-VAC-GEN,audit provides locator,"empty cell: source is referenced by the ledger but never bound to this class; bound classes: AF-SCC-C0-VAC-GEN, AF-WCC-VAC-GEN"
CC-0365,SRC-092,Demetrios Christodoulou. On the global initial value problem and the issue of singularities.,Demetrios Christodoulou,1999,"Classical and Quantum Gravity 16(12A), A23-A35 (1999)",10.1088/0264-9381/16/12A/302,,https://api.crossref.org/works/10.1088/0264-9381/16/12A/302,verified-api,verified,AF-WCC-VAC-GEN,unassessed,unresolved_mapping,,,,not_applicable,,n/a,,,,none,"Map this source to at least one ledger theorem entry and re-run; if it cannot be mapped, class coverage cannot be assessed.",registry_only_unmapped,audit:verified-api,(no ledger entry),,"unassessed: source has zero ledger theorem entries (mapping gap, not a coverage judgement)."
CC-0366,SRC-092,Demetrios Christodoulou. On the global initial value problem and the issue of singularities.,Demetrios Christodoulou,1999,"Classical and Quantum Gravity 16(12A), A23-A35 (1999)",10.1088/0264-9381/16/12A/302,,https://api.crossref.org/works/10.1088/0264-9381/16/12A/302,verified-api,verified,AF-SCC-C2-VAC-GEN,unassessed,unresolved_mapping,,,,not_applicable,,n/a,,,,none,"Map this source to at least one ledger theorem entry and re-run; if it cannot be mapped, class coverage cannot be assessed.",registry_only_unmapped,audit:verified-api,(no ledger entry),,"unassessed: source has zero ledger theorem entries (mapping gap, not a coverage judgement)."
CC-0367,SRC-092,Demetrios Christodoulou. On the global initial value problem and the issue of singularities.,Demetrios Christodoulou,1999,"Classical and Quantum Gravity 16(12A), A23-A35 (1999)",10.1088/0264-9381/16/12A/302,,https://api.crossref.org/works/10.1088/0264-9381/16/12A/302,verified-api,verified,AF-SCC-C0-VAC-GEN,unassessed,unresolved_mapping,,,,not_applicable,,n/a,,,,none,"Map this source to at least one ledger theorem entry and re-run; if it cannot be mapped, class coverage cannot be assessed.",registry_only_unmapped,audit:verified-api,(no ledger entry),,"unassessed: source has zero ledger theorem entries (mapping gap, not a coverage judgement)."
CC-0368,SRC-092,Demetrios Christodoulou. On the global initial value problem and the issue of singularities.,Demetrios Christodoulou,1999,"Classical and Quantum Gravity 16(12A), A23-A35 (1999)",10.1088/0264-9381/16/12A/302,,https://api.crossref.org/works/10.1088/0264-9381/16/12A/302,verified-api,verified,AF-WCC-SCALAR-SPH,unassessed,unresolved_mapping,,,,not_applicable,,n/a,,,,none,"Map this source to at least one ledger theorem entry and re-run; if it cannot be mapped, class coverage cannot be assessed.",registry_only_unmapped,audit:verified-api,(no ledger entry),,"unassessed: source has zero ledger theorem entries (mapping gap, not a coverage judgement)."
CC-0369,SRC-093,Mihalis Dafermos; Igor Rodnianski. The red-shift effect and radiation decay on black hole spacetimes.,Mihalis Dafermos; Igor Rodnianski,2009,"Communications on Pure and Applied Mathematics 62, 859-919 (2009); arXiv:gr-qc/0512119",,gr-qc/0512119,https://export.arxiv.org/api/query?search_query=au:Dafermos+AND+ti:%22black+holes%22,verified-api,verified,AF-WCC-VAC-GEN,unassessed,unresolved_mapping,,,,not_applicable,,n/a,,,,none,"Map this source to at least one ledger theorem entry and re-run; if it cannot be mapped, class coverage cannot be assessed.",registry_only_unmapped,audit:verified-api,(no ledger entry),audit provides locator,"unassessed: source has zero ledger theorem entries (mapping gap, not a coverage judgement)."
CC-0370,SRC-093,Mihalis Dafermos; Igor Rodnianski. The red-shift effect and radiation decay on black hole spacetimes.,Mihalis Dafermos; Igor Rodnianski,2009,"Communications on Pure and Applied Mathematics 62, 859-919 (2009); arXiv:gr-qc/0512119",,gr-qc/0512119,https://export.arxiv.org/api/query?search_query=au:Dafermos+AND+ti:%22black+holes%22,verified-api,verified,AF-SCC-C2-VAC-GEN,unassessed,unresolved_mapping,,,,not_applicable,,n/a,,,,none,"Map this source to at least one ledger theorem entry and re-run; if it cannot be mapped, class coverage cannot be assessed.",registry_only_unmapped,audit:verified-api,(no ledger entry),audit provides locator,"unassessed: source has zero ledger theorem entries (mapping gap, not a coverage judgement)."
CC-0371,SRC-093,Mihalis Dafermos; Igor Rodnianski. The red-shift effect and radiation decay on black hole spacetimes.,Mihalis Dafermos; Igor Rodnianski,2009,"Communications on Pure and Applied Mathematics 62, 859-919 (2009); arXiv:gr-qc/0512119",,gr-qc/0512119,https://export.arxiv.org/api/query?search_query=au:Dafermos+AND+ti:%22black+holes%22,verified-api,verified,AF-SCC-C0-VAC-GEN,unassessed,unresolved_mapping,,,,not_applicable,,n/a,,,,none,"Map this source to at least one ledger theorem entry and re-run; if it cannot be mapped, class coverage cannot be assessed.",registry_only_unmapped,audit:verified-api,(no ledger entry),audit provides locator,"unassessed: source has zero ledger theorem entries (mapping gap, not a coverage judgement)."
CC-0372,SRC-093,Mihalis Dafermos; Igor Rodnianski. The red-shift effect and radiation decay on black hole spacetimes.,Mihalis Dafermos; Igor Rodnianski,2009,"Communications on Pure and Applied Mathematics 62, 859-919 (2009); arXiv:gr-qc/0512119",,gr-qc/0512119,https://export.arxiv.org/api/query?search_query=au:Dafermos+AND+ti:%22black+holes%22,verified-api,verified,AF-WCC-SCALAR-SPH,unassessed,unresolved_mapping,,,,not_applicable,,n/a,,,,none,"Map this source to at least one ledger theorem entry and re-run; if it cannot be mapped, class coverage cannot be assessed.",registry_only_unmapped,audit:verified-api,(no ledger entry),audit provides locator,"unassessed: source has zero ledger theorem entries (mapping gap, not a coverage judgement)."
CC-0373,SRC-094,Carsten Gundlach; Jose M. Martin-Garcia. Critical phenomena in gravitational collapse.,Carsten Gundlach; Jose M. Martin-Garcia,2007,Living Reviews in Relativity 10:5 (2007); arXiv:0711.4620,10.12942/lrr-2007-5,0711.4620,https://arxiv.org/abs/0711.4620,verified-primary,verified,AF-WCC-VAC-GEN,none,out_of_class,,,,not_applicable,,n/a,,,,none,,ledger_absence,audit:verified-primary,AF-WCC-SCALAR-SPH,audit provides locator,empty cell: source is referenced by the ledger but never bound to this class; bound classes: AF-WCC-SCALAR-SPH
CC-0374,SRC-094,Carsten Gundlach; Jose M. Martin-Garcia. Critical phenomena in gravitational collapse.,Carsten Gundlach; Jose M. Martin-Garcia,2007,Living Reviews in Relativity 10:5 (2007); arXiv:0711.4620,10.12942/lrr-2007-5,0711.4620,https://arxiv.org/abs/0711.4620,verified-primary,verified,AF-SCC-C2-VAC-GEN,none,out_of_class,,,,not_applicable,,n/a,,,,none,,ledger_absence,audit:verified-primary,AF-WCC-SCALAR-SPH,audit provides locator,empty cell: source is referenced by the ledger but never bound to this class; bound classes: AF-WCC-SCALAR-SPH
CC-0375,SRC-094,Carsten Gundlach; Jose M. Martin-Garcia. Critical phenomena in gravitational collapse.,Carsten Gundlach; Jose M. Martin-Garcia,2007,Living Reviews in Relativity 10:5 (2007); arXiv:0711.4620,10.12942/lrr-2007-5,0711.4620,https://arxiv.org/abs/0711.4620,verified-primary,verified,AF-SCC-C0-VAC-GEN,none,out_of_class,,,,not_applicable,,n/a,,,,none,,ledger_absence,audit:verified-primary,AF-WCC-SCALAR-SPH,audit provides locator,empty cell: source is referenced by the ledger but never bound to this class; bound classes: AF-WCC-SCALAR-SPH
CC-0376,SRC-094,Carsten Gundlach; Jose M. Martin-Garcia. Critical phenomena in gravitational collapse.,Carsten Gundlach; Jose M. Martin-Garcia,2007,Living Reviews in Relativity 10:5 (2007); arXiv:0711.4620,10.12942/lrr-2007-5,0711.4620,https://arxiv.org/abs/0711.4620,verified-primary,verified,AF-WCC-SCALAR-SPH,partial,numerical_evidence,T-103,numerical_evidence,numerical_evidence,numerical_evidence,"Numerical study of spherically symmetric massless-scalar collapse: a critical parameter value p* separates black-hole-forming from dispersing solutions; the strong-field p->p* limit is universal and generates structure on arbitrarily small spatiotemporal scales, and black-hole masses obey a power law with universal exponent gamma ~ 0.37.",ledger T-103,Threshold behaviour occurs on a codimension-one set (p = p*) in a one-parameter family; it is not claimed generic.,Numerical smooth data.,"Numerical evidence only | One-parameter families of initial data | Spherical symmetry, massless scalar field",spherical_symmetry | extra_matter,"A rigorous computation showing the critical solution is not naked-singular, or that the power law fails outside the tested families.",ledger_theorem_partial,audit:verified-primary,AF-WCC-SCALAR-SPH,audit provides locator,partial: binding exists only at strength {numerical_evidence} / kinds {numerical_evidence}
CC-0377,SRC-095,Maxime Van de Moortel. Stability and instability of the sub-extremal Reissner-Nordstrom black hole interior for the Einstein-Maxwell-Klein-Gordon equations in spherical symmetry.,Maxime Van de Moortel,2018,"Communications in Mathematical Physics 360(1), 103-168 (2018); arXiv:1704.05790",10.1007/s00220-017-3079-3,1704.05790,https://arxiv.org/abs/1704.05790,verified-primary,verified,AF-WCC-VAC-GEN,none,out_of_class,,,,not_applicable,,n/a,,,,none,,ledger_absence,audit:verified-primary,(none),audit provides locator,empty cell: source is referenced by the ledger but never bound to this class; no class binding at all
CC-0378,SRC-095,Maxime Van de Moortel. Stability and instability of the sub-extremal Reissner-Nordstrom black hole interior for the Einstein-Maxwell-Klein-Gordon equations in spherical symmetry.,Maxime Van de Moortel,2018,"Communications in Mathematical Physics 360(1), 103-168 (2018); arXiv:1704.05790",10.1007/s00220-017-3079-3,1704.05790,https://arxiv.org/abs/1704.05790,verified-primary,verified,AF-SCC-C2-VAC-GEN,none,out_of_class,,,,not_applicable,,n/a,,,,none,,ledger_absence,audit:verified-primary,(none),audit provides locator,empty cell: source is referenced by the ledger but never bound to this class; no class binding at all
CC-0379,SRC-095,Maxime Van de Moortel. Stability and instability of the sub-extremal Reissner-Nordstrom black hole interior for the Einstein-Maxwell-Klein-Gordon equations in spherical symmetry.,Maxime Van de Moortel,2018,"Communications in Mathematical Physics 360(1), 103-168 (2018); arXiv:1704.05790",10.1007/s00220-017-3079-3,1704.05790,https://arxiv.org/abs/1704.05790,verified-primary,verified,AF-SCC-C0-VAC-GEN,none,out_of_class,,,,not_applicable,,n/a,,,,none,,ledger_absence,audit:verified-primary,(none),audit provides locator,empty cell: source is referenced by the ledger but never bound to this class; no class binding at all
CC-0380,SRC-095,Maxime Van de Moortel. Stability and instability of the sub-extremal Reissner-Nordstrom black hole interior for the Einstein-Maxwell-Klein-Gordon equations in spherical symmetry.,Maxime Van de Moortel,2018,"Communications in Mathematical Physics 360(1), 103-168 (2018); arXiv:1704.05790",10.1007/s00220-017-3079-3,1704.05790,https://arxiv.org/abs/1704.05790,verified-primary,verified,AF-WCC-SCALAR-SPH,none,out_of_class,,,,not_applicable,,n/a,,,,none,,ledger_absence,audit:verified-primary,(none),audit provides locator,empty cell: source is referenced by the ledger but never bound to this class; no class binding at all
