dsh: reasoning:
Let me start by understanding the context. The user says: "You are a bounded execution worker. Read handoff/map and comms. Take one class-bound task, emit valid JSON with IDs evidence hash falsifier, checkpoint, then exit. worker=06"

I need to look at the workspace /data3/guoshaoyang, find a "handoff/map" and "comms" directory/files. Let me explore.
dsh: reasoning:
No handoff directory found by glob under /data3/guoshaoyang. Maybe under workdir or something. Let me search for "handoff" directories and "comms" directories.

Let me look for recently modified files, likely from a swarm setup. There's `launch_swarm.sh`, `supervise_swarm.sh`, `workdir`, etc. Let's grep.
dsh: reasoning:
I am worker=06. The swarm root is /data3/guoshaoyang/workdir/ai4math-swarm. I need to read handoff/map and comms, take one class-bound task, emit valid JSON with IDs, evidence, hash, falsifier, checkpoint, then exit.

Let me explore the swarm root.
dsh: reasoning:
I'm worker-06. There's already a `worker-06.jsonl` in comms/inbox, and prior w06 checkpoints. The new run appears to be re-launched with a new stamp (worker-06-20260912T000356). I should read:

1. HANDOFF.md
2. research_map/ASTRA_HANDOFF.md, ARCHITECTURE.md, research_map.json (huge, use jq to extract tasks)
3. comms/PROTOCOL.md
4. comms/inbox/worker-06.jsonl and deepseek-flash-06.jsonl (assignments directed at me)
5. comms/outbox/assignments/
6. runtime/state/w06_checkpoint_*.json, w06_checkpoints.jsonl

Then take one class-bound task, emit valid JSON event with IDs, evidence, hash, falsifier, checkpoint, exit.

Let me read the key files. Note policy: use read tool, not cat, for text files. Let's read PROTOCOL.md, ASTRA_HANDOFF.md, and inbox worker-06.jsonl.
dsh: reasoning:
Now read my inbox: comms/inbox/worker-06.jsonl and deepseek-flash-06.jsonl. Also look at assignments dir and the runtime state w06 checkpoints to avoid duplicating earlier work.

The new run's worker id: The supervisor at 00:03:56 launched "worker-06" with prompt `$worker $n` where worker prompt says "You are persistent breadth worker... Read handoff and map, consume assignments in comms, work only on a class-bound task...". So my channels are comms/inbox/worker-06.jsonl (downward) and outbox worker-06.jsonl. Wait, in the older protocol agent ids were deepseek-flash-01..20. New naming uses worker-01..20. Let me check the inbox for worker-06.jsonl and outbox. Let me list outbox fully and assignments dir.
dsh: reasoning:
I see. My inbox for worker-06 has assignments. The latest assignment (line 6, FORM-HELDOUT-07) was already completed per line 7 ("FORM-HELDOUT-07 ACCEPTED..."). The supervisor relaunched me as worker-06 (new stamp). Line 7 says "No further action requested; if you continue, the highest-value next corpus would be prose leaks in the exempt explanatory fields, which neither stage scans by design."

So the task: "Take one class-bound task, emit valid JSON with IDs evidence hash falsifier, checkpoint, then exit." I'm a bounded execution worker. The best task is the one offered by lead-formulation: a corpus of prose leaks in exempt explanatory fields. That's within class-bound (AF-WCC-VAC-GEN, AF-SCC-C2-VAC-GEN, AF-SCC-C0-VAC-GEN classes) and it's a natural continuation.

But I need to verify current state: check artifacts/worker-06/, artifacts/formulation/FROZEN.json (revision 11), rule spec v1.2 + KEY_MANIFEST.json, tools, etc. Also check the newer "outbox/worker-06.jsonl" (existing) and checkpoints. Also check other comms — perhaps there are newer messages for worker-06 or a current assignment from a lead. Let me also check whether there are other task assignments in the map for class-bound tasks in the immediate queue.

Let me first read the prior worker-06 outbox tail, the checkpoint files, and FROZEN.json + artifacts dir listing.

Also, importantly: I should check the current research_map.json for the classes and current node A1 status, plus what's left. The map is 547KB; use python/jq.

Let me read:
- artifacts/formulation/FROZEN.json
- ls artifacts/worker-06/
- tail of comms/outbox/worker-06.jsonl
- runtime/state/w06_checkpoints.jsonl (or the last checkpoint)

Let me do these in parallel.
dsh: reasoning:
Interesting. Prior worker-06 (deepseek-flash-06) did FORM-HELDOUT-07, and the outbox was written at "2026-09-12T01:50" and "02:00" timestamps — but the current date appears to be 2026-09-11 23:xx based on file mtimes? Wait, the system clock may be different. Actually file mtimes say Sep 12 00:03. The outbox events have created_at 2026-09-12T02:00:00+08:00 which is in the future relative to mtime 23:46... Hmm, the prior worker used a fictional timestamp maybe. Actually there might be timezone offset issues. Whatever.

Current state: FROZEN.json revision 18 (frozen_at 2026-09-12T00:04:28+08:00). So the lead has advanced from rev11 to rev18 since the prior worker's freeze observation. The held-out measurement has been accepted (per inbox line 7), and no further action requested; the suggested next task is "prose leaks in the exempt explanatory fields, which neither stage scans by design."

So the natural one class-bound task: build a NEW out-of-sample corpus targeting prose leaks in the exempt explanatory fields (e.g., visibility.reason, non_vacuity.condition, genericity.generic_set, provenance, comments, etc.), measure escape rates against the CURRENT frozen revision 18 hashes, and produce a report. That is exactly the "next task" the lead suggested.

But wait: I am a bounded execution worker and should "take one class-bound task". Also the instruction says emit valid JSON with IDs evidence hash falsifier, checkpoint, then exit. I have limited budget. Let's be pragmatic: build a small, high-value corpus (say 12-20 fixtures) targeting prose leaks in exempt explanatory fields, run both stages (canonical structural gate + semantic auditor), measure escape, write artifacts under artifacts/worker-06/ (a new subdir, e.g., artifacts/worker-06/exempt_field_corpus/), emit events in comms/outbox/worker-06.jsonl with hashes, update checkpoints (runtime/state/w06_checkpoint_5.json and w06_checkpoints.jsonl), then exit.

But first I must verify the current state:
1. Which files/keys are exempt from scanning in the canonical gate (check_class_schema.py) — need to read the tool to understand what "exempt explanatory fields" are.
2. Current frozen hashes (rev18) and verify disk matches (verify_frozen.py).
3. The W06 semantic auditor: artifacts/worker-06/spec_conformance_audit.py — its rules.
4. The prior corpus generation scripts may be reusable: make_heldout_corpus.py, run_heldout_corpus.py, rebase_heldout.py — I can base a new corpus on the canonical C0 schema.

Let me also check the map for node A1 status and classes. And check whether the lead has newer inbox messages (my inbox only had 7 lines; the last said no further action requested). Also check for `deepseek-flash-06.jsonl` inbox (older naming) to see if anything newer. And check whether other workers already did the "exempt field" corpus (avoid duplication). Let me grep the inbox dir for "exempt" or similar.

Let me look at:
- grep "exempt" in artifacts/formulation and comms
- the map's current node A1 status
- verify_frozen.py run

Let me do a batch.
dsh: reasoning:
FROZEN rev18 verified, 0 drift. Now:

The proposed next high-value task: "prose leaks in the exempt explanatory fields, which neither stage scans by design." I should build a held-out corpus targeting those fields, run both stages, measure escape, and report.

Before building, I need to understand:
1. The canonical gate's scanning blocks (which fields are scanned).
2. The semantic auditor's rules.
3. The current canonical C0 schema layout to mutate.

Let me read key portions of `check_class_schema.py` (esp. around line 318 and the leakage scan blocks) and the rule_spec. Also read the semantic auditor's structure quickly (head). And the DELIVERABLE_SUMMARY.md remaining blind spot section for context.

Also, check if some other worker (e.g., worker-09 whose outbox has multiple versions up to 00:02) is already doing this. Let me check worker-09's recent files and outbox for exempt-field work, plus search all comms for "exempt field".

Let me batch reads.
dsh: reasoning:
No other worker has done the exempt-field corpus yet (mentions of "exempt" in outboxes are about other things likely). Good.

Now let me understand the gate's R17-R31 and which fields are scanned. Let me read the rest of check_class_schema.py (379-573) and the top (ASSERTIVE_PATHS, scan_composite, etc.).

Also need to understand the current canonical C0 schema structure to author fixtures. Let me read the rules section of check_class_schema.py lines 1-240 partially, plus 379-573.
dsh: reasoning:
Now let me read the rest (379-573) to see R17-R31 rules, especially which fields are scanned for prose leaks and what exemption remains (visibility.reason etc.).
dsh: reasoning:
Now I understand the canonical structural gate. The remaining exempt fields (not scanned):
- EXEMPT_KEY matches keys beginning with forbidden|must_not|anti_scope|not_|excluded|variants|phrases_that_are_not|why_|reason$|sibling_|derived_|visible_singularity_is_wcc$|no_|never_|c0_uniqueness_caveat$|composite_regularity_ban$|terminology_disambiguation$|schema_falsifiers$|vacuity_falsifier$|class_change_warning$|subsumption_note$|observability_note$|equivalence_claim$|non_goals$|forbidden_strengthenings$|forbidden_weakenings$|forbidden_transfers$

Note: `visibility.reason` (SCC) is exempt (reason$). Also `class_change_warning`, `transfer_failures`? Wait, R28 scans transfer_failures. Hmm, EXEMPT_KEY includes reason$ so `visibility.reason` is skipped by scan_composite (R13) and scan_curv, collect (R30), but R12's ASSERTIVE_PATHS doesn't include visibility.reason. R16 prose converse scans keys non_vacuity, c0_specifics, regularity, anti_scope, implication_ledger (strings_at on those keys) — note anti_scope is exempt from R13 but R16 scans it intentionally.

Also R29 scan_curv skips EXEMPT_KEY keys, so `visibility.reason` in C0 is exempt from curvature ban.

So the residual blind spots the lead mentioned: prose leaks in exempt explanatory fields, e.g. `visibility.reason` (WCC content in SCC), `genericity.class_change_warning`, `anti_scope.*` prose, `why_*`, comments. The lead's suggestion: "the highest-value next corpus would be prose leaks in the exempt explanatory fields, which neither stage scans by design."

My task: build a held-out corpus of mutants that hide class leaks inside these exempt explanatory fields, run both stages, measure escape rates, report the escaped families with one-sentence reasons. That is class-bound (classes AF-WCC-VAC-GEN, AF-SCC-C2-VAC-GEN, AF-SCC-C0-VAC-GEN) and directly assigned-ish (lead suggested it as highest-value next).

Plan:
1. Check current state of things: canonical C0/WCC/C2 schemas at rev18 (hashes known). Verify my prior scripts still work. Note: canonical schemas have changed since my prior corpus was written (rev11+). I need to base the new corpus on the CURRENT canonical layout (rev18 hash bdb23f... for C0, f962c... WCC, e9fce... C2).
2. Build corpus authoring script under artifacts/worker-06/exempt_field_corpus/ with manifest hash frozen BEFORE running (H2-style: manifest written before measurement).
3. Mutants: hide a class-level leak in exempt explanatory fields. Each mutant must be derived from a conforming canonical base (so the ONLY difference is the leak). Since exempt fields are not scanned by R12/R13/R29/R30/R31, and the only scans that touch some of them are R16 (anti_scope, non_vacuity, c0_specifics, regularity, implication_ledger) — be careful: mutant leaks should be in fields NOT covered by R16 to be true blind spots. Fields:
   - `visibility.reason` (SCC schemas): currently only R10 requires non-empty; no content scan. WCC content ("visible singularity" is WCC concern...) hmm. Actually for SCC visibility.reason: put "the visible singularity at I+ is resolved by weak cosmic censorship" — that's WCC content in an SCC schema. This was the confirmed escape h03.
   - `genericity.class_change_warning` (exempt) — put "strong cosmic censorship fails"? Or a merged C0-or-C2 statement? Actually COMPOSITE scan skips it (exempt), so "the residual set is comeager in the C0 or C2 class" would pass. That's a composite regularity leak.
   - `non_vacuity.condition`? Not exempt; R23 scans it. Avoid.
   - `anti_scope` entries: EXEMPT_KEY matches anti_scope -> R13 composite leak in anti_scope passes; but R16 scans anti_scope for prose converse. Also R12 doesn't scan it. So put quantization... e.g. a composite "C0 or C2" leak in anti_scope (skipped by R13) — but is that a leak? anti_scope is prescriptive/negative, so composite wording there might be legitimate ("this is not the C0 or C2 class"). Hmm. The "exempt" semantics: leakage tokens are legitimate in negative/prescriptive fields. But a *rephrased* leak that is actually assertive inside a key that merely starts with `why_` or `reason` is a genuine leak. E.g., `why_not_c2` fields... 
   - `provenance.sources[*].role`? Not exempt (role doesn't match reason$; "role" not in exempt list... Actually EXEMPT_KEY regex `reason$` matches keys ending in "reason", not "role"). R15 scans sources blob only for "establishes/proves the conclusion" pattern. So a source-role overclaim like "this citation proves the WCC theorem" in `provenance.sources[i].role` — but wait R12 doesn't scan provenance at all. So foreign-family content ("weak cosmic censorship") in provenance.role would pass. That is an exempt-ish explanatory field (not exempt-key but unscanned).
   - `quantifiers.negation` prose, `scope_statement`? scope_statement IS assertive path.
   - `data_class.asymptotic_decay` prose with foreign leak? Not scanned for foreign tokens except composite (R13 scans everywhere non-exempt) and curvature (R29). So "asymptotically flat ends where weak cosmic censorship holds" in data_class comment-ish field would pass. But is it a leak? It's foreign family content (WCC token in SCC class).
   - `extensions:` subtree: R26 says content rules still apply, but which rules? scan_composite covers extensions (since walk skips key `extensions` for key manifest but scan_composite only skips EXEMPT_KEY keys; "extensions" doesn't match EXEMPT_KEY... `EXEMPT_KEY` has `excluded` and `not_` etc. `extensions` doesn't match). Wait, R22 skips extensions subtree for unknown keys; R26 comment says scan_composite and string scans do not skip extensions. But foreign-token scan R12 only scans ASSERTIVE_PATHS. So a WCC token inside `extensions.comment` would pass R12. That's the exact family of 4 held-out leaks that were fixed? FROZEN rev11 says "extensions subtrees are no longer content-exempt" — but how was that implemented? R26 comment claims by construction. Let me check run_gate_tests for extension content... Actually the held-out leaks were caught by R13 composite regularity inside extensions (scan_composite does not skip extensions). But foreign-family token in extensions is still unscanned by R12 (ASSERTIVE_PATHS only). Hmm, that's a candidate too.

So the corpus should target EXEMPT_KEY fields + unscanned prose fields. Then measure: structural gate catches X/N, semantic auditor catches Y/N, union escape.

Also H5-style controls: 3 canonical schemas + conforming controls + negated-phrase controls must pass both stages.

Then: write manifest.json BEFORE run with corpus hash; write report.json with aggregated numbers + escape_families; write a README/summary; compute sha256 of artifacts; emit JSON events in comms/outbox/worker-06.jsonl (status, artifact, claim with class_id, evidence_refs, falsifier); checkpoint files runtime/state/w06_checkpoint_5.json + append w06_checkpoints.jsonl; run the controller's checkpoint.py maybe? Note: checkpoint.py is owned by controller; maybe I shouldn't run it (it might be heavy). The instruction says "checkpoint" — I'll write my own worker checkpoint JSON + append to w06_checkpoints.jsonl, consistent with prior worker behavior (w06_checkpoint_*.json files).

But wait: "Take one class-bound task" — I could also take a task from the map's assignment queue. Let me check research_map.json for assignments targeted at worker-06 or open tasks. The assignment in my inbox is FORM-HELDOUT-07 (done). The lead's last message suggests next corpus. Given the bounded-work instruction, doing the exempt-field corpus is good. But first let me confirm there's no newer assignment in the map or inbox addressed to worker-06 (new stamp). Let me query the map with python: assignments, nodes, gates, and check inbox files for "worker-06" assignments beyond what I read (inbox/worker-06.jsonl has 7 lines; the deepseek-flash-06.jsonl older). Let me also check research_map.json structure quickly.

Also, before investing, check time budget: unknown, but the instruction says bounded. I'll aim for a compact corpus: ~15 mutants across ~8 leak families, 5 controls. Reuse prior scripts (make_heldout_corpus.py pattern) to build mutants from canonical bases by setting exempt fields.

Let me inspect research_map.json current state + check inbox messages to worker-06 across files, and read the semantic auditor's interface (spec_conformance_audit.py) to know its rules/fields. Let me look at its head and rules list.
dsh: reasoning:
Good. There's also `assign-FORM-HELDOUT-08` assigned to worker-16 with the same pattern. So the swarm has moved on; worker-16 is doing a second held-out corpus. My inbox line 7 says "No further action requested; if you continue, the highest-value next corpus would be prose leaks in the exempt explanatory fields."

But note the runtime supervisor at 00:03:56 launched fresh worker-06 with generic prompt. I have freedom to pick. The exempt-field corpus is genuinely high value and unclaimed (worker-16 does a general held-out corpus; the exempt-field corpus is distinct).

Let me verify worker-16's heldout2 topic to avoid overlap. Check comms/inbox/worker-16.jsonl (or outbox). Quick grep for "heldout2" and "exempt".

Also I should confirm current canonical schema layout by looking at the C0 schema's exempt fields (visibility, genericity, anti_scope, provenance, etc.). Let me inspect the keys of the canonical C0 YAML.

Then design corpus:

Base: canonical C0 rev18 (sha bdb23f76...), canonical C2 (e9fcefe6...), canonical WCC (f962c117...).

Mutants: each is the canonical base with one textual injection into an exempt/unscanned field, keeping everything else identical. Since the canonical base passes both stages (control), the mutant should be caught only if the stage scans the injected field.

Leak families (each maps to a real class-level invariant):
E1. WCC content in SCC `visibility.reason` (confirmed blind spot): e.g. "the visible singularity is excised by weak cosmic censorship" → WCC token "weak cosmic censorship"/"visible" in C0/C2.
E2. Composite regularity in `genericity.class_change_warning` or `anti_scope` prose (C0-or-C2 merge): e.g. "this warning does not apply to the continuous or twice-differentiable class" — EXEMPT_KEY class_change_warning → R13 skipped. WCC class too.
E3. Theorem promotion in `visibility.reason` / `class_change_warning` / `provenance.sources[*].role`: "we prove the theorem here" → R20 only scans conclusion statements.
E4. Sibling-regularity substitution in `extension_predicate.why_frozen` (key starts with why_ → exempt) or visibility.reason: "the extension is merely continuous" in C2 schema (foreign_reg for C2 includes "merely continuous" but R31 only scans apaths + extension_predicate subtree excluding EXEMPT_KEY keys). `extension_predicate.why_frozen` matches why_ → exempt from collect_ep. So "merely continuous extension" in why_frozen passes.
E5. Curvature hypothesis in C0 `visibility.reason` / `c0_uniqueness_caveat` (exempt): "the extension is C0 provided the Kretschmann scalar is bounded" → R29 skips exempt keys.
E6. Quantifier-order substitution in `why_*`/`observability_note` prose: e.g. "for every datum there exists a comeager set G such that..." (all-data strengthening, reversed order) → passes.
E7. I+ completeness assertion in SCC `visibility.reason`/`note`: "I+ is complete for generic data" → R09 only scans i_plus subtree.
E8. Transfer-failure truth-table violation in `subsumption_note` (exempt from? R28 scans g2.transfer_failures/transfer_holds regardless of exemptions — it iterates g2.get(container), not affected by EXEMPT_KEY). So instead put it in `why_transfer` under genericity? R28 only checks the two containers. A prose transfer claim in `genericity.class_change_warning`, e.g. "full measure transfers to residual comeager" → passes.
E9. Composite/foreign content inside `extensions:` subtree: e.g. `extensions: {note: "the class is C0 or C2 and weak cosmic censorship holds"}` → R12 ASSERTIVE_PATHS doesn't scan extensions; scan_composite DOES scan extensions (composite regex catches "C0 or C2" — the held-out fix). So use foreign token without composite token: "weak cosmic censorship holds" in extensions.note. Also `why_`-keyed fields.
E10. Multi-end slice undeclared in an unscanned prose field? R04 scans t.slice_topology only. E.g. `topology.forbidden` is exempt? EXEMPT_KEY includes forbidden → yes `topology.forbidden` list is exempt from R13, but R04 string-checks forb for "closed"/"periodic". A leak "two asymptotically flat ends are allowed" in `topology.forbidden` would pass (R04 only checks closed/periodic present). That's a real structural leak (multi-end).
E11. Matter smuggled into VAC: R05 checks dc.matter=="none" and constraints; but a prose field `data_class.why_vacuum` saying "a small amount of scalar field matter is permitted" passes. That's a real class leak.
E12. Genericity kind change in `class_change_warning`: "this is the open-dense-escape class" → R21 only looks at g2.kind.
E13. Conclusion-type inflation in `visibility.reason`: "we have established a theorem" (R20 scans conclusion only).
E14. Foreign-family: SCC-style inextendibility in WCC unscanned field (e.g., `visibility.reason` doesn't exist in WCC? WCC has predicate_name/definition/negation_conclusion + maybe reason). Better: put "the spacetime is inextendible but not geodesically" in WCC `genericity.class_change_warning`.
E15. Provenance overclaim in `provenance.sources[*].role`: "this work proves the class conclusion" → R15 regex only catches "establishes|proves|proof of|settles the (class) conclusion|conjecture|statement". "this work proves the class conclusion" WOULD be caught by R15's regex ("proves\s+the\s+(class\s+)?(conclusion|...)"). Use a different phrasing: "settles the censorship question for this class" → passes R15. Good.

That's plenty. Keep ~14-16 mutants. Corpus = 3 canonical bases + N mutants + controls (2 conforming + 2 negated-phrase). Must ensure controls pass BOTH stages, otherwise format-dominated → invalid.

Important: mutant must differ from base ONLY in an exempt field; when running canonical gate, the rest must be kept identical. I'll implement via a script that loads base YAML, deep-sets a path, writes YAML. But careful: YAML round-trip may change formatting; that's fine as long as the base round-trip itself passes both stages (control: base_roundtrip). I must include "base_roundtrip" controls for each base: load + dump unmodified → must pass both stages. That guards against format domination.

Also semantic auditor expects specific layout. My prior `spec_conformance_audit.py` (baseline) targets worker draft layout per the lead's note; the lead later said "re-derive your rules against canonical key layout (rule_spec v1.2 + KEY_MANIFEST.json), or keep your auditor as a second opinion and state in its output which layout it targets." The prior worker used spec_conformance_audit.py as baseline W06 auditor (sha c79d8ab8440a) and reported semantic escape 0.7692. For this run, H3-style: run BOTH stages: canonical gate and spec_conformance_audit.py. I'll state the layout target. Better: also run the semantic auditor in hardened mode? Let me check its CLI options (selftest, hardened flag). Let me read main() and the rule list to know what it scans.

Also check if there's a newer w06 semantic tool. `ls artifacts/worker-06` shows spec_conformance_audit.py (last modified 23:36) and check_class_binding.py (23:36). The outbox mentions "W06 baseline semantic auditor sha c79d8ab8440a". Fine.

Time budget: I'll aim to finish in ~30-45 min of tool calls. Let's be efficient.

Step 1: inspect canonical C0 keys and exempt fields; check semantic auditor main/rules quickly.
Step 2: write generator script `artifacts/worker-06/exempt_field_corpus/make_corpus.py` and run it to produce fixtures + manifest (manifest hashed and written before measurement).
Step 3: write runner `run_corpus.py` that runs both stages on each fixture, computes aggregate stats, and writes report.json.
Step 4: run, examine results (if union escape is high, that's the finding).
Step 5: hash artifacts, write SUBMISSION.md + checkpoint, emit events to outbox worker-06.jsonl (append, valid JSON lines), verify ingest (maybe run comms.py ingest? That's controller's command; PROTOCOL says ingest by comms.py only — anyone can run it? "python3 research_map/comms.py ingest # pull outbox -> events.jsonl". I can run it to ingest my events; but it may ingest everyone's. Prior workers seemed to run it. Actually messages get ingested by controller regularly. I'll append to outbox and optionally run ingest — but careful about write races (map.lock exists). I'll just write to outbox; the controller ingests. Hmm, but the instruction says "emit valid JSON with IDs evidence hash falsifier" — outbox is the channel. I can also verify my events are valid JSON.

Let me check the checkpoint convention: read w06_checkpoint_4.json and w06_checkpoints.jsonl tail.

Also confirm no newer inbox message for worker-06 since 23:50 (file was 23:44). The inbox file worker-06.jsonl is the channel for both old (deepseek-flash-06?) Hmm — actually the lead wrote to "worker-06" and "deepseek-flash-06" separately. My outbox is comms/outbox/worker-06.jsonl and older deepseek-flash-06.jsonl. The supervisor's new naming uses worker-NN. The inbox worker-06.jsonl has the assignments, so I use that.

Let me now inspect:
1. C0 canonical YAML top-level keys and exempt-field locations.
2. spec_conformance_audit.py main + rules summary.
3. w06_checkpoint_4.json + tail of w06_checkpoints.jsonl.
dsh: reasoning:
Now I have a clear picture. The canonical C0 schema has `visibility.reason` = "visibility from I+ is the WCC predicate. This SCC class asserts non-ex..." — this is the deliberately exempt field.

Let me look at check_class_binding.py? No — my time budget. The auditor spec (artifacts/worker-06/spec_conformance_audit.py) is the second stage. Fine.

Now, design the corpus. Key requirement: the mutants must be leak-bearing per an independent, pre-declared leak criterion, derived from frozen class invariants in rule_spec/taxonomy — not invented to match rules. I'll define leak families with a "class_invariant" citation each (rule id or spec clause), then inject.

I'll structure:
- Base bases: c0, c2, wcc canonical (rev18 hashes). For each, a round-trip control (dump unchanged) plus conforming control (a legitimate edit in an exempt field, e.g. reason wording that stays in-class) plus negated-phrase control (in an exempt field: "this class is NOT the C0-or-C2 merged class; no visible singularity is in the conclusion") — should pass both stages (per H5).

- Mutants (~15) across families, e.g.:

Family F-EXEMPT-WCC-IN-SCC (C0 & C2 bases):
 m01: visibility.reason := "the visible singularity is resolved by weak cosmic censorship for generic data" (foreign WCC token in SCC).
 m02: visibility.derived_note := "..." (derived_ key exempt) with "Cauchy horizon extension regularity C0" — foreign WCC token.
Family F-EXEMPT-COMPOSITE (C0 base, WCC base):
 m03: genericity.class_change_warning := "this warning applies to the continuous or twice-differentiable class" (composite merge).
 m04: extension_predicate.must_not_conflate? must_not is exempt? EXEMPT_KEY has `must_not` prefix → yes. Put "the extension is C0 or C2" — but that's a negative field... A leak must be assertive; must_not_conflate is negative so content there is legitimately allowed. Skip. Use `anti_scope.phrases_that_are_not_this_class` — prescriptive too. Instead use `genericity.class_change_warning` and `non_vacuity.c0_specific_note` (c0_ prefix? EXEMPT_KEY has `c0_uniqueness_caveat$` only; `c0_specific_note` doesn't match → scanned by R13). Use `i_plus.forbidden` (exempt: forbidden) — negative field again. Hmm.

Better: the "exempt explanatory fields" that are *not* negative: `visibility.reason`, `genericity.class_change_warning` (key ends with warning, not in exempt list? EXEMPT_KEY includes `class_change_warning$` — yes exempt), `visibility.derived_note` (derived_ → exempt), `non_vacuity.vacuity_falsifier` (vacuity_falsifier$ exempt), `non_vacuity.iota_regularity` (not exempt), `topology.end_structure` (not exempt; R04 only checks slice_topology), `data_class.gauge` (not exempt), `provenance.no_progress_claim` (no_ prefix → exempt), `provenance.sources[*].role` (unscanned), `genericity.variants`? (variants → exempt), `quantifiers.order_note` (not exempt but only R03 checks presence/order fields; prose not scanned for order), `implication_ledger.subsumption_note` (subsumption_note$ exempt), `falsifier.tier_2.refutes` (assertive path! scanned R12/R31 but not R17-ish; careful), `extensions.*`.

Also `why_bare_metric` under extension_predicate (why_ → exempt from R30/R31 collect_ep and from scan_composite R13).

Let me define families with invariant → field:

1. **X1 WCC-in-SCC prose** (invariant: no foreign-family token in SCC assertive content / class separation; field: `visibility.reason`): m01 c0, m02 c2.
2. **X2 composite regularity in exempt prose** (invariant: never merge C0/C2; field: `genericity.class_change_warning`): m03 c0 ("the class is continuous or twice-differentiable"), m04 WCC (merged C0/C2 mention in a WCC warning is foreign-token + composite? WCC has no regularity token; "C0 or C2" composite in WCC is foreign; but WCC's R12 scans assertive paths only. Use composite "C0 or C2" in WCC `genericity.class_change_warning` → leak).
3. **X3 sibling-regularity substitution in why_-exempt** (invariant: extension regularity is exactly class token, H2_loc is different class; field: `extension_predicate.why_bare_metric`): m05 c2 with "a merely continuous extension is the intended reading" (foreign_reg for C2) ; m06 c0 with "twice-differentiable metric extensions are also covered" (foreign_reg for C0; note R31 scans ep subtree excluding why_ → blind).
4. **X4 curvature hypothesis in C0 exempt prose** (invariant: C0 class carries no curvature-based hypothesis; field: `visibility.reason` / `non_vacuity.vacuity_falsifier`): m07 c0 "the extension exists provided the Kretschmann scalar stays bounded".
5. **X5 theorem promotion in exempt prose** (invariant: no theorem promotion without proof artifact; field: `provenance.no_progress_claim` or `visibility.reason`): m08 c0 "we prove the theorem for generic data" in no_progress_claim (no_ → exempt; R20 scans conclusion only).
6. **X6 quantifier-order substitution in prose** (invariant: comeager G fixed before data; field: `quantifiers.order_note` is not exempt... but the actual formal field is what R27 checks; put reversed-order claim in `genericity.class_change_warning`): m09 c0 "for every datum there is a comeager set of extensions" (all-data strengthening). Hmm, R23 scans non_vacuity.condition for tautology; order_note unscanned. Use `quantifiers.order_note` — not exempt from R13/R29/R30 but no rule scans it for quantifier content. That's an unscanned field; good.
7. **X7 I+ completeness claim in SCC exempt prose** (invariant: SCC I+ role is assumption, not conclusion; field: `visibility.reason`): m10 c0 "I+ is complete in the conclusion for generic data".
8. **X8 matter in VAC** (invariant: VAC matter none; field: `data_class.gauge` or `data_class.why_vacuum`? why_ exempt; but data_class has no such key → KEY_MANIFEST would reject unknown key (R22) — use `data_class.gauge` prose "a small amount of matter is allowed"): m11 c0.
9. **X9 multi-end slice** (invariant: exactly one AF end; field: `topology.forbidden`? negative; use `topology.development_topology` prose "the slice may have two asymptotically flat ends"): m12 c0. R04 only checks slice_topology for two/multiple ends.
10. **X10 foreign-family in extensions subtree** (invariant: extensions is key-allowlist only, content rules apply; field: `extensions.note`): m13 c0 "the visible singularity is hidden from I+" (WCC content in extensions.note) — note scan_composite will scan extensions; avoid composite words.
11. **X11 provenance overclaim** (invariant: no source presented as establishing the class conclusion; field: `provenance.sources[0].role`): m14 c0 "settles the censorship question for this class" (avoid R15 regex).
12. **X12 SCC-style inextendibility in WCC exempt prose** (invariant: no SCC token in WCC; field: WCC `genericity.class_change_warning`): m15 wcc "the development is inextendible as a continuous Lorentzian manifold" — INEXTENDIB_NON_GEODESIC conditional: flagged only if not geodesic; un-scanned field anyway.
13. **X13 transfer truth-table violation in exempt prose** (invariant: no full_measure -> residual_comeager transfer; field: `genericity.class_change_warning`): m16 c0 "full measure transfers to residual comeager".
14. **X14 class-change (genericity kind) statement in exempt prose** (invariant: kind is frozen residual_comeager; field: `genericity.class_change_warning`): m17 c0 "the open dense escape formulation is the operative class here".

That's 17 mutants, >10 families. Maybe trim to ~14-16 to stay bounded. Also each mutant must be based on canonical layout, only one field changed.

However — key risk: The semantic auditor baseline (spec_conformance_audit.py, worker-draft-layout targeted, or its hardened mode) may *catch* some of these because it scans with EXEMPT_PATH_MARKERS prose_exempt regex = `must_not_conflate|forbidden|anti_scope|variants|lint|phrases|excluded|reason|why_|note`. Note "reason" and "note" and "why_" are exempt for its R13 composite but other rules (foreign token R12-equivalent?) may not be exempt. And the canonical structural gate differs. The measured result will show which fields escape both.

Also note: the canonical gate's R12 scans `visibility.definition` but not `visibility.reason`. Good.

The corpus must be honest: report per-fixture caught by each stage and union; aggregate escape rates; escape families with reasons.

Controls (H5-equivalent):
- 3 canonical schemas as-is (pass expected).
- 3 round-trip dumps of canonical bases (format control).
- 2 conforming controls: one mutant-shaped edit per family that stays in-class (e.g., C0 visibility.reason legitimately says "visibility is not part of the SCC conclusion; a visible singularity is a WCC concern handled by the sibling family" — contains "visible"/WCC tokens but is prescriptive/negative → should pass both; and a C2 why_bare_metric legitimate sentence).
- 2 negated-phrase controls: words that look like leaks but negated, in exempt fields ("this class is NOT the C0-or-C2 merged class"; "no visible singularity is asserted in the conclusion").
All controls must pass both stages; otherwise invalid/format-dominated.

Now, will the round-trip controls pass? The canonical base pass both stages presumably (canonical 3/3 accepted earlier by the gate; the semantic auditor "canonical 3/3" per FROZEN rev6). YAML dump may reorder keys (sort_keys=False preserves order in PyYAML) and may change quoting/formatting. Should be fine, but I'll verify at generation time; if a round-trip control fails a stage, that suggests format sensitivity, and I must report/repair generation (e.g., use ruamel or text-level injection instead). Safer approach: do TEXT-LEVEL injection into a copy of the canonical YAML to preserve everything else byte-for-byte. But finding the right line to edit robustly is harder. Alternative: load with yaml.safe_load and dump with yaml.safe_dump(default_flow_style=False, sort_keys=False, allow_unicode=True, width=10000). The canonical files were likely produced this way by the lead, so round-trip should be stable. I'll include round-trip controls to detect drift; if they fail, I'll fall back to text injection.

Now implementing: I'll write a single script `make_corpus.py` with an explicit list of (name, base, path, new_value, family, invariant, one_sentence_reason). It writes:
- `artifacts/worker-06/exempt_field_corpus/fixtures/*.yaml`
- `manifest.json` BEFORE running gates, containing fixture list with per-fixture family/path/invariant, plus base hashes and corpus file hashes (sha256 of each fixture), and `manifest_sha256` computed over a canonical dump... A manifest can't contain its own hash; write manifest.json then record its sha256 in report.json (like FROZEN caveat). Also write `manifest.sha256` file with the hash. That's cleanest: manifest.json + manifest.sha256.

Then `run_corpus.py`:
- For each fixture: run `python3 artifacts/formulation/tools/check_class_schema.py --json <f>` (structural stage) and `python3 artifacts/worker-06/spec_conformance_audit.py --json <out> <f>` (semantic stage; exit code 1 = reject).
- Record per-fixture: `structural_caught` (verdict fail), `semantic_caught`, union.
- Controls listed separately with must-pass requirement.
- Aggregates: structural_escape_rate, semantic_escape_rate, union_escape_rate over mutants; escape_families with count/example/reason.
- Write `report.json` with run-time hashes of the two gate implementations (sha256), manifest sha256, per-fixture results, aggregates, and `corpus_validity` (controls all accepted).
- Also write `report.md` summary perhaps. Keep artifacts modest.

Then hash and write checkpoint + events.

Budget: 3.0 agent-hours nominal. Fine.

One more check: Are there newer canonical schemas? FROZEN rev18 (frozen_at 00:04:28). Schemas on disk at 23:52. verify_frozen passed. The stamp of my launch was 00:03:56; the lead added rev18 at 00:04:28. Current real time? Let me check `date`. Also check whether leads are still running (tmux sessions) and whether any newer inbox message arrived for worker-06. And check worker-16 heldout2 to ensure no overlap (they do a fresh general corpus).

Let me also read rule_spec.json to cite invariants accurately (rule ids R09, R11, R12, R13, R17-R31, spec clauses). I have enough from the gate code; but for the leak criterion I should cite `rule_spec.json` requirements. Let me grep specific rule entries for the fields of interest (e.g., R12 lexical leakage, R20 promotion, R21 genericity, R23 non-vacuity, R29 C0 curvature, R28 transfer table, R04 one-end, R05 matter). Quick read of rule_spec.json — 10KB, read it.
dsh: reasoning:
Good. Time is 2026-09-12T00:05:40. worker-16 has heldout2 assignment (same "held-out2" corpus pattern, class AF-WCC-VAC-GEN, generic). My exempt-field corpus is distinct — it targets the residual blind spot explicitly named. I'll note the distinction in the submission to avoid duplication claims.

Note the checkpoint entries were written by "deepseek-flash-06", the earlier agent. The supervisor now uses worker-06. I'll write checkpoints as worker-06 and keep the file `runtime/state/w06_checkpoints.jsonl` append (checkpoint 5).

Now let me build. First, quick check that both stages accept the three canonical schemas right now (control baseline), and confirm the C0 schema's exempt field paths. Also check WCC canonical keys for the fields I plan to mutate (genericity.class_change_warning exists? visibility.reason? extension_predicate?).

Let me quickly dump WCC/C2 top-level relevant subtrees.
dsh: reasoning:
Both stages accept all three canonical schemas. Time to build the corpus.

Design decisions (freeze before run):
- Bases (rev18): WCC f962c117..., C2 e9fcefe6..., C0 bdb23f76... Verify at generation time by hashing files.
- Round-trip controls: canonical bases re-dumped through the same YAML load/dump as the mutants (3 controls: rt_c0, rt_c2, rt_wcc).
- Conforming controls (2): exempt-field edits that stay in-class:
  - pos_c0_inclass_reason: C0 visibility.reason rewritten to legitimately explain visibility is a WCC predicate not in this conclusion, with negated/prescriptive phrasing ("no visible-singularity falsifier belongs to this class") — must pass both.
  - pos_c2_why: C2 extension_predicate.why_future_not_two_sided reworded in-class.
- Negated-phrase controls (2):
  - neg_c0_merge: C0 genericity.class_change_warning says "this is NOT the C0 or C2 merged class; ..." — contains composite tokens but negated. Should pass (exempt field anyway).
  - neg_wcc_foreign: WCC genericity.class_change_warning "SCC-style inextendibility is not asserted here" — foreign token negated.
- Mutants (16) across 12 families as designed. Each mutant: name, base, path, new value, family id, invariant refs, expected "leak", rephrased flag (no forbidden tokens where possible), and a one-sentence reason.

Leak criterion: a mutant is "leak-bearing" if its injected text asserts (not negates/prescribes) content that the frozen class contract forbids: foreign-family content, merged regularity, sibling regularity substitution, curvature hypothesis in C0, theorem promotion, wrong quantifier order, I+ completeness, matter in VAC, multi-end slices, genericity-kind substitution, transfer-failure truth-table inversion, source overclaim. Cite rule ids that scan the field they *should* have been caught by.

Fields to target (all unscanned or exempt):
C0/C2 SCC:
1. visibility.reason (exempt `reason$`; not in ASSERTIVE_PATHS)
2. visibility.derived_note (exempt `derived_`)
3. non_vacuity.vacuity_falsifier (exempt)
4. genericity.class_change_warning (exempt)
5. quantifiers.order_note (unscanned, non-exempt — no rule inspects prose there)
6. topology.development_topology (unscanned for end structure)
7. data_class.gauge (unscanned for matter)
8. provenance.sources[0].role? Actually sources entries have concept/identifier/status/needed_for — no role key; adding `role` key would trigger R22 unknown key unless KEY_MANIFEST has it. Check KEY_MANIFEST allowed keys: does it include source subkeys? R22 walk collects all keys including nested ones inside lists of dicts. Let me check allowed_keys for "role". Simpler: put the overclaim text into `provenance.no_status_claim` (key `no_status_claim` starts with `no_` → exempt from scan_composite; R15 only scans `sources` list). So C0's `provenance.no_status_claim` is a perfect target.
9. extension_predicate.why_future_not_two_sided (why_ exempt; R31 collect_ep skips why_) — C2 only.
10. extensions.note — requires adding top-level `extensions` key; R22 skips unknown keys under extensions. Good.
11. i_plus.completeness_in_conclusion? That's a bool; R09 checks in_conclusion false. A prose leak must go to a string field. `i_plus.forbidden`? negative. Use visibility.reason for I+ completeness.
12. genericity.transfer_holds? R28 scans container rows only for dicts with pair; adding a prose entry (dict without pair) passes R28. Actually `transfer_holds` entries are presumably list of dicts; adding a dict {"claim": "full_measure transfers to residual_comeager"} — R28 skips rows without pair; but R22 keys must be allowed... "claim" may not be in KEY_MANIFEST. Use `genericity.class_change_warning` instead for transfer.

WCC:
13. WCC visibility.observability_note (observability_note$ exempt)
14. WCC genericity.class_change_warning (exempt) for SCC-token leak
15. WCC non_vacuity.vacuity_falsifier (exempt) for "inextendibility" leak

Let me define 16 mutants:

m01 c0, path visibility.reason, family X1_foreign_wcc_in_scc: "The visible singularity is resolved by weak cosmic censorship, so no Cauchy horizon forms in the generic development." (WCC tokens: visible, weak cosmic censorship, Cauchy horizon)
m02 c2, path visibility.reason, family X1: "Weak cosmic censorship guarantees that the Cauchy horizon is hidden from I+ for generic data."
m03 c0, path genericity.class_change_warning, family X2_composite: "The class covers the continuous or twice-differentiable extension class; the distinction is bookkeeping." 
m04 wcc, path genericity.class_change_warning, family X2_composite_foreign_wcc: "Data whose development is C0 or C2 inextendible are excluded from this class."
m05 c2, path extension_predicate.why_future_not_two_sided, family X3_sibling_regularity: "A merely continuous extension is the intended reading; the twice-differentiable requirement is optional."
m06 c0, path extension_predicate.why_bare_metric, family X3_sibling_regularity: "Twice-differentiable extensions are also covered; C^{1,1} metrics are admitted."
m07 c0, path non_vacuity.vacuity_falsifier, family X4_curvature_hypothesis_c0: "The class is non-vacuous only if the Kretschmann scalar is bounded on the maximal development."
m08 c0, path provenance.no_status_claim, family X5_theorem_promotion: "We prove the theorem for all generic data; the proof is in this artifact." 
m09 c0, path quantifiers.order_note, family X6_quantifier_order: "For every datum there exists a comeager set of extensions, so the comeager quantifier can follow the data quantifier."
m10 c0, path visibility.reason, family X7_iplus_completeness: "I+ is complete in the conclusion, and generic data have complete future null infinity."
m11 c0, path data_class.gauge, family X8_matter_in_vac: "A small amount of scalar-field matter is permitted; the vacuum restriction is a convenience."
m12 c0, path topology.development_topology, family X9_multi_end: "The slice may have two asymptotically flat ends; the second end is suppressed in the generic case."
m13 c0, path extensions.note, family X10_extensions_foreign: "The visible singularity is hidden from I+, which is the WCC statement this class is about." (no composite tokens)
m14 c2, path non_vacuity.vacuity_falsifier, family X11_transfer: "Full measure transfers to residual comeager, so the measure-theoretic formulation implies this class." (truth table says no_transfer)
m15 wcc, path genericity.class_change_warning, family X12_scc_in_wcc: "This class requires inextendibility as a continuous Lorentzian manifold of the development." (INEXTENDIB without geodesic)
m16 wcc, path non_vacuity.vacuity_falsifier, family X13_kind_change: "The operative genericity is the open dense escape class, not the residual comeager class." (kind substitution; note WCC `genericity.kind` frozen residual_comeager too)
m17 c0, path genericity.class_change_warning, family X13_kind_change: "The open dense escape notion is the operative class here; residual comeager is only a default."
m18 c0, path provenance.no_status_claim, family X14_source_overclaim: "The cited theorem settles the censorship question for this class." — same field as m08; that's OK but let me use `implication_ledger.subsumption_note` (subsumption_note$ exempt) for one of them.

Let me consolidate to 16 mutants across 12+ families. Each has: id, base, path, family, invariant (rule refs), expected_catch_rule (the rule that *should* have caught it if it scanned the field), rephrased (bool: no canonical forbidden token for that rule).

The report should give escape families grouped by family id with counts and example.

Now controls must pass BOTH stages. m03/m04 contain "C0 or C2" — in exempt fields, gate skips. Good.

One concern: adding `extensions.note` (m13) — R22 skips keys under extensions only for unknown-key check: `walk_keys` skips `k=="extensions"` and sets under_ext... looking at code: `if under_ext or k == "extensions": continue` — it skips the whole subtree. Good. Other scans (R12 ASSERTIVE_PATHS) don't include extensions. scan_composite does scan extensions but m13 text has no composite wording. R29 scan_curv does scan extensions but m13 has no curvature. Good.

Another concern: mutants must not accidentally fail for unrelated reasons (e.g., changed field triggers some other rule). Since we only edit string values in existing keys (or add extensions), structure stays valid. I'll verify each mutant's failures are attributable to the injected leak; report includes per-fixture failure rules so a reviewer can check.

Implementation details:
- Deep-set path supports list indices: e.g. `provenance.sources[0].concept`. Keep simple: use paths with dict keys and optional [i].
- YAML dump: yaml.safe_dump(doc, sort_keys=False, allow_unicode=True, default_flow_style=False, width=1000). The canonical file was likely dumped similarly. Round-trip controls verify.

Let me check the canonical file's raw formatting quickly (head) to match width/quotes. Not critical — controls will tell.

Also: manifest must be written BEFORE the run. I'll compute sha256 of each fixture and write manifest.json + manifest.sha256, then run.

The runner (run_corpus.py) will:
- Read manifest (and verify each fixture hash matches manifest).
- Run stage 1: subprocess [python3, gate, --json, fixture] capture stdout json (gate returns exit 1 on fail; json on stdout).
- Run stage 2: subprocess [python3, auditor, fixture, --json, tmpfile] then read tmp json.
- Compute results.
- Controls: expect pass both; if not, validity=false with which control failed.
- Mutants: caught/escape per stage.
- Aggregates: structural_escape=escaped_struct/total; semantic; union; escape_families list.
- Record gate hashes (sha256 of the two tool files) and manifest sha256.
- Write report.json.

I'll also record baseline acceptance of the *unmutated* canonical schemas as extra controls (3).

Time to write the scripts. I'll write them with the `write` tool.

Let me first quickly confirm the canonical file head format and KEY_MANIFEST for allowed keys I'm touching (extensions is fine). Also confirm exact hash values at generation time.

Let me write make_corpus.py now.
dsh: reasoning:
Now run the generator. Note ROOT computed as parents[3] of the script: script is at artifacts/worker-06/exempt_field_corpus/make_corpus.py → parents[0]=exempt_field_corpus, parents[1]=worker-06, parents[2]=artifacts, parents[3]=ai4math-swarm. Good.
dsh: reasoning:
m13 path `extensions.note` doesn't exist in the base; set_path rejects missing intermediate key. Add creation semantics for the `extensions` dict top-level. I'll modify set_path to create intermediate dicts when missing (only dicts), which is safe since we only add `extensions` (allowlisted skip). Note R22 skips unknown keys under extensions, so adding `extensions: {note: ...}` is allowed.

Let me update set_path: when traversing intermediate keys, if key missing, create {} (only when no index). For final key, set value.
dsh: reasoning:
Corpus generated: 18 mutants, 14 families, 7 controls (3 round-trip + 2 positive + 2 negative). Manifest sha256 0627216b6b276f80...

Now write the runner. It must:
- Verify manifest + fixture hashes.
- Run both stages on all 25 fixtures.
- Controls: all must pass both stages (validity gate).
- Also treat the 3 canonical schemas as external controls (pass both).
- Aggregate escape rates on mutants.
- Group escape families.
- Write report.json (with gate hashes, manifest hash, per-fixture rows, aggregates, escape_families).
- Also write report.md.

Stage 1 canonical gate: `python3 <gate> --json <fixture>` → exit 0 pass, 1 fail; stdout JSON with verdict/failed_rules/failures.
Stage 2 semantic auditor: `python3 <auditor> <fixture> --json <tmp>` → exit 0 accept, 1 reject; json has verdict, failed_rules, checks (I'll read the file). Note: the auditor's accepted layout target — earlier note. I'll record the auditor sha and note it's the layout-agnostic baseline (targets both canonical and worker drafts?). Let me check quickly what layout it targets — but not critical; report states which sha was used and that it is the W06 baseline auditor.

One important check: does the auditor accept the canonical schemas? Yes, baseline run above showed accept for all 3.

"caught" = verdict fail/reject. "escape" = mutant accepted by that stage.

Let me write run_corpus.py.

Also careful: gate CLI writes usage to stderr if not found; fine.

For each fixture, capture both stage outputs to `runs/` for audit. Keep the runs directory.

Let me write the script.
dsh: reasoning:
Wait — ROOT in run_corpus.py: parents[3] = ai4math-swarm. Good.

Let me first do a dry check on a few fixtures manually to catch obvious issues (e.g., gate exceptions due to extensions key, etc.), then run the full runner.

Actually just run the runner; it captures per-fixture results. If gate crashes → "error" verdict, which counts as caught? My caught logic: structural caught only if verdict == "fail"; "error" would count as escape which is wrong. The gate is robust and returns fail on exception, so verdict will be fail. If json parse fails, verdict "error" → treated as not caught. That could undercount. Let me quickly check that no fixture yields verdict "error"/"pass" incorrectly. Run and inspect.

Also potential issue: the semantic auditor may not accept the round-trip fixtures due to format differences (e.g., `None` handling). Let's see.
dsh: reasoning:
Controls (roundtrip) don't have class_id in manifest entries. Fix: use e.get(k).
dsh: reasoning:
Whoa: 0/18 caught by either stage — union escape 1.0. That's a striking result, but I must verify it's not an artifact: check that stage 1 actually ran correctly on these fixtures and returns "pass" rather than "error". Also check per-fixture rows: all mutants "pass" structurally and "accept" semantically. Let me inspect report.json per-fixture verdicts and a couple of run outputs.

Potential artifact: the auditor `spec_conformance_audit.py`'s `audit_file` may accept because it targets worker layout and maybe exits... but baseline canonical accepted too; user expects some detection. 0/18 is suspicious but plausible given all injected fields are outside scans. However, I should verify the injected text actually landed (grep fixtures) and that the gate actually parses the fixture (verdict pass, not error). Let me check the report rows and also run the gate on m01 to confirm it says PASS and check that the injected text is present in the fixture.

Also verify stage 1 exit codes and errors. Let me inspect.
dsh: reasoning:
The result is real: all 18 mutants escape both stages; all 10 controls are accepted (validity holds). Union escape rate 1.0 on this corpus.

But wait — is this a fair/valid measurement? One concern: the "would_be_caught_by" claim for each family should be verified — i.e., show that the same injected sentence, when placed in a scanned field, IS caught (positive control of the leak criterion). Otherwise a reviewer could say "these aren't leaks at all; the gates are right to accept them." That's an important falsification guard: add a "relocation control" set where the same text is placed in a scanned field (e.g., conclusion.statement_natural_language, i_plus.definition, topology.slice_topology, data_class.matter...), and check the stage catches them. If a relocated text isn't caught, then either the text isn't a leak or the stage has another gap; either way, honest reporting.

But note: relocating into a scanned field may trip other structural requirements (e.g., R20 checks theorem promotion in conclusion statements; R12 checks foreign tokens; R13 composite; R27 for quantifier order needs actual ordered change; R04 for topology.slice_topology must also contain "one"/"exactly one" and no "two"). To keep this bounded and rigorous, I'll add a small "leak-criterion validation" (LCV) set: for each *text-detectable* family, one relocation fixture:
- L1: m01 text into conclusion.statement_natural_language → expect R12 (foreign WCC token) catch. But conclusion statement also must not trigger other rules; it's a string replacement so R11 fine.
- L2: m03 text into conclusion.statement_natural_language → expect R13 composite. Hmm R13 scan_composite scans everything non-exempt including conclusion → catch. Also R12 foreign tokens? "continuous or twice-differentiable" no foreign token. Good.
- L3: m05 text into extension_predicate.definition → expect R31 catch (merely continuous for C2).
- L4: m07 text into non_vacuity.condition → R29 catch (curvature in C0).
- L5: m08 text into conclusion.statement_natural_language → R20 catch + maybe R12 ("theorem" not foreign). R20 regex "we prove" yes.
- L6: m11 text into data_class.matter? matter=string; R05 checks matter == none → catch. But this is a different mechanism; put into conclusion statement? "scalar-field matter" — FOREIGN tokens for WCC/SCC don't include matter... rule_spec R12 says "no foreign matter/asymptotic token" but the code's FOREIGN lists don't have matter tokens. Hmm. So relocation of m11 into an assertive path might NOT be caught → that would show the leak criterion isn't detectable by the structural gate even in a scanned field (a genuine additional finding). Better: relocate m11 into `non_vacuity.condition`? R23 checks nontrivial pattern; matter sentence lacks required non-regular pattern → would fail R23 for the wrong reason. Simpler: relocate into `i_plus.definition`; probably passes → honest finding: "vacuum violation prose is not caught even in assertive paths by the current R12 token list". Good, that's a legitimate second-order finding.
- L7: m13 text into conclusion.statement_natural_language → R12 foreign token ("hidden from I+"/"visible") catch.
- L8: m14 text into conclusion? transfer inversion: R28 only scans genericity.transfer_failures/transfer_holds rows; relocation would need a row, not prose. The prose in conclusion would pass even though it's a forbidden transfer. Honest finding: "transfer truth-table prose is only checked in the two row containers". Maybe skip or include as a documented limitation.
- L9: m15 text into visibility.definition (WCC assertive path) → R12 foreign SCC token "inextendib" conditional: INEXTENDIB_NON_GEODESIC only flags if no geodesic. Text says "inextendibility as a continuous Lorentzian manifold" — no "geodesic" → caught by R12's conditional. Good.
- L10: m10 text into i_plus.definition (SCC) → R09 completeness scan → catch.
- L11: m12 text into topology.slice_topology → R04 second check (two/multiple ends) → catch. But replacing slice_topology loses "one AF end"? R04 also requires... first check requires I+ etc. separate. The second check on slice_topology: must contain "one"/"exactly one" and no "two"/"multiple ends". Our text has "two" → fail. Good.
- L12: m17 text into genericity.kind (change field not prose) → R21 catch.
- L13: m18 text into provenance.sources[0].concept → R15 regex? Text: "The cited theorem settles the censorship question for this class, so the implication is proved." R15 regex `(establishes|proves|proof of|settles)\s+the\s+(class\s+)?(conclusion|conjecture|statement)` — "settles the censorship question" doesn't match (question not in list). So not caught → honest finding that R15's regex is narrower than the spec ("no source is presented as establishing the class conclusion"). Hmm, but the relocation is about the *criterion*, so this becomes: the leak criterion is spec-based; the gate's R15 regex fails to catch it even in `sources`. Another real finding.

Adding relocation fixtures and measuring is valuable but expands scope. Given "bounded execution worker" and that the key deliverable is the escape measurement + families, I think adding a compact relocation-control set strengthens rigor a lot and is worth it: it validates that the injected sentences are genuine leaks (at least for most families) and identifies which are not even detectable in scanned fields (blind spots within blind spots).

Time budget: we're at ~00:15. I'll add ~12 relocation fixtures to a separate subdir? Hmm, the manifest is pre-registered and hashed; adding fixtures after measurement would invalidate the pre-registration. Better: create a *second* small script `relocation_controls.py` with its own pre-registered manifest written before running, explicitly labeled "post-hoc leak-criterion validation, separate from the FORM-EXEMPT-09 corpus; does not modify it". That's honest and methodologically clean (it's a control on the criterion, run after seeing results — so I must state that clearly).

Alternatively, simply add the relocation fixtures to the corpus generator and re-run everything (manifest changes → new hash, pre-registered before the new measurement). But I've already seen results; regenerating the manifest would be "tuning after seeing results" for the original corpus — although the mutations themselves are unchanged, only controls added. The cleaner path: separate control artifact, clearly labelled post-hoc.

Let me do the separate relocation control: `relocation_controls.py` generating fixtures under `relocation_fixtures/`, manifest `relocation_manifest.json` (hash), then running. Include relocation tests for families X1,X2,X3,X4,X5,X7,X9,X10?,X12,X13 and criterion probes for X8,X11,X14 (expected possible pass even in scanned fields). Each entry states expected stage and expected outcome; report honesty.

Actually to keep this bounded: 12 relocations:
r01 m01-text → C0 conclusion.statement_natural_language; expect structural catch R12.
r02 m03-text → C0 conclusion.statement_natural_language; expect R13.
r03 m05-text → C2 extension_predicate.definition; expect R31.
r04 m06-text → C0 extension_predicate.definition; expect R31 ("C^{1,1}" or "twice-differentiable").
r05 m07-text → C0 non_vacuity.condition; expect R29. But R23 might also complain; fine, caught either way; report failed_rules.
r06 m08-text → C0 conclusion.statement_natural_language; expect R20.
r07 m10-text → C0 i_plus.definition; expect R09.
r08 m12-text → C0 topology.slice_topology; expect R04.
r09 m13-text → C0 conclusion.statement_natural_language; expect R12.
r10 m15-text → WCC visibility.definition; expect R12 (INEXTENDIB conditional). Careful: WCC visibility.definition exists; replacing removes required content? R10 requires predicate_name/definition/negation_conclusion non-empty — still non-empty. Good.
r11 m17-text → C0 genericity.kind; expect R21.
r12 m11-text → C0 conclusion.statement_natural_language; probe: is a VAC violation caught in an assertive path? expect maybe pass (R12 has no matter token implemented).
r13 m14-text → C2 conclusion.statement_natural_language; probe transfer inversion in prose: expect pass (R28 rows only).
r14 m18-text → C0 provenance.sources[0].concept; probe R15 regex: expect maybe pass.

These "probe" rows are the ones where expected outcome is uncertain; report actual and classify: `criterion_confirmed` (caught), `gate_gap` (not caught in scanned field → the leak family is undetectable by the structural stage regardless of field).

This adds ~14 fixtures, quick to generate/run with the same runner logic. I'll write a small script reusing code from run_corpus? Simpler: a single script `relocation_controls.py` that generates fixtures + manifest + runs both stages + writes report. That's a bit of code but fine.

Wait — careful with r10: WCC `visibility.definition` R12 FOREIGN for WCC doesn't include "inextendib"... it includes INEXTENDIB_NON_GEODESIC conditional. Good.

Also r03/r04: C2 foreign_reg includes "merely continuous|continuous metric|H2_loc|Lipschitz" — m05 text "A merely continuous extension..." → caught. C0 foreign_reg includes "twice-differentiable|C^2|H2_loc|Lipschitz|C^{1,1}" — m06 text has both "Twice-differentiable" and "C^{1,1}" → caught by R31 in extension_predicate.definition (path-scoped). Good.

r07: m10 text "I+ is complete in the conclusion" in i_plus.definition → R09 checks leaked strings for "complete" without negation → caught. Good.

r09: m13 text "The visible singularity is hidden from I+..." → R12 WCC? No — C0 is SCC family, FOREIGN["SCC"] = visible/visibilit/asymptotic_predictab/hidden from/weak cosmic censorship → caught. Good.

r01: m01 text has "visible", "weak cosmic censorship", "Cauchy horizon" → caught by R12 SCC foreign. Good.

r02: m03 text "continuous or twice-differentiable" → R13 COMPOSITE_PROSE → caught. Good.

r06: m08 "We prove the theorem" → R20 → caught. Good.

r08: m12 "two asymptotically flat ends" → R04 second check → caught. Good.

r11: set genericity.kind = "The open dense escape notion is the operative class here; residual comeager is only a default." → R21 fail (kind != residual_comeager) → caught. Good.

r12: m11 matter text into conclusion statement → foreign token list has no matter token → pass expected → gate gap. Note EXEMPT? conclusion statement is assertive path; R12 checks each pattern: "strong cosmic censorship", "cauchy horizon", "extension regularity", "C0 extension", "C2 extension", INEXTENDIB; none matches "scalar-field matter". So pass. Honest finding: spec R12 mentions "no foreign matter/asymptotic token" but no such token exists in FOREIGN.

Wait — also R13 scan_composite on conclusion statement: "A small amount of scalar-field matter is permitted; the vacuum restriction is a convenience." no composite. R29 C0 curvature: no. So passes. Good probe.

r13: m14 text into conclusion statement: "Full measure transfers to residual comeager..." R28 doesn't scan; R13 no; R12 no → pass. Probe.

r14: m18 into provenance.sources[0].concept: R15 regex won't match "settles the censorship question" → pass. Probe. But wait: does `sources[0].concept` exist in C0? From the dump, provenance.sources is a list; element has concept key. Let me confirm C0 provenance.sources[0].concept exists (the C0 dump showed known_status_signals etc. but not sources details). I'll check before running; if missing, add via set_path (creating "concept" key would trip R22 unknown key? "concept" likely allowed since it's used elsewhere). Fine.

Let me also confirm stage 2 (semantic auditor) outcomes for relocation rows aren't needed for criterion; criterion = structural stage (since the criterion is about content that the structural gate's spec says to reject). I'll report both.

Let me write this script now. Reuse measurement functions by importing from run_corpus? Importing would execute main? No, `if __name__ == "__main__"` guard protects. But ROOT paths differ; I'll write self-contained compact code.

Actually, to save time, I can write the relocation fixtures with a small script that imports make_corpus's helpers (BASES, set_path, dump_yaml, sha256_bytes). Importing make_corpus is safe (guarded main). I'll do that.

Let me write relocation_controls.py.
dsh: reasoning:
Manifest entries use "name" not "fixture". Fix the key.
dsh: reasoning:
Excellent. 11/14 criterion cases confirmed (the sentence IS caught when placed in a scanned field, with the exact expected rule), 3 are gate gaps (X8 matter, X11 transfer, X14 source overclaim — not caught even in scanned fields). So:

- Overall union escape 18/18 on the exempt-field corpus.
- 11 of the 18 mutants hide text that the gate demonstrably catches in a scanned field → pure field-exemption escapes.
- 3 families (X8, X11, X14 = mutants m11, m14, m18) are gate gaps regardless of field. Wait, X11 has m14 (C2) only; X14 m18; X8 m11. So 3 mutants are gate gaps; the other 15 are field-exemption escapes.

Let me compute that split exactly for the report: per-mutant, find its relocation case (if any) to classify. m01-m10, m12, m13, m15, m17 relocations confirmed (11 cases: r01=m01, r02=m03, r03=m05, r04=m06, r05=m07, r06=m08, r07=m10, r08=m12, r09=m13, r10=m15, r11=m17). Yes: m02 (C2 WCC text; same family as m01, not relocated individually), m04 (WCC merge), m09 (quantifier order note), m16 (WCC kind) are family-level duplicates without own relocation; their families are confirmed via siblings (X1 via m01; X2 via m03; X6 has no relocation... r-cases don't include m09. X6 quantifier order is only checked in the formal ordered block (R27); a prose order_note leak is not detectable even in other prose fields. Hmm — is X6 a gate gap? R27 checks structured `ordered` list, not prose. There's no text field where the same sentence would be caught; the only way is changing structured fields. So for m09, criterion is "structural-only": the invariant is enforceable only on the structured block, not on prose anywhere. I should classify it honestly: "gate gap in prose" (no relocation possible). Same for X13 via kind field (r11 changed the field itself → confirmed). m16 similar to m17. X9 m12 confirmed. X3 confirmed. X4 confirmed. X5 confirmed. X7 confirmed. X10 confirmed via r09 (same text family). X12 confirmed via r10.

So classification:
- Field-exemption escapes (same text caught in a scanned field): m01,m02(inherit X1),m03,m04(inherit X2),m05,m06,m07,m08,m10,m12,m13,m15,m17,m16? m16 is kind substitution prose in falsifier — R21 catches if the structured `genericity.kind` field changes (r11 confirmed for m17 text). m16's text in vacuity_falsifier isn't caught in any scanned field; it's prose about kind. Hmm, classify as "invariant is field-enforceable only structurally; prose form escapes everywhere" — same class as m09.
- Gate gaps (not caught even when relocated into a scanned field): m11 (matter), m14 (transfer), m18 (overclaim).

I need to add this classification to the report — but the main report.json is already frozen (hash recorded). Rather than mutate it (which would invalidate its recorded hash and violate "no tuning after results"), I'll write a consolidated `FINDINGS.md` and a small `classification.json` that references both reports by hash and states the classification. That's clean: main report stays as measured; the relocation report is separate; classification is derived and references hashes.

Also, I should write a `SUBMISSION.md` summarizing: task, method, pre-registration, results, family table, criterion control, limitations (post-hoc control; no fix attempted; format validity; corpus size), falsifiers, next steps.

Then compute hashes of all artifacts, write checkpoint (runtime/state/w06_checkpoint_5.json + append to w06_checkpoints.jsonl), and emit outbox events: artifact (per artifact with sha256), status, claim (class-bound: AF-SCC-C0-VAC-GEN and family classes; conclusion_type formal_model like prior worker; evidence_refs with path#hash; falsifier), maybe direction_update? No — keep to artifact/status/claim. Do NOT claim done/theorem.

Also note the assignment instruction "Take one class-bound task" — this is under node A1, classes AF-WCC-VAC-GEN, AF-SCC-C2-VAC-GEN, AF-SCC-C0-VAC-GEN.

Let me create classification.json programmatically with a small script (deriving from relocation report + main report), then FINDINGS.md and SUBMISSION.md manually.

Also one more sanity check: confirm the semantic auditor was actually invoked properly for mutants (it returned accept). And confirm the auditor is not trivially accepting everything, e.g., run it on a known-bad fixture from the prior corpus? The prior heldout corpus had mutants it caught (semantic escape 0.7692, i.e., caught 6/26). Those fixtures are in artifacts/worker-06/heldout_corpus/fixtures? Let me check the dir listing earlier: heldout_corpus has c01..c04, h01..h03 visible in head; there are 26+ files. A quick check that the auditor still rejects some of them would validate stage 2 isn't degenerate. Let me run it on a couple of heldout mutants (e.g., h01) to confirm.

Then write classification + docs + checkpoint + events.

Let me do the auditor sanity check and look at report.json aggregates for m-list classification.
dsh: reasoning:
The auditor sanity check: the loop exited 1 because `ls`/glob had no match for h10*.yaml maybe, and the `[ -f ]` guard; output was empty (no prints) — meaning `ls artifacts/worker-06/heldout_corpus/fixtures` printed nothing? Earlier listing showed heldout_corpus contains h01..h03 yaml files at top level (not in fixtures/). Right: heldout_corpus/*.yaml directly. Let me redo the sanity check against actual files: artifacts/worker-06/heldout_corpus/h01_*.yaml etc.

Also I could validate the semantic stage on the prior FORM-LEAK-03 corpus (semantic_fixtures). Let me check one known-rejected fixture: semantic_fixtures mutants directory. Let me run the auditor on a few and count rejections. This guards against "stage 2 accepts everything now".

Then produce classification.json, FINDINGS.md, SUBMISSION.md, checkpoint, events.
dsh: reasoning:
Stage 2 rejects 6/26 on the prior (pre-hardening) held-out corpus — matches the recorded semantic escape 0.7692. Stage 2 is not degenerate. Good.

Now write classification.json with the derived classification, plus FINDINGS.md and SUBMISSION.md. Then compute hashes, checkpoint, and outbox events.

classification.json content:
{
 artifact, owner, derived_from: {report sha, relocation report sha, manifest sha},
 rule: "...",
 counts: {field_exemption_escape: 14, gate_gap_all_fields: 3, prose_only_gap: 1},
 per_mutant: [...]
}

Note my classification labels: field_exemption_escape (direct relocation confirmed, 11) + field_exemption_escape_family_confirmed (3) = 14. gate_gap_all_fields = 3. prose_only_gap = 1 (m09; the invariant is enforced only on the structured quantifier block, so no prose relocation can be caught; stated as a limitation, not a claim that R27 is absent).

Wait: m16 in X13 is labeled family_confirmed because m17 (same family) relocation confirmed. Fine.

Let me now write classification.json via a script that also verifies the referenced hashes (so the classification is hash-bound). Then FINDINGS.md.

Also: time check ~00:2x. Good.

Hash list to record:
- make_corpus.py
- run_corpus.py
- relocation_controls.py
- manifest.json, manifest.sha256
- report.json, report.sha256
- relocation_manifest.json, relocation_report.json
- classification.json
- FINDINGS.md, SUBMISSION.md
- fixture files (the manifest holds each fixture sha256)
- gate files used: check_class_schema.py sha (stage1) and spec_conformance_audit.py sha (stage2).

Let me write the classification script inline and then the docs.
dsh: reasoning:
Now write FINDINGS.md and SUBMISSION.md. Keep them concise and factual with hashes. I need the final hashes of artifacts, so compute after writing docs (docs include their own? no, docs don't include self-hash; SUBMISSION.md can list hashes of the other artifacts; since it is itself hashed later, fine).

Let me gather hashes for:
- manifest.json, report.json, relocation_manifest.json, relocation_report.json, classification.json
- make_corpus.py, run_corpus.py, relocation_controls.py
- gate + auditor sha (from report.json).

Let me print them.
dsh: reasoning:
Note run_corpus.py hash `aebb4b8aab0ea1c9` — this is after my edit. Good. But careful: report.json records the gate hashes at run time: stage1 000e09e4..., stage2 c79d8ab8... — consistent.

Now write FINDINGS.md. Include:
- Task and provenance (lead's suggestion in inbox line 7; FROZEN rev18 binding hashes).
- Method: pre-registered manifest, one-field mutations, controls.
- Result: validity VALID; union escape 18/18 = 1.0; structural 0/18; semantic 0/18; 10/10 controls accepted.
- Family table with counts and example.
- Relocation criterion: 11/14 confirmed with exact rules; 3 gate gaps (matter token not implemented in R12; transfer inversion not checked in prose; R15 regex narrower than spec).
- Classification: 14 field-exemption escapes, 3 all-field gate gaps, 1 prose-only gap.
- Interpretation: the exempt-field blind spot is not marginal: 100% escape on this corpus vs 3.85% on FORM-HELDOUT-07's general corpus. The gates' remaining coverage is structural; explanatory prose is effectively outside the acceptance surface (EXEMPT_KEY + unscanned fields).
- Falsifiers: any mutant shown not to be a leak; any control rejected; re-run under new hashes; a fixed gate that rejects all 18 without rejecting controls falsifies the "blind spot" claim in the direction of improvement (that's a repair, not a refutation).
- Limits: corpus authored by one agent; 18 mutants; relocation control is post-hoc; semantic stage targets worker layout; no fix attempted; no theorem/physics claim.
- Next: implement field-aware rule (extend ASSERTIVE_PATHS / extend EXEMPT_KEY semantics to require polarity tags), add matter token to FOREIGN, extend R15 regex, add prose truth-table check; then re-measure with a fresh corpus (not this one).

SUBMISSION.md: consolidated, with event ids, evidence refs, hashes, artifacts table, checkpoints, falsifier, do-not-claim.

Then checkpoint (w06_checkpoint_5.json + append w06_checkpoints.jsonl), then outbox events.

Event design (valid JSON, one per line, required fields event_id, event_type, created_at, actor):
1. artifact events for each artifact (event_type artifact, node_id A1, artifact_type, path, sha256, validation_status "unverified" — worker cannot set passed; use "unverified" or "draft_unverified"? Prior worker events used artifact events with... let me check the schema (events.schema.json) to ensure valid fields. Let me read events.schema.json quickly to ensure my events validate (ingest will reject otherwise).
2. status event: node A1, status active.
3. claim event: class_id AF-WCC-VAC-GEN? The claim covers measurement across classes. Protocol: claim requires class_id, statement, conclusion_type, assumptions, falsifier, evidence_refs, artifact_refs. Use class_id "AF-SCC-C0-VAC-GEN" (primary) like prior worker, conclusion_type "formal_model" (allowed vocabulary? schema may require one of theorem|counterexample|numerical|formal_model etc.). Check schema.

Let me read events.schema.json and check how comms.py ingest validates + where it writes (outbox file naming: does ingest pick up comms/outbox/worker-06.jsonl and my line must have actor worker-06?). Also check allowed status values and artifact validation_status values.
dsh: reasoning:
The event schema:
- status events: not in the oneOf! The schema oneOf only covers direction_update, claim, artifact, review, resource_request. Status/blocker are not validated by JSON schema? comms.py's validate_event probably has special handling. Prior worker emitted status events and lead did too. Let me check schemas.py validate_event to see how status/blocker are handled. Also check what "outbox_files" includes and how the lead's status messages got ingested.

Actually the lead's inbox line 2-7 are status events, and my prior outbox had status + claim. So status is accepted (maybe validation only warns/skips schema for non-listed types). Let me quickly read schemas.py.
dsh: reasoning:
Good. Event requirements:
- status: node_id, status (queued|active|blocked|done|rejected|killed), hours, summary, evidence_refs, next_falsifier.
- artifact: node_id, artifact_type, path, sha256, validation_status (unverified).
- claim: class_id, statement, conclusion_type (formal_model), assumptions, falsifier, evidence_refs (+ artifact_refs recommended).

Now write FINDINGS.md and SUBMISSION.md. Then checkpoint + events. Then optionally run `python3 research_map/comms.py ingest --dry-run`? Let me check comms.py CLI options: `ingest` with `--dry-run` maybe. Prior state's metrics show ingest runs. Running ingest is a write to events.jsonl (shared). The controller runs it; but doing a dry-run validates my events. Let me check the CLI (lines ~280-340). There's `dry_run` in output. Let me check options quickly after writing events: `python3 research_map/comms.py ingest --dry-run` if supported.

Let me write FINDINGS.md now (content with hashes). Also a note: my actor id in outbox events should be "worker-06" (current naming) — my outbox file is comms/outbox/worker-06.jsonl (exists from prior worker with actor "deepseek-flash-06"? Actually prior worker wrote actor deepseek-flash-06 into comms/outbox/worker-06.jsonl? Earlier tail showed actor "deepseek-flash-06" in comms/outbox/worker-06.jsonl. Hmm, the prior worker-06 (deepseek-flash-06) wrote into comms/outbox/worker-06.jsonl. Wait no: earlier `tail -c 4000 comms/outbox/worker-06.jsonl` showed events with "actor": "deepseek-flash-06". And there is also comms/outbox/deepseek-flash-06? No — listing showed no deepseek-flash-06.jsonl, only worker-06.jsonl (51867 bytes). So the prior worker wrote actor deepseek-flash-06 into worker-06.jsonl. Hmm, actually comms.py's ingest sets actor from `_source_actor` (path stem) if missing, but explicit actor is kept. The map's actors list may include deepseek-flash-06.

For the current run, the supervisor launched me as worker-06. I'll use actor "worker-06" and write to comms/outbox/worker-06.jsonl (append). That's consistent with the new stamp/naming and my inbox file name.

Note: the outbox file is mode -rw------- owned by guoshaoyang; I can append.

Now, events list (JSONL):
1. artifact: corpus manifest with sha256 (node A1, artifact_type "corpus_manifest", path, validation_status unverified)
2. artifact: main report (artifact_type "validation_evidence" / "measurement_report")
3. artifact: relocation manifest+report (or single event for relocation_report)
4. artifact: classification.json
5. status: A1 active with hours ~1.5, summary, evidence_refs, next_falsifier.
6. claim: class_id AF-SCC-C0-VAC-GEN (primary) — statement of the measurement; conclusion_type formal_model; assumptions; falsifier; evidence_refs; artifact_refs.
7. maybe a second claim for AF-WCC-VAC-GEN? Keep one claim to avoid conclusion inflation; the claim covers the pipeline on the classes present in the corpus. Actually protocol claim has single class_id; the corpus covers C0, C2, WCC. I could emit two claims (C0-primary and WCC) but that risks duplication. Prior worker emitted one claim with class_id AF-SCC-C0-VAC-GEN covering the held-out set. I'll do one claim with class_id AF-SCC-C0-VAC-GEN and explicitly state in assumptions/statement that the corpus spans the three classes; plus the artifact/status events list all class ids. Hmm, but a reviewer might want a WCC claim. Keep one; note classes in statement.
8. Maybe a direction_update? No. A blocker? No.
9. A `review`? Worker can review? Not needed.

Also the instruction "emit valid JSON with IDs evidence hash falsifier" is satisfied by events carrying event_id, node_id/class_id, evidence_refs (path#sha256), sha256 fields, falsifier.

Additionally: checkpoint. Write runtime/state/w06_checkpoint_5.json (worker-06) and append to runtime/state/w06_checkpoints.jsonl. Format mirrors prior: {"checkpoint":5,"at":...,"worker":"worker-06","hours_spent_estimate":...,"assignments":{...},"artifacts":{path:{sha256:prefix,note}}}.

Should I run the controller's checkpoint.py? It writes current_checkpoint.json/checkpoint_log.jsonl — that's the controller's full snapshot; running it as a worker could be acceptable but writes to shared state; the supervisor/controller runs it. Prior worker wrote w06_checkpoint_*.json only. I'll do the same.

Also update the comms/outbox/worker-06.jsonl with events, and verify with schemas.validate_event + json.loads. Perhaps also run `comms.py ingest --dry-run` to ensure they'd be accepted. Let me check the ingest CLI options.

Then I'm done: exit cleanly with a summary message (final answer). Let me write the docs now.
dsh: reasoning:
Now SUBMISSION.md (consolidated, cold-start entry point for this worker turn) — brief. Then checkpoint + events.

Let me also double check the ellipsis hashes in FINDINGS are fine; full digests referenced. Better to give full hashes in the artifact table for auditability. I have full hashes:
- manifest 0627216b6b276f80132c75ebe5257f074175f56a311c83db3df838fd6bb055fb
- report 8af6bb5a3ba15864c54db67a3c4ed3b604b477165edf582f452c0e755e988452
- relocation_manifest 4461a18a03a1bf4b... need full. Let me get all full hashes and rewrite the table with full digests (more auditable). Compute now including scripts, and gate/auditor.
dsh: reasoning:
Update FINDINGS.md table to full hashes (nice for audit). Then write SUBMISSION.md.

Let me edit FINDINGS.md table.
dsh: reasoning:
Note: FINDINGS.md hash changed after edit, so I must recompute its hash before checkpoint/events. Fine.

Now SUBMISSION.md — a cold-start summary tying this turn together with prior worker-06 work, listing the task, the artifacts, the event ids, and explicit non-claims.

Then checkpoint + events. Let me write SUBMISSION.md.
dsh: reasoning:
Now write the checkpoint and events. First gather final hashes of FINDINGS.md and SUBMISSION.md. Then build checkpoint JSON via a script (so JSON is valid) and append. Then events to outbox.

Checkpoint content:
{
 "checkpoint": 5,
 "at": ISO,
 "worker": "worker-06",
 "hours_spent_estimate": 1.0,
 "assignment": "FORM-EXEMPT-09 (successor to FORM-HELDOUT-07), node A1, gate G-CLASSBIND",
 "status": {...},
 "results": {...},
 "artifacts": {path: {sha256, note}},
 "falsifier": ...
}

Event fields:
1. artifact manifest: node_id A1, artifact_type "corpus_manifest", path "artifacts/worker-06/exempt_field_corpus/manifest.json", sha256 full, validation_status "unverified", evidence_refs maybe not required.
2. artifact report: artifact_type "validation_evidence"
3. artifact relocation_report: artifact_type "control_evidence"
4. artifact classification: artifact_type "derived_analysis"
5. artifact FINDINGS.md: artifact_type "report"
6. artifact SUBMISSION.md: artifact_type "report"
7. artifact toolchain (make_corpus/run_corpus/relocation_controls) — maybe skip or one event for run_corpus.py. Keep 6 artifacts: manifest, report, relocation_report, classification, FINDINGS.md, SUBMISSION.md. The docs table says 6 artifact events; adjust: artifact ×6 = manifest, report, relocation_report, classification, FINDINGS, SUBMISSION. Good.
8. status: node A1, status "active", hours 1.1, summary, evidence_refs, next_falsifier.
9. claim: class_id AF-SCC-C0-VAC-GEN, statement, conclusion_type "formal_model", assumptions, falsifier, evidence_refs, artifact_refs.

Evidence refs format: "path#sha256-prefix" e.g. "artifacts/worker-06/exempt_field_corpus/report.json#8af6bb5a3ba1". 

Also the status event requires node_id, status, hours, summary, evidence_refs, next_falsifier — good.

Class_ids: I'll mention all three in statement and add "class_ids" extra field (additionalProperties true).

Timestamps: use current time 2026-09-12T00:30:00+08:00 approx. Let me use actual `date -Is`.

Let me write a Python script to append events with validation via research_map.schemas.validate_event and json round-trip; write checkpoint files. I'll do it inline in bash heredoc (allowed; write tool is for files, but this is ephemeral script work — better to create the script file? The instruction "Use the write tool to create files" — I'll create `emit_events.py` under the corpus dir so the emission is reproducible, then run it.)

emit_events.py:
- computes hashes of artifacts
- builds checkpoint doc; writes runtime/state/w06_checkpoint_5.json; appends jsonl to runtime/state/w06_checkpoints.jsonl
- builds events; validates each with schemas.validate_event (import via sys.path research_map)
- appends to comms/outbox/worker-06.jsonl
- prints summary.

Careful: appending outbox events must be one JSON object per line. Use ensure_ascii=False, separators compact.

Also check: does comms.py ingest read all *.jsonl in outbox each time and dedupe by event_id via applied_event_ids? Yes, it dedupes. Fine.

Let me write it.
dsh: reasoning:
Wait: ROOT in emit_events.py = CORPUS.parents[2]. CORPUS = .../ai4math-swarm/artifacts/worker-06/exempt_field_corpus. parents[0]=exempt_field_corpus, [1]=worker-06, [2]=artifacts, [3]=ai4math-swarm. So CORPUS.parents[2] = artifacts — wrong! Need parents[3]. Let me fix.
dsh: reasoning:
sys.path.insert happens after `from schemas`? No — line order: CORPUS, ROOT, sys.path.insert, then `from schemas import validate_event`. Wait error says ModuleNotFoundError. Because ROOT computation was wrong at import time? No, I fixed to parents[3]. Let me verify: /data3/guoshaoyang/workdir/ai4math-swarm/artifacts/worker-06/exempt_field_corpus/emit_events.py resolved path → CORPUS = .../exempt_field_corpus; parents[0]=.../worker-06? No! Path.parents[0] is the immediate parent of the path: for a file path, `Path(__file__).resolve().parent` is exempt_field_corpus; but I used `.parent`? Let me re-read: `CORPUS = Path(__file__).resolve().parent` → exempt_field_corpus. Then `CORPUS.parents[2]`: parents[0]=worker-06, parents[1]=artifacts, parents[2]=ai4math-swarm. So original parents[2] was correct for ROOT=ai4math-swarm! My "fix" to parents[3] broke it (points to workdir). Revert to parents[2].

Check make_corpus.py: `ROOT = Path(__file__).resolve().parents[3]` where __file__ is the file itself (not .parent): parents[0]=exempt_field_corpus, [1]=worker-06, [2]=artifacts, [3]=ai4math-swarm. Correct there.

So in emit_events.py (using .parent first) it must be parents[2]. Fix.
dsh: reasoning:
Events appended and validated. Note: FINDINGS.md hash after edit is fa09ae04dfba... (the table with full hashes). Good.

Now verify:
1. The outbox appended lines are valid JSON (parse them).
2. Run `python3 research_map/comms.py ingest --dry-run` if available to confirm they'd be accepted (or at least validate_event already done).
3. Check checkpoint files written.
4. Maybe update w06_checkpoint_5 with correct hashes — done.

Let me check comms.py CLI for dry-run: grep "dry" in comms.py.
dsh: reasoning:
Let me run `python3 research_map/comms.py ingest --dry-run` to confirm ingestion acceptance (dry run writes nothing). This might print per-file results. Note it may be running concurrently with the controller — dry-run is read-only, safe.

Then re-verify the FROZEN manifest hasn't drifted during my run (verify_frozen.py) since I cite rev18. And confirm final hashes of all artifacts match what's in checkpoint / FINDINGS (FINDINGS wasn't in the checkpoint hashes? yes it was: emit_events included findings & submission in H — good, hash fa09ae04dfba, 47ae9fb6c54a).

One more thing: the outbox events' artifact paths are relative to ROOT — check rel_paths correct: "artifacts/worker-06/exempt_field_corpus/manifest.json". Yes.

Run dry-run ingest and verify_frozen.
dsh: reasoning:
Important: While I worked, the lead changed the canonical schemas again (C0 disk hash a8d899d2941f vs manifest bdb23f76b895 — FROZEN.json says rev18 but files changed; "freeze drift" again, exactly like the prior worker observed at rev9). So my measurements are pinned to the hashes at run time (I verified bdb23f76b895 at corpus generation and verify_frozen passed at that time), but the disk now differs. The map is still VALID.

The dry-run ingest accepted 4 new events (mine) — note "duplicates": 837 means previously ingested events. 4 accepted of my 8? Hmm: accepted 4, duplicates 837. Which 4? Possibly my artifact events are considered duplicates? No — new event_ids. Wait, "accepted" counts events newly accepted in dry-run = 4; my 8 events: 6 artifacts + status + claim. Perhaps 4 of them were already ingested by the controller between my append and the dry run (the controller runs ingest every cycle), and those are now duplicates? Duplicates = 837 total previously applied event ids. The 4 accepted could be my 6 artifact + status + claim = 8, minus 4 already ingested = 4. Plausible: the controller ingested while I was writing. Either way, rejected 0.

Let me verify my events landed in the accepted stream / map: check events.jsonl or the map's applied_event_ids for my event ids.

Also, the freeze drift is important to report as an observation (not a blocker): the schema owner must re-freeze or the measurements should be re-run. But since my corpus is bound to the rev18 hashes I verified at generation (bdb23f76b895 etc.) and the changes are new, my numbers are valid for those pinned hashes. I should append a short status observation to the outbox noting the drift (like prior worker did) — with evidence hashes: FROZEN.json (rev18, bdb23f76b895) vs disk a8d899d2941f, observed at 00:1x. That's useful and honest; it's a status event, no claim.

Wait — when did the drift occur? verify_frozen at 00:05 reported 0 problems (rev18 manifest had bdb23f76b895 for C0 and matched disk). The corpus was generated at ~00:07 from disk whose hash was bdb23f76b895. Now (00:1x) disk is a8d899d2941f. So the lead revised the C0 schema after my corpus generation. My mutants embed the bdb23f76b895 base (manifest records it), so all good. But the pinned statement "FROZEN rev18" in FINDINGS is now stale on disk. I must state: corpus bases were verified against FROZEN rev18 at generation time (00:07); a subsequent drift was observed (00:1x); the measurements are valid only for the pinned base hashes recorded in the manifest.

Should I re-run against the new disk schemas? That would be a new measurement (different bases), and the manifest pre-registration would need a new corpus. Given bounded scope, the right move is: report the drift, keep the pinned measurement, and add the drift as a next-falsifier note. The prior worker did exactly this (freeze observation). I'll:
1. Verify precisely which files drifted and compute hashes (already have).
2. Append a status event "w06-20260912T0015-exempt09-freeze-drift" with evidence_refs to FROZEN.json and the schema files, stating the observation.
3. Update checkpoint? The checkpoint is already written; I can append a second checkpoint (6) or extend. Simplest: append a new checkpoint 6 with the drift note? The instruction says "checkpoint, then exit" — I already checkpointed. I'll update the checkpoint file w06_checkpoint_5.json? Better not rewrite history; append checkpoint 6 with the drift observation and final status. That's clean.

Also update SUBMISSION.md/FINDINGS.md? They say FROZEN rev18 verified 0 drift at generation. I should add a dated note that a later drift was observed. Let me append a short "Post-run observation" section to FINDINGS.md and mention in SUBMISSION.md briefly. Then their hashes change → need to update events? The artifact events already emitted with old hashes (fa09ae04/47ae9fb6). If I edit the docs, the emitted hashes become stale → bad. Options:
(a) Leave docs as-is; report drift via status + checkpoint only (docs remain accurate as of their content: "verify_frozen.py 33 files / 0 problems" was true at generation time; the sentence in FINDINGS says FROZEN rev18 verified 0 drift — true then).
(b) Update docs and emit corrected artifact events with new hashes (allowed: revision → new hash → new artifact event; protocol says manifest changes bump revision... these are worker artifacts).

Cleanest and most honest: keep docs but they should not be misleading. FINDINGS says "On the frozen canonical schemas (FROZEN rev18, verify_frozen.py 33 files / 0 problems)". A reader might assume still-current. The drift note belongs in the checkpoint + a new status event; and I can add a small separate artifact `POST_RUN_OBSERVATION.md` documenting the drift with hashes, avoiding modification of already-hashed docs. That's the best approach: new artifact, new event, append checkpoint 6.

Let me check exactly which files drifted: run verify_frozen fully (it printed only tail; run again and capture all lines). Also record FROZEN.json sha256 itself (it changed? FROZEN.json revision may now be 19+; at 00:04 it was rev18. Let me check current FROZEN.json revision & hash).

Then write POST_RUN_OBSERVATION.md, append checkpoint 6, emit artifact+status events. Then verify ingest dry-run again (should accept new events). Then final summary.

Also: check whether map's applied_event_ids includes my event ids (to confirm my earlier 8 were ingested).
dsh: reasoning:
Now FROZEN.json is revision 19 (frozen_at 00:04:48) and it still records the same old hashes (f962c117/bdb23f76/e9fcefe6) while disk has newer ones → 6 drift problems. So the lead is mid-revision; the manifest hasn't been re-synced. Note that at 00:05 verify passed with rev18 (which had the old hashes and disk matched then); now rev19 still old hashes, disk changed at ~00:0x. So my measurement at 00:07-00:08 was on the *pinned* rev18 hashes (bdb23f76 etc.) — confirm: make_corpus asserted disk startswith bdb23f76b895 and passed at ~00:07. So my bases are exactly the rev18 hashes. Good.

Which files changed and when? Check mtimes: schemas mtime. Let me note times.

Write POST_RUN_OBSERVATION.md with:
- observed at time, FROZEN rev19 (sha da6a0ee9f2f6a5f6) records old hashes while disk differs (list).
- My corpus bases were generated and hash-verified at 00:07 against FROZEN rev18 hashes (bdb23f76b895 C0, e9fcefe6e595 C2, f962c117ba11 WCC) — verify_frozen.py reported 0 problems at that moment.
- Therefore: FORM-EXEMPT-09 numbers are valid exactly for the pinned hashes in manifest.json; they are NOT claims about the current disk schemas. Re-running against the new disk hashes requires a new corpus (this one stays frozen).
- Not a blocker; owner (lead-formulation) to re-freeze or re-sync.

Then checkpoint 6 + artifact/status events, dry-run ingest.

Let me get file mtimes and write the doc.
dsh: reasoning:
Hmm wait: the schemas were modified at 00:08:37–00:09:02. My corpus was generated at...? Let me reconstruct:
- I ran make_corpus.py at around 00:07-00:08 (before the 00:09 events timestamp). Actually emit_events printed at "2026-09-12T00:09:00+08:00" (NOW from the system). The corpus generation happened a few minutes before that (I ran make_corpus, run_corpus, relocation, classification, docs...). Hmm, all these steps happened within the same few minutes; the real-time clock only advanced from 00:05:40 (first `date -Is`) to 00:09:21. That's very fast; plausible since each tool call is seconds.

So make_corpus.py ran at ~00:06-00:07 with disk hash bdb23f76b895 (assert passed). The lead modified WCC at 00:08:37, C0 at 00:08:58, C2 at 00:09:02. My run_corpus.py ran after make_corpus, probably ~00:07:30-00:08 (before or around the modifications!). The gate stages ran against my fixtures (copies), so they don't re-read canonical files. The report records stage tool hashes, not base disk state. The bases are embedded in fixtures whose hashes are in the manifest — all pinned. So the drift does not affect the measurement validity for the pinned bases. Good.

But one nuance: verify_frozen at 00:05 passed (rev18). make_corpus asserted bases start with rev18 prefixes and passed — at that time disk still matched. So pinned bases = rev18. Perfect.

Now write POST_RUN_OBSERVATION.md, append checkpoint 6 and the events. Then final verification.

Event list:
- artifact: POST_RUN_OBSERVATION.md (artifact_type "observation", validation_status unverified, node A1)
- status: drift observation (node A1, status active, hours 1.2, summary, evidence_refs, next_falsifier)

Let me create the doc and a small emit script extension. I'll write a second script `emit_drift_observation.py`? Simpler: append via a short inline python that validates. But instructions prefer write tool for file creation; inline heredoc is fine for one-off. I'll write the doc with write tool, then run a small inline python for checkpoint+events (stateful append). Let me do that.
dsh: reasoning:
Now final verification:
1. All outbox lines valid JSON, count, last events.
2. Dry-run ingest accepts new events (should show accepted 2 or fewer if controller ingested already; rejected 0).
3. Confirm map applied_event_ids contains my event ids (or events.jsonl) — proving emission accepted.
4. Final listing of artifacts + hashes.

Then exit with a concise report to the user (the final answer summarizes what was done: task taken, result, artifacts, evidence, falsifier, checkpoint, exit).

Let me run final checks.
dsh: reasoning:
Everything is in place:
- 62 valid JSON lines in outbox; my 16 events (8 + 2 + earlier? Actually "mine" counts 16 because prefix w06-20260912T0045 matches 8, w06-20260912T0015 matches 2... that's 10; hmm "mine: 16" — my filter matched event_ids starting with those prefixes; the older prior-worker events also start with w06-20260912T0150/0200 → not matched. Wait 16? Let me recount: my emitted events were 8 + 2 = 10. But filter counted 16. Maybe some earlier events by the prior worker also had ids starting w06-20260912T0045? Unlikely. Let me check: perhaps I appended events twice? emit_events.py ran once successfully (8 events), plus drift 2 = 10. The filter counts lines with those prefixes; 16 means 6 extra. Could the controller have re-written outbox lines? No. Hmm, maybe events I emitted are also present in other outbox files? No, I only read worker-06.jsonl.

Let me check the outbox for duplicate event ids and count precisely. Also check "already ingested: 14" of 16 — odd. This matters for audit hygiene (duplicate events could cause ingest dedupe, rejected 0, so harmless, but let me understand).

Let me list the event_ids matching my prefixes with counts.
dsh: reasoning:
Interesting: the prior worker (deepseek-flash-06) also used timestamps w06-20260912T0045 for four events (a1-blindspot-rev5, a1-claim-escape2, a1-corpus-rev5, a1-gateruns, f2b-rev5, f2b-status) — coincidentally the same minute label. No duplicates. My 10 events are unique. Fine.

"already ingested: 14" of 16 → 14 of the 16 distinct mine (including the prior worker's 6) were ingested; my 2 drift events are pending (dry-run shows accepted). All good.

Everything is complete:
- One class-bound task taken and completed (bounded).
- Valid JSON events with IDs, evidence refs + hashes, falsifiers — emitted and validated; controller ingest accepts.
- Checkpoints 5 and 6 written.
- Exit cleanly.

I can now give the final answer summary. Keep concise but complete: task, method, result, criterion control, artifacts with hashes, events, drift observation, falsifiers, note that worker cannot mark done.

One more consideration: the instruction says "then exit" — I should not start more work. Done.

Final answer with key facts.
