dsh: reasoning:
Let me start by understanding the task. The user says: "You are a bounded execution worker. Read handoff/map and comms. Take one class-bound task, emit valid JSON with IDs evidence hash falsifier, checkpoint, then exit. worker=071"

I need to look in the workspace for handoff/map and comms directories/files. Let me explore.
dsh: reasoning:
No handoff directory at top level. Let me search for "handoff" and "comms" directories anywhere in the workspace.
dsh: reasoning:
The glob tool defaults to session workspace. It found no handoff. Let me look for the swarm-related directories — ai4math-swarm.tar.gz, supervise_swarm.sh, workdir. Let's check workdir and supervise scripts. Also search for "comms" directories.
dsh: reasoning:
Found the swarm directory: /data3/guoshaoyang/workdir/ai4math-swarm. Let's read HANDOFF.md, README.md, research_map, comms, and look for worker 071 context.
dsh: reasoning:
This is a swarm. Worker 071 must read handoff/map and comms, take one class-bound task, emit valid JSON with IDs, evidence, hash, falsifier, checkpoint, then exit.

Let's read PROTOCOL.md, README.md, research_map, and inbox. Also look for worker-071 specific files.
dsh: reasoning:
Now I need to find worker=071's assignment. There is no comms/inbox/worker-071.jsonl apparently (worker-071 isn't in the listing—let me check all inbox files). The listing showed worker-01, 06, 084, 16 and astra, deepseek-flash-XX. Let me see the full listing.

Also the research_map directory has ASTRA_HANDOFF.md and research_map.json. The "map" probably refers to research_map/research_map.json. Let me read ASTRA_HANDOFF.md first, and list all inbox files, plus look for worker-071 references in comms or runtime.
dsh: reasoning:
worker-071 has an outbox file. So I'm worker=071 and I have prior activity. Let me read my outbox to see what tasks I've taken before. Also find the class-bound task. There's no inbox for worker-071 — perhaps assignments come through a task ledger or the supervisor loop. Let me check the supervise_loop.sh and supervise_swarm.sh, and the runtime/control dir, and worker assignments.

Let me read worker-071 outbox.
dsh: reasoning:
I'm worker-071. I have 24 lines in outbox, last event at 2026-09-12T00:39:46. The task now: "Read handoff/map and comms. Take one class-bound task, emit valid JSON with IDs evidence hash falsifier, checkpoint, then exit. worker=071"

So this is likely a supervisor loop that spawns workers with short prompts. I need to:
1. Read handoff/map (HANDOFF.md, research_map.json / ASTRA_HANDOFF.md) and comms (inbox/outbox, rejected.jsonl).
2. Take ONE class-bound task (class_id such as AF-WCC-VAC-GEN etc.).
3. Emit valid JSON with IDs, evidence, hash, falsifier.
4. Checkpoint.
5. Exit.

Let me look at the supervisor scripts to understand what the workers are being asked to do, and check inbox for worker-071 (none). There may be a task queue. Let me read supervise_loop.sh and supervise_swarm.sh at /data3/guoshaoyang. Also runtime/control/OVERNIGHT_PLAN.md and WAKE_CHECKS.

Let me look at my previous outbox entries in full to understand the pattern of work I've been doing. 24 lines. Also check artifacts/worker-071 directory.
dsh: reasoning:
This is the persistent worker prompt. But my prompt says: "You are a bounded execution worker. Read handoff/map and comms. Take one class-bound task, emit valid JSON with IDs evidence hash falsifier, checkpoint, then exit. worker=071"

So worker=071 is presumably a spawned worker instance under some other harness (maybe worker id 071). The comms outbox worker-071.jsonl already has 24 events - maybe from earlier runs of this worker slot. My job: read handoff/map and comms, take ONE class-bound task, emit valid JSON with IDs evidence hash falsifier, checkpoint, exit.

I need to find:
1. The map: research_map/research_map.json — find assignments for worker-071 or unassigned class-bound tasks. Actually class-bound tasks are usually assigned to leads (astra-lead-formulation etc.). Workers take class-bound tasks from assignments.

Let me check the map's assignments for anything with assignee worker-071 or unassigned worker tasks. The map is 2.4MB JSON, so use python to parse.

Also check runtime/state/supervisor.log for how 071 was started, and WAKE_CHECKS.

Let me search the map for "worker-071" and for open assignments.
dsh: reasoning:
Let me inspect the map's assignments. Find open assignments, especially ones that could be taken by a worker (class-bound). Also check map.comms for the latest. Let's dump assignments with status and assignee.
dsh: reasoning:
The assignment entries have no id/assignee keys? Actually I printed `k` which was None since dicts. Let me print the actual keys of one assignment. Also, I need to determine what "class-bound task" means here: a task bound to one of the classes AF-WCC-VAC-GEN, AF-SCC-C2-VAC-GEN, AF-SCC-C0-VAC-GEN, AF-WCC-SCALAR-SPH.

My own outbox shows I did "W071-F1-REV12-CLOSURE-VERIFY-01" class AF-WCC-VAC-GEN. I should pick the next useful class-bound task. Perhaps the supervisor or my prompt expects me to pick a task from the map's open queue.

Let me look at the full outbox of worker-071 to see the sequence of tasks I did, then choose a new one that isn't duplicating. Also check the reviews directory for the latest and check CF findings / gate requirements to find something valuable.

First, print assignment entry with all keys.
dsh: reasoning:
I'm worker-071 continuing. The last task was W071-F1-REV12-CLOSURE-VERIFY-01. Now I need to take ONE class-bound task (a new one, not duplicate). Since there's no inbox card for worker-071, I choose a bounded class-bound task myself, as I presumably did before.

What would be most useful now? The map is at pass-04 with open items:
- F0 canonical/authoring companion pair adjudication (REC-3 / CF-17)
- L0 freeze reconciliation (assigned to lead-literature)
- G-FORM verification r2 (lead-audit)
- N0 stop rule (lead-numerics)
- G-AUDIT A1 coverage 0/0/0/0/0 (need ≥2 each) — the audit lead needs independent reviewers per frozen hash. That's a nice worker task: independent verification/review of a frozen artifact. But reviews are assigned to leads in map; workers emit reviews too (protocol allows any agent to write review? The `review` type is in upward message types; "any agent" writer of outbox).
- CF-16 metalinguistic-mention pattern: 10 hard CLASSSEP findings across claims. Perhaps a worker can verify/falsify those.

Let me check what the immediate highest-value class-bound task is. First, let me read the rejected.jsonl tail to see which recent events got rejected (so I avoid invalid formats), and inspect the map's gates and controller_findings to see current gaps. Also check reviews dir for existing reviewer coverage (to not duplicate).

Let me also check comms.py ingest behavior — since I must emit valid JSON, and the controller ingests outbox → events.jsonl. But note: only the controller runs ingest. I need to write events to my outbox and maybe run nothing else? Protocol says the accepted stream is written only by comms.py ingest. As a worker I write to my outbox. The task says "emit valid JSON with IDs evidence hash falsifier, checkpoint, then exit".

"checkpoint" could mean run `python3 research_map/checkpoint.py` (controller command) or write a checkpoint file to runtime/state/. Previous worker-071 run wrote `runtime/state/w071_rev12_closure_checkpoint_20260912T003946.json` and cited it in evidence_refs. Let me look at that file and my previous artifacts to replicate the pattern.

Let me first check rejected.jsonl for any rejects of worker-071 events (to learn schema rules) and read the last accepted events in events.jsonl for worker-071.
dsh: reasoning:
Important: claims are being rejected for "invalid conclusion_type". Let me find the valid conclusion_type enumeration from schemas.py / events.schema.json. Also artifact events need node_id. I must emit valid JSON so events get accepted.

Let me read runtime/schemas.py and events.schema.json.
dsh: reasoning:
Wait, the earlier `ls runtime` showed schemas.py inside runtime? Let me re-check. The listing of /data3/guoshaoyang/workdir/ai4math-swarm/research_map showed schemas.py and events.schema.json in the research_map dir. Yes: research_map/schemas.py and research_map/events.schema.json. Let me read those.
dsh: reasoning:
Key schema facts:
- conclusion_type valid: theorem, conditional_theorem, stability_result, counterexample, numerical_evidence, formal_model, open_problem. So for a measurement/verification claim, use "numerical_evidence" or "formal_model". My previous claim used "formal_model" (line 22) — accepted? Let me check whether my previous events were accepted (in events.jsonl / applied_event_ids) or rejected. The rejected.jsonl tail showed others. Let me grep rejected.jsonl for worker-071.

Also, artifact events require: node_id, artifact_type, path, sha256, validation_status. My earlier artifact events lacked node_id? Let me check my outbox line 16-21: they may have node_id. The rejected ones from worker-069 lacked node_id. My previous run presumably got accepted since the claim + status appear.

Let me check rejected for worker-071 and events.jsonl for accepted w071 events.
dsh: reasoning:
My previous events were all accepted (0 rejects, 24 accepted). Good — I know the format works.

Now, choose ONE class-bound task. Let me figure out what's most valuable and genuinely bounded, with a falsifier and hash evidence. Candidates:

1. Independent verification of F2a or F2b rev12 closure (worker-069 did F2a; worker-16 did rev28; worker-005 did F2b vocab; I did F1 rev12 closure). Could do an independent check of the F2b rev12 closure, since I only checked F1 in depth and only briefly evaluated F2a/F2b in T1-GUARD-EVAL. But duplication risk: worker-069 did F2a closure verdict, worker-005 F2b vocabulary; maybe F2b closure not yet done thoroughly.

2. G-AUDIT A1 coverage 0/0/0/0/0 — need ≥2 independent reviewers per final frozen hash per class. From CF-16, class separation findings. A worker could provide an independent class-separation review of F1/F2a/F2b at pinned hashes, checking claims[36,94,96,97,101,112,127,144] for the metalinguistic-mention pattern. But audit lead owns that.

3. CF-19 L0 reconciliation is assigned to lead-literature.

4. Verify the FROZEN rev28 manifest against measured hashes — worker-16 did REV28-VERIFY. Don't duplicate.

5. Check the F0 canonical taxonomy (research_map/formulation_taxonomy.yaml 0abb9ed8 rev5) against the 9 open taxonomy cases (new class vs split). The G-F0 unmet list says "9 taxonomy cases remain open (new class vs split) and were never dispositioned by the lead". A worker could produce a class-bound (GLOBAL/F0) measurement: for each of the 9 cases, whether the current taxonomy has an explicit disposition or the case is unresolved, with exact locators. That's class-bound (F0 classes AF-WCC-VAC-GEN;AF-SCC-C2-VAC-GEN;AF-SCC-C0-VAC-GEN) and useful.

6. Look at CF-16 hard findings: "10 hard CLASSSEP findings, all the CF-16 metalinguistic-mention pattern". Maybe check whether claims 36,94,96,97,101,112,127,144 actually contain leakage at current hashes (re-measure) — an independent recheck.

Also consider that G-AUDIT needs "two independent reviewers per final frozen hash" and coverage is 0 at the current rev12 hashes. My F1 rev12 closure check is one input. But "reviews" require target_id, reviewer, verdict, score, hard_failures, findings.

Let me look at what events arrived after my last one (00:39:46) — maybe the controller/leads have issued new cards assigning tasks. Since it's now presumably shortly after 00:41, let me check the latest events in events.jsonl and the newest outbox files to see what's happening. Maybe there's a fresh assignment for worker-071 in the map (assignments updated at 00:37). Actually the map may have new assignments after 00:41 when the controller next runs. Let me check the newest files and the last ~30 events.

Also: the prompt says "Read handoff/map and comms." — done partly. "Take one class-bound task" — I choose and declare it. "emit valid JSON with IDs evidence hash falsifier, checkpoint, then exit."

So my deliverable is likely: an artifact (files), a claim/status JSON in outbox, a checkpoint file, then stop. I should pick something bounded (≤~0.5-1h of compute) and genuinely useful; avoid duplicating others' work.

Let me check the most recent state: tail events.jsonl, list newest outbox files by mtime, and map updated_at. Then decide. Also check the reviews/INDEX.md and reviews dir for latest coverage to choose a non-duplicated review target.
dsh: reasoning:
Lots of activity. F1/F2a/F2b have multiple reviews already at rev12:
- F1: F1-review-088-rev12, F1-review-040-rev12, F1-review-053, F1-rev12-closure-090, F1-review-16-r2, etc.
- F2a: F2a-review-043, F2a-rev12-069, F2a-review-034-repin
- F2b: F2b-review-17-rev12, F2b-review-022-rev12, F2b-f0-binding-077, F2b-repair-verify-worker-098

So the rev12 schemas are well-covered. The G-FORM unmet says "F1 at 7a3e1f93 has revise verdicts... no accept at the current hash" — but that audit is stale (map updated 00:37). New reviews at cce9a601 may now accept.

What's NOT covered: F0 reviews exist (F0-review-18 00:40, F0-review-19 00:38, F0-review-025, F0-conformance-038-rev28). G-F0 has no accept at current hash 66bf917bd368 (per gate audit updated 00:36; but F0-review-18 at 00:40 may target newer hash).

Hmm. Wait: ASTRA_HANDOFF says F0 declared taxonomy 0abb9ed8a961 (rev5), but gate says current hash 66bf917bd368? Different artifacts: G-F0 hash refers to the taxonomy maybe a different revision. Let me check what F0 review targets.

Rather than guessing, a high-value independent task that nobody seems to have done: verify **FROZEN.json rev28 hash bindings** — worker-16 did REV28-VERIFY at 00:39. Skip.

Another: The map lists `controller_findings` CF-16 spanning claims[36,94,96,97,101,112,127,144] — metalinguistic-mention hard findings. A useful independent worker task: re-adjudicate each of those 8 claims against current pinned bytes at rev12 — determine whether each finding still holds (i.e., whether the claim text actually leaks class boundaries vs merely mentions other classes metalinguistically), with per-claim locator + hash + falsifier. That's class-bound (the classes), bounded, independent, and directly serves G-AUDIT A1 coverage (which needs ≥2 independent reviews per class). But is it duplicating lead-audit's work? The lead-audit card astra-life04-verify-gform-r2 covers F1/F2a/F2b; a worker-level class-separation recheck at current hashes is complementary.

Alternatively: verify F0's 9 undispositioned taxonomy cases — need to read the taxonomy and cases file, produce a measured mapping. That's formulation-bound but formulation lead owns authorship; a worker could measure which cases lack disposition. That seems genuinely useful and not done (gate unmet item). Yet "never promote prose" — I'd produce a measurement artifact.

Let me look at what the class-separation finding actually is (runtime/class_separation.py, and the CF-16 text) plus the taxonomy cases file. Then decide between:
(A) CF-16 re-adjudication of the 8 flagged claims at rev12 pins (audit-side, class-bound, independent).
(B) F0 taxonomy 9-case disposition measurement (formulation-side, G-F0).

Given G-AUDIT coverage is 0/0/0/0/0 and needs ≥2 independent reviewers per class, and there is heavy formulation activity, option A seems higher value and squarely "audit"-flavored, which a breadth worker can do independently. But there are already many reviews. What exactly is A1? Let me read A1-rebind-coverage.json and the CF-16 finding text in the map.

Let me inspect controller_findings for CF-16 and the class_separation tool.
dsh: reasoning:
No output — maybe findings use different keys. Let me print controller_findings list structure.
dsh: reasoning:
Interesting. CF-16 is adjudicated a false positive (metalinguistic mention), but hard-failure count stays visible. The claims[36,94,96,97,101,112,127,144] are flagged by the class-separation checker. The action says "until the claim prose is rephrased by its author or the checker exempts quoted case labels (audit-lead calibration under astra-life01-a1-rebind)".

A useful independent worker task (class-bound, bounded): **calibrate the CLASSSEP checker against the CF-16 false-positive pattern** — i.e., implement an independent, hash-pinned measurement that distinguishes "metalinguistic mention of quoted case labels" from "composite class assertion", and re-score those 8 claims precisely. But modifying audit_evidence.py or class_separation.py is controller/audit-lead territory; a worker can produce an independent check artifact + review. That is class-bound (classes under audit) and useful for A1 coverage, plus it addresses a known open issue.

Wait — but is it high value? The finding is adjudicated as false positive already. The remaining need is checker calibration by audit lead. A worker could supply an independent calibration check with a falsifier. Hmm.

Alternative high-value: **F0 taxonomy 9 undispositioned cases**. Let me look at that. Gate G-F0 unmet: "9 taxonomy cases remain open (new class vs split) and were never dispositioned by the lead". Let's find `schemas/taxonomy_cases.jsonl`. This is directly blocking G-F0. A worker could measure, for each of the 9 cases, current disposition state in the canonical taxonomy, and which class the case maps to (with exact locators + hashes). This is class-bound (AF-WCC-VAC-GEN etc.) and bounded.

But careful: F0 canonical is being actively rewritten by lead-formulation (rev5 0abb9ed8 at 00:31, FROZEN rev28 at 00:37). Another possibility: G-F0 currently lacks 2 independent accept verdicts at the current hash. Providing an independent review verdict at the pinned hash is exactly what the gate needs (coverage). Worker-018, 019 did F0 reviews at 00:39-00:41. Hmm.

Let me check what the latest F0 review target hashes are, and whether the 9 cases are already dispositioned. Let me look at schemas/taxonomy_cases.jsonl and research_map/formulation_taxonomy.yaml.
dsh: reasoning:
Good: hashes match the ASTRA_HANDOFF pins.

Now the taxonomy_cases.jsonl has 35 cases (excluding meta and 34 cases? Actually 36 lines: meta + 35 cases P01-P16, N01-N20 = 36 cases; wc says 37 lines meaning maybe trailing/one more). The gate audit says "9 taxonomy cases remain open (new class vs split)". Let me read the meta record fully and check case fields, especially ones like N13/N14 (COMPOSITE_C0_C2) — those may have disposition fields.

Let me look at the fields of a case fully and see the "disposition" or "open" markers. Let's parse and list case_id, as_filed_class_id, class_id, and any fields like "expected_disposition", "status".
dsh: reasoning:
The cases have `open` and `expected_resolution` fields. The gate says "9 taxonomy cases remain open (new class vs split)". Let me check which cases have open=true and their expected_resolution. That's a concrete measurement task: verify whether the canonical taxonomy resolves those 9 cases (e.g., by explicit statement that composite conclusions need no new class / split policy), or whether they're still open. If my measurement shows all 9 are dispositioned in rev5, that could advance G-F0; if not, precise list.

But careful: the gate audit for G-F0 says the item "9 taxonomy cases remain open (new class vs split) and were never dispositioned by the lead". If a worker measures whether the current taxonomy has a disposition, it may be a genuinely valuable independent check.

Let me look at the `open`, `expected_resolution`, `binding_status` fields for each case.
dsh: reasoning:
There are 9 open cases: N01, N02, N04, N09, N10, N11, N14, N15, N16 (that matches "9 taxonomy cases remain open"). Their expected resolutions: 7 × reject_new_class_required, 2 × reject_split_required.

The gate unmet says "9 taxonomy cases remain open (new class vs split) and were never dispositioned by the lead". So the F0 lead needs to disposition whether new classes/splits are required, or whether the existing four classes suffice (with rejection rules). That's an adjudication by the lead, not by a worker. But a worker can supply a **measured input**: an independent determination of whether each of the 9 open cases can be rejected using only the frozen four class definitions + guards (i.e., no new class/split needed), with exact evidence locators in the canonical taxonomy and disjointness checks. That's class-bound, bounded, and directly useful: it converts "open: new class vs split" into a mechanical verdict with a falsifier.

Hmm, but is it really mechanical? The open cases:
- N01: massless-scalar no symmetry filed as AF-WCC-VAC-GEN → new class required? Actually the four classes include AF-WCC-VAC-GEN, AF-SCC-C2-VAC-GEN, AF-SCC-C0-VAC-GEN, AF-WCC-SCALAR-SPH. A statement about massless scalar with no symmetry is not covered by any of the four classes → arguably it requires a new class (AF-WCC-SCALAR-GEN), OR it can simply be rejected as out-of-scope (not filed under any of the four). The expected resolution says "reject_new_class_required" — i.e., the case is rejected and the lead must disposition whether a new class is required for the corpus or the case is out of scope.

That's a taxonomy-policy question. A worker can measure the current taxonomy's "disjointness/coverage" rules and report which cases fall outside the union of the four classes and whether the taxonomy already contains an explicit out-of-scope rejection rule. That's useful evidence for the lead's disposition without making a subjective call... but the disposition itself is the lead's.

Alternative option: G-AUDIT A1 coverage. Let me check what A1 actually requires: "A1 coverage 0/0/0/0/0 (need ≥2 each)". That's the class-separation checker coverage on each class? Let me read A1-rebind-coverage.json. Also, what is A1? Node A1 = class-binding review. If the audit requires ≥2 independent class-binding reviews per class at current hashes, and there are lots of reviews filed already (F1-review-088, 040, 053, 090; F2a-review-043, 069; F2b-review-17, 022, 077)... maybe coverage still counts 0 because reviews are filed without hash-binding to the final hashes, or because A1 coverage counts lead-audit's own calibration.

Let me read A1-rebind-coverage.json header to understand. Then decide the task. Also look at the "runtime/state/controller_verification/astra-lifecycle-04.md" for the current gap list. That will tell me precisely what independent work is needed.
dsh: reasoning:
Now I see the open risks. A well-chosen class-bound worker task that is genuinely needed and not duplicative:

**Option C: CLASSSEP calibration measurement** (risk #4). The 10 hard findings come from audit_evidence.py's class-separation checker flagging quoted case labels in claim prose. The disposition path is checker calibration, owned by audit-lead under astra-life01-a1-rebind. A worker could provide an independent, bounded calibration measurement: for each of the 8 claims (36,94,96,97,101,112,127,144), extract the exact matched token, classify whether it is (a) a metalinguistic mention (quoted case label), or (b) a real composite-class assertion, with both the claim's declared class_ids and the frozen four-class set; then give precision/recall of the current checker on a labeled sample. This directly unblocks risk #4 with evidence. But it's audit-lead's calibration task; a worker contributing a data point is fine (independent verification). Falsifier: if the checker is re-run at the pinned classifier and its flagged tokens are not all within the quoted-case-label grammar, the calibration verdict is false.

**Option D: The 9 open taxonomy cases** (G-F0 unmet item). A worker measurement: for each of the 9 open cases, determine whether the canonical rev5 taxonomy's four class definitions + guards already determine the required disposition ("reject; no new class" vs "reject; split required vs no split"), or whether the case is genuinely undecided. This requires reading the taxonomy's class contracts (the supplement d7419b4e) plus the canonical taxonomy (0abb9ed8). Bounded, class-bound (F0 classes), and directly addresses a gate unmet item. The output: a disposition matrix with per-case evidence locators and hash pins, plus the explicit note that the lead owns the final adjudication. The falsifier: any case where the taxonomy's own coverage rule does not determine the verdict, or any pinned-hash change.

Which one to choose? The instruction says "Take one class-bound task". I think Option D is more clearly class-bound and status-relevant (G-F0 is the first gate; risk item 2 mentions freeze-hold). But it risks duplicating formulation lead's work, which is the owner of F0. Workers are breadth executors; the supervisor prompt says "work only on a class-bound task".

Actually — wait. Let me reconsider. The most valuable independent worker contribution to gate passage would be an **independent verdict** since gates need ≥2 independent reviews. But G-F0's unmet says "no accept verdict exists at the current hash 66bf917bd368". What is 66bf917bd368? It's a different hash from 0abb9ed8 — maybe the FROZEN.json or the taxonomy at the time of audit? Actually, A1-rebind-coverage says canonical F0 = 0abb9ed8. Gate updated_at 00:36 — after F0 rev5 at 00:31. Hmm, 66bf917b doesn't match any current file. Let me check which artifact has hash 66bf917b: maybe artifacts/formulation/FROZEN.json earlier revision, or the G-F0 scope is the taxonomy "draft" artifact. Let me grep artifact_hashes for it. Actually, reviews F0-review-18/19 at 00:38-00:40 may bind a new target.

Rather than guessing, a robust choice: **independent F0 review at the canonical pin (0abb9ed8) + supplement (d7419b4e)**, targeting G-F0 criteria: exactly 4 separate class ids; disjointness tests; no leakage; disposition of the 9 open cases. That produces a review event (reviewer, verdict, score, findings) plus an artifact. If it accepts, it contributes one of the two independent verdicts G-F0 needs. But recently F0-review-18.json and F0-review-19.json were filed. Let me check their verdicts and targets, to avoid duplicating.

Let me quickly inspect the last few F0 reviews' verdicts, targets, and scores.
dsh: reasoning:
F0 has two accepts already (F0-review-18, F0-review-19) at 0abb9ed8. But those are deepseek-flash-18/19 — possibly the same model family, so "independent" might be questioned, but they are separate agents. G-F0 still has unmet items: taxonomy draft label, 9 open cases, INDEX reconciliation.

Given the swarm's current state, what independent class-bound task is highest value and clearly not duplicated?

Look at F2a: reviews at rev12: F2a-rev12-069 (revise 3.5), F2a-review-043 (revise 3.0), F2a-review-034-repin. F1: several revise. F2b: revise.

The gate audit says F1/F2a/F2b coverage 0 accepts. So all reviews are "revise", meaning gate can't pass. The unresolved issue is likely substantive defects in F1/F2a/F2b at rev12. A worker-level task that could help: **independent verification of whether the specific revise findings are real**, thereby helping the lead converge. But picking which revise finding to check is key.

Let me look at my own T1-GUARD-EVAL result: "T1_licensed_at_pins=false with G1 FAIL (2 annotation-only wit...)" — I found G1 fails. And then in the rev12 closure check, I found 9/9 checks PASS including "operative F1 clauses use the tail predicate gamma([t0,T))". The rev12 schemas were published at 00:32 after my T1 eval at 00:29, presumably partly repairing findings.

Newest review findings might identify concrete open defects. Let me read the most recent revise review for F1 (F1-review-088-rev12-amended), F2a (F2a-rev12-069), F2b (F2b-review-022-rev12) to see what they say is still wrong. If there's a concrete, bounded, mechanical defect claim, I can independently verify/falsify it — a high-value worker task.

Actually, wait. Let me reconsider what the "bounded execution worker" prompt wants. It says: "Take one class-bound task, emit valid JSON with IDs evidence hash falsifier, checkpoint, then exit." The minimal compliance: pick one class-bound task, do it, emit events, checkpoint, exit. There are many parallel workers doing exactly this; the value is in breadth. I shouldn't overthink; but I should pick something real and non-duplicative with measurable output.

Let me check the newest reviews for concrete findings. Read F1-review-088-rev12-amended.json (newest F1), F2a-rev12-069.json, F2b-review-022-rev12.json.
dsh: reasoning:
A clear, repeated blocking defect: `artifacts/formulation/evidence/taxonomy_consistency.json` currently measures `9e335e9ba1bf` and no longer contains input pin fields (`lead_contract_sha256`, `map_taxonomy_sha256`, `measured_at`), while F1/F2a/F2b's f0_binding declares `consistency_evidence_sha256=675a99d0d25b...` and checked_at 00:31:41. Three independent reviewers (088, 069, 022) flag this. This is an unowned formulation-side repair (lead-formulation owns it), but the reviews expose a genuine defect.

What could a worker do that's independent and useful here? A bounded measurement task: **verify whether the declared consistency-evidence hash 675a99d0d25b corresponds to any historical bytes in the archive / git history, and whether the live evidence still demonstrates the consistency claim** — i.e., produce an independent, hash-pinned "evidence-chain reconstruction" that tells the lead whether the fix is (a) re-pin to live 9e335e9b, or (b) restore the 675a99d0 bytes if the live rewrite dropped the input pins. This is class-bound (AF-WCC-VAC-GEN/F2a/F2b via f0_binding), bounded, mechanical (hash search over git objects/archives/checkpoints), and directly unblocks the common blocking finding across F1/F2a/F2b.

That's a strong candidate. It has:
- IDs: task W071-<...>, event_ids.
- evidence: file hashes.
- hash: sha256 of the artifact; the target hash 675a99d0 vs 9e335e9b.
- falsifier: if 675a99d0 is found in a recoverable snapshot with the input pins and its consistency verdict is true, then the repair is "restore/pin"; if not found anywhere, then the declared hash is unresolvable and the only admissible path is re-pin with re-run consistency check → the finding stands.
- checkpoint: write runtime/state/w071_*.json.

Additionally, the worker can re-run the consistency check itself (measure both trees' class ids/disjointness and output the sha256 of the compared trees) to produce a *bound* consistency evidence document, giving the lead a ready-to-pin artifact. But careful: writing into the formulation lead's canonical evidence path would be an authority violation (CF-4). Instead, write into artifacts/worker-071/... and let the owner adopt. That's safe and useful.

Let me first search for 675a99d0 across the workspace: git history in the swarm repo, archives, checkpoints, other agents' snapshots. Let me check:
- `git log`/`git cat-file` in workdir/ai4math-swarm (it's a git repo).
- runtime/state/checkpoints/*.json (checkpoint snapshots may include artifact hashes)
- artifacts/formulation/evidence/ directory listing and backups.

Let me examine the evidence file and search for 675a99d0.
dsh: reasoning:
Critical observation: the evidence file was rewritten at 00:42:29 (just now, 495 bytes) and *dropped* the pin fields. Its hash is 9e335e9b. The declared 675a99d0 is not found as a file (only referenced in schemas/reviews). Let me search git history and checkpoints for the 675a99d0 bytes.

But wait — the live file is being actively rewritten by the formulation lead (mtime 00:42:29, current time ~00:42-00:43). This means the target is a moving one; any measurement must pin and re-measure. This is exactly the CF-19-style moving-target risk, now on the evidence file.

A very useful worker artifact: **evidence-chain reconstruction + freeze-breach measurement for artifacts/formulation/evidence/taxonomy_consistency.json** — an independent, hash-pinned record of the observed write sequence (mtimes/hashes), whether the declared 675a99d0 is recoverable from git/checkpoints/tmp sandboxes, whether any snapshot contains the input pins (`map_taxonomy_sha256`, `lead_contract_sha256`, `measured_at`), and a mechanical consistency re-derivation of the live claim (recompute the four classes' consistency between canonical and supplement with measured tree hashes). This directly gives the formulation lead + audit what they need to repair the common blocking finding, and it's genuinely independent verification (I'm not editing their artifact).

But hold on — the job says "Take one class-bound task". Class binding: the f0_binding defect is in F1 (AF-WCC-VAC-GEN), F2a (AF-SCC-C2-VAC-GEN), F2b (AF-SCC-C0-VAC-GEN) — all three classes. Good.

Scope control: bounded at ~0.5 agent-hour. Deliverables:
1. `artifacts/worker-071/f0_consistency_evidence_chain/` with:
   - `evidence_chain.json`: observed states of taxonomy_consistency.json (hash, size, mtime, presence of pin fields) at repeated sampling; also whether 675a99d0 exists anywhere (git objects, checkpoints, tmp sandboxes, other artifacts).
   - `consistency_recheck.json`: independently recomputed consistency between canonical taxonomy (0abb9ed8) and supplement (d7419b4e) for the four classes: class ids, disjointness, and — importantly — the sha256 of each compared tree included as input pins (constructing the *bound* evidence document the lead can adopt, but written to my own path).
   - `report.json` + `README.md` + `SHA256SUMS`.
   - `preregister` before measuring? My prior artifacts had PREREGISTRATION.json — good practice for the swarm.
2. Events: artifact events (with node_id F1/F2a/F2b? Artifact events require a single node_id — my earlier ones used F1) + a claim (conclusion_type `formal_model` or `numerical_evidence`; it's a measurement → previous accepted claim used formal_model... hmm, actually a measurement of file hashes is "numerical_evidence"? The last rejection reasons show claims with conclusion_type `verification_measurement` (worker-16) and `empirical` (worker-094) and `independent_schema_verdict` (worker-069) were all rejected as invalid. Valid: theorem, conditional_theorem, stability_result, counterexample, numerical_evidence, formal_model, open_problem. My previous claim used `formal_model` and was accepted. For a hash/evidence-chain measurement, `numerical_evidence` seems semantically closest (measured evidence), or `formal_model` for artifact schema consistency. I'll use `formal_model` consistent with my prior accepted claim? Hmm — but is that honest? The claim is a measurement about artifacts, not a formal model. `numerical_evidence` = evidence from measurement. I think `numerical_evidence` is the best fit: "evidence that is numerical/measured". Actually the swarm's accepted claims: let me check what conclusion_type values were accepted for similar measurement claims. Quick scan of events.jsonl for claim events and their conclusion types.

Also I need a `status` event (node_id, status, hours, summary, evidence_refs, next_falsifier), possibly a `blocker` (the declared hash is unrecoverable → owner action needed), and a checkpoint file in runtime/state/.

Let me first check git history for the evidence file and search checkpoints for 675a99d0, and look for any snapshot with the input pins. Let me also check `runtime/state/checkpoints/` and `runtime/state/artifact_hashes.json` for records of the evidence file.

Plan:
1. Recon: git log for artifacts/formulation/evidence/taxonomy_consistency.json; grep checkpoints for the filename; find any file with sha256 675a99d0.
2. Preregister task W071-F0EV-CHAIN-01.
3. Run measurement script under artifacts/worker-071/f0_evidence_chain/ that:
   - pins canonical taxonomy 0abb9ed8, supplement d7419b4e, FROZEN rev28 2f358f67, and the three schemas cce9a601/5476a3f2/55d0a1ea;
   - parses the three schemas' f0_binding blocks (declared consistency_evidence sha + checked_at);
   - measures live taxonomy_consistency.json (hash/size/mtime + field inventory), sample it twice with a stability check;
   - searches a bounded list of locations for bytes matching 675a99d0 (git cat-file --batch-all-objects, runtime/state/checkpoints, tmp sandboxes) and records found/not-found + path;
   - independently recomputes the consistency relation: the four class ids present in canonical taxonomy vs supplement contracts; disjointness statements; emits the compared-tree hashes inline;
   - controls: (C1) a known-present hash (0abb9ed8) is found by the same search machinery (proves the search works), (C2) the checker flags a mutated copy of the evidence (drop input pins) — demonstrates the field-presence detector fires on the historical bytes, (C3) determinism re-run, (C4) no writes outside artifact dir.
4. Emit JSON events to outbox, checkpoint file, then exit.

This is a solid bounded task with a real falsifier. But is it too big? Time budget maybe 10-20 minutes of tool work. Fine.

Before writing anything, let me check: is the formulation lead actively about to fix this (their card deadline 01:15)? The reviews just came out; lead may be repairing right now. My artifact's value: (a) it tells whether 675a99d0 is recoverable; (b) it gives a bound replacement evidence document with tree hashes. Even if the lead fixes it, my chain-of-custody record is useful for audit.

Alternatively, the *simplest high-value* contribution: **the missing bound consistency evidence**. The blocker across all three schemas is that the evidence file has no tree hashes. I can independently generate `taxonomy_consistency_bound` with the four-class consistency check and both input sha256s, verified at pins. If the live evidence keeps changing, my document stands as a fixed, reproducible reference the owner can adopt (or the audit can use). Combined with the chain reconstruction, that's one coherent task.

Let me now do recon on git/checkpoints first, quickly, to know what the measurement will find. Also check python availability of yaml module (the swarm uses YAML). Let me check.
dsh: reasoning:
Git doesn't track the evidence file (untracked). Checkpoints exist. artifact_hashes.json doesn't contain either hash? Let me grep more carefully. And the latest checkpoint ckpt-20260912-004315 may include artifact states. Let me check whether checkpoints record per-file hashes (current_checkpoint.json was 75KB and artifact_hashes.json 48KB).

Let me search checkpoints for "taxonomy_consistency" and for 675a99d0. My earlier grep of runtime/state/checkpoints returned nothing (output "---" only). Let me search the whole runtime dir and tmp for 675a99d0 bytes. Also check for files whose sha256 starts with 675a99d0 (unlikely to find by content grep since it's a hash, not content — need to hash candidate files).

Candidate locations for historical versions: artifacts/formulation/evidence/ (no backups), tmp dirs (w090 sandbox), other workers' snapshot dirs, git objects. Let me do a filesystem-wide bounded search of files named taxonomy_consistency*.json and hash them.
dsh: reasoning:
Excellent! worker-092 has already recovered the 675a99d0 bytes: `artifacts/worker-092/evbind/pinned/taxonomy_consistency.675a99d0.json`. So the historical declared-evidence bytes ARE recoverable — worker-092 apparently did an evidence-binding task ("evbind"). So my planned task may be duplicative: worker-092 already did evidence binding.

Let me inspect what worker-092's evbind contains — maybe they already produced the chain. And check their outbox events. If it's done, I should choose a different task.

Let me look at artifacts/worker-092/evbind/ and their events.
dsh: reasoning:
worker-092 already did the evbind task thoroughly (00:43:04). So my planned task is duplicative. Good thing I checked.

I need a different class-bound task. Let me look at what other recently done tasks are, to find a gap. Latest worker outboxes (00:40-00:43) topics:
- worker-092: evidence binding (F1,F2a,F2b)
- worker-077: F2b F0-binding
- worker-090: F1 rev12 closure
- worker-094: closefind verify
- worker-086: G-FORM evidence collision
- worker-005: F2b vocab
- worker-041: F2a pin RCA
- worker-047: F0 consistency bind / d0 repair
- worker-069: F2a rev12 closure
- worker-088: F1 rev12 review
- worker-016: rev28 verify

Potential gaps:
1. **The 9 open F0 taxonomy cases** — gate G-F0 unmet; I haven't seen any artifact addressing "new class vs split" dispositions. Let me grep for "new_class_required" / case IDs across artifacts and reviews to see whether anyone dispositioned N01,N02,N04,N09,N10,N11,N14,N15,N16. If not, a worker measurement of the taxonomy's coverage rules against these 9 cases is a real gap.

2. **L0 ledger reconciliation** is owned by literature lead.

3. **G-AUDIT A2 matched-budget ablation design** — A2 node. Not class-bound in the schema sense (GLOBAL), less suitable.

4. **F2b semantic_contract_tests**: schemas/semantic_contract_tests dir. Maybe there's a test corpus that needs running.

5. **A1 class-binding coverage per class** — a worker could file a *class-binding* review for one of the four classes at the pinned hashes. The F1/F2a/F2b reviews are substantive reviews; A1 coverage counts class-binding reviews. But many exist.

Let me check the 9 open cases for any disposition artifacts. Search artifacts/reviews for case IDs N01/N14/N15 etc.
dsh: reasoning:
Interesting: worker-093 did cf16_calibration (the CLASSSEP calibration) — so that's taken too. worker-087 and worker-094 did F0 full review/rebind audits.

Let me check what the open-cases status is now. The F0 review artifacts may have dispositioned the 9 cases. Let me look at worker-087's f0_full_review report and worker-094's f0_review to see whether the case dispositions are addressed. Also check the `open` field: maybe the taxonomy_cases file has been updated since (it's from 00:32; gate audit at 00:36 still says 9 open).

Let me check the most recent F0 reviews for the "9 open cases" item. Search reviews for "open" cases / "new class".
dsh: reasoning:
Wait — the closefind-verify-094 review (revise 3.5) I read earlier says `binding_status` in the cases is `bound_taxonomy_sha_0abb9ed8a961` (I measured that), so HF-094C-1 may already be repaired (the review may predate the repair; worker-094's file mtime 00:38, and the cases file mtime 00:32... Actually I measured binding_status=bound_taxonomy_sha_0abb9ed8a961 for all cases, so HF-094C-1's claim "all 36/36 case rows still carry binding_status bound_taxonomy_sha_66bf917bd368" is FALSE at current bytes. Interesting — the review itself may be stale (it was written at 00:38 but the cases file was updated at 00:32? Then the review is wrong). Hmm, maybe the review measured a different snapshot. This is exactly the kind of contradiction a worker could adjudicate: is HF-094C-1 real at current bytes? My quick look says no. But careful: maybe closefind-verify-094 measured `binding_status` before the corpus got updated (the file mtime 00:32 is before the review 00:38, so no). Let me verify precisely: all 36 rows' binding_status at schemas/taxonomy_cases.jsonl 6d... wait, what's the sha of taxonomy_cases.jsonl? Let me hash it. And check worker-094's pinned copy.

This could be a valuable, bounded, independent task: **adjudicate the stale-pin hard failure HF-094C-1 against the live bytes and the pinned snapshot**, i.e., verify whether the corpus is internally contradictory and whether a real repair is needed. But worker-094's own review cites pinned/schemas__taxonomy_cases.jsonl. Maybe the review is simply wrong/stale — an important finding for the audit.

Alternatively, the F0 gate unmet "9 taxonomy cases remain open (new class vs split) and were never dispositioned by the lead" — maybe those open flags are simply part of the adversarial corpus design (open=True means the case requires a lead-level policy adjudication: does the case demand a new class or a split?). The lead must disposition. A worker can measure: using the published taxonomy's own coverage/disjointness rules, determine for each of the 9 cases whether the case is covered (i.e., filable under one of the four classes with a guard rejection) or uncovered (out of the four-class scope). That yields the precise 9-case disposition input. But the actual "new class vs split" decision remains the lead's.

Let me check the A1-rebind-coverage-addendum.json (newest, mentions "nine open"?) and see what the audit lead says. Also check timestamps.
dsh: reasoning:
That addendum is old (00:14) and superseded.

OK. I need to decide. Let me consider time: it's ~00:44 and the swarm runs overnight. Each worker run is bounded. My best contribution should be:
- independent,
- class-bound,
- mechanical with hash + falsifier,
- non-duplicative.

Candidate E: **Adjudicate HF-094C-1 (stale binding pin) and N4-style FROZEN corpus-pin gaps against live bytes at current pins.** Actually HF-094C-1 says all 36 rows carry binding_status 66bf917b — but I measured 0abb9ed8. If the review is demonstrably wrong at current bytes, the audit trail contains a false hard failure that could block G-F0. Adjudicating it independently and precisely (row-by-row binding_status census, plus the pinned snapshot worker-094 used) is bounded, mechanical, and valuable. The falsifier: if any row carries 66bf917b (or meta mismatch), the adjudication flips.

Wait, let me be careful: maybe the file was written at 00:32 with a mix — the meta says rebind at 00:32:31. The review closefind-verify-094.json was written 00:38. Let me check the actual rows again: I printed binding_status = bound_taxonomy_sha_0abb9ed8a961 for all rows. So the review's HF is false at the live bytes. Unless... the review measured `artifacts/worker-094/f0_review` or a different corpus copy. Let me check worker-094's pinned copy hash and its binding_status values.

Also, F0-review-18/19 accept at 0abb9ed8. So G-F0 has two accepts now, plus 9 open cases + draft_unverified label. The false hard failure could cause confusion.

Actually hold on: is adjudicating another worker's review within my remit? Yes — protocol has `review` type with target_id; a review is exactly that. And an "independent verification of a review finding" is a legitimate class-bound worker task.

But there may be more valuable work: the **9 open cases disposition measurement**. Let me weigh:
- HF-094C-1: likely a false finding already fixed; my adjudication would be quick but may be seen as low-value nitpicking (though it clears a false hard failure).
- 9 open cases: gate-blocking item listed in G-F0 unmet; no artifact appears to disposition it. A mechanical measurement determining exactly which of the 9 cases are covered by the frozen four classes and which are outside the class union (i.e., "new class needed" vs "no new class needed; reject as out-of-scope") gives the lead the raw material for the disposition. This is directly useful for the gate. It's class-bound (F0 four classes).

I'll go with the 9 open cases, framed strictly as measurement + recommendation, not adjudication. But I need a crisp mechanical criterion. Let me read the canonical taxonomy to understand class coverage and whether there's a "coverage" or "out_of_scope" rule. Also read the supplement's class_contracts. Then build a checker:

For each open case (N01,N02,N04,N09,N10,N11,N14,N15,N16):
- Extract its as_filed_class_id and decisive_axes/axis_vector (the violated axes).
- Determine the minimal hypothesis the statement would need to satisfy to be filable under one of the four frozen classes: e.g., N01 requires matter_model=massless_scalar + symmetry=none → no frozen class has (scalar, no symmetry) → outside the four-class union → "new class required" or "reject as out of scope". N02 requires spherical vacuum → no frozen class (vacuum + spherical) → outside union. N04 electrovacuum → outside union. N09 scalar + spherical → AF-WCC-SCALAR-SPH exists but conclusion is SCC C0 (maximal development C0-inextendible) while AF-WCC-SCALAR-SPH is WCC → requires (SCC,C0,scalar,spherical) → outside union. N10 drops symmetry from scalar → (scalar, no symmetry) → outside union. N11 Schwarzschild vacuum filed as scalar → vacuum ≠ scalar → misfiled; only vacuum classes exist... but Schwarzschild vacuum data with WCC conclusion: the case says "Schwarzschild vacuum data are used as the working example and the conclusion is filed under AF-WCC-SCALAR-SPH" — that's a misfile to an existing class? Expected resolution "reject_new_class_required" per corpus. Hmm, actually vacuum WCC generic → AF-WCC-VAC-GEN, but Schwarzschild is non-generic... The corpus's expected resolution is the ground truth: it says reject_new_class_required for N01,N02,N04,N09,N10,N11,N16 and reject_split_required for N14,N15.

So the corpus already declares expected resolutions! The 9 "open" cases are *deliberately open at the taxonomy level*: they require the lead to decide whether the corpus's expected resolution means the taxonomy must add a class or split — or whether the project simply declares them out of scope and rejects them. The gate item is that "the lead never dispositioned" this. So the worker task isn't to re-derive expected resolution (already known) but to identify **what the disposition decision is and what evidence supports each option**:

For N01/N02/N04/N09/N10/N11/N16 (new class required):
- Option A: add new class(es) → taxonomy change, frozen hashes move, re-review everything. Expensive.
- Option B: reject as out-of-scope (no class in the four-class portfolio) — the case is a negative/leakage test that the linter rejects; no new class is chartered.
For N14/N15 (split required):
- Option A: split composite conclusions into separate SCC-C0/SCC-C2 records (split policy).
- Option B: reject the composite statement under guard G3/X4 (already the expected verdict).
Actually the corpus's expected verdict is `reject` for all of them with `expected_resolution` naming the *reason* for rejection. So the questions are policy dispositions.

A useful worker measurement: **check whether the currently published taxonomy's `out_of_scope`/coverage rules already implement the rejection** for each of the 9 (i.e., is there an operative rule that rejects the statement without needing a new class or split?), and identify the exact rule/locator for each. If yes for all 9, the lead's disposition can be "no new class / no split needed; corpus expectation already satisfied by guard/coverage rules" — evidence-backed. If some lack a rule, list them.

That's a genuinely useful, bounded, mechanical-ish task. The deliverable is a disposition input table + a checker script with controls + claim + status + checkpoint. Falsifier: any case where the published taxonomy contains no operative rejection rule at the pinned hash, or a case whose expected_resolution cannot be realized by the four-class portfolio; any pin change voids.

Hmm, but "mechanical" is a stretch for mapping natural-language case statements to rules. I can make it semi-mechanical by keying on the corpus's own `decisive_hypothesis`, `decisive_axes`, `axis_vector`, `expected_resolution` fields and checking the taxonomy for rules with matching `violated_vocabulary` tokens (e.g. 'MATTER-SCALAR-AS-VACUUM', 'SYMMETRY-DROPPED', etc.). Let me read a full record for one open case to see those fields. Then read the taxonomy's guards/coverage.

Let me look at N01 and N14/N15 full records and the taxonomy structure (guards list, coverage).
dsh: reasoning:
Now the picture is clear. Each open case already has `evidence_refs` pointing into the taxonomy's guards/coverage_gaps/forbidden transfer rules. The cases are "open" because their expected resolution requires a *taxonomy-level policy decision*: either declare coverage gaps (CG2) as out-of-scope (no new class chartered) or charter new classes; and for split cases, adopt a split policy.

So a worker's high-value, bounded, mechanical contribution: **verify at the pinned taxonomy 0abb9ed8 that every one of the 9 open cases' cited disposition rule/locator actually exists, is operative, and yields the corpus's expected verdict (reject) — i.e., an "open-case disposition readiness" measurement**, and record precisely which decision is still the lead's (charter new class / adopt split policy vs declare out-of-scope). This is exactly the input the lead needs and it's mechanical (locator resolution + rule presence + verdict derivation for the axis vectors), with falsifiers.

But hmm — would this duplicate worker-087's f0_full_review and worker-094's f0_review? Those dealt with taxonomy validity, not the 9 open cases' disposition readiness. The grep showed they include case IDs in their corpus checks (they run the checker). Likely they ran check_taxonomy_cases.py which evaluates cases against the taxonomy. Let me check what worker-094's f0_review output says about the open cases (validate_taxonomy_out.json), and worker-054's checker_report. If the open cases already evaluate to "reject" with the corpus checker, then the measurement "rules exist and produce reject" is already done, and the only thing left is the policy decision (lead's job).

Let me check one of those reports for the open case dispositions.
dsh: reasoning:
The corpus checker already evaluates all 36 cases, including the 9 open ones, and passes (verdict pass, machine acceptance). Worker-054's checker_report has `open_cases` and `open_case_rule`. So the mechanical verdicts exist. Let me look at `open_case_rule` to see how the checker treats them. If the checker already states that open cases require lead adjudication, then re-measuring is duplicative.

Let me read worker-054's checker_report open_case_rule and coverage. Also check whether there's any artifact providing the lead's disposition (search for "disposition" of the 9). If none, the residual is genuinely a lead decision that a worker cannot make... but a worker CAN provide the decision analysis: the two admissible policy options per case with exact consequences on frozen hashes (e.g., charter new classes moves F0 and all three schemas' class_contract_pointer → full re-review; declare out-of-scope keeps hashes but must add an explicit `scope_exclusions` section). That's a decision-input artifact.

Honestly though, this is drifting toward analysis rather than measurement. Let me step back and pick a task with crisp mechanical verification.

What about **G-AUDIT A1 two-independent-reviewer coverage**? The gate needs ≥2 independent verdicts per final frozen hash per class. Newest reviews show F1/F2a/F2b each have several reviews at rev12 but all revise. For F0, two accepts exist (18, 19) at 0abb9ed8. For L0, reviews are tangled by the freeze breach.

A worker could file a **class-binding review** for one frozen hash — but many workers already do reviews.

Alternative crisp task: **F2a semantic-contract test corpus** — schemas/semantic_contract_tests. Let me check that dir. Perhaps there are tests that need running against F1/F2a/F2b at rev12 and nobody has run them.
dsh: reasoning:
The open_case_rule explicitly says "the formulation lead must adjudicate, not a worker." So the 9 open cases are off-limits for worker disposition. Good — avoid that.

Now: semantic_contract_tests has a runner. Has it been run at rev12? Let me check for a results artifact. This is a concrete, mechanical, class-bound task: run `schemas/semantic_contract_tests/run_contract_tests.py` against the frozen rev12 schemas (F1/F2a/F2b) at pinned hashes, with a preregistration, and record pass/fail + controls. If someone already did it, skip.

Let me search artifacts for "run_contract_tests" or semantic contract results.
dsh: reasoning:
The semantic contract tests were rebased by workers 080 and 064. There's even an ERRATUM. This area is crowded.

I need to find a genuinely open gap. Let me approach systematically: read the controller's latest decisions/lifecycle-04 for "open risks" (done) and see which of the 5 risks lack worker coverage:

0. Un-ingested traffic — controller.
1. Moving target L0 — lead literature.
2. Announce-and-hold: "the five rev27 formulation paths still need artifact events at the frozen hashes (astra-life04-freeze-hold) before G-FORM/G-F0 verdicts can be recorded." — lead formulation.
3. Clock discipline: 58 future-dated events remain; authors must stamp wall-clock. A worker could... not fix others' events. Could measure which events are future-dated and by how much (already done by controller).
4. CLASSSEP calibration — taken by worker-093 (cf16_calibration).

And G-AUDIT needs A1 coverage ≥2 per class; A0 0 accepts; N0 verdict; L0 reconciliation.

Alternative crisp worker task: **independent audit of the L0 freeze-breach archive vs live ledger** — but that's assigned to lead-literature and worker-093 already reviewed L0.

Another: **A0 acceptance audit** — G-AUDIT: A0 0 accepts. A0 node = audit protocol/calibration? Let me look at what A0 is and what its acceptance requires. If A0's artifact exists, an independent review verdict at its hash could help. Let me check node A0 details in the map, plus the gate audit for G-AUDIT.

Let me dump gates G-AUDIT and G-LIT, G-NUM from the map, plus the node/claim/review counts. This will show precisely what independent contributions are missing.
dsh: reasoning:
Key G-AUDIT unmet: "four of five class-binding gates are uncalibrated on audited-positive fixtures". That's a concrete, bounded, mechanical worker task: **calibrate the class-binding gates on audited-positive fixtures** — i.e., run the class-binding detectors against known-positive (conforming) fixtures and known-negative (leak) fixtures, compute per-gate sensitivity/specificity, and identify which gates have no positive calibration evidence. That's class-bound (all four classes), bounded, mechanical, independent, and directly addresses a G-AUDIT unmet item that doesn't appear to be taken (worker-093 did CF-16 calibration for CLASSSEP, worker-080/064 did semantic contract tests; but "four of five class-binding gates uncalibrated" is about the class-binding gate suite).

Let me find what the five class-binding gates are. Search for "class-binding" / "G-CLASSBIND" in the repo (assignments had gate G-CLASSBIND). There may be a file defining the five gates. Let me grep.
dsh: reasoning:
Now I have the freshest gate audit (00:43:08). Key needs:
- F2a: 0 distinct accepts at 5476a3f2 → needs 2.
- F1: 1 accept (worker-088!) at cce9a601 → needs 1 more.
- F2b: 1 accept (worker-098) → needs 1 more.
- L0: 0 accepts at a1674f09.
- F0: 4 accepts — satisfied.
- G-AUDIT A1: needs ≥2 per target.

So what's most valuable: an independent **accept-quality review** for F2a (0 accepts) or for F1/F2b (need a second). But my job is to be independent and honest — I cannot just rubber-stamp accept. I should pick a target, do a real bounded review at the pinned hash, and emit whatever verdict is warranted.

But careful: reviews are already being produced en masse by other workers (F2a has many revise verdicts). The rev12 schemas were published at 00:32; most reviews at rev12 are revise (088 amended to accept! interesting — F1-review-088-rev12-amended went from accept 4.0 to revise 3.5? Wait no: earlier output showed F1-review-088-rev12-amended verdict=revise score 3.5. But the gate audit says F1 has 1 distinct accept reviewer worker-088 at cce9a601. Maybe the amended file I read has verdict revise... let me re-check. Actually the head of that file showed `verdict revise` — hmm, but the gate audit at 00:43:08 says worker-088 accept. Possibly the amended file (00:38) has a nested verdict or the gate scan uses the event stream where the accept event was earlier. Or another file F1-review-088-rev12.json (accept 4.0) exists at 00:37 and the amended supersedes it. The gate audit may not have the amendment yet (0.5 h). Whatever.

F2a at 5476a3f2 has HF-069R-3 (consistency evidence pin) and HF-069R-2 (stale fixtures) blocking clean accept. HF-069R-3 is now superseded by worker-092's evbind: 675a99d0 recovered, live 9e335e9b is unbound. So HF-069R-3 stands at current bytes (the declared hash still doesn't resolve).

Hmm. The highest-value independent review right now: **F2a at 5476a3f2** — verify whether HF-069R-3 and HF-069R-2 still hold at current bytes, plus the G-FORM criteria (exact quantifiers, topology, regularity, genericity, I+, visibility, conclusion_type, no C0/C2 merge, class binding). That is a substantive but large review; worker-069/043 did it. Duplication risk high.

Alternative: pick the **worker-098 accept** for F2b (worker-098 did F2b repair verify) and re-check it independently? No — gate needs accepts from *distinct independent* reviewers; a second F2b review is needed. I could do F2b at 55d0a1ea. Worker-022 (revise 3.5), worker-17 (revise 3.0), worker-077 (revise 2.5), worker-098 (accept). If the revise findings are all the consistency-evidence pin issue (HF-022-R1), then post-worker-092 evbind, it's still unresolved. So an honest F2b review would be revise too... unless the actual F2b content is clean and only the pin is broken (which is a binding defect, still blocking).

Hmm.

OK let me step back and think about what a "bounded execution worker" slot should do in this fleet: pick a class-bound task, do a well-scoped independent measurement, emit events, checkpoint, exit. The fleet benefits from breadth of independent verification. The single most clearly-needed independent artifact is a clean **F2a review** or second **F2b/F1 review**, but those are big (30k-char schemas) and I have limited turns. A more bounded, high-signal task:

**Target: F1's remaining revise findings.** F1 has an accept (088 amended?) but also several revise verdicts. The gate needs 2 accepts; if those revise findings are real, F1 is not actually accept-clean. An independent worker can adjudicate the *minor* open findings that keep F1 at revise — e.g.:
- F-088-F1-10: P_WCC occurs once in negation_normal_form with no definition leaf (minor)
- F-088-F1-11: review_status independent_reviewers=[] (info)
- F-088-F1-9 (adjudication required): cross-schema data-class identity strict_data_class_shared=false
- HF-088-F1-12: consistency evidence (now covered by worker-092)
- F1-review-053 (revise 3.75): what are its findings?

Adjudicating the cross-schema data-class identity question (strict_data_class_shared=false between F1 and F2a) is a substantive G-FORM criterion ("cross-artifact data-class identity"), class-bound (AF-WCC-VAC-GEN vs AF-SCC-C2-VAC-GEN), and bounded: compare the data_class blocks of F1/F2a/F2b at pinned hashes and determine whether the key-set differences are semantic divergence (real defect) or aliasing/normalization (no defect). That would help the lead resolve an explicitly "adjudication required" finding.

Let me look at what F1-review-053 and F1-review-040-rev12 say, and find this cross-schema item in the newest reviews. If it's a live question, I'll take it.

Actually, let me reconsider the simplest high-value option once more: **A0 has no recorded reviewer verdict even though the rubric file exists** (G-AUDIT unmet). A0 = evaluation rubric (evaluation_rubric.yaml, measured d748a9e3574e). A worker could perform an independent review of the rubric against its acceptance criteria: (a) exists; (b) no universal scalar score; (c) contains hard-failure/citation/duplication rules; (d) matched-budget ablation design. That's *bounded* (read a 14KB YAML), mechanical (search for scalar score fields), independent (worker vs lead), and directly fills the "A0 has no recorded reviewer verdict" gap. G-AUDIT needs reviewer verdicts; A1 coverage is per formulation/literature target, but A0's verdict is separately unmet. worker-022 filed A2-review-022 (00:32) — maybe A0 review exists? The gate audit says A0 has no recorded reviewer verdict even though reviews/A0-review-22.json exists (I saw it in the grep list). Hmm — maybe A0-review-22 was at a superseded hash or wasn't ingested.

Let me check reviews/A0-review-22.json — verdict, target hash. If it exists and is an accept but the gate says none recorded, that's a discrepancy worth resolving (maybe the review event was rejected). If it's a revise, then an independent second look at the rubric could be valuable but might land the same verdict.

Let me inspect A0-review-22.json and the evaluation rubric's current hash.
dsh: reasoning:
The A0 rubric review (deepseek-flash-22, revise 3.0) found a critical vocabulary disconnect. But the gate audit says "A0 has no recorded reviewer verdict even though the rubric file exists" — maybe A0-review-22's event was never ingested (it's a review of the rubric but the map's review scan for A0 doesn't count it because the A0 node verdict is different, or because the review targets node A0 but was rejected/not applied). Also, "four of five class-binding gates are uncalibrated on audited-positive fixtures" is the other unmet.

Hmm, the A0 review is a big substantive problem: the rubric's vocabulary (genericity types, conclusion_type) doesn't match the frozen schemas. That's a real finding, already filed.

Let me now decide and commit. Time is passing; other workers are generating. I'll choose a task that is:
1. class-bound: AF-WCC-VAC-GEN / AF-SCC-C2-VAC-GEN / AF-SCC-C0-VAC-GEN (F1/F2a/F2b) or the class-binding gates,
2. clearly needed per the 00:43 gate audit: **four of five class-binding gates are uncalibrated on audited-positive fixtures**,
3. bounded and mechanical: identify the five class-binding gates, and for each, test it on a corpus of audited-positive (conforming) fixtures; report which gates produce false positives (the calibration gap) with hashes and falsifiers.

What are "the five class-binding gates"? The semantic_contract_tests README mentions "class-binding". Let me read schemas/semantic_contract_tests/README.md to see. Also maybe there's a set of five gates in artifacts/formulation/tools/check_class_schema.py or research_map/class_separation.py. Let me grep "five" + "class-binding".

Actually the G-AUDIT unmet says "four of five class-binding gates are uncalibrated on audited-positive fixtures". Perhaps G-CLASSBIND is a gate per class: 5 = {F0,F1,F2a,F2b,L0}? The assignment list had gate G-CLASSBIND for F1/F2/A1. Hmm.

Let me look at the controller gate audit for "G-CLASSBIND" — maybe it's in validation metadata not shown. Search the map JSON for "CLASSBIND".
dsh: reasoning:
That was a lot. Key insight found in the map's direction update: "Four independent class-binding gates were built; three accept every canonical schema, one rejects every schema on layout, and zero audited-positive fixtures exist." And G-AUDIT unmet "four of five class-binding gates are uncalibrated on audited-positive fixtures". Also the A1 card astra-life03-heldout-09 (deadline 02:30) assigned to lead-formulation: "Re-dispatch FORM-HELDOUT-08's measurement (union escape of the two-stage pipeline) against the revision frozen by astra-life03-close-findings" — that's a concrete open measured task! And flash-13 just proposed a G-CLASSBIND gate at 00:43:08 for F1/F2a/F2b rev12 canonical schemas (gate_report_rev28.json + fixture_suite_report.json). 

So the "five competing class-binding gates" reduction is an A1 acceptance item: "the five competing class-binding gates reduced to one derived from artifacts/formulation/rule_spec.json" — assigned to astra-lead-audit (astra-life03-close-findings? or A1 card). A worker could, bounded, **compare the five class-binding gate implementations on the same audited-positive fixtures** and report agreement/disagreement (a calibration matrix), which is exactly "calibrate the class-binding gates on audited-positive fixtures". This is:
- class-bound (F1/F2a/F2b classes),
- bounded (run 5 checkers on the canonical schemas + N conforming/positive fixtures),
- mechanical (exit codes/verdicts compared),
- directly addresses a G-AUDIT unmet item,
- and doesn't duplicate: worker-093 did CF-16 calibration (CLASSSEP only), worker-080/064 rebased semantic contract tests, flash-13 built its own gate.

But I need to identify the five gates precisely and where they are. From the map:
1. `artifacts/formulation/tools/check_class_schema.py` (structural stage A)
2. `artifacts/worker-06/check_class_binding.py` (canonical lint, rules H01-H12)
3. `artifacts/flash-13/form_gate/check_class_schema.py`
4. `artifacts/flash-11/f1_aux_class_binding/check_schema.py`
5. `artifacts/worker-05/check_f2_integration.py` or `artifacts/worker-05/verify/check_class_binding_drift.py` or `research_map/class_separation.py`
6. `artifacts/audit/audit_lib.py` (audit-side)

Hmm, "five competing class-binding gates" — need the audit's list. Let me check artifacts/audit/reports/checker_agreement.json (referenced in the direction update evidence: `artifacts/audit/reports/checker_agreement.json`). That likely lists the five gates and their agreement. If it exists and is up to date... it's from an earlier time (23:xx). A worker re-running the agreement matrix at the **rev12 canonical hashes** (published 00:32) would be a fresh, useful calibration.

Let me look at checker_agreement.json and figure out the five gates. Time check: ~00:47. I've spent a while on recon. Let me move fast.
dsh: reasoning:
This is a dense, well-developed audit area. The checker agreement matrix at 23:22 found poor agreement and no audited-positive fixtures. The G-AUDIT unmet says "four of five class-binding gates are uncalibrated on audited-positive fixtures". The audit lead owns this; there are already artifacts. A worker re-running this is probably duplicated by audit-lead work at 00:38 (audit reports updated 00:38).

I've spent enough recon. Decision time. Let me pick the task with the best value/effort ratio given the *current* (00:43+) gates:

**F2a needs 0 accepts; F2b and F1 need 1 more.** But honest reviews may be revise. Hmm.

What about the **A0 reviewer verdict** gap? G-AUDIT unmet: "A0 has no recorded reviewer verdict even though the rubric file exists". Yet reviews/A0-review-22.json exists (revise 3.0, hash d748a9e3 = current rubric). Why does the gate say none recorded? Maybe because review events must be bound to `reviewed_sha256`; the map's review scan might only count verdicts with specific fields or from accepted event stream. Let me check whether A0-review-22's review event was ingested. Quick grep in events.jsonl for "A0" review events.

Actually the gate audit reason says "A0 rubric exists (measured d748a9e3574e); A1 coverage at measured hashes: F0 4, F1 1, F2a 0, F2b 1, L0 0 distinct accepts". The unmet list from 00:36 said "A0 has no recorded reviewer verdict" — possibly stale vs the 00:43 reason. The 00:43 reason doesn't mention A0. So A0-review-22 (revise) is recorded; A0 has a verdict but it's revise. The rubric has a real critical flaw (vocabulary disconnect) found by 22. So a second review would likely also be revise. Not a path to gate pass.

The genuinely blocking gap for G-AUDIT is F2a at 0 accepts: need 2 independent accepts on the frozen hash. The schema may actually be clean (worker-072 gave score 4.0 accept at b6123750 = rev11; worker-088 gave accept at some point). At rev12 (5476a3f2), reviews are revise due to the consistency-evidence pin (now proven to be an *unbound evidence* defect, worker-092 says live bytes are the byte-exact output of the FROZEN-pinned checker and the declared 675a99d0 is a *bound* revision). 

Wait, worker-092's finding is important: the live 9e335e9b is the unbound output of the pinned checker, and 675a99d0 is the earlier bound revision. So the schema's declared hash refers to a revision that did contain input pins. The defect is real (declared evidence doesn't resolve) and needs the owner (lead-formulation) to restore/re-pin.

Given all this, the most valuable thing a bounded worker can do NOW, without duplicating, might be on the **literature side**: G-LIT unmet — "fewer than 3 independent re-fetch spot checks" was addressed (23 spot checks), "L0 carries three revise verdicts and no accept", "ledger rows use class tokens outside the frozen four", "201 citations have no source_meta scope fields; 100+ accepted records are self-certified". L0 has 0 accepts at a1674f09. A worker could do an independent L0 review at the reconciled hash... but CF-19 says L0 is under freeze-reconciliation and holds; reviews bind only after. So no.

**Audit-side gap with crisp boundary: F2a semantic-contract acceptance pipeline** — HF-069R-2 says `run_acceptance.py` PREFLIGHT FAILs due to stale fixtures (corpus base 1bb78ce9 vs current base 55d0a1ea). worker-080 did "semct_rebase" (semantic contract tests rebase). Maybe the acceptance fixtures rebase (measure_semantic_escape.py) is still stale — worker-069 says the fixtures were not rebased. worker-092's pubconf ran the acceptance pipeline with all green ("two-stage run_acceptance PASS, mutant union 31/31" per worker-072 review quote). Hmm, that quote was worker-072's review at F2a b6123750.

Honestly, the area is saturated with workers. Rather than chase the hottest defect, pick a **bounded, clearly-scoped, independent measurement** whose output is unambiguously new: **a cross-schema class-binding calibration of the three rev12 canonical schemas against the F0 canonical taxonomy's class contracts — with audited-positive fixtures derived from the taxonomy's own positive cases (TC-F0-P01..P16)**. 

Wait — that's interesting: the F0 corpus has 16 audited-positive cases, 4 per class, already adjudicated as positives (`expected_verdict=accept`, `expected_classification=unique_class:<id>`). The G-AUDIT unmet is exactly "four of five class-binding gates are uncalibrated on audited-positive fixtures". A worker can take the 16 positive cases as the audited-positive corpus and run the five class-binding gates on them... but those cases are prose statements, not schema YAML fixtures — gates operate on schema files. Hmm. Actually `check_taxonomy_cases.py` runs cases through gates. And semantic_contract_tests fixtures + controls are the audited-positive corpus. The audit lead's checker_agreement.json used 34 fixtures (5 accept-intended, 23 negatives, 5 probes) and *all 5 accept-intended were adjudicated fail* — i.e., zero audited-positive fixtures. That's the unmet.

Could I, as a worker, construct/identify audited-positive fixtures? That's fixture authorship → belongs to audit lead (and worker-06/080/064 did semantic fixtures). Not bounded for me.

OK. Let me pick something different and concretely bounded, with clear evidence value and low duplication:

**Task: Independent re-measurement of the F2a/F2b/F1 `f0_binding` and `class_contract_pointer` consistency at the rev12 pins, adjudicating which of the three schemas are structurally bindable to the canonical F0 rev5 + supplement rev9, and which are blocked by the evidence-pin defect — plus a check of whether the three schemas' class_contract_pointer and declared_f0_sha256 all resolve.** 

Hmm, workers 088/069/022/077/092 all cover parts of this.

Alternative: **N0 numeric replication** — G-NUM needs an independent replication verdict at one hash. worker-067 filed an N0-class-binding accept at 00:43:08. N0-review-lead-audit is revise 3.5. G-NUM unmet: "the audit lead asks for a 4th resolution before the order claim is accepted; cnfd own-energy drift 6.6e-8 has no principled threshold justification; replication harness invariant functional is leapfrog-specific". A bounded worker task: **independent numerical replication of the N0 flat-space convergence order** — re-run the flat-wave convergence at a 4th resolution with a scheme-agnostic invariant, and report the measured order. That's genuinely valuable for G-NUM (N0-only, lock-compatible), class-bound to AF-WCC-SCALAR-SPH, mechanical, and it's numerics (different from the saturated formulation/audit byte-chasing). But it requires compute and reading the numerics code; bounded though: numerics/tests/flat_wave.py exists, and there are existing results.

Actually the N0 stop-rule card `astra-life04-n0-stoprule` is assigned to lead-numerics (deadline 02:30) with artifact numerics/results/flat_wave_convergence_rev3.json. A worker contributing an independent 4th-resolution replication would directly feed the unmet "audit lead asks for a 4th resolution" and "independent replication verdict". That's arguably the single most gate-relevant worker contribution available now that doesn't duplicate the formulation byte-hunt. Let's inspect the numerics directory quickly: is there a runnable flat_wave test? N0 is flat-space, allowed under lock.

Let me look at numerics/ and the N0 review to understand what's needed. Time: ~00:48. If the numerics task is too heavy, fall back to a lighter measurement.
dsh: reasoning:
The N0 review's key numerical unmet: "acceptance result reports 3 resolutions (dr 0.2/0.1/0.05) while the rubric requires at least 4 for a convergence claim; a fourth level must be added or the claim scoped to a 3-level observed order with an explicit tolerance justification."

And G-NUM unmet: "the audit lead asks for a 4th resolution before the order claim is accepted", "replication harness invariant functional is leapfrog-specific; a scheme-agnostic check or relabelling is required", "cnfd own-energy drift 6.6e-8 has no principled threshold justification".

But look at the files: `numerics/protocol/report_lffd_4rung.json`, `report_cnfem_4rung.json`, `scheme_independence_evidence.json`, `flat_wave_convergence_rev3.json` (00:44!) — the numerics lead is already building a 4th rung and scheme-independence evidence (rev3 at 00:44). So the numerics lead is actively on it. A worker could independently *verify* the rev3 convergence report — a bounded, mechanical task: re-run `numerics/protocol/verify_convergence_rev3.py` against `numerics/results/flat_wave_convergence_rev3.json` at pinned hashes, plus an independent re-derivation of the convergence order from the raw error fields (not the tool's own summary) and controls (wrong-order detection). That is genuinely independent verification of an in-flight node artifact, class-bound AF-WCC-SCALAR-SPH, bounded, and feeds G-NUM's "independent replication" requirement.

But the file was written at 00:44 — 5 minutes ago; the numerics lead may still be writing. My verification must pin the hash and note drift. If it moves mid-run, I fail closed (record observed hashes).

Alternatively, worker-067 already filed "N0-class-binding accept" at 00:43:08. And worker-020 did w04_acceptance_worker20.json. Independent replication verdicts for N0 exist? G-NUM's note says "the stop-rule items (4th resolution / F0 re-bind / independent replication verdict) are the open requirement". Hmm, so an independent replication verdict is needed.

Let me check `numerics/results/flat_wave_replication.json` and `numerics/protocol/fixed_replication_verdict.json` — maybe already there. And check if worker-067's N0 review is an independent replication.

Given time, let me decide: I'll do **independent verification of the rev3 N0 convergence report** (numerics/results/flat_wave_convergence_rev3.json, sha pinned at measurement) — specifically:
1. Pin all inputs (rev3 report, its declared inputs, protocol verify script, flat_wave.py).
2. Re-run the numerics lead's verifier on the frozen bytes, record its verdict.
3. Independently recompute the convergence order from the report's raw per-resolution error fields (Richarson/least-squares on log(err) vs log(dr)), without trusting the summary fields; compare to declared 2.0/tolerance.
4. Check the 4th rung presence (dr levels) and the scheme-agnostic invariant condition (does the report's invariant depend on leapfrog-specific functional? read scheme_independence_evidence.json).
5. Controls: (a) inject a wrong-order synthetic series → my order estimator reports ~1.0 (proves sensitivity); (b) shuffle rungs → order changes; (c) determinism re-run; (d) no writes outside artifact dir.
6. Verdict: whether the rev3 artifact, at the pinned hash, supports the claimed order with 4 rungs and a scheme-agnostic invariant, plus findings.
7. Events: artifact(s), claim (conclusion_type numerical_evidence — valid), status; checkpoint.
8. Exit.

Risk: numerics lead may rewrite the file mid-task. I'll snapshot before and after; if hashes differ, report drift and bind my verification to the snapshot copy (copy into my artifact dir) — still useful.

But wait: is N0 "class-bound"? Node N0's class_id is AF-WCC-SCALAR-SPH. Yes.

Let me look at the rev3 report structure and the verifier quickly. Then preregister and run. Total budget ~10 minutes.
dsh: reasoning:
The numerics lead just published a comprehensive rev3 report at 00:44:23 that closes all three stop-rule items (4 rungs, F0 rebind, independent replication verdicts from workers 046/057). It even includes 58 internal checks and lock guard.

What an independent worker can add: **independent verification of this rev3 report** — not re-running the solver (which the report explicitly did NOT rerun: `solver_rerun: False`, `provenance.certification_generator_imported: False`, `wall_seconds_build: None`), but:
1. Recompute the fit orders and per-scheme metrics from the report's own `l2_error_by_dr` dictionaries (least-squares in log-log space, Richardson pair orders, monotonicity, cross-scheme agreement) and check they match the declared fields within a stated tolerance.
2. Verify the internal checks list (58) all pass and that the report's `class_binding` resolves to canonical F0 0abb9ed8 at measurement time.
3. Verify the stop-rule closure claims against the cited artifacts on disk: worker-046 verification.json (SUPPORTED 8/8), worker-057 report.json, the fourth rung (n0_order_4rung.json), temporal_subdominance_control.json, and CONVERGENCE_PROTOCOL.md hash 1e6cdf04.
4. Re-run `numerics/protocol/verify_convergence_rev3.py` on the frozen bytes (if it's a verifier) and compare verdicts.
5. Controls: (a) synthetic wrong-order ladder → my recomputation reports p≈1; (b) tamper one l2 value → declared-vs-recomputed mismatch fires; (c) determinism; (d) input-drift guard.
6. Findings: e.g., whether the report's own claim "CLOSED: independent replication verdict" is actually an *independent replication of the same computation* vs a re-fit; whether the replication verdicts are worker-local (the caveat says so). And the unregistered paths in registration_state (6 unregistered, 3 mismatched) — the controller's registry, not mine.

This is a genuine, bounded, class-bound verification task (AF-WCC-SCALAR-SPH, gate G-NUM) that produces a fresh independent artifact and a review/claim. It does not duplicate: worker-046/057 replicated the *solver*, worker-067 reviewed class-binding, but nobody has independently verified the *rev3 report itself* (published 00:44, right now).

The falsifier: if my recomputation from the report's l2 values disagrees with any declared fit order beyond tolerance, or the cited inputs' measured hashes don't match, or a wrong-order control isn't detected, the verification verdict is falsified.

Deliverable: artifacts/worker-071/n0_rev3_verify/ with:
- PREREGISTRATION.json (checks, tolerances, controls, decision rule)
- verify_rev3.py (std-lib + maybe numpy? Use pure python math for least squares; no need numpy)
- report.json (per-check results, controls, verdict)
- README.md
- SHA256SUMS
- snapshot of the pinned report bytes? Maybe copy the rev3 report into snapshot/ with hash. Good for drift.

Then events: artifact events (node_id N0, artifact_type ..., path, sha256, validation_status unverified), a claim (conclusion_type numerical_evidence), a status event, and a checkpoint file runtime/state/w071_n0_rev3_verify_checkpoint_<ts>.json. Then exit.

Let me check verify_convergence_rev3.py to see if it's runnable and what it does — if it's a proper independent verifier already produced by the numerics lead, my job is to run it and record. Let me peek. Also check the report hash now (may have changed since 00:44:23 — measure). And check python numpy availability (probably yes) but keep to stdlib.

Let me get going. First read verify_convergence_rev3.py header and CONVERGENCE_PROTOCOL rev3 relevant section, then write my preregistration + verifier.
dsh: reasoning:
The rev3 report hash changed since the report's generation: report's `generated_at` 00:44:23 but now sha da7c3607 (was... the report's certification_basis.sha256 = 1677822c refers to the certification artifact, and the report file itself is da7c3607 now). It may still be being written (mtime check). Let me check mtime + stability now.

The numerics lead already provides `verify_convergence_rev3.py` (an independent verifier that doesn't import builder/solver). So my task can be:
1. Run their verifier (record exit + output) on frozen bytes.
2. But that's their tool — a second-order verification. For independence I must implement my own recomputation from raw `l2_error_by_dr` values, not just re-run their verifier. That's the value-add: an independent re-derivation of the fit orders from the report's own raw numbers, plus a check that the certification artifact's rows correspond to those same l2 values, plus controls.

Let me check report mtime and cert artifact structure. Then write my own verifier.

Actually, note: my earlier `walk` showed the rev3 report only has `l2_error_by_dr` aggregated, and `certification_basis/sha256=1677822c` for n0_fixed_dt_certification.json. The cert artifact holds rows per rung (dt, dr, error etc.). My independent recomputation:
- For each scheme: take the 4 (dr, l2_error) pairs from cert rows AND from the report's own dict; check they agree; fit p = -slope of log(err) vs log(dr) via least squares; compare to declared fit_order within tolerance 1e-9 (should be exact-ish if same method) or a stated 1e-6; also compute pair orders and monotonicity.
- Check 4 rungs present with dr values [0.2,0.1,0.05,0.025].
- Check cross-scheme max |Δp| vs declared; p_design=2.0, tolerance 0.3.
- Check the temporal control's admissibility rule application (cnfd inadmissible → excluded from spatial claim; the report handles that).
- Check stop-rule closures: F0 rebind resolves to 0abb9ed8 (hash matches disk); 4 rungs per scheme; independent replication verdicts present with paths+hashes on disk.
- Check lock guard: production_allowed=False, lock_state=locked, spherical_solver absent.
- Controls: 
  (C1) synthetic ladder err = C*dr^2 → my fit gives 2.0 (estimator works);
  (C2) synthetic ladder err = C*dr^1 → fit gives 1.0 (sensitivity);
  (C3) tamper one l2 value in a copy → declared-vs-recomputed mismatch flagged;
  (C4) determinism (run twice);
  (C5) drift guard: pin the report hash before/after.
- Verdict: VERIFIED_AT_PIN / REFUTED / DRIFT.

Also check the 58 internal checks all pass and no failures (reported), and spot-check the stop-rule closure claims.

Budget: ~0.5h. Let me do it. First, check stability of the rev3 report (mtime), and the cert artifact structure.
dsh: reasoning:
Stable (report mtime 00:44:23, hash unchanged over 3s; cert 00:35:15).

Now write the task. I'll create:
`artifacts/worker-071/n0_rev3_verify/`
- PREREGISTRATION.json — task id W071-N0-REV3-VERIFY-01, pins, checks C1..C12, controls K1..K5, tolerances, decision rule, falsifier.
- verify_rev3.py — my own independent verifier (stdlib only):
  - Load the pinned rev3 report + cert + F0 + protocol + control + replication artifacts.
  - Check pins: rev3 report hash equals the hash I preregistered after snapshot; every (path,sha256) pin inside the report resolves on disk; F0 canonical hash matches class_binding.sha256; protocol hash matches.
  - Recompute for each scheme from cert rows: 4 rungs, dr values, least-squares slope in log-log, pair orders, monotone, delta_R5 (|p_pair - 2| max?), within_band; compare with declared within tolerance.
  - Independently compute the same from the report's own `l2_error_by_dr` map; check consistency with cert rows; compare recomputed p vs declared p_by_scheme (tolerance 1e-9 for identity if values are identical; use 1e-6 as stated).
  - Cross-scheme max |Δp| vs declared; p within p_design ± p_tolerance.
  - Stop-rule closures: 4 rungs (from rows), F0 rebind hash, independent replication verdicts exist and their cited artifacts on disk with matching sha (verify worker-046/057 report hashes if listed).
  - Lock guard: numerics/spherical_solver absent; report lock_guard.verdict == N1_BLOCKED; production_allowed False.
  - Temporal control: cnfd admissible_as_spatial False → not used for spatial claim.
  - Internal checks: all 58 pass, failures empty.
  - Controls:
    K1 synthetic p=2 ladder → recompute ~2.0 (abs err < 1e-6)
    K2 synthetic p=1 ladder → recompute ~1.0
    K3 tamper: mutate one l2_error in a deep copy of cert rows → mismatch detector fires
    K4 determinism: run full recomputation twice, identical results
    K5 drift: re-hash all inputs at end; if changed → status DRIFT (fail closed)
  - Output report.json with per-check pass/fail, controls, measured values, verdict; exit code 0 verified/1 refuted/2 drift.

- run/emit events afterwards manually (I'll write JSONL lines to my outbox via python with proper schema).
- README.md
- SHA256SUMS
- snapshot: copy of rev3 report + cert? Snapshot of the rev3 report is useful for binding. I'll include `snapshot/flat_wave_convergence_rev3.json` and `snapshot/n0_fixed_dt_certification.json` with their hashes; but that duplicates 35KB+12KB — fine, worker-071's artifact can include pinned snapshots (my earlier f1_rev12_closure had a snapshot).

Checkpoint: `runtime/state/w071_n0_rev3_verify_checkpoint_<ts>.json` with pins, verdict, evidence refs.

Then emit:
- artifact events for: verify_rev3.py, PREREGISTRATION.json, report.json, README.md, SHA256SUMS, snapshot manifest.
- claim event: conclusion_type numerical_evidence; class_id AF-WCC-SCALAR-SPH; statement about the pin-bound verification result; assumptions; falsifier; evidence_refs.
- status event: node_id N0, status active (not done — authority rule), hours ~0.5, summary, evidence_refs, next_falsifier.
- blocker? Only if the verification refutes. If verified, no blocker.

Let me be careful about the artifact event schema: requires event_id, event_type, created_at, actor, node_id, artifact_type, path, sha256, validation_status ("unverified"). My previous accepted artifact events looked like that (the worker-071 ones). Also include class_id, gate, evidence_refs.

One important detail from decisions: "worker events cannot set status=done, validation_status=passed" — so artifact validation_status must be "unverified". Good.

Let me now write the preregistration and verifier. First create the dir and preregistration. Use wall-clock created_at; note that 58 future-dated events remain a problem — I'll stamp actual wall clock (date -Is).

Let me write PREREGISTRATION.json + verify_rev3.py. I need to be careful that the verifier works. Key computations:

Least-squares slope of y=log(err) vs x=log(dr): p = -slope.
Report's least_squares_se and lsq_residuals exist; I'll recompute and compare loosely (SE definition may vary). To stay safe, my checks compare recomputed p to declared p with tolerance 1e-6; and check sign/monotonicity. Pair orders: p_i = log(e_i/e_{i+1})/log(dr_i/dr_{i+1}) — compare to declared pair_orders (list of 3) with tolerance 1e-9 (they should match exactly if same formula) — use 1e-6 to be safe.
delta_R5: declared |p_pair - 2|? Let me inspect values: cnfd pair_half_range = delta_R5 = 9.3177e-05. For cnfd, fixed_minus_mixed_shift = 0.00451. So delta_R5 likely = max |p_pair_i - p_design|? cnfd pair orders... let me compute later; I'll derive delta_R5 = max(pair_orders) - min? Actually "pair_half_range" suggests (max-min)/2 of pair orders. I'll compute (max(pair_orders)-min(pair_orders))/2 and compare to pair_half_range; and compare delta_R5 to the same. I'll verify empirically before finalizing.

Also `within_band`: p within [p_design - p_tolerance, p_design + p_tolerance]? For cnfd p=1.99986, yes.

Let me first compute these quantities in a quick exploratory script to learn the exact definitions, then write the verifier with exact checks. Also check cert `cross_scheme_R5` and `config`.
dsh: reasoning:
Note: my recomputed slope is -p because I wrote `p=-slope` and got negative — wait: xs=log(dr) (increasing with dr), ys=log(err) (increasing with dr). For err ~ dr^2, log(err) = 2 log(dr) + C, so slope = +2, and p should be +2. My formula computed slope = +1.9998... and then I printed `p=-slope` = -1.9998. So the correct p = +slope. Fine — in the verifier I'll compute p = slope directly.

Definitions:
- delta_R5 = pair_half_range = (max(pair_orders) - min(pair_orders))/2 (matches exactly).
- uncertainty_rule R5: max(pair-spread half-range, least-squares slope SE). The declared delta_R5 equals pair half-range (which is ≥ SE in all three? cnfd half-range 9.3e-5 vs SE 2.96e-5 → yes; cnfem 2.46e-4 vs 8.5e-5 → yes; lffd 8.4e-5 vs 2.75e-5 → yes). So delta_R5 = max(half_range, SE) checks out.
- cross_scheme max_pairwise_abs_diff = max |p_i - p_j| = 7.958e-5 (cnfd vs lffd: |1.9998636 - 1.9999432| = 7.96e-5). Good.
- within_band = p ∈ [p_design - p_tol, p_design + p_tol] = [1.7, 2.3]. Yes.
- monotone = errors decreasing with dr decreasing. Yes.

Now I'll write the artifact. Steps:
1. mkdir artifacts/worker-071/n0_rev3_verify
2. PREREGISTRATION.json (write now, before running the verifier — honest preregistration).
3. verify_rev3.py
4. Run it → report.json
5. README.md, SHA256SUMS
6. Checkpoint JSON to runtime/state/
7. Emit JSONL events to comms/outbox/worker-071.jsonl (append)
8. Exit.

Important: the report.json must be produced by the verifier writing into my artifact dir. Let me write PREREGISTRATION + verifier now.

The verifier checks (preregistered):
- P1 input pins resolve at preregistered hashes: rev3 report, cert, F0 canonical, protocol, temporal control, n0_order_4rung, flat_wave.py, flat_wave_replication.py.
- P2 report's embedded pins all resolve (walk path/sha pairs).
- P3 4 rungs per scheme in cert and in report dr list; dt constant 1e-4; steps equal.
- P4 recomputed least-squares order from cert rows matches declared fit_order within 1e-12? My recompute gave exact equality for cnfd/lffd and 1e-15 for cnfem (printed diff 4e-16 due to formatting). Use tol 1e-9.
- P5 recomputed order from the report's own l2_error_by_dr matches cert-derived order within 1e-9.
- P6 pair orders: recomputed set == declared set (order-insensitive) within 1e-9; delta_R5 == max(half_range, se) within 1e-12; match.
- P7 cross-scheme max abs diff matches declared within 1e-12; each p within p_design±p_tol; monotone true.
- P8 temporal control: cnfd inadmissible-as-spatial; report's certified schemes all admissible or excluded consistently: certified schemes = cnfd, cnfem, lffd but cnfd's constant-CFL ladder inadmissible — however the certification uses fixed-dt ladder for cnfd, which is the admissible one per the temporal control note ("use the fixed-dt ladder"). Check fixed_dt fits exist for all three and constant-CFL is labeled supporting only.
- P9 stop-rule closures: four_rungs_or_scoped actually backed by 4 rows; f0_rebind hash matches F0 disk; independent_replication verdicts: count ≥1 and each cited path exists + sha matches if provided.
- P10 lock guard: spherical_solver absent, lock_state locked, production_allowed False.
- P11 internal checks: all_pass true, failures empty, count ≥ 50.
- P12 report claim fields: conclusion_type numerical_evidence, gate G-NUM, class_id AF-WCC-SCALAR-SPH, claims_not_made nonempty.

Controls:
- K1 synthetic p=2 → recompute 2.0 ±1e-9.
- K2 synthetic p=1 → recompute 1.0 ±1e-9.
- K3 mutate one l2 error in-memory → recomputed order deviates from declared by >1e-3 (detector fires).
- K4 shuffle det: rerun recompute → identical.
- K5 end-of-run re-hash of all pins; mismatch → DRIFT verdict.

Verdict rule: VERIFIED_AT_PIN iff P1-P12 pass and K1-K4 fire as expected; REFUTED if any P fails; DRIFT if K5 fails.

Now, will P8 hold as I wrote? Certified schemes: cnfd, cnfem, lffd with fixed_dt ladders. Temporal control says cnfd constant-CFL ladder inadmissible; cnfem/lffd admissible. The certification uses fixed-dt ladders for all (dt=1e-4) and the report says "the fixed-dt order is 1.9999 for every scheme". So P8: for each scheme, the certified ladder is fixed-dt (dt constant, all rows dt=1e-4) → admissible path; and the constant-CFL runs are labeled supporting. Fine.

P9: independent_replication.verdicts entries have path+sha256; verify on disk. Let me check quickly what paths/shas they cite... I'll make the verifier handle missing sha gracefully (record). Actually better: check path exists; if sha256 present, match. The report's walk_pins already checks all (path,sha) pairs in the report — that includes those. Good.

One more: report's `lock_guard.production_allowed=False`, `lock_state=locked`, `blocking_reasons` non-empty, and solver absent. Good.

Let me write the files now. I'll write PREREGISTRATION.json with a fixed measurement instant after I compute the initial hashes (already have them). I'll include the sha list measured at preregistration.

Then the verifier. Let me write it carefully.
dsh: reasoning:
Now write PREREGISTRATION.json. Include task_id, node_id N0, class_id, gate G-NUM, created_at, pins with hashes, checks, controls, tolerances, verdict rule, falsifier, stop rule, non-claims.
dsh: reasoning:
Now write verify_rev3.py. Stdlib only. It will:
- load snapshot? No: measure live pins per preregistration, but compare the live report to the snapshot copy (bind). Actually the verifier should read the live paths and compare hashes to the preregistered ones; and also confirm the snapshot copy hash equals the live at run start. If live changed vs preregistration → DRIFT.
- implement checks and write report.json.

Let me write carefully. Key helper functions: sha, load_json, load_yaml (need yaml for F0? I only need sha of F0, not parse. Good — avoid PyYAML dependence.)

For P9 independent replication: entries in report['independent_replication']['verdicts'] each have path, sha256; check path exists and sha matches if sha256 present.

For P8: cert config dt_rule constant; rows dt all == 1e-4; report supporting_diagnostics canonical_mixed_order_run + four_rung addendum labeled supporting; temporal_control schemes: cnfd admissible_as_spatial False and its verdict mentions fixed-dt ladder; cnfem/lffd admissible True.

For P6: declared pair_orders may be in either order; compare sorted lists elementwise with tol; delta_R5 == max(half_range, se).

Note cnfd least_squares_se type float, lsq_residuals list. Fine.

For P5: report l2_error_by_dr keys are strings of dr values. Parse float and compare to cert rows' l2_error (metric_identity 1e-12? They looked identical: cnfd report l2 0.006654993894791441 == cert row 0.006654993894791441. Yes exact).

Let me write the script. It should print a summary and write report.json, exit 0/1/2.

Also include a `measured` block with recomputed values for each scheme.

Then run it.
dsh: reasoning:
Fix the syntax error: sorted((float(x) for x in ...), reverse=True).
dsh: reasoning:
The report key is `max_cross_scheme_abs_dp` (from my earlier walk: /order_claim/max_cross_scheme_abs_dp = 7.958116929374093e-05). Fix.
dsh: reasoning:
12/12 checks PASS. Controls K1/K2 failed because my synthetic ladder `(1+d)*d^p` is not a pure power law (the (1+d) factor adds curvature). Fix control construction: err = C * d^p exactly, with C arbitrary, e.g. C=0.01. Then estimator must return exactly p (least-squares on exact line). Let me fix K1/K2 to use pure power law. Note this is a genuine self-catch: the controls did their job — the estimator is unbiased only for a pure power law, and the real data apparently fits a pure power law extremely well (p identity to 1e-15). Good.

Fix: synth = [(d, 0.01*(d**exponent)) for d in ...].

Also, K3's min delta: fine (fired).

Then re-run: expect VERIFIED_AT_PIN 12/12 and 5/5.
dsh: reasoning:
VERIFIED_AT_PIN, 12/12, 5/5. Now:
1. Write README.md.
2. Create SHA256SUMS over the artifact files (excluding SHA256SUMS itself).
3. Verify that the live rev3 report is still at the pinned hash (drift check at finalize).
4. Write checkpoint file runtime/state/w071_n0_rev3_verify_checkpoint_<ts>.json.
5. Append events to comms/outbox/worker-071.jsonl (artifact events, claim, status).
6. Exit.

Let me write README.md with method, results, findings, limits, falsifier.

Findings worth flagging:
- All 12 preregistered checks pass at the pin; the certified fixed-dt order is 1.99986/1.99992/1.99994 for cnfd/cnfem/lffd; R5 uncertainty ≤ 2.47e-4; cross-scheme spread 7.96e-5 ≤ 0.25.
- Two observations (INFO, not failures): (a) rev3 report `provenance.solver_rerun=false` — the certification consolidates the frozen certification artifact rather than re-running the solver; my verification therefore binds the *report's* arithmetic/consistency, not a fresh numerical run. (b) `registration_state` shows 6 unregistered paths and 3 registry mismatches (worker-046/057/081 outputs, flat_wave_convergence.json, gates.py, protocol) — controller registration pending; my P2 only resolves hashes the *report itself* pins, and all of those resolve. (c) The replication verdicts are worker-local (report's own caveat) and the protocol review is contested (3 accepts vs 2 dissents, one withdrawn accept still counted per the report's guard finding) — these are adjudication items for the controller/lead, not arithmetic defects. My verdict doesn't resolve them.
- The estimator control K1/K2 caught that a non-power-law synthetic ladder biases the fit; the actual rung errors are consistent with a pure power law to ~1e-15 identity, which is why identity tolerance 1e-9 passes.

I should be careful to state this is not a gate verdict, no done status.

Let me also double check the live hash of the rev3 report before finalizing (drift over the task). If it changed, I must fail closed and report DRIFT; the snapshot preserves the verified bytes. Let me check now.
dsh: reasoning:
Report still at pinned hash da7c3607. Good.

Now write README.md with the results. Then SHA256SUMS, checkpoint, events.
dsh: reasoning:
Now create a snapshot manifest and SHA256SUMS. Include a snapshot/MANIFEST.json with the two copied inputs' hashes and the note that they are byte copies. Then SHA256SUMS over all files.

Then checkpoint. Let me look at my previous checkpoint format (runtime/state/w071_rev12_closure_checkpoint_20260912T003946.json) to stay consistent.
dsh: reasoning:
Good format. Now create snapshot/MANIFEST.json, SHA256SUMS, checkpoint. Then events.

Let me write a small python script to do SHA256SUMS and the checkpoint (with measured artifact hashes). Then append events.

Event design (all valid per schemas.py):
- 6 artifact events (event_type artifact; node_id "N0"; artifact_type: "independent_verification_report"/"preregistration"/"verifier_script"/"readme"/"snapshot_manifest"/"sha256sums"; path; sha256; validation_status "unverified"; class_id AF-WCC-SCALAR-SPH; gate G-NUM; evidence_refs [path#prefix]).
- 1 claim event:
  event_id "w071-n0rev3-20260912T0047-claim"
  class_id "AF-WCC-SCALAR-SPH"
  statement: at pins ..., 12/12 checks pass, 5/5 controls, verdict VERIFIED_AT_PIN; recomputed orders identity; scope limits.
  conclusion_type "numerical_evidence"
  assumptions: [...]
  falsifier: re-run...
  evidence_refs: [report.json#hash, README#hash, PREREG#hash]
  artifact_refs: [...]
  gate G-NUM, node_id N0, task_id
- 1 status event: node_id N0, status "active", hours 0.5, summary, evidence_refs, next_falsifier.

Also maybe include the `class_ids` array like previous events did. Fine.

Write the checkpoint file name: runtime/state/w071_n0_rev3_verify_checkpoint_20260912T0047.json. Use current wall clock.

Let me do it with a python script in bash (heredoc), carefully producing JSONL lines and appending to my outbox. I must not run comms.py ingest (controller's job).

One important check: my outbox file is a .jsonl; append with newline. Ensure valid JSON per line. Let me write it.

Compute created_at with actual wall clock (09-12T00:47-48). Let me get now.
dsh: reasoning:
Now the checkpoint and events. Let me write a python script that:
1. Recomputes file hashes.
2. Re-measures live pins (drift).
3. Writes checkpoint to runtime/state/w071_n0_rev3_verify_checkpoint_<ts>.json.
4. Appends events to comms/outbox/worker-071.jsonl.

Use created_at = actual now. Event IDs unique: w071-n0rev3-<ts>-artifact-<name>, etc.

Note the artifact event requires node_id — "N0". Artifact_type values: use descriptive strings.

Claim event needs: class_id, statement, conclusion_type, assumptions, falsifier, evidence_refs (required); artifact_refs recommended; I'll include them.

Status event needs: node_id, status, hours, summary, evidence_refs, next_falsifier.

Also a `review` event? I did not review an existing review; it's a verification. Claim + artifact + status suffice.

Let me be careful with `class_id`: the claim's class_id is "AF-WCC-SCALAR-SPH". 

Write the script.
dsh: reasoning:
Now validate my emitted events against the schema (self-check before exit) using research_map/schemas.py validate_event, and verify the checkpoint JSON parses. Note: my artifact events include `evidence_refs` etc. — fine (additional properties allowed). Let me validate all 8 events in the tail of my outbox.

Also, double-check the `summary` field in artifact events — artifact schema requires node_id, artifact_type, path, sha256, validation_status. Present. Note: for `snapshot/MANIFEST.json` and `SHA256SUMS`, artifact_type differs. Good.

One nuance: my artifact event for SHA256SUMS has event_id ending "-sha256sums". Fine.

Validate.
dsh: reasoning:
All 8 events validate, hashes match, checkpoint written.

Final drift check on the target report and a quick sanity that nothing canonical was written by me (only artifacts/worker-071, runtime/state checkpoint, comms/outbox/worker-071.jsonl). Also verify the report.json survived (it did).

One more helpful step within scope: confirm the live rev3 report hash is still the pinned one at exit. If changed, I'd need to update the claim... Let me check and then finish with a concise summary. The task said "checkpoint, then exit" — I've done that. I should not start more work.

Let me do a final quick check and list my artifact files.
dsh: reasoning:
Done. Target still at pinned hash. Ready to exit with a concise report.

Summary for the user:
- Read handoff (HANDOFF.md, ASTRA_HANDOFF.md), map (research_map.json gates at 00:43:08), comms (protocol, outbox/inbox, rejected schema rules, known CF findings), and checked for duplicate work among recent workers (092 evbind, 093 cf16, 080/064 semct, etc.).
- Took ONE class-bound task: W071-N0-REV3-VERIFY-01, class AF-WCC-SCALAR-SPH, node N0, gate G-NUM — independent verification of the freshly published rev-3 convergence report.
- Emitted: preregistration, verifier, report, README, snapshot, SHA256SUMS; 8 valid JSON events (6 artifact, 1 claim conclusion_type=numerical_evidence, 1 status); checkpoint runtime/state/...; verdict VERIFIED_AT_PIN 12/12 checks, 5/5 controls, no drift.
- IDs/evidence/hash/falsifier all included.
- Exiting.

Keep it concise.
