dsh: reasoning:
I'm a bounded execution worker. I need to read handoff/map and comms, take one class-bound task, emit valid JSON with IDs, evidence, hash, falsifier, checkpoint, then exit. Let me start by exploring the workspace.
dsh: reasoning:
No handoff directory at root. Let me look for "handoff" and "comms" directories. Maybe inside ai4math-swarm or deepseek-harness or a specific project dir. Let me search.
dsh: reasoning:
Found /data3/guoshaoyang/workdir/ai4math-swarm/comms. Let's explore the workdir/ai4math-swarm directory.
dsh: reasoning:
Let me read HANDOFF.md, README.md, comms/PROTOCOL.md, and look at research_map, inbox, outbox, ledger, schemas.
dsh: reasoning:
Now I need to read the research_map, the inbox for worker=083 (maybe my agent id is something else; the task says worker=083). Let me check the map, the inbox, and the outbox for recent entries. Also check for class-bound tasks — the map likely has class_ids and node assignments.

Let me look at research_map/research_map.json and the inbox.
dsh: reasoning:
There's no worker-083 inbox yet. My worker id is 083. The task: "Read handoff/map and comms. Take one class-bound task, emit valid JSON with IDs evidence hash falsifier, checkpoint, then exit."

I need to figure out what "class-bound task" means. Let me read the research_map/research_map.json, ARCHITECTURE.md, ASTRA_HANDOFF.md, and the inbox for a recent worker similar to mine (e.g., worker-084, worker-085) to see the pattern. Also check the map for open nodes/classes.

Let me look at the research_map files.
dsh: reasoning:
This is a complex swarm scenario. I am "worker=083" — a bounded execution worker. I need to read the handoff/map and comms, take one class-bound task, emit valid JSON with IDs, evidence, hash, falsifier, checkpoint, then exit.

The map is 7.5MB research_map.json — too big to read fully. Let me look at ASTRA_HANDOFF.md which likely describes current state and open tasks. Also check whether an assignment exists for worker-083 in inbox (there isn't a worker-083.jsonl). Maybe I need to look at the events/ledger for assignments. Or maybe I should follow the pattern from similar workers like worker-084, worker-085, worker-006, worker-075.

Wait — the task says "Take one class-bound task". Perhaps the class-bound tasks are in the map as class_ids. The "assignment" downward messages contain a node_id, assignee, artifact, gate, evidence_refs, falsifier.

Let me read ASTRA_HANDOFF.md and recent outbox entries (worker-084, worker-085 inbox are assignments to them). Also check comms/outbox/assignments directory.

Actually worker numbering: worker-084 and worker-085 exist in inbox. My worker=083 has no inbox file. Maybe assignments for workers 75-95 are in comms/outbox/assignments/. Let me check.
dsh: reasoning:
So worker-084 was assigned a class-bound task. My worker=083 might have an assignment that hasn't been sent yet, or the pattern is that the worker reads the handoff/map and picks one class-bound task.

Let me check: is there any inbox file for worker-083? No. Maybe the assignment is in research_map.json under `assignments`. Let me look at the map's `assignments` and see which are unassigned/open. Also, maybe tasks are in comms/outbox/assignments or in events.

Let me search the map for "worker-083" and also inspect the assignments structure. The map is 7.5MB, so use python to parse.

Also check runtime/instances — maybe each worker has an instance dir, e.g., runtime/instances/worker-083 or sim083. Let me check.

The task statement "worker=083" suggests I'm simulating a worker. There may be an assignment card for worker-083 somewhere in the map. Let's search.
dsh: reasoning:
There are runtime/instances/worker-083-* dirs and comms/outbox/worker-083.jsonl. Let me look at the most recent worker-083 instance and the outbox file. This tells me what worker-083 has done. The task is to "Take one class-bound task" — maybe my job is to continue the worker-083 role: find the assignment in the inbox? But there's no inbox/worker-083.jsonl. Let me check the outbox and the instances.
dsh: reasoning:
I'm worker-083. The runtime shows I've already done several tasks: W083-REV13-REPAIR-PACKET-01, W083-REV29-POSTAPPLY-INTEGRITY-01, W083-F2B-REV13-LIVE-DEFECT-LEDGER-01, W083-F2B-CANDIDATE-ADJUDICATION-01, W083-REF01-REV29-DISPOSITION-01 (started at 01:19:46 — most recent). The newest instance dir is worker-083-20260912T012011-968807 (started 01:20:11). So I'm the continuation: the last task's start event was emitted at 01:19:46 but perhaps the completion event? Let me check whether the ref01 task is complete in the outbox. Looking at the outbox, I see both `-start` and `-claim-001` but I didn't see `-complete` for ref01 in the truncated output... Actually the last entry I saw is "-claim-001" for ref01, then no complete. Wait, there might be a complete after. The output was truncated at the top ("Omitted 14364 bytes"). Let me grep the outbox for the last events.

Actually the output showed "w083-ref01rev29-...-claim-001" as the last line. So the task W083-REF01-REV29-DISPOSITION-01 was started and claimed, with artifacts emitted, but no `complete` status event. Hmm, but the artifacts exist. The current instance (started 01:20:11) may be responsible for finishing... Actually no. Each instance is a separate worker-083 run. The task at 01:19:46 started and produced the artifacts and claim. The current start 01:20:11 — that's me now.

The instruction says: "Read handoff/map and comms. Take one class-bound task, emit valid JSON with IDs evidence hash falsifier, checkpoint, then exit. worker=083".

So my job: pick ONE bounded class-bound task (like previous worker-083 runs did, since there's no inbox card for slot 083), do it, emit valid JSON events (start, artifact, claim, complete) with IDs, evidence, hashes, falsifier, write a checkpoint, then exit.

Let me check the tail of the outbox and the latest checkpoint to see whether ref01 completed, and what the freshest state of the world is. Also check the current research_map state — specifically the gates and open defects. The ASTRA_HANDOFF says pass 08 ran at 01:12-01:16, and REC-36 authorizes a rev14/FROZEN rev30 by lead-formulation at 02:15. The current time is ~01:20.

The natural task: verify post-apply integrity of the pending rev30? Not yet written. Or something else that's useful and bounded.

Let me look at:
1. Tail of comms/outbox/worker-083.jsonl (last few events).
2. runtime/state/current_checkpoint.json and checkpoint_log.
3. The research_map.json gates/assignments state (parse with python).
4. The `runtime/bin` — what tools exist.
5. Check for any new inbox card for worker-083 (maybe created after 01:20). ls showed inbox/worker-083.jsonl doesn't exist... Actually the earlier ls of inbox showed no worker-083. Let me double check.

Also I should read the README.md to understand the repo layout, and check the artifacts dir for what worker-083 produced.

Let me start with a focused set of commands.
dsh: reasoning:
So worker-083's last task W083-REF01-REV29-DISPOSITION-01 completed with a `-complete` status event at 01:19:46. My instance started 01:20:11. So I'm a new run with no inbox card, and I should take one bounded class-bound task.

Now what should the task be? I need to read the map state to find a valuable, bounded, worker-appropriate task. Per prior pattern: "No inbox card for worker-083; took ONE bounded class-bound task: ...". Options:

1. Post-rev29/rev30 integrity: The lead is authorized for rev14/FROZEN rev30 at 02:15 (not yet).
2. Something in the current live state that's a defect and measurable read-only.

Let me look at what happened since 01:19. The controller pass 08 findings: CF-31 F2b coverage-count divergence, CF-32 non-reproducible acceptance pipeline + invalid held-out corpora (REC-41 assigns worker-006 a binder fix `astra-life08-stageb-r03`). There might be a high-value worker task: verify the current live bytes at 01:20+, check that the W083-REF-01 remedies etc.

Wait — maybe there IS an inbox card created for worker-083 after 01:20 that I should check again. Let me re-list inbox for recent files. Earlier listing showed 219 lines total; the newest files were worker-006 (01:16) and worker-075 (01:09). Let me check again for files modified after 01:19.

Also check the map for `assignments` with assignee worker-083 and status queued.

Let me parse research_map.json with Python for relevant sections: gates, numerics_lock, assignments (filtered), controller_findings (CF-31, CF-32), and check `publication_status`. Also look at the `runtime/state/checkpoints/` latest checkpoint to see state.

Also important: the map currently may have moved since 01:20 (auto-cycle runs every 15 min). The latest map sha mentioned is a2585ffc2152 at pass-08 exit. Let me measure the current map sha.

I should pick a task that is:
- bounded (1-3 agent-hours, i.e., quick)
- class-bound (class_ids: AF-WCC-VAC-GEN, AF-SCC-C2-VAC-GEN, AF-SCC-C0-VAC-GEN)
- produces an artifact + evidence + hash + falsifier + checkpoint
- read-only/no canonical writes
- genuinely useful to the swarm

Candidate tasks:
(a) Verify FROZEN rev30 after the lead's 02:15 rev14 — but that hasn't happened yet (it's 01:21).
(b) Audit the currently live F2b repair status: has the lead applied the repair between 01:19 and now? If the W018-R13-F2B-B1/B2 repair landed (rev30), then a fresh post-apply integrity measurement is valuable — exactly what worker-083 did for rev29.
(c) Investigate CF-32 (REC-41 assigned worker-006) — but that's assigned to worker-006, don't duplicate.
(d) Something around G-F0 (frozen taxonomy) stability monitoring.
(e) Freeze-drift watchdog: the check_variant_deltas.py write defect is still live (W083 blocker). A measurement of the live freeze state + whether the write defect has been fixed.

Let me first check the live state: current FROZEN.json revision, hashes of the schemas, and whether the F2b line 246 defect still exists. Also check if there's a rev30/FROZEN rev14 now.

Actually, a cleaner approach: check the newest events in events.jsonl (accepted) for the latest decisions and assignments, and check the map's `assignments` for queued tasks. Let me query the map with python (it's 7.5MB, fine).

Let me write a quick python script to summarize the map.
dsh: reasoning:
Map updated 01:20:11. The gates is a list. Let me summarize gates, assignments relevant to worker-083/queued, controller findings latest, and check the events tail more fully (the tail command only got one line because events.jsonl is huge and lines are long).

Let me look at the gates and recent assignments.
dsh: reasoning:
The map has gates. G-FORM pending with unmet F2b defects. Now, what is the best bounded class-bound task for worker-083 right now (01:21)?

Key context from ASTRA_HANDOFF:
- REC-36 authorizes ONE rev14/FROZEN rev30 by lead-formulation at 02:15 folding F2b D1/D2 repairs, F2a category pin, REC-37 token crosswalk, SET level label, f1-suite rebind, acceptance-corpus rebind.
- REC-41 assigns worker-006 a bounded binder fix (astra-life08-stageb-r03, 02:30).
- The F2b D1/D2 repair: W018-R13-F2B-B1 (line 152 containment denial) and B2 (line 246 "strictly larger" inversion). Worker-083 already produced candidate adjudication (C083 1315427fbc92 recommended).

So the pending rev30 hasn't landed yet (FROZEN rev29 815e0807 is live; lead is authorized for 02:15).

What can worker-083 do now that's uniquely useful and bounded? Options:

1. **Pre-flight verification of the rev30 repair inputs**: ensure the recommended C083 candidate still applies cleanly to live rev29 bytes and resolves both defects, with a re-run of the adjudication at current live hashes. But that duplicates the prior task (01:13).

2. **Freeze-drift watchdog / write-guard audit**: The latent defect — `artifacts/formulation/tools/check_variant_deltas.py:33` unconditionally rewrites canonical evidence — is still live and can produce another drift incident exactly when the rev30 fold happens at 02:15. A bounded, high-value worker task: audit all pinned tools that write to FROZEN-pinned canonical paths (write-guard census), i.e., scan the formulation tools for unconditional writes to frozen paths, and report which pinned tools can mutate frozen bytes. That's genuinely useful before the 02:15 re-freeze, and it's read-only measurement. It would produce a tool + report + evidence + checkpoint.

3. **Verify the S1-F0 detector pin / CF-29 freeze** — not mine.

4. **Stage-B R03 binder fix verification** — assigned to worker-006, avoid.

5. **Measure current live F2b D1/D2 + F2a HF-075-EXTCAT status** as a moving-target snapshot — partially done.

Option 2 is attractive: the write-guard census across frozen formulation tools directly addresses the root cause identified by worker-083's own prior blocker ("Root cause of the drift is still present: check_variant_deltas.py:33 writes the canonical evidence path unconditionally with no write guard"). It is class-bound to the AF-* classes, bounded, read-only, produces a concrete artifact with hashes and a falsifier, and can be done in well under an hour.

Let me first verify current live state:
- FROZEN.json live hash and revision
- check_variant_deltas.py live hash + line 33
- Whether there are other tools with the same pattern (write into artifacts/formulation/evidence or schemas)
- The F2b live bytes still b2ab6acb?

Then build a small instrument under artifacts/worker-083/<task>/.

Let me also check what `runtime/bin` has and the map's `frozen_artifacts` section, plus how artifact hashes are recorded (artifact_hashes.json). And I must know the exact expected JSON event schema — read research_map/events.schema.json.

Let me read the events schema and check the FROZEN manifest structure.
dsh: reasoning:
Interesting: `check_variant_deltas.py` live hash is d33d8f57f4dd now, whereas the W083 blocker cited `de356d99`... wait no. The previous claim said: "the binding pins evidence 9e335e9ba1bf and checker de356d99, both matching disk" — that was for check_taxonomy_consistency.py? Let me re-read: "L-FORM-02 is closed at rev29 (binding pins evidence 9e335e9ba1bf and checker de356d99, both matching disk)". Hmm, that mentions check_taxonomy_consistency.py gained a --write guard, going de356d999ea3 -> 5094870c7f74. So de356d99 is check_taxonomy_consistency.

And check_variant_deltas.py — the drift incident root cause — is now at d33d8f57f4dd. Is that the same as at the time of the blocker? The blocker says "artifacts/formulation/tools/check_variant_deltas.py:33 writes the canonical evidence path unconditionally with no write guard" and my prior run measured it. The line I just printed at line ~33: `(ROOT/"artifacts/formulation/evidence/variant_delta_check.json").write_text(...)` — still unconditional write. So the defect is present, but the file hash may have changed (maybe the lead fixed something else, or the tool was rewritten).

Wait — but FROZEN rev29 pins the tool hash. Let me check the FROZEN pin for check_variant_deltas.py: if live d33d8f57 != pin, that's a freeze breach right now. Let me check.

Actually this is exactly the kind of live measurement that would be valuable: a **frozen-artifact drift watchdog**. Let me check all 50 pins of rev29 against live bytes right now. That's a small but high-value measurement: is the freeze intact at this moment, and specifically has the check_variant_deltas.py byte moved since the rev29 pin?

Let me do that quickly with python.

Also important: is there a genuine risk of drift happening right now? The write defect is present. If any process runs check_variant_deltas.py, it rewrites the canonical evidence file → freeze drift. The fix would be a write guard (dry-run by default). Worker-083 flagged this; nobody has fixed it.

A bounded, naturally class-bound task for me NOW:
**W083-FREEZE-WRITE-GUARD-CENSUS-01**: scan the FROZEN rev29 pinned tool set for unconditional writes into FROZEN-pinned canonical paths (i.e., tools that when run can mutate frozen bytes without an explicit --write flag). Build a read-only instrument that:
1. Verifies all 50 rev29 pins against live bytes (drift census).
2. Parses the pinned Python tools for write primitives (`write_text`, `open(...,'w')`, `os.replace`, `shutil.copy`, `json.dump`) targeting FROZEN-pinned paths, and classifies each as guarded (behind --write/flag or dry-run default) or unguarded.
3. Sandbox control: run each flagged tool in a mirror? That's risky/expensive. Better: static detection + a controlled sandbox demonstration for the known offender (check_variant_deltas.py) using a copy of the repo subset in tmp, showing it rewrites the pinned evidence path with no flag. Actually my previous run may already have done that.
4. Output: report.json, evidence.json, census.json, controls.json, REPORT.md, MANIFEST.json, checkpoint.json; emit start/artifact/claim/complete events to comms/outbox/worker-083.jsonl.

But wait — maybe there's an even more valuable task: the rev30 fold is due at 02:15, and the *acceptance corpus rebind* / f1-suite rebind (REC-37) might need pre-work. But those are lead tasks.

Alternative: check what the current outstanding "suggested worker tasks" are. Let me look at recent inbox cards to other workers (075, 006, 085) to see the task style and whether there's a queue of class-bound tasks. Also check `comms/outbox/astra-lead-formulation.jsonl` tail for the latest dispatch.

Let me do a quick scan of recent outbox tail for the formulation lead.
dsh: reasoning:
The freeze is intact right now: 50/50 pins match. The tool is pinned at d33d8f57 and live matches; the evidence variant_delta_check.json is pinned at fc6ee058 and live matches. But the tool has an unconditional write to the pinned evidence path — this is a live freeze hazard: running the pinned tool (a natural verification action by any reviewer) silently rewrites a FROZEN-pinned file. That was exactly the 00:56:03 incident, and it got repaired by re-freezing rev29 in place at 00:57:26 (fc6ee058 is now the pinned evidence generation).

So a high-value, bounded, read-only worker task: **audit the pinned formulation toolchain for unguarded writes to FROZEN-pinned canonical paths** — i.e., a write-guard census. Deliver:
- A census of every pinned .py tool (and any scripts under artifacts/formulation/tools/) with write primitives and their target paths.
- Classification: targets a FROZEN rev29 pinned path? guarded by an explicit flag/dry-run default? unconditional?
- A sandboxed demonstration (in tmp mirror, not canonical) that running the offender with default args mutates the frozen evidence path — with before/after hashes and proof canonical was untouched (either don't run against canonical, or measure that canonical stays equal since the file content should be identical... wait: running check_variant_deltas.py writes the same content?)
  
  Interesting: if the pinned tool is run and writes byte-identical content, the hash doesn't move. The drift at 00:56:03 happened because the tool output changed (valid:false due to base-hash drift). So today, if someone runs it, output might equal current bytes (VALID) or differ. In the mirror we can demonstrate the write regardless of content equality — the defect is the unconditional write primitive, not the content change. But to make it a strong measurement, run in a sandbox mirror of the pinned inputs and show (a) the target file's mtime changes / it gets rewritten, and (b) with a hypothetical failure it would change bytes. Better: demonstrate with a control — run the pinned tool in a mirror where one variant delta's base hash is perturbed (a synthetic drift), then show the tool rewrites the frozen evidence path to `valid:false` without any flag. That reproduces the incident mechanism in a sandbox.

That's a solid, bounded task (1-2 hours of wall clock, actually minutes). Class-bound: class_ids AF-WCC-VAC-GEN, AF-SCC-C2-VAC-GEN, AF-SCC-C0-VAC-GEN, node F2b (and F1/F2a since the pinned tool set spans the schemas), gate G-FORM.

Also I should ensure it doesn't duplicate work. Let me check whether another worker has done a write-guard census. Search outbox/events for "write guard" / "dry-run" / "census". Let me grep accepted events for relevant keywords. There's worker-096 option O3 (patched check_taxonomy_consistency with --write guard), worker-058 HF-1. Let me check quickly.

Actually, more important: verify that the rev29 pin set includes the tool and the evidence; and check whether any *other* pinned tool has the same hazard. That's the census value — the controller's CF-32/REC-41 is about stage-B binder; but a toolchain write-hazard census is genuinely new.

Let me search outbox for prior write-guard/hazard census work.
dsh: reasoning:
There are 14 FROZEN-pinned Python tools. The task: audit these tools for unconditional writes to FROZEN-pinned canonical paths (write-guard census), plus maybe also non-pinned tools under tools/ that write to pinned paths (e.g., the enriched evidence tooling, measure_heldout.py, etc.).

Let me check prior write-guard related work to avoid duplication. Let me grep specific files for the keyword context. Also check worker-096's O3 (check_taxonomy_consistency --write guard) — that's already known/adjudicated.

Let me look at what worker-086 (enriched evidence) and worker-058 said. Actually, to be efficient: the census is a new angle. I'll check whether anyone already produced a "toolchain write hazard census" by grepping the outbox for filenames like "write_guard"/"census".
dsh: reasoning:
There's worker-003 doing "W003-F2B-REV14-CANDIDATE-INDEPENDENT-CLOSURE-01". So rev14 candidate work is happening already. Let me check worker-003's latest events to make sure my chosen task doesn't duplicate. Let me also check the most recent outbox activity across all workers, to understand what's in flight right now (01:21).

Let me list outbox files by mtime, and tail the most recently active ones.
dsh: reasoning:
Wait — the timestamps show events at 01:28, 01:27, etc., which are in the future relative to "now"? The system clock in this container: let me check `date`. Actually files show mtime 01:22 and events up to 01:28. The current time might be ~01:28+. Many workers are active.

Important: there's a lot of parallel activity. Let me check what tasks exist that are NOT being done. Worker-003 does "W003-REC36-FOLD-READINESS-01" (fold readiness for REC-36/rev14), worker-048 "GFORM-COVERAGE-RULE-CHARACTERIZATION", worker-042 "REVIEW-CORPUS-MUTATION", worker-097 "CF32-ACCEPTANCE-REPRO", worker-006 "r03 scope gate proposal", worker-053 "f2b h2 status", worker-043 "F2B-HISTORY-CLOSURE", worker-090 "C2C0-TRANSLICENSE-VERIFY", worker-080 "HF1DIR", worker-009 "vacbinding".

So many of the obvious tasks are taken. What's left that's high value? Let me check the current map state of gFORM coverage and see what's genuinely open. Let me look at worker-053 and worker-043's tasks to understand what's covered.

A write-guard/write-hazard census of the pinned toolchain appears unique. Let me verify by checking if any current worker is on it: search last events of all outboxes for "guard"/"census".

Actually simpler: check current live tasks via the map's latest assignment cards? The map's assignments list only has 129 entries (older style). The new dispatch is via inbox cards; only a few inbox files exist for worker-08x etc. Most workers "take" tasks without inbox cards.

Let me just check date and then look at a few of the newest worker status texts to sense what's hot, especially worker-048 (GFORM-COVERAGE), worker-097 (CF32), worker-042 (corpus mutation), since a "frozen-path write hazard census" could overlap with worker-042's "review corpus mutation".

Let me grep the last 3 events from each of those.
dsh: reasoning:
Current time is 2026-09-12T01:22:10+0800. But events have created_at up to 01:28 and file mtimes 01:22. Hmm, the events with 01:27/01:28 in the future — maybe their clocks are skewed or they're simulated. Anyway.

I'm worker-083, and my last task completed at 01:19:46. It's now 01:22:10. Time to take a task.

Given the state:
- REC-36 fold (rev14/rev30) is not ready: worker-003 found FOLD_NOT_READY_4_BLOCKING_ITEMS (REC36-4/5/6/7).
- Worker-048 does GFORM coverage rule characterization.
- Worker-042 did review-corpus mutation (pin tool, snapshot).
- Worker-097 did CF-32 acceptance repro.

My prior blocker: check_variant_deltas.py has an unconditional write into the FROZEN-pinned evidence path, root cause of the 00:56:03 freeze drift. This remains unfixed and unpinned. Before the rev30 fold at 02:15 (or whenever ready), any reviewer running that pinned tool can silently rewrite a frozen artifact. A census of ALL pinned tools' write targets and guards is directly useful to the fold (REC-36 blockers) and not obviously covered by others.

But wait — worker-042's "REVIEW-CORPUS-MUTATION-09" is about corpus mutation during reviews, and it pinned a tool. Let me check what worker-042's artifacts cover to avoid duplicating. Also worker-048's coverage rule and worker-097's CF-32. Let me quickly inspect worker-042's report title/structure.

Actually, let me consider a different, potentially more valuable and clearly distinct task: **the FROZEN-pinned toolchain write-hazard census** itself. Name: W083-FROZEN-TOOLCHAIN-WRITE-HAZARD-CENSUS-01. Node F1/F2a/F2b, gate G-FORM, class_ids all three. Deliverables: instrument (analyze + sandbox demo), census.json (per pinned tool: hash, write primitives, target paths, is target FROZEN-pinned, guard status, evidence lines), sandbox demo evidence, report, manifest, checkpoint, events.

Task steps:
1. Pin & verify: measure live hashes of all 14 FROZEN-pinned .py tools + FROZEN.json; verify all 50 pins.
2. Static scan: for each pinned tool, parse AST/tokens to find write primitives: `.write_text(`, `.write_bytes(`, `open(` with 'w'/'a'/'x' modes, `json.dump(` to file, `os.replace`, `shutil.copy/copyfile`, `yaml.dump(` to file, `Path.touch`, `os.remove`, etc. Resolve literal target paths where possible. Classify each target: pinned canonical path (in FROZEN rev29 file set) or unpinned.
3. Guard detection: does the write site sit under a conditional that requires an explicit CLI flag (e.g., `--write`, `args.write`, `args.apply`)? Is the default dry-run? Determine via AST analysis of the enclosing function and the argparse defaults.
4. Dynamic sandbox confirmation for tools with unguarded writes to pinned paths: create an isolated mirror (tmp/w083_.../sandbox), copy the needed subset (tools, schemas, evidence, FROZEN.json), run the tool there with its default args, measure target file bytes/mtime before/after; record whether the tool rewrote a copy of a FROZEN-pinned path with no flag. Verify canonical untouched (hash equality).
   - The known offender check_variant_deltas.py: run default in sandbox mirror; show write occurs. To make it fail/differ, perturb a base file in the sandbox so output becomes valid:false, demonstrating the incident mechanism. But careful: the tool reads roots from its location; must be runnable in the mirror.
5. Controls: (a) a known guarded tool (check_taxonomy_consistency.py now has --write guard) must classify guarded; (b) a synthetic unguarded snippet must be flagged; (c) read-only tool (verify_frozen.py) must have zero write sites; (d) canonical hashes unchanged after all sandbox runs; (e) instrument must be deterministic (two runs same canonical digest).
6. Emit events + checkpoint.

This is bounded and valuable. Risk: running pinned tools in a sandbox mirror might be fiddly. I can restrict dynamic runs to the known offender(s) with unguarded pinned-path writes, and do static analysis for all. Even better: the sandbox demo doesn't even need the tool to be runnable if it fails gracefully — but to be strong I should show the actual write. Let me check how check_variant_deltas.py resolves ROOT and what inputs it needs.

Let me read the tool and the other pinned tools' write sites. First a static scan to see the landscape. Let me look at the tools quickly.
dsh: reasoning:
This confirms a rich landscape: several pinned tools write to canonical evidence paths. The census would classify:
- check_variant_deltas.py: line 33 unconditional write to FROZEN-pinned `artifacts/formulation/evidence/variant_delta_check.json` — UNGUARDED (known incident).
- check_variant_registry.py: line 115 unconditional write to `artifacts/formulation/evidence/variant_registry_check.json` — need to check if pinned.
- check_taxonomy_consistency.py: line 80 write — but prior adjudication added --write guard: need to check current live code (conservation: O3 was adopted? The report said enriched evidence restored and checker gained --write guard, and "the binding pins evidence 9e335e9ba1bf and checker de356d99, both matching disk" — but the current FROZEN rev29 pin for check_taxonomy_consistency.py is de356d999ea3, which is the pre-guard hash! Wait: W083 claim says "L-FORM-02 is closed at rev29 (binding pins evidence 9e335e9ba1bf and checker de356d99, both matching disk)" and the repair packet candidate moved checker de356d99 -> 5094870c7f74. But FROZEN rev29 pins de356d99 (from my python listing above: `check_taxonomy_consistency.py de356d999ea3`). So the guard patch (5094870c) was NOT applied in rev29? Actually the repair packet candidate rev29 was never applied; the canonical rev29 was a different, lead-driven re-freeze (evidence binding repair rev29). So check_taxonomy_consistency.py at de356d99: does it have a --write guard? Let me look.

Let me check each pinned tool's write sites and whether targets are FROZEN-pinned, and whether guards exist. This is exactly the census.

Pinned canonical target paths (from FROZEN rev29): let me list all 50 paths first. Then map write targets.

Also the census must handle dynamic path construction (e.g., run_gate_tests writes to tmp dirs and FORM/evidence paths). Static resolution of literal targets is feasible for most.

Let me look at the FROZEN rev29 file list, and the relevant write guards. Then design the instrument.

Let me print the 50 paths.
dsh: reasoning:
Confirmed: the live pinned `check_taxonomy_consistency.py` (de356d99) has an **unconditional** write at line 80 to the FROZEN-pinned `artifacts/formulation/evidence/taxonomy_consistency.json` (pin 9e335e9ba1bf). This is a second unguarded write hazard — and this one is worse: simply running the checker to *verify* consistency rewrites the frozen evidence with new content (it includes `contract_divergences`, which currently exist → the output likely differs from the pinned bytes). That's exactly how the 00:56:03 drift happened for variant_delta_check.json.

So the census will find at least:
1. check_variant_deltas.py:33 → evidence/variant_delta_check.json (pinned fc6ee058) — UNGUARDED
2. check_taxonomy_consistency.py:80 → evidence/taxonomy_consistency.json (pinned 9e335e9ba1bf) — UNGUARDED
3. check_variant_registry.py:115 → evidence/variant_registry_check.json (pinned 164a9a846e25) — need to check
4. measure_semantic_escape.py:128 → evidence/semantic_escape_rebased.json (pinned 7e44de0e3906) — need to check target
5. measure_heldout.py:45 → out = ? (heldout_rebased.json pinned 76687fe44c40?) — check
6. run_gate_tests.py:279 → gate_test_report.json (pinned 26540a6b43cc) — check
7. close_findings_rev27.py:369/391/415 → F0_CANON schema, CONSISTENCY evidence (pinned) — but it's a repair tool with --dry-run (prior run: exits 1 under --dry-run, writing nothing). Need to check its guard.
8. evidence_binding_repair_rev29.py:296-307 → canonical schema mirrors + report — repair tool with dry-run/apply presumably.
9. variant_rebase_rev29.py:146-149 → SET_D, CH_D, REG, REPORT — repair tool guarded (prior: "variant_rebase_rev29" validated; ASTRA handoff says vari.. hmm).
10. regenerate_frozen.py:84 → FROZEN.json itself — repair tool, `MAN.write_text`.
11. monitor_cycle.py:37 → CUR (checkpoint index?) — check target.
12. make_key_manifest.py:22 → KEY_MANIFEST.json (pinned 014e2d301978) — unguarded write of a pinned artifact!
13. run_acceptance.py:127 → dest (acceptance_pipeline_report.json pinned) — check guard.
14. verify_freeze_hold_findings.py:241 → RECORD — check target/guard. Note: verify_freeze_hold_findings.py is NOT in the FROZEN pin list (not pinned). Right, the pinned list has 14 tools: check_class_schema, check_taxonomy_consistency, check_variant_deltas, check_variant_registry, close_findings_rev27, evidence_binding_repair_rev29, make_key_manifest, measure_semantic_escape, monitor_cycle, regenerate_frozen, run_acceptance, run_gate_tests, variant_rebase_rev29, verify_frozen.

This is a genuinely high-value, bounded census: "which FROZEN-pinned tools, when run with default arguments for verification, silently rewrite FROZEN-pinned canonical artifacts?" That's the exact hazard class that produced CF... the 00:56:03 incident. It directly matters for the upcoming rev30 fold, since reviewers will run these tools.

Plan:
- Task ID: W083-FROZEN-TOOLCHAIN-WRITE-HAZARD-CENSUS-01
- Node: F1,F2a,F2b (and F0 for schemas) — gate G-FORM; class_ids all 3 + maybe F0 class? The three classes.
- Artifacts under artifacts/worker-083/write_hazard_census/:
  - census_tool.py (instrument: static AST scan of the 14 pinned tools + dynamic sandbox confirmation)
  - census.json (per-tool: pinned sha, write sites, resolved targets, target pinned?, guard classification, evidence)
  - dynamic.json (sandbox runs: for each unguarded-write tool that is runnable in a mirror, before/after hashes of the mirrored pinned target, exit code, whether bytes changed)
  - controls.json (control battery)
  - report.json, REPORT.md, pins.json, MANIFEST.json, checkpoint.json
- Events: start, artifact (xN), claim, complete (+blocker if a new hazard found — likely blocker for the two unguarded pinned-path writers)
- Checkpoint: emit checkpoint.json artifact AND write runtime/state/w083_checkpoint_<ts>.json? Prior worker-083 runs wrote `runtime/state/w083_checkpoint_4.json` and `runtime/state/w003_checkpoint_...`. I should write a checkpoint under runtime/state/ too (it's writable) — but careful not to collide. Let me check if runtime/state/w083_checkpoint_*.json exists. Earlier I saw runtime/state/w083_checkpoint_4.json referenced. Let me list w083 files.

Then emit events to comms/outbox/worker-083.jsonl with valid JSON. Must include event_id, event_type, created_at, actor. Also class_id for claims (required by schema), assumptions, falsifier, evidence_refs; artifact events need node_id, artifact_type, path, sha256, validation_status.

Also "emit valid JSON with IDs evidence hash falsifier, checkpoint, then exit" — that's exactly the protocol.

Before building, let me confirm the time budget: bounded, should be quick. Let me check the dynamic-runnability requirement for the sandbox demonstration. The strongest, cheapest dynamic demonstration: mirror the minimum tree into a sandbox and run the two unguarded checkers with default args; measure whether the mirrored pinned target bytes change. Since the tools compute ROOT from `Path(__file__).resolve().parents[3]`, I can copy the tool to `<sandbox>/artifacts/formulation/tools/` and the needed inputs to `<sandbox>/artifacts/formulation/...`, then run. Check if Python + yaml available (yes).

For check_taxonomy_consistency.py: inputs needed: research_map/formulation_taxonomy.yaml, artifacts/formulation/formulation_taxonomy.yaml, VOCAB_ALIASES.json, plus the target evidence path. Copy those. It will write taxonomy_consistency.json. Since the content has 3 contract divergences, the output will be `consistent: false`... The pinned evidence 9e335e9ba1bf — is it equal to what the live run would produce? If pinned evidence was produced when divergences existed, the run may be byte-identical. To demonstrate the hazard robustly, I can perturb an input in the sandbox (e.g., change one class's conclusion text in the mirrored map taxonomy) so the tool computes a different report and overwrites the pinned-baseline evidence in the sandbox. Then compare sandbox target before/after: bytes changed with no flag. That is a faithful demonstration of the incident mechanism (which is what happened at 00:56:03: an input drift caused the tool to rewrite the evidence to valid:false).

Even simpler and stronger: demonstrate the write event itself (target mtime/bytes rewritten) — but if bytes are identical, a skeptic could say "no harm". The perturbation control makes harm concrete. I'll do both: baseline run (record whether target bytes changed) and perturbed-input run in a second sandbox copy (expect bytes change).

Do this for the pinned-tool set. Dynamic runs for ALL tools would be complex; restrict dynamic to tools with unguarded writes to FROZEN-pinned targets and a runnable default path. Static analysis covers all 14.

Definition of "guarded": the write statement is dominated by a conditional on an explicit opt-in CLI flag (e.g., `--write`, `--apply`, `--emit`) whose default is False; or the target path is under a temp/sandbox root rather than a FROZEN-pinned canonical path.

Implementation approach for the instrument: 
- AST parse each pinned tool; find Call nodes for write primitives:
  - `Path.write_text`, `Path.write_bytes`, `.touch`, `.unlink`, `os.remove`, `os.replace`, `shutil.copy*`, `open(..., mode in w/a/x/+)`, `json.dump(` with a file object or open call.
- For each write site, record line number and the source line. Try to resolve the target expression statically by evaluating simple expressions against a literal environment: parse module-level constants (ROOT, FORM, EVID, etc.) and string concatenations. That's complex; simpler: classify targets by *regex on the source line and nearby lines* — detect known pinned filenames mentioned in the statement or in assignments of the variable used. Hmm, static resolution matters for credibility.

Middle ground: a two-tier analysis:
  Tier A (syntactic): find all write primitives, with line text.
  Tier B (target resolution): build a symbol table of module-level and function-level assignments whose RHS is a resolvable path expression (string literals, `/` chains, `ROOT/"..."`), then resolve the target expression of each write call (Name or Attribute chain) against that table. Implement a mini-evaluator for BinOp(/) over strings and Path-join. Cases like `(ROOT/"artifacts/formulation/evidence/variant_delta_check.json").write_text(...)` are directly resolvable because the argument is a literal string inside a `Path /` chain. Cases like `out.write_text(...)` where `out = ROOT/"..."` need symbol tracking.
- Map resolved absolute (repo-relative) target → is it in FROZEN rev29 pin set? Also check whether it's under a TMP dir.
- Guard classification: for each write site, walk AST ancestors: is the write inside a `with`/`if` whose test involves a flag name from argparse defaults? Collect argparse flags and defaults; a write is "guarded" if every enclosing branch condition references a store of an args attribute whose default is falsy (dry-run default), or if the write is inside a `try`? No — keep it simple and explicit: "guarded" iff (a) target resolves under a temp/sandbox root, or (b) all paths from function entry to the write pass through an `if`/`if not` test on a CLI flag with default False, or (c) the function containing the write is only called under such a flag (call-graph check). Since implementing full path analysis is heavy, I'll classify conservatively: "GUARDED_FLAG" if the write's enclosing `if` test references a variable that is assigned from `args.<flag>` where the argparse default is False; "UNGUARDED" otherwise; "UNRESOLVED" when target can't be resolved.

To keep it tractable and honest, I'll implement enclosing-if detection and argparse default extraction; and also a manual-review table in the report for the ambiguous ones (found by reading). The claim will state exactly the method and its limits (no full path-sensitive analysis; classification is per enclosing-branch, call-graph only for direct calls I verify by hand).

Actually, the instrument should be deterministic and re-runnable. Manual annotations baked into the tool as a pre-registered classification table? No — that weakens independence. Better: the tool implements:
1. static site detection (all write primitives),
2. target resolution (best effort),
3. guard detection via enclosing-if on a flag,
4. for each site unresolved or suspicious, dynamic sandbox test: copy repo subtree to a sandbox, run the tool with default args, and measure target mtimes/bytes before/after, including a perturbed-input variant.

The dynamic test is the gold standard: it directly measures "does running this pinned tool with default args modify a FROZEN-pinned canonical path?" I can run the dynamic test for all 14 pinned tools **in a sandbox mirror** with default args (may fail due to missing inputs; record exit code and whether any pinned-target-mapped file changed). To detect writes without needing to know targets, compare sha256 of the entire mirrored FROZEN-pinned file set before/after each run. That's a beautiful, assumption-free detector: "run the tool in the mirror; if any of the 50 mirrored pinned files changes hash, the tool mutates frozen bytes under default invocation."

Caveats: the mirror must include all 50 pinned files + whatever other inputs the tool needs. Simplest: copy the whole repo subset (excluding .git, tmp, node_modules, etc.) to the sandbox. Repo size? Let me check. If the repo is large (artifacts has 126 dirs), a selective copy of needed dirs (artifacts/, schemas/, research_map/, numerics/) may be enough but could be big. Let me measure size. If it's a few hundred MB, copying is fine but slow-ish. We can copy with hardlinks (`cp -al`) to a sandbox for speed and still detect byte changes (writes via write_text replace content in place? `Path.write_text` opens with 'w' — that truncates the file in place, which for a hardlink modifies the shared inode! Danger: `cp -al` would link canonical files; writing would modify the canonical file. NO — must use real copies for any file a tool might write. Use `cp -a` (real copy) for the subset.

Alternatively, run in the sandbox where only the *potential targets* are real copies and the rest symlinked/hardlinked read-only. Risk of hardlink contamination is too high. Real copy of a bounded subset is safer.

How big is the needed subset? Let me measure: du -sh artifacts schemas research_map numerics. Probably artifacts is maybe tens of MB (the 62MB map is in research_map; skip events.jsonl/research_map.json big files but formulation_taxonomy.yaml is small). I can copy selectively:
- artifacts/formulation/** (needed)
- schemas/**
- research_map/formulation_taxonomy.yaml (small)
- maybe evaluation/... for run_acceptance? It needs the corpus at artifacts/formulation/... probably.
Then run each tool from the mirrored tools dir with cwd=sandbox and a timeout, capturing exit codes and before/after hashes of the mirrored pinned set.

Time: 14 tools, each a few seconds at most (some may take longer, e.g., run_gate_tests). Timeout 60s each. Fine.

Then controls:
- C1: canonical repo pinned-set hash unchanged after all sandbox runs (mutation containment).
- C2: negative control — a read-only tool (verify_frozen.py) run in mirror → 0 pinned-file changes.
- C3: positive control — the pinned offender check_variant_deltas.py run in mirror with a perturbed input → at least one pinned-target change (expected).
- C4: an inert mutation detector control — instrument detects a synthetic file change it made itself in the sandbox.
- C5: determinism — two runs of the static analyzer yield identical canonical digest.
- C6: the 50-pin live verification before/after = 0 drift.

Additionally, static classification avoids sandbox failures masking hazards (e.g., a tool that exits 1 before writing might still be hazardous under other inputs).

This is a solid task. Time to implement. Deliverables and event emission.

First, let me check the sandbox/repo sizes and whether the tools can run. Also check `runtime/state/w083_checkpoint*` naming and prior worker-083 artifact dirs to follow conventions.

Let me also check the filesystem policy: workspace-write, so I can write under /data3/guoshaoyang. The sandbox mirror should be under `tmp/` in the swarm dir (there's a tmp/ dir with prior sandboxes). Good.

Let me look at one prior worker-083 artifact dir structure to match conventions (e.g., MANIFEST.json format, checkpoint format).
dsh: reasoning:
artifacts is 1.2G — too big to copy wholesale. I'll copy selectively:
- artifacts/formulation (size?)
- schemas (1.5M)
- research_map/formulation_taxonomy.yaml (small)

Let me measure artifacts/formulation size. Also check what run_acceptance needs (corpus?). Actually for the dynamic experiment, I can copy only artifacts/formulation + schemas + research_map/formulation_taxonomy.yaml into a sandbox ≈ maybe 50MB. Let me check.

Also: run_gate_tests.py writes to temp dirs and `FORM/evidence/gate_test_report.{json,txt}` — FORM likely artifacts/formulation. If FORM is copied, fine.

I'll now set up the task directory and write the instrument. Plan:

Directory: artifacts/worker-083/frozen_toolchain_write_hazard/
Files:
- census.py — main instrument (static + dynamic)
- census.json — static census output
- dynamic.json — dynamic sandbox results
- controls.json
- pins.json
- report.json
- REPORT.md
- MANIFEST.json
- checkpoint.json
- emit_events.py (or reuse pattern: write events.jsonl then append to outbox)
- sandbox work dir: tmp/w083_write_hazard_sandbox/ (not a deliverable)

Let me design census.py carefully.

Static part:
```python
PINNED = json.loads(FROZEN)['files']  # dict path -> {sha256,...}
PY_TOOLS = [p for p in PINNED if p.startswith('artifacts/formulation/tools/') and p.endswith('.py')]
```
Write primitives via AST:
- Call to Attribute attr in {write_text, write_bytes, touch, unlink, mkdir, rename, replace, chmod} 
- Call to Name/Attribute in {os.remove, os.unlink, os.rename, os.replace, shutil.copy, shutil.copyfile, shutil.copy2, shutil.move, shutil.rmtree}
- Call to builtin `open` with a constant mode containing w/a/x/+.
- Call to `json.dump`/`yaml.dump`/`yaml.safe_dump`/`csv.writer` where first arg is a file object.

Target resolution: implement a small analyzer:
- Collect module-level assignments: `NAME = expr`. Evaluate expr into either a string path or symbolic. Support: Str, BinOp(Div) of path-ish, Name reference, Call Path(...)/Path(__file__).resolve().parents[3] (ROOT), f-strings? Support simple JoinedStr with literal-only? Skip f-strings with dynamic parts (mark unresolved), but record the literal segments.
- Also collect function-local assignments: `NAME = expr` (any scope) mapping to resolved path when RHS is resolvable; this can produce false positives if reassigned, but acceptable with the caveat. Better: resolve write-call argument expression:
  - If arg is a Call `.write_text(...)`: receiver expression.
  - If arg is a Name: look up last assignment in the same function scope before the call (lexical order), then module scope.
  - If arg is a BinOp Div of ROOT and a Str: join.
  - If arg is a Str/YAML path in json.dump? handle `json.dump(x, open(path,'w'))`.
- Evaluator: represent paths as strings starting with the repo root marker; resolve `Path(__file__).resolve().parents[3]` → "" (repo root). `M = Path(__file__).resolve().parents[3]`, `ROOT = Path(__file__).resolve().parents[3]`, `FORM = ROOT/"artifacts/formulation"`, `EVID = FORM/"evidence"` etc.
  Implement `eval_expr(node, env)`:
  - Constant str → str
  - Name → env.get(name)
  - BinOp Div: eval left, eval right; if both str/Path → os.path.join
  - Call: Path(x) → eval arg; `.resolve()` → passthrough; `.parents[N]` → marker '@REPO' ... hmm. Simplify: treat `Path(__file__).resolve().parents[3]` specially → "" (repo root). For `.parent` → dirname.
  - JoinedStr: if all values constant → join; else None (unresolved but capture literal prefix).
- Also handle module-level `CONSISTENCY = FORM/"evidence"/"taxonomy_consistency.json"`.

Guard detection:
- Extract argparse flags: find `add_argument("--flag", ..., action="store_true")` → default False; `default=False`; else default value if literal.
- For each write site, compute enclosing test conditions: walk up parents; collect If test source strings. Guarded if any enclosing If test references a name assigned from `args.X` where X has a falsy default, or more generally references an argparse dest with falsy default. Also treat `if flag:` where flag is a parameter whose call sites (in same file) all pass such an args attr as guarded? Too deep. Instead:
  - GUARDED: any enclosing `if` test's source contains one of the falsy-default flag dests (e.g. `args.write`, `args.apply`, `write`, `apply`, `dry_run` negated).
  - Also if the write site is inside a function whose only direct calls in the same file are within such a guard → "GUARDED_CALLSITE". Implement direct check by scanning Call nodes with func name matching the def name and checking their enclosing guards/args. That would classify close_findings_rev27.py, evidence_binding_repair_rev29.py, variant_rebase_rev29.py, regenerate_frozen.py correctly if their write functions (e.g. apply()) are called under `if args.apply:`.
  - TEMP: resolved target outside repo pinned set but under tmp/temp → classify TEMP (not a hazard against frozen bytes).
  - UNGUARDED: otherwise; if target resolves into a pinned path → HAZARD_PINNED; if target resolves outside pinned set → UNGUARDED_OTHER; UNRESOLVED → UNRESOLVED (manual).
- Additionally, verify the module actually has a `if __name__ == "__main__"` main guard.

Dynamic part (per pinned tool):
- Build sandbox: `tmp/w083_write_hazard/<toolname>/` containing copies of:
  - artifacts/formulation/** (excluding maybe huge? measure)
  - schemas/**
  - research_map/formulation_taxonomy.yaml
  - Copy tool into sandbox at the same relative path.
- Before: hash all mirrored files that correspond to FROZEN pins (the 50 paths).
- Run: `python3 <sandbox>/artifacts/formulation/tools/<tool>.py` with default args, cwd=sandbox, timeout 120s, env PYTHONPATH unset.
- After: re-hash the mirrored pinned paths; record changed/created/deleted; exit code; stdout/stderr tail.
- Two modes: (a) `--normal` default; (b) `--perturbed` for tools whose default run changed nothing, where we perturb one input deterministically to force a divergent output: e.g., touch a sentinel file? Generic perturbation: modify the mirrored copy of the tool's own pinned target to a different byte string before run (pre-seed divergence), then run; if the tool rewrites it back to its own output (bytes change), that proves it writes even though the pre-seeded value differed. Even better generic probe: pre-seed *all* mirrored pinned files that are plausible outputs with a sentinel? That's dangerous for inputs. 
  
  Simplest generic "write detector" that doesn't depend on content divergence: set every mirrored pinned file's mtime to a known old timestamp, run the tool, then stat mtimes. If mtime changed → file was rewritten with identical bytes. But `write_text` would update mtime even if content identical. This is a robust and assumption-free detector! Combined with hash comparison. So dynamic detection = (bytes changed) OR (mtime/inode changed). I'll record both. Note: `Path.write_text` truncates in place, so inode stays, mtime changes. `os.replace` changes inode. This catches even byte-identical rewrites. But the mirror copy itself sets mtime at copy time; record mtime after copy, before run.

  For a "mutating content" demonstration, pre-seed the specific target file with a sentinel byte (after recording it as a pinned path; content differs from pin) — but wait, that breaks the "pinned set" integrity of the mirror; the tool may then fail hash checks. Better: for tools that write to a pinned evidence path, do a "divergence probe": in the sandbox, perturb one *input* (deterministically) rather than the output, then run. Inputs differ per tool; generic approach: perturb the mirrored `artifacts/formulation/VARIANT_REGISTRY.json`? Not generic.
  
  Given time budget, I'll do: generic default-run dynamic probe (bytes + mtime). Then, for the specifically identified unguarded writers, a targeted divergence probe with a documented perturbation:
    - check_variant_deltas.py: perturb the mirrored variant delta's base hash (or change a 'from' value) → output becomes valid:false or error list differs → writes different bytes.
    - check_taxonomy_consistency.py: perturb the mirrored research_map/formulation_taxonomy.yaml class text → divergence report changes → writes different bytes.
    - check_variant_registry.py: read the code to find a perturbation.
    - make_key_manifest.py: it writes KEY_MANIFEST.json; probably hashes a fixed list — perturbing an input file changes manifest → bytes change.
  The targeted probes are optional extra; the mtime detector suffices for detection. I'll implement the two known ones if straightforward.

Safety: The dynamic sandbox must not touch canonical. Verify canonical pin hashes before and after everything. Also, the mirror copy must use real copies. artifacts/formulation size? Let me measure. If large, restrict to `artifacts/formulation` only (needed) — measure now.

Also concern: `regenerate_frozen.py` writes FROZEN.json in the mirror; fine. `close_findings_rev27.py` might fail assertions in mirror; fine (record exit code). `run_acceptance.py` may need corpus — record fail.

Canonical containment proof: pins.json records live pin-hash of all 50 canonical paths before/after dynamic runs; also sha of all deliverable inputs.

Let me now measure artifacts/formulation size, then create the task dir and write census.py.

Time budget: this is a bounded task (~1-2h equivalent but I can do it in a few minutes of tool calls). Let's go.

One more consideration — event ordering and not colliding with other workers writing `comms/outbox/worker-083.jsonl`. Only one worker-083 process should exist (me, instance 012011). The prior instance completed its last event at 01:19:46. Safe to append.

Also: should I emit a `blocker` event? Yes — the census will produce a concrete blocker: X pinned tools that rewrite FROZEN-pinned artifacts under default invocation (with evidence). That's a valid blocker event with node_id, description, needed_to_unblock, evidence_refs.

Let me check size and start building.
dsh: reasoning:
artifacts/formulation is only 4.6M / 193 files. A full mirror of artifacts/formulation + schemas + research_map/formulation_taxonomy.yaml is ~6.3MB. Very manageable.

Now let me create the task directory and write the instrument. I'll write census.py which does static + dynamic analysis and writes census.json, dynamic.json, controls.json, pins.json, report.json.

Let me design the code concretely.

```python
#!/usr/bin/env python3
"""W083-FROZEN-TOOLCHAIN-WRITE-HAZARD-CENSUS-01

Read-only census of the FROZEN rev29 pinned Python toolchain:
for every pinned tool, enumerate write primitives, resolve their target paths where
statically possible, classify whether the write is opt-in guarded, and (dynamically)
run each pinned tool inside a byte-copy sandbox to measure whether any mirrored
FROZEN-pinned file is rewritten under a default invocation.

No canonical path is written. Outputs land in the task directory.
"""
import argparse, ast, hashlib, json, os, shutil, subprocess, sys, tempfile, time
from pathlib import Path
```

Repo root = parents[?]. Task dir = artifacts/worker-083/frozen_toolchain_write_hazard/. From that file: `Path(__file__).resolve().parents[3]`? File is artifacts/worker-083/frozen_toolchain_write_hazard/census.py → parents[0]=dir, [1]=worker-083, [2]=artifacts, [3]=repo root. Yes.

Static analyzer functions:
- `iter_write_sites(tree)` yields (node, kind, line).
- Path evaluator with env.

Let me write the evaluator more carefully.

```python
def eval_path(expr, env):
    """Return resolved repo-relative path string or None; env maps names to str paths.
    Marker: repo root is '' ; use posix joins."""
    if isinstance(expr, ast.Constant) and isinstance(expr.value, str):
        return expr.value  # relative literal
    if isinstance(expr, ast.Name):
        return env.get(expr.id)
    if isinstance(expr, ast.BinOp) and isinstance(expr.op, ast.Div):
        l = eval_path(expr.left, env); r = eval_path(expr.right, env)
        if l is None or r is None: return None
        return posixpath.join(l, r) if l else r
    if isinstance(expr, ast.JoinedStr):
        parts=[]
        for v in expr.values:
            if isinstance(v, ast.Constant) and isinstance(v.value,str): parts.append(v.value)
            else: return None
        return ''.join(parts)
    if isinstance(expr, ast.Call):
        f=expr.func
        # Path(...) / ROOT / ...
        if isinstance(f, ast.Name) and f.id=='Path' and len(expr.args)==1:
            return eval_path(expr.args[0], env)
        if isinstance(f, ast.Attribute):
            # __file__ handling specially: Path(__file__).resolve().parents[3] -> ''
            if f.attr=='resolve' : return eval_path(f.value, env)
            if f.attr=='parent' : 
                p=eval_path(f.value,env); 
                return posixpath.dirname(p) if p is not None else None
            if f.attr=='parents':
                # Path(__file__).resolve().parents[3] -> repo root marker ''
                base = unwrap_resolve_chain(f.value)
                if base is not None and len(expr.args)==1 and isinstance(expr.args[0], ast.Constant):
                    n=expr.args[0].value
                    # base is '__file__' -> parents[3] is root
                    if base=='__file__' and n==3: return ''
                    p=eval_path(f.value, env)
                    if p is not None:
                        for _ in range(n): p=posixpath.dirname(p)
                        return p
                return None
            if f.attr in ('joinpath','__truediv__') : ...
    return None
```

Simplification: the tools use `ROOT = Path(__file__).resolve().parents[3]` then `ROOT/"a"/"b"`. So root resolution: `Path(__file__).resolve().parents[3]` — I'll special-case: a call chain whose innermost name is `__file__` and which ends in `.parents[N]` with N==3 → "". That covers ROOT/M/FORM.

Also `TMP = Path(tempfile.mkdtemp(...))` → dynamic, mark as temp (unresolvable → classify by name hint "TMP"/"tmp"). Resolve Name TMP → None, so write target None; then if receiver name starts with TMP or source line contains 'tmp' → TEMP.

For target resolution of `out.write_text` where out assigned earlier: keep a scope map: iterate the module body and function bodies in source order; maintain a dict name→resolved for Assign nodes whose value resolves. Need to handle function params shadowing — ignore, note limitation.

For `json.dump(x, open(path,'w'))`: detect open() calls with write mode anywhere (including as arguments), target resolve.

Guard detection:
- argparse flags: walk tree, find `.add_argument("--flag", ...)` calls. Determine dest: explicit `dest=` or derived from the first long option (strip --, replace - with _). default: `default=` literal if present, else False if action in ('store_true','store_false')? store_false default True; store_true default False. Record flags dict dest→default.
- Enclosing guard: for each write site, walk up through parent nodes until Module/FunctionDef. For each `ast.If` encountered, get test source (ast.unparse); check if any falsy-default dest name appears as a Name/Attribute in the test. If yes → guarded=True.
- Call-site guard: for writes inside a function def, find calls to that function elsewhere in the module and check their enclosing If tests similarly; if all direct call sites are guarded → GUARDED_CALLSITE.
- Main-guard: presence of `if __name__ == "__main__":` → the top-level module body might execute writes at import? Actually the pinned tools are scripts; if module-level code is outside main guard, running the tool always executes it. The write sites at module level (e.g., check_variant_deltas.py line 33 is module-level!) are UNGUARDED by definition.

Classification per site:
- target in PINNED → {pinned_target: true}
- guarded (enclosing-if or all-callsites) → 'GUARDED'
- target resolves under tmp/ → 'TEMP_UNRESOLVED'/... 
- else 'UNGUARDED'

Dynamic:
- sandbox root: tmp/w083_write_hazard/<tool_stem>/
- build function: copytree of artifacts/formulation (ignore __pycache__), schemas, research_map/formulation_taxonomy.yaml, plus the pinned tool at its relative path. Actually just copy the tool along with artifacts/formulation (tools are inside).
- before map: for each of the 50 FROZEN pinned paths, if exists in sandbox: sha256 + st_mtime_ns + st_ino. All 50 exist because artifacts/formulation covers 44 of them (all artifacts/formulation/* paths) + schemas + research_map/formulation_taxonomy.yaml. 
- run: subprocess [sys.executable, str(sandbox_tool)], cwd=sandbox, timeout=180, capture output; env with PYTHONDONTWRITEBYTECODE=1.
- after map: same.
- diff: changed_bytes (hash differs), rewritten_identical (hash same but mtime/ino changed), missing, created (paths in pinned set that didn't exist before → not possible).
- For tools that are not executable/runnable, record exit code and changed set (may still write before failing).
- Sequential runs, each in its own pristine sandbox (fresh copy per tool) to isolate.
- Canonical containment: canonical pin hashes before all runs and after all runs.
- Perturbation probe for tools with pinned-target writes detected: second sandbox; apply deterministic perturbation to the tool's input(s), rerun, verify target bytes differ from pre-run (i.e., a genuine content mutation). Implement per-tool perturbation functions for the sites classified HAZARD_PINNED:
   - check_variant_deltas.py: modify the mirrored `artifacts/formulation/variants/AF-WCC-VAC-GEN.variant-SET.delta.json`: change `base.sha256` last hex char → drift error appears, output different.
   - check_taxonomy_consistency.py: modify `research_map/formulation_taxonomy.yaml` class conclusion text of AF-WCC-VAC-GEN → divergence D1 text disappears/other changes? The perturbation should alter the report deterministically. Simplest: change `classes.AF-WCC-VAC-GEN.conclusion.text` to "PERTURBED" → D1 check looks for "J-(I+)" so D1 disappears from divergences → report differs.
   - check_variant_registry.py: read code first; maybe skip and rely on the generic probe if generic detects a rewrite.
   - make_key_manifest.py: inspect.
- The perturbation probe is only run if the tool's default sandbox run is detected as a writer (bytes or mtime change). Otherwise, static-only classification.

Controls (must all pass for the census to be valid):
- CT1: canonical 50-pin verification = 0 drift before and after all sandbox runs.
- CT2: from a clean sandbox copy, no pinned mirrored file changes without running a tool (i.e., build+hash+rehash yields no change) — detector-false-positive control.
- CT3: synthetic write into the sandbox (touch bytes of a mirrored pinned file) is detected by the same before/after detector (detector-positive control).
- CT4: sandbox isolation: run a synthetic writer that writes to `../../..`-style path? Simpler: control that sandbox and canonical are distinct filesystems paths and canonical hashes unchanged (CT1 covers).
- CT5: static analyzer determinism: run the static analysis twice, canonical digest equal.
- CT6: the classifier identifies the two known unguarded cases (check_variant_deltas, check_taxonomy_consistency) — this is a "known-answer" control; if it misses them, instrument invalid.
- CT7: read-only tool verify_frozen.py produces zero write sites and zero sandbox mutations (negative control).

The report claim will be the census result: N pinned tools contain write primitives; M write sites target FROZEN-pinned paths; K of those are unguarded under default invocation, demonstrated dynamically by mtime/byte mutation in the sandbox with canonical unchanged.

I need to be careful: the dynamic detector using mtime will flag *any* rewrite, including tools that rewrite generated evidence to identical bytes. That's the point — "silent rewrite" hazards. But note tools that are *repair* tools with explicit --apply default false: their default run should not write. Good.

Also caution: `verify_freeze_hold_findings.py` is not pinned (mod 241), skip from census but note.

Let me now write census.py. It's a big file; I'll be careful. Also create emit_events.py after results.

Let me first check the remaining tool sources I need for correct classification: check_variant_registry.py, make_key_manifest.py, measure_semantic_escape.py, measure_heldout.py, run_acceptance.py, run_gate_tests.py, close_findings_rev27.py, evidence_binding_repair_rev29.py, variant_rebase_rev29.py, regenerate_frozen.py, monitor_cycle.py. Let me view the relevant parts (write sites + guards) to inform the dynamic perturbation design and validate classifier expectations.
dsh: reasoning:
Now I have a good picture. Notable:
- check_variant_registry.py:115 — module-level unconditional write to pinned `variant_registry_check.json` (164a9a846e25).
- make_key_manifest.py:22 — module-level unconditional write to pinned `KEY_MANIFEST.json` (014e2d301978).
- monitor_cycle.py:37 — CUR write; need target; likely runtime/state (not pinned).
- regenerate_frozen.py — writes FROZEN.json (`MAN`); has required args (--revision --delta --at) so default run fails before write? It parses args first; without args argparse exits 2 → no write. So guarded by required CLI args (not a --write guard, but effectively requires explicit invocation). Classification: "REQUIRES_ARGS" — no default path.
- close_findings_rev27 / evidence_binding_repair_rev29 / variant_rebase_rev29 — have --apply (store_true, default False) and --dry-run; writes should be under `if args.apply`. Need to verify AST guard detection finds them.
- run_acceptance.py:127 dest.write_text — need to see if writes canonical evidence (acceptance_pipeline_report.json pinned 9b7d6c8208d3) unconditionally; that's exactly CF-32's pipeline. Let me check lines 100-130.
- run_gate_tests.py: writes report out (line 279) and gate_test_report.txt (291); needs to see targets/guards.
- measure_semantic_escape.py: OUT write (128) — target? and writes tmp files.
- measure_heldout.py: out.write_text at module level (45) → target?

Let me view these specific regions to be accurate.
dsh: reasoning:
Great. Now I see:
- run_acceptance.py writes `acceptance_pipeline_report.json` (PINNED) unconditionally at the end of main → UNGUARDED. (This is CF-32's pipeline: running the acceptance test rewrites its own evidence.)
- run_gate_tests.py writes `gate_test_report.json` (PINNED 26540a6b43cc) and `gate_test_report.txt` (not pinned) unconditionally → UNGUARDED pinned write.
- measure_heldout.py writes `heldout_recheck.json` (not pinned — pinned is heldout_rebased.json 76687fe44c40) → unpinned write.
- measure_semantic_escape.py writes OUT — need target; likely `semantic_escape_rebased.json`? Let me check the OUT definition. Actually the pinned one is 7e44de0e3906 semantic_escape_rebased.json. Let me check.
- check_variant_registry/make_key_manifest/check_variant_deltas/check_taxonomy_consistency: module-level writes to pinned evidence.

So the census will likely find ~6 unguarded pinned-target writers: check_variant_deltas, check_taxonomy_consistency, check_variant_registry, make_key_manifest, run_acceptance, run_gate_tests. That's a substantial finding: six FROZEN-pinned tools silently rewrite FROZEN-pinned artifacts when invoked for verification. This is a major freeze-hygiene finding for the rev30 fold.

Now, an important nuance: some of these rewrites are *idempotent* (output equals pinned bytes) if inputs are frozen. The hazard is conditional on drift in inputs, but the unconditional write is the hazard mechanism. The dynamic mtime probe will detect the rewrite even when bytes are identical; the perturbation probe demonstrates byte mutation.

Let me check OUT in measure_semantic_escape.py and monitor_cycle CUR, then write the instrument.
dsh: reasoning:
Now I have everything:
- measure_semantic_escape.py: OUT = semantic_escape_rebased.json (PINNED 7e44de0e3906) → UNGUARDED write (line 128), module main() called from `__main__`.
- monitor_cycle.py: CUR = evidence/monitor_cursor.json (NOT pinned) → unpinned write.
- run_gate_tests.py: gate_test_report.json (PINNED 26540a6b43cc) → UNGUARDED.
- close_findings_rev27.py: writes F0_CANON (pinned research_map/formulation_taxonomy.yaml 0abb9ed8a961), CONSISTENCY (pinned 9e335e9ba1bf), canon/author (pinned schema mirrors) — all under --apply guard (lines 369/391/415 need verify they're inside `if args.apply`).
- variant_rebase_rev29.py: SET_D/CH_D/REG (all pinned) + REPORT (pinned) — under --apply.
- evidence_binding_repair_rev29.py: canon/author (pinned schemas) + REPORT (pinned) — under --apply.
- regenerate_frozen.py: MAN=FROZEN.json (pinned, self-referential) — requires --revision/--delta/--at, no default.
- verify_freeze_hold_findings.py: RECORD unpinned — tool not pinned (excluded from census; but could be noted).

Now let me write the instrument. I'll implement:
1. pins.json: measure all 50 FROZEN rev29 pins (canonical) before; later after.
2. Static census via AST.
3. Dynamic sandbox runs for all 14 pinned tools (default invocation), fresh sandbox each, before/after hash+mtime of mirrored pinned set.
4. Perturbation probes for detected writers (targeted, optional): implement generic — for each tool detected as writer of a specific pinned target, perturb an input file that the tool reads. To keep it honest and simple, I'll implement per-tool perturbation map with documented edits for the 6 unguarded writers:
   - check_variant_deltas: flip last char of `base.sha256` in variants/AF-WCC-VAC-GEN.variant-SET.delta.json.
   - check_taxonomy_consistency: append " PERTURBED" to research_map/formulation_taxonomy.yaml classes.AF-WCC-VAC-GEN.conclusion.text (via text replace of a distinctive substring).
   - check_variant_registry: need to see inputs; likely reads VARIANT_REGISTRY.json + schemas; perturb registry? Let me read the top of the file.
   - make_key_manifest: reads a list of files to hash; perturb one listed file (probably schemas). Let me read.
   - run_acceptance: it runs gate + spec audit over corpus; perturb a fixture? Its own output changes if a mutant escapes differently. Simpler perturbation: flip bytes of one input fixture among artifacts/formulation/fixtures. But run_acceptance may take a while (runs 2 stages per fixture). It also might fail in sandbox due to missing artifacts/worker-06 tools. Record.
   - run_gate_tests: builds its own fixtures in TMP and writes report; perturb its input schema? It reads schemas; perturbation of a schema could change report counts. Might be complex.
   Given time, I'll implement perturbation probes for the two tools where the mechanism was already observed (variant_delta, taxonomy_consistency) plus make_key_manifest/check_variant_registry if inputs are simple, and for the rest rely on the mtime detector (write occurred) + static unguarded classification. The dynamic evidence "wrote under default invocation" plus "canonical unchanged" is the core. I'll clearly note which tools got a byte-divergence probe.

Actually, a cleaner generic byte-divergence probe that works for any tool writing a pinned target T: in the sandbox, pre-seed T with exactly 1 byte appended (a sentinel) before the run. If the tool writes T unconditionally, the post-run bytes will no longer equal the sentinel (either back to the original bytes or to a recomputed value). This requires no knowledge of the tool's inputs, and it works for tools whose run succeeds far enough to reach the write. But if the tool validates T's hash as an input... most writers compute T as output, not read it. Risk: some tools read T as an input (e.g., evidence_binding_repair reads CONSISTENCY with CONSISTENCY_SHA assertion — but that's guarded/apply, default run reads and asserts, then fails). For default runs it might fail before writing. Hmm.

The pre-seed probe is elegant: "sentinel overwrite probe". Record:
- pre-seed T with original bytes + b"\n" (sentinel), 
- run tool default,
- post: if sha(T) != sha(sentinel) → tool rewrote T (byte-divergence demonstrated). If sha(T)==sha(sentinel) → tool did not write (or wrote identical sentinel? impossible unless it read and echoed it, unlikely).
This directly demonstrates content mutation without needing input perturbation. But it only works when the tool's default run succeeds to the write. If the run fails earlier (e.g., missing assets), we get no signal — but mtime probe in the pristine sandbox still might catch writes that happen before failure.

Wait, but pre-seeding the *output* file might affect tools that read it as a prerequisite. For the 6 unguarded writers, do they read their own output? check_variant_deltas reads variants/*.delta.json and base schemas, not its output. check_taxonomy_consistency reads taxonomy + aliases, not its output. check_variant_registry — probably reads registry; output is variant_registry_check.json, not read. make_key_manifest — reads files to hash; its own KEY_MANIFEST.json may or may not be in the list; if the manifest includes itself, pre-seeding changes the output but the write still happens. run_acceptance reads corpus/fixtures; its own report not read as input. run_gate_tests reads schemas; report not read. So pre-seeding is safe for these six.

Also the sentinel pre-seed makes the "pinned set" differ from canonical by construction in that sandbox — fine, sandbox only.

So dynamic design per tool (two sandboxes):
- Sandbox A ("pristine"): copy mirrored tree; record before (sha+mtime_ns) of the 50 mirrored pinned paths; run tool default; record after → detect rewrites (mtime/bytes) → `wrote_something`, `mutated_bytes` (hash changed) — since inputs are pristine, if the pinned target's content is regenerated identically, only mtime changes.
- Sandbox B ("sentinel"): copy mirrored tree; for the tool's statically-resolved pinned targets only, append b"\x00W083_SENTINEL\n" to those files; record before; run tool default; record after → `sentinel_replaced` true if hash differs from sentinel hash → demonstrates byte mutation of a pinned path under default invocation.

This is rigorous and generic. For tools with no resolved pinned targets (e.g., verify_frozen, check_class_schema), sandbox B is skipped (control C-negative).

Runtime cost: 14 tools × 2 sandboxes × (copy 6MB + run). run_gate_tests and run_acceptance may take longer (spawning many subprocesses). Set timeout 180s each; total worst case ~30 min. Hmm, that might be too long. Let me test runtimes first with a quick sandbox trial for the likely-slow ones (run_gate_tests, run_acceptance, measure_semantic_escape). Actually run_acceptance runs the two stages over ~30 fixtures → maybe 30-60s. run_gate_tests similar. Acceptable. But to be safe, set per-run timeout 150s and note.

Total sandboxes: 14×2 = 28 copies of ~6.3MB = ~180MB under tmp. Fine.

Let me now check check_variant_registry.py and make_key_manifest.py inputs quickly, then write the script.
dsh: reasoning:
All clear. Now let me write the instrument. I'll create the task dir and write census.py.

Design decisions for the script:

```
TASK = "W083-FROZEN-TOOLCHAIN-WRITE-HAZARD-CENSUS-01"
OUTDIR = ROOT/artifacts/worker-083/frozen_toolchain_write_hazard
SANDBOX_ROOT = ROOT/tmp/w083_write_hazard
PIN_PATHS from FROZEN.json['files']
PINNED_TOOLS sorted list
```

Static analysis:
- `analyze_tool(path)` returns dict with sha256, has_main_guard, argparse flags {dest: default}, write_sites [ {line, kind, expr, resolved_target, target_pinned, guard: {...}, classification} ].
- Path resolution env: module-level Assign collection in order; for functions, resolution of Name uses module env only (plus local assigns collected up to the call? Implement: for each function, walk body statements in order and update local env when Assign resolves; also include global env. This handles `out = FORM/"evidence"/...` inside main()).
- Implement `resolve_target(receiver_node, env)`.

Guard analysis:
- args_flags: dest → default (falsy or not). For `action="store_true"` default False; `store_false` default True; explicit `default=`.
- For each site: enclosing guards = list of test sources from If nodes on the path. `flag_guarded` if any falsy dest appears in any test source as a word (`args.write` or bare `write` or `args.apply`) → check with regex word boundaries.
- func-level: if site is inside a FunctionDef F, find all Call nodes to F in the module (outside F). If all have an enclosing falsy-flag guard (or are inside another function that... one level is enough for these tools) → 'CALLSITE_GUARDED'. If no calls found → 'UNCALLED'.
- classification:
  - if target_pinned and not flag_guarded and not callsite_guarded and not requires_args → 'UNGUARDED_PINNED_WRITE'
  - if target_pinned and (flag_guarded or callsite_guarded) → 'GUARDED_PINNED_WRITE'
  - if target is tmp-ish (source mentions TMP/tempfile/mkdtemp or path under tmp) → 'TEMP'
  - if target is None → 'UNRESOLVED'
  - else 'UNGUARDED_UNPINNED_WRITE' or 'GUARDED_UNPINNED_WRITE'
- `requires_args`: tool has required=True add_argument and no defaults → default invocation cannot reach write (argparse exits 2). Classify writes as 'REQUIRES_ARGS_UNREACHABLE_BY_DEFAULT'.

Dynamic:
- `build_sandbox(name, sentinel_targets)`:
  - rm -rf sandbox; mkdir; copytree artifacts/formulation, schemas, research_map/formulation_taxonomy.yaml.
  - Wait: the pinned tool must be inside artifacts/formulation/tools (included). research_map/formulation_taxonomy.yaml needs research_map dir; copy just that file into place.
  - Also some tools read artifacts/worker-06 (measure_heldout, measure_semantic_escape) — not copied (missing) → their runs fail. That's fine, recorded; missing inputs don't affect the pinned-target writers we care about? measure_semantic_escape writes OUT at the end after reading MAN from artifacts/worker-06 → will fail before write in sandbox. Its dynamic signal would then be negative (no write) even though static says unguarded. I should note "dynamic run incomplete (missing non-frozen inputs)" and rely on static classification. To improve coverage, I could also copy `artifacts/worker-06` (size?). Let me check du -sh artifacts/worker-06. If small (<10MB), copy it for better fidelity. Also run_acceptance/run_gate_tests may need artifacts/worker-06/spec_conformance_audit.py. Let me check worker-06 size.
  - Simpler: copy the 50 pinned files + artifacts/formulation + schemas + research_map/formulation_taxonomy.yaml + artifacts/worker-06 (if small). Let me measure worker-06.
- Sandbox A: record before for all mirrored pinned paths (that exist); run tool; record after; compute per-path status: unchanged | REWRITTEN_IDENTICAL (sha same, mtime_ns or ino changed) | MUTATED (sha differs) | DELETED.
   Note: Python's import of yaml etc. doesn't touch these. Running the tool might create `__pycache__` — set PYTHONDONTWRITEBYTECODE=1.
- Sandbox B (sentinel): for each statically-resolved pinned target of that tool, append sentinel bytes; run again; if sha differs from sentinel sha → SENTINEL_REPLACED (byte mutation demonstrated). If the tool deletes it → also recorded.
- Canonical containment: canonical_pins_before/after measured around the whole dynamic phase.

Controls:
- CT1 canonical pins 50/50 before==after, drift [].
- CT2 detector false-positive: build a sandbox, hash before, wait 0.01s, hash after without running → 0 changes.
- CT3 detector true-positive: build a sandbox, touch bytes of one mirrored pinned file → detector reports MUTATED and mtime change detection works (write a copy with different bytes).
- CT4 static determinism: analyze twice → same canonical digest.
- CT5 known-answer: the classifier flags check_variant_deltas.py:33 and check_taxonomy_consistency.py:80 as unguarded pinned writes; verify_frozen.py has 0 write sites.
- CT6 negative tool: verify_frozen.py sandbox run → 0 changes (in dynamic).
- CT7 sentinel probe sanity: in a sandbox, apply sentinel to a pinned file, don't run tool → sentinel remains (probe not auto-replacing).

Emit outputs: census.json, dynamic.json, controls.json, pins.json, report.json, and then REPORT.md written by me (edit tool) with results, plus MANIFEST.json + checkpoint.json. Given the volume, I'll have the script emit census/dynamic/controls/pins; then I'll write REPORT.md manually with actual numbers, and a finalize.py to compute MANIFEST (hashes of deliverables) + report.json + checkpoint.json; then emit_events.py to append events to outbox.

Let me check worker-06 size and then write the script. Time is fine.

Actually, to keep the instrument single-file and robust, I'll write census.py to do static+dynamic+controls and write the JSONs, then run it. Then a small finalize.py for report/manifest/checkpoint/events.

Let me check artifacts/worker-06 size.
dsh: reasoning:
worker-06 is 12M — copy it too for fidelity (total mirror ~19MB × 28 sandboxes ≈ 530MB; disk has 5TB free — fine, but copy time × 28 of 19MB is fast ~seconds each).

Actually, to save time, I can build ONE pristine mirror and copy it with `cp -a` per sandbox. 28 copies × 19MB = still fast on NVMe (each ~0.2s).

Let me reduce sandboxes: Sandbox A per tool (pristine default run) = 14. Sandbox B (sentinel) only for tools with resolved pinned targets = maybe 8. Total 22.

Now write census.py.

Key implementation details:
- `ast.unparse` available in 3.10. Good.
- For enclosing guards, I'll write a function `enclosing_ifs(node, tree_parents)` using a parent map built by walking the tree.
- Determine argparse flags: for each call `X.add_argument(...)`: first arg constant str starting with '-'. dest from kwarg 'dest' or derived. default: kwarg 'default' constant if present; else if action store_true → False; store_false → True; count → None/0; else None (required? check kwarg required=True).
- Falsy flag names: dests with default in (False, None? careful — default=None means argparse default None which is falsy; but many tools use default=None for --at which then fails closed. Treat falsy defaults {False, None, 0} as opt-in flags. But `--at` default None isn't a boolean opt-in; still, a write guarded by `if args.at:` would be opt-in. Fine.)
- Guard check: test source contains the pattern `args.<dest>` or `\b<dest>\b` when the dest is a falsy default. To reduce false positives (e.g., `if not args.dry_run:` where dry_run default False → that's actually a *write* path! `if not args.dry_run: write` means default dry_run=False → writes by default. My rule "test references falsy flag → guarded" would wrongly call it guarded. So I must distinguish polarity: `if args.write:` (truthy required) → guarded; `if not args.dry_run:` with dry_run default False → NOT guarded (it writes by default); if dry_run default True → guarded.
  Implement: parse the test AST; find Compare/If conditions. Simple approach: build a small evaluator `flag_condition_status(test)`:
   - Walk test; find Name/Attribute referencing a flag dest.
   - Determine whether the condition requires flag truthy: `if args.apply:` → requires truthy; `if not args.dry_run:` → requires dry_run falsy.
   Implement via pattern matching on the test AST:
     - `Name(id=dest)`, `Attribute(attr=dest)` → truthy branch.
     - `UnaryOp(Not, operand)` where operand is flag → falsy branch.
     - BoolOp(And/Or) with one flag operand → treat conservatively.
   Then guarded if (requires truthy and default falsy) or (requires falsy and default truthy).
   For `if args.apply and not args.dry_run:` → requires apply truthy → default False → guarded.
   For `if not args.dry_run:` with dry_run default=False → requires dry_run falsy; default False → not guarded → UNGUARDED (correct: writes by default).
- Call-site guard: find calls to the containing function; evaluate their enclosing ifs the same way; if the function is `main` and called under `if __name__ == "__main__":`, that's not a flag guard — running the script executes main. Treat main specially: writes inside main() are reachable by default if main is called from the main guard. For a def with writes that's called only under `if args.apply:` elsewhere, guard applies. If the function is named 'main' and called in main-guard → no guard.
- Classification for target pinned:
   - reachable_default = not flag_guarded and not callsite_guarded and not requires_args
   - if requires_args → 'REQUIRES_ARGS'
   - elif reachable_default → 'UNGUARDED_PINNED'
   - else 'GUARDED_PINNED'

Because target resolution may mis-resolve, I'll also cross-check each site's resolved target against regex mention of the pinned filename in the write statement's source line(s). If resolution works, fine.

Important subtlety: the pinned set paths are repo-relative like `artifacts/formulation/evidence/variant_delta_check.json`. Resolved targets will be repo-relative (root=''). Match against set.

For dynamic per-path detection, mirrored pinned paths = the 50 paths, exists in sandbox if copied.

Now write the file. I'll keep it ~450 lines. Let me write it with the write tool.
dsh: reasoning:
Now run the static phase first to validate.
dsh: reasoning:
0 unguarded pinned sites — the classifier likely mis-resolved targets or mis-classified guards. Let me inspect census.json to debug.
dsh: reasoning:
All targets are UNRESOLVED — the resolver isn't working. Why? The eval_path for `(ROOT/"artifacts/formulation/evidence/variant_delta_check.json")` — but hold on: in analyze_tool, `Resolver().eval_path(recv, env)` creates a NEW Resolver whose eval_path is a method, that's fine. The issue is likely in `strip_resolve_chain`/parents handling or in how `ROOT` is collected. Let me debug:

In `Resolver.collect`, for module-level assignments, I call `self.eval_path(node.value, self.env)`. For `ROOT = Path(__file__).resolve().parents[3]`:
- node.value is Call(func=Attribute(attr='parents', value=Call(func=Attribute(attr='resolve', value=Call(func=Name('Path'), args=[Name('__file__')]))), args=[Constant(3)]))
- eval_path: isinstance Call; f = node.func = Attribute(attr='parents'); enters `if isinstance(f, ast.Attribute)`, checks attrs: resolve/absolute no; parent no; joinpath no; parents yes: n=3; inner = self.strip_resolve_chain(f.value).
  - strip_resolve_chain(f.value): f.value = Call(func=Attribute(attr='resolve', value=Call(func=Name('Path'), args=[Name('__file__')]))). Loop: isinstance Call → f=node.func=Attribute(attr='resolve') → attr in (resolve, absolute) → node = f.value = Call(Path(__file__)) → loop again: isinstance Call → f = Name('Path') → not Attribute → break. Then `if isinstance(node, ast.Call)`: f=Name('Path'); f.attr → AttributeError! Because f is a Name, not Attribute. `if isinstance(f, ast.Attribute) and f.attr == "parents"` — f is Name, so first condition False; then `if isinstance(f, ast.Name) and f.id == "Path" and len(node.args)==1: return Resolver.strip_resolve_chain(node.args[0])` → returns strip_resolve_chain(Name __file__) → returns Name('__file__'). Good.
  - So inner = Name('__file__') → returns "". That should work.

Wait — but `Resolver` in collect is called as `res.collect(tree)` and inside collect, `self.eval_path(node.value, self.env)`. Hmm, that should work. Unless... the issue is in `analyze_tool`: `res.collect(tree)` populates res.env. Then `env = dict(res.env)`. Then resolve_write_target(node, kind, local_env) → `Resolver().eval_path(recv, env)`. A fresh Resolver's eval_path is a static-ish method using self only for strip_resolve_chain — fine.

So why None? Let me debug directly with a small test. Maybe the issue: `ast.Div` — in Python 3.10, `ROOT/"a"` is BinOp(op=Div). Yes.

Hmm wait — could it be that `write_sites` yields the Call node for `.write_text(...)`, and then `resolve_write_target` takes `recv = node.func.value`. For `(ROOT/"...").write_text(...)`, node.func is Attribute(attr='write_text', value=BinOp(...)) → recv = BinOp → eval_path should resolve.

But there's a subtle bug: in `collect`, I iterate `tree.body` and handle `ast.Assign` and `ast.FunctionDef`. For module-level assignments like `ROOT = ...`, fine. But what about `A = ...`? fine.

Let me just test eval_path quickly.
dsh: reasoning:
env is empty — collect() didn't populate. Why? In collect, for `ROOT = Path(__file__).resolve().parents[3]`, eval_path returns None. Let me trace: node.value is the parents call. In eval_path, `isinstance(f, ast.Attribute)` and `f.attr == "parents"` — requires `len(node.args)==1 and isinstance(node.args[0], ast.Constant)`. Yes. inner = strip_resolve_chain(f.value) → Name('__file__'). Then `if isinstance(inner, ast.Name) and inner.id == "__file__" and n == 3: return ""`. Should return "".

Unless... `strip_resolve_chain` has a bug: it's decorated `@staticmethod` but called as `self.strip_resolve_chain(...)` — fine.

Wait, look at strip_resolve_chain more carefully:

```python
while isinstance(node, ast.Call):
    f = node.func
    if isinstance(f, ast.Attribute) and f.attr in ("resolve", "absolute"):
        node = f.value
        continue
    break
if isinstance(node, ast.Call):
    f = node.func
    if isinstance(f, ast.Attribute) and f.attr == "parents":
        return node
    if isinstance(f, ast.Name) and f.id == "Path" and len(node.args) == 1:
        return Resolver.strip_resolve_chain(node.args[0])
return node
```

Trace: node = Call(func=Attribute(attr='parents', value=Call(...resolve...))).
- while: isinstance Call, f = Attribute(attr='parents') → not in (resolve, absolute) → break.
- if isinstance(node, ast.Call): f = Attribute(attr='parents') → `f.attr == "parents"` → **return node** — returns the parents Call node itself, not unwrapping!

That's the bug: the `parents` branch returns node (the whole parents call) instead of continuing to the inner. I intended to handle parents in eval_path, not here. In strip_resolve_chain, when encountering `.parents`, I should strip it: node = f.value and continue (returning the inner base). Let me fix:

```python
@staticmethod
def strip_resolve_chain(node):
    while isinstance(node, ast.Call):
        f = node.func
        if isinstance(f, ast.Attribute) and f.attr in ("resolve","absolute","parent"):
            node = f.value; continue
        if isinstance(f, ast.Attribute) and f.attr == "parents":
            node = f.value; continue
        if isinstance(f, ast.Name) and f.id == "Path" and len(node.args)==1:
            node = node.args[0]; continue
        break
    return node
```
This strips Path(...), resolve(), parents[N]. Then eval_path's parents branch: inner = strip_resolve_chain(f.value) → for Path(__file__).resolve() → __file__ Name → return "".

Also fix another potential issue: in eval_path, the `parents` branch computes `p = self.eval_path(f.value, env)` first if inner check fails; fine.

Also `collect` only collects module-level FunctionDefs but not local resolution inside `if` blocks at module level; acceptable. But for statements inside `with` or `if` at module level, ROOT is usually at top. Fine.

Another bug candidate: `analyze_tool` map of parents: `for node in ast.walk(tree): for ch in ast.iter_child_nodes(node)` — fine.

Also `Path.replace` at line 45 in check_taxonomy_consistency is a false positive: `str.replace` or `re.sub`? It's `wcc.replace(" ","")` — a string method `.replace` being classified as Path.replace. I should restrict Path.write_* etc. to calls whose receiver resolves to a Path-ish expression OR whose source mentions a path. Better: require the receiver to be a recognized path expression (resolves to a string/path or is a Name bound to Path) or an `open()` call. For `.replace`, it's ambiguous (str.replace vs Path.replace). Distinguish by target resolution: only count `.replace` if it resolves to a path. Similarly `.touch`, `.unlink`, `.rename`, `.mkdir`.

Simplest: keep detecting all attr calls, but in classify, if kind=="Path.replace" and resolved_target is None → classification "UNRESOLVED_AMBIGUOUS" (not counted as write until resolved). Actually better: mark sites with kind in {Path.touch,Path.unlink,Path.rename,Path.replace,Path.mkdir} that don't resolve as "AMBIGUOUS_NOT_COUNTED". And for counting write hazards, count only resolved targets.

Also duplicate sites: `yaml.safe_dump` at line 99 is a duplicate of Path.write_text at 99 (the inner call is an argument). I should dedupe: if a `json.dump`/`yaml.safe_dump` call is an argument of a write call, it's the same write site. Simplest: drop yaml.safe_dump/json.dump detection when the node is nested inside another detected write site's args. Or just report both with same line; dedupe by (line, resolved target) in the census summary. I'll handle by dedupe on (line, target, kind-family): prefer the outer Path.write_* site.

Let me fix strip_resolve_chain and refine classification, then rerun.
dsh: reasoning:
Now fix classification for ambiguous Path methods and duplicate sites. In `classify`, add:

```python
AMBIG = {"Path.replace","Path.rename","Path.touch","Path.unlink","Path.mkdir"}
```
If kind in AMBIG and t is None → classification = "AMBIGUOUS_UNRESOLVED".

Also dedupe dump-in-write-arg. In `write_sites`, when yielding `json.dump`/`yaml.safe_dump`, check if the parent is a write call... we don't have parent info there. Simpler: in analyze_tool after collecting sites, dedupe: group by (line, resolved_target); if a group has a Path.write_* kind, drop the dump kinds. I'll do it in classify stage.

Let me edit classify.
dsh: reasoning:
Still unresolved. Let me debug the eval_path again with the fix.
dsh: reasoning:
The AST for `Path(__file__).resolve().parents[3]` in Python 3.10 is `Subscript(value=Attribute(attr='parents', value=Call(resolve)), slice=Constant(3))` — not a Call with args! `.parents[3]` is subscripting the `parents` property. I need to handle `ast.Subscript` with `.parents` attribute value.

Fix in eval_path: add a branch for `ast.Subscript`:
```python
if isinstance(node, ast.Subscript):
    base = node.value
    if isinstance(base, ast.Attribute) and base.attr == "parents":
        n = node.slice.value if isinstance(node.slice, ast.Constant) else None
        inner = self.strip_resolve_chain(base.value)
        if isinstance(inner, ast.Name) and inner.id == "__file__" and n == 3:
            return ""
        p = self.eval_path(base.value, env)
        if p is not None and n is not None:
            for _ in range(n): p = posixpath.dirname(p)
            return p
    return None
```
Also strip_resolve_chain needs to handle Subscript-parents chains: `Path(__file__).resolve().parents[3]` when passed to strip → node = Subscript (not Call) → while loop doesn't run → return Subscript. For the parents branch in eval_path, I call strip_resolve_chain(f.value) where f.value is the Call(resolve) — that works (returns Name __file__). So only eval_path needs the Subscript branch. But for a chain like `Path(__file__).resolve().parents[2] / "x"`, eval_path evaluates BinOp left = Subscript → new branch handles.

Also remove the `.parents` handling in the Call branch since it's a Subscript here (but keep for safety — some code might call .parents(3)? No. Keep harmless).

Let me apply the edit.
dsh: reasoning:
Progress, but there are classification bugs:
1. `variant_rebase_rev29.py` L146-149 are marked UNGUARDED (flag guard False) — but the file has `--apply`. Why isn't the flag guard detected? Because the writes are inside `if args.apply:` but the enclosing-If detection walks parents from the node; the write is inside a `with` or nested inside `if`? Let me check the code around line 140. Also check close_findings L415/416 unresolved (canon/author Paths are assigned inside a loop maybe). Let me check variant_rebase_rev29 around 130-150.

2. `callsite_guarded` shows `c=None` for module-level writes (no function) — that's just display.

The flag guard logic: for `if args.apply:` → flag_gate_status(test): walk_cond(Attribute(args.apply)) → flag_of returns 'apply'; flags['apply']['default_truthy'] False, required False → returns True. Good.

But L146 in variant_rebase_rev29: let me look at source. Maybe the guard is `if args.apply and not args.dry_run:` — walk_cond BoolOp(And) → vals = [walk_cond(args.apply)=True, walk_cond(Not(args.dry_run))]. For `not args.dry_run` with dry_run default False → the "requires falsy + default truthy" check returns False. So vals=[True, False] → any → True. Should be guarded. Hmm.

Wait — perhaps the enclosing chain doesn't include the If because the write is inside a `with` statement inside the If? My parent map walks all parents, including through With, so chain should include the If. Unless the write is inside a function (apply()) that is called... and the enclosing If is in main(). The site's function name would be e.g. `apply` and enclosing tests chain (within the function body) may not include the flag if. Then flag_guarded=False; callsite_guarded: function `apply` is called somewhere — if the call is inside `if args.apply:` in main, statuses all True → callsite_guarded=True → GUARDED. But it shows c=None, meaning fn_name was None (module level) — no.

Let me look at the actual source around those lines.
dsh: reasoning:
Now I see:
- variant_rebase_rev29 L146-149 use `if a.apply:` where `a = ap.parse_args()` — the attribute check requires `isinstance(n.value, ast.Name) and n.value.id == "args"`. Here the parser variable is `a`, not `args`. I should be more permissive: accept any `Attribute` whose attr matches a known flag dest, regardless of the receiver name (or track argparse result variable names). To reduce false positives, track the receiver variable(s) that receive `parse_args()`: find Assign targets where value is Call(Attribute(attr='parse_args')). Then flag_of accepts Attribute with value Name in that set (or the literal `args`). Let me implement `argparse_vars`.

- close_findings L415-416: inside `for class_id in ...:` and `if args.apply:` — canon/author are loop-local names; resolution failed because my local env collection only captures top-level statements of the function body (not inside loops/inner function levels). Result: resolved None → UNRESOLVED (not counted). But the guard is detected. These are pinned schema mirrors, so ideally resolved. I can improve by collecting Assign nodes in the whole function scope in source order, with lexical approximation, including nested statements — but the loop variable rebinding makes it hard. Simpler: for unresolved targets, fall back to a "nearby-lines literal scan": within the enclosing function, if the source line's receiver name is assigned anywhere in the file to a resolved pinned path, use that. Implement a per-function name map from ALL Assign nodes (last assignment wins) — for canon/author this gives the correct mirrored schema path.

- evidence_binding L296/297: same `args.apply` (correct receiver) but canon/author unresolved for the same reason → UNRESOLVED.

Let me also consider measure_semantic_escape L99/L113 `p.write_text(...)` inside loops — those are TEMP fixtures (TMP dir) but unresolved; they're not pinned so it doesn't matter for hazard counting, but I'd like target resolution. Not critical.

Fix plan:
1. Add `argparse_vars` detection: names assigned from `*.parse_args()`.
2. flag_of: Attribute where attr in flags and (value is Name 'args' or in argparse_vars).
3. Improve local env: for a function, collect ALL Assign nodes (walk the FunctionDef body in order) into a fallback map `func_all_env`; use it when the ordered one lacks the name.

Also for `main()` writes with `if args.apply:` the receiver `args` is the standard name, fine.

Let me implement these edits.
dsh: reasoning:
Now add argparse_vars and update flag_gate_status. flag_gate_status currently takes (test, flags). I'll change to (test, flags, avars). And update call sites.

Also add module-level `ARGPARSE_VARS` detection function:

```python
def argparse_result_vars(tree):
    names = set()
    for node in ast.walk(tree):
        if isinstance(node, ast.Assign) and isinstance(node.value, ast.Call):
            f = node.value.func
            if isinstance(f, ast.Attribute) and f.attr == "parse_args":
                for t in node.targets:
                    if isinstance(t, ast.Name):
                        names.add(t.id)
    return names
```

Then in analyze_tool: `avars = argparse_result_vars(tree)`, pass to flag_gate_status. Use `args` literal too.

Let me edit.
dsh: reasoning:
Now 7 unguarded pinned sites. Let me see which ones and verify each classification manually.
dsh: reasoning:
Now the static classifications look correct:
- 7 tools with unguarded writes to pinned paths (8 sites... let me count: taxonomy 1, deltas 1, registry 1, make_key 1, semantic 1, acceptance 1, gate 1 = 7 sites; plus 2 unguarded unpinned for measure_semantic (rebased_fixtures dir) and run_gate_tests rmtree fixtures — dangerous too but not pinned).
- Guarded pinned: close_findings (3), evidence_binding (1), variant_rebase (4) — all under --apply.

Wait, close_findings L415/416 still unresolved (canon/author). The deep env should have resolved them. `canon` and `author` are assigned inside the loop body: `canon = ROOT/...`? Let me check around line 380-405. Probably `canon = ROOT / f"schemas/{...}"` (f-string dynamic) → unresolved. That's OK; they're mirrored schema copies under schemas/ presumably. Since it's guarded, no impact on the unguarded count, but I should note 2 sites unresolved in the report. Let me check quickly.

Also evidence_binding L296/297 unresolved similarly (canon/author from dict iteration?). Let me check.

Now the dynamic phase. Concerns:
- Sandbox build copies artifacts/formulation, artifacts/worker-06, schemas, research_map/formulation_taxonomy.yaml. The tools use ROOT=parents[3] which in sandbox = sandbox root. Good.
- Path resolution in sandbox: FROZEN.json inside artifacts/formulation is copied (rev29).
- run_acceptance may take a while and may write to `dest` (pinned) — good for detection.
- run_gate_tests writes fixtures under artifacts/formulation/fixtures (mirrored) then report.
- measure_semantic_escape needs artifacts/worker-06/semantic_fixtures/manifest.json (copied).
- The sentinel sandbox B: pre-seeds resolved pinned targets with SENTINEL; run tool; check.

One risk: The sandbox run of `run_acceptance.py` may read `artifacts/worker-06/heldout_corpus` etc. Fine.

Another risk: tools that write to pins might also modify *other* pinned files (not statically associated) — the pristine sandbox's full 50-path before/after snapshot catches that regardless. Excellent.

Also canonical containment: canon_before is captured before the static phase; canon_after after dynamic. Note OTHER agents are actively working in the canonical repo right now — the rev30 fold is authorized for 02:15 and worker-003 is doing fold-readiness. If another agent modifies a pinned canonical file during my dynamic phase, my containment control would show drift — which would be a false alarm (not caused by me). I must distinguish: record drift and check mtimes/whether sandbox writes could have touched canonical. The sandbox is a copy; my instrument never writes canonical. If drift appears, I'll investigate whether it's external (e.g., lead's re-freeze). It's currently 01:2x; rev30 is scheduled 02:15, so hopefully no move during my run. I'll record the measured state and note external moves if any.

Let me run the dynamic phase in the background since it may take a few minutes (14 tools × 2 sandboxes + runs). Actually first do a quick single-tool test (check_variant_deltas) to validate the sandbox mechanics, then run all in background.

Let me run with --tools check_variant_deltas first.
dsh: reasoning:
The dynamic phase depends on the static result in memory, but with --phase dynamic it doesn't load census.json. Fix: in dynamic phase, if "static" not in result, load census.json from OUTDIR. Let me patch.
dsh: reasoning:
The file changed because I patched it with the Python script. Need to re-read first (per policy). Let me read the relevant section.
dsh: reasoning:
The dynamic probe works:
- Pristine: the tool rewrote `variant_delta_check.json` identically (mtime changed, bytes same — because inputs are currently consistent) → silent rewrite detected.
- Sentinel: the pinned target was pre-seeded with an extra line, and after the run the sentinel was replaced → the tool demonstrably mutated the frozen path's bytes under default invocation.
- Canonical containment OK.

Now run the full dynamic phase (all 14 tools) in the background. It might take a few minutes for run_gate_tests/run_acceptance etc. Let me start it as a background job, and meanwhile write the controls phase. Actually, let me first add the controls phase to the script, then run everything at once: `--phase all` would redo static (fast) + dynamic (slow). Better: run `--phase dynamic` now in background (static census.json is current), and meanwhile write a separate controls.py that measures the control battery using the same sandbox functions. Hmm, controls need the sandbox helpers; simplest is to add a `--phase controls` to census.py that imports the same functions. Let me add controls to census.py now, then run `--phase dynamic` (background) and `--phase controls` after.

Controls to implement:
- CT1 canonical containment: computed in dynamic (also record in controls).
- CT2 false-positive: build sandbox, snapshot, no run, snapshot → diff all unchanged.
- CT3 true-positive: build sandbox, snapshot, mutate one mirrored pinned file byte (write_bytes different content), snapshot → mutated_bytes includes it.
- CT4 static determinism (already in static result).
- CT5 known-answer: classification contains UNGUARDED_PINNED for check_variant_deltas L33 and check_taxonomy_consistency L80; verify_frozen.py has zero write sites; regenerate_frozen classified REQUIRES_ARGS.
- CT6 read-only tool sandbox: run verify_frozen.py → diff unchanged AND exit 0 (since sandbox is byte-identical to FROZEN pins... wait, verify_frozen reads FROZEN.json from sandbox; all copied pins match → exit 0. Yes.)
- CT7 sentinel no-op control: build sandbox with sentinel, don't run, snapshot → sentinel still differs from original (i.e., detector would catch a mutation if one happened), and confirm the sentinel itself persists (no auto-replacement).
- CT8 deterministic dynamic digest: compare sentinel probe results across two independent sandboxes for one tool (check_variant_deltas) → same replaced set. Maybe skip; time.

Controls must be cheap. Implement CT2, CT3, CT5, CT6, CT7 + CT1 from dynamic. That's a solid battery.

Let me add a `controls()` function in census.py and a `--phase controls` branch. I need to read the file around main to patch precisely. Instead of editing via script, let me use the edit tool on the `main` function's phase branches.

I'll add:

```python
    if args.phase in ("controls", "all"):
        ctl = {"task": TASK}
        # CT5 known-answer static
        static = result.get("static") or json.loads((OUTDIR/"census.json").read_text())["static"]
        ka = {}
        for t in static:
            name = Path(t["tool"]).name
            ka[name] = {"write_sites": len(t["write_sites"]),
                        "unguarded_pinned": sorted(s["line"] for s in t["write_sites"] if s["classification"]=="UNGUARDED_PINNED"),
                        "requires_args": t["required_args_present"]}
        ctl["CT5_known_answer"] = {
            "check_variant_deltas_L33": 33 in ka.get("check_variant_deltas.py",{}).get("unguarded_pinned",[]),
            "check_taxonomy_consistency_L80": 80 in ka.get("check_taxonomy_consistency.py",{}).get("unguarded_pinned",[]),
            "verify_frozen_zero_write_sites": ka.get("verify_frozen.py",{}).get("write_sites")==0,
            "regenerate_frozen_requires_args": bool(ka.get("regenerate_frozen.py",{}).get("requires_args")),
        }
        ctl["CT5_known_answer"]["pass"] = all(ctl["CT5_known_answer"].values())
        # CT2 detector false positive
        sb = build_sandbox("CTL_noop")
        s0 = snapshot(sb, pinned); s1 = snapshot(sb, pinned)
        d = diff_snapshots(s0,s1)
        ctl["CT2_false_positive_no_run"] = {"mutated": d["mutated_bytes"], "rewritten": d["rewritten_identical"], "pass": not d["mutated_bytes"] and not d["rewritten_identical"]}
        # CT3 detector true positive
        sb = build_sandbox("CTL_touch")
        s0 = snapshot(sb, pinned)
        victim = "artifacts/formulation/KEY_MANIFEST.json"
        (sb/victim).write_bytes((sb/victim).read_bytes()+b"#CTL\n")
        s1 = snapshot(sb, pinned)
        d = diff_snapshots(s0,s1)
        ctl["CT3_true_positive_mutation"] = {"mutated": d["mutated_bytes"], "pass": victim in d["mutated_bytes"]}
        # CT6 read-only tool
        sb = build_sandbox("CTL_verify_frozen")
        s0 = snapshot(sb, pinned)
        r = run_tool(sb, "artifacts/formulation/tools/verify_frozen.py")
        s1 = snapshot(sb, pinned)
        d = diff_snapshots(s0,s1)
        ctl["CT6_readonly_tool"] = {"exit": r["exit"], "mutated": d["mutated_bytes"], "rewritten": d["rewritten_identical"], "pass": r["exit"]==0 and not d["mutated_bytes"] and not d["rewritten_identical"]}
        # CT7 sentinel persistence without run
        sb = build_sandbox("CTL_sentinel", sentinel_targets=[victim])
        pre = sha256_file(sb/victim)
        s0=snapshot(sb,pinned); s1=snapshot(sb,pinned)
        ctl["CT7_sentinel_persists_without_run"] = {"sentinel_present": pre != pinned[victim][:0] and (sb/victim).read_bytes().endswith(SENTINEL), "pass": (sb/victim).read_bytes().endswith(SENTINEL)}
        ctl["canonical_containment_ok"] = ...
        (OUTDIR/"controls.json").write_text(json.dumps(ctl, indent=1)+"\n")
```

Note snapshot() of a sentinel-modified file compares to nothing; fine.

Wait CT7's "sentinel_present" expression is silly; simplify: check bytes end with SENTINEL.

Also the controls phase should re-measure canonical pins before/after to assert containment during controls.

Let me add this to the script via edit tool. I need to insert before the final print/return. Let me read the tail of main.
dsh: reasoning:
Now run the full dynamic phase in the background (all 14 tools). It may take several minutes. Then run controls.

Important: the dynamic phase writes dynamic.json at the end. If run_gate_tests or run_acceptance take long, the background job will take time. Let me start it with run_in_background: true, and meanwhile prepare the finalize/emit scripts (which don't depend on results) — but they do need the result numbers for REPORT.md, so I'll write them after.

Actually, wait: while the dynamic phase runs, canonical pins are measured before/after. Other agents may move canonical files. Since the rev30 fold is at 02:15 and it's ~01:25, likely safe.

One issue: the dynamic phase will copy sandboxes for all 14 tools = 14 × ~19MB = 270MB and 7 sentinel sandboxes ≈ 130MB more. Fine.

Let me start it.
dsh: reasoning:
While that runs, let me prepare the finalize.py script (computes hashes, MANIFEST, report.json, checkpoint.json) and emit_events.py. But report content depends on the dynamic results, so I'll write finalize.py generically to read census.json/dynamic.json/controls.json + REPORT.md and produce pins.json, MANIFEST.json, report.json, checkpoint.json.

Actually, order of operations:
1. census.py → census.json, dynamic.json, controls.json
2. REPORT.md (written by me from the actual numbers)
3. finalize.py → pins.json (canonical pin measurements + input hashes + deliverable hashes), report.json (structured summary), checkpoint.json, MANIFEST.json
4. emit_events.py → events (start, artifacts, claim, blocker, complete) appended to comms/outbox/worker-083.jsonl + events.jsonl copy in task dir.

Let me draft finalize.py now while the dynamic job runs. I'll write it to be robust to the actual JSON structure.

finalize.py responsibilities:
- Load census.json, dynamic.json, controls.json.
- Re-measure canonical FROZEN rev29 pins and FROZEN.json hash; confirm 50/50; drift list.
- pins.json: {task, measured_at, frozen: {path, sha256, revision, frozen_at}, canonical_pins: {path: sha256}, input_hashes: {deliverable inputs}, sandbox_root}.
- report.json: structured result with key findings (static sites table, dynamic detection table, sentinel results, controls pass, canonical drift).
- MANIFEST.json: measured hashes/bytes of all deliverables (census.py, census.json, dynamic.json, controls.json, pins.json, report.json, REPORT.md, checkpoint.json placeholder).
- checkpoint.json: task, class_ids, node_ids, gate, status (worker-level active), checks summary, controls summary, deliverables hashes, next_falsifier, canonical_digest = sha256 of the canonical JSON of {static_digest, dynamic digest, controls}.
- Also write runtime/state/w083_frozen_toolchain_write_hazard_checkpoint.json? Prior convention: runtime/state/w083_checkpoint_N.json and w083_checkpoints.jsonl appended. I'll write runtime/state/w083_write_hazard_census_checkpoint.json and append a line to runtime/state/w083_checkpoints.jsonl. Careful: appending to a shared file is fine (worker-083 is mine).

Then REPORT.md gets written before finalize so it's hashed. That means: run dynamic → inspect numbers → write REPORT.md → run finalize.

Let me write finalize.py now. I'll make it emit report.json with the key tables, so REPORT.md can be written from those numbers (I'll get them from a quick query).

Also emit_events.py: builds event JSON lines:
1. start (status)
2. artifact for each deliverable (artifact_type, path, sha256, validation_status unverified, node_id, gate, class_ids)
3. claim — required fields per schema: class_id, statement, conclusion_type, assumptions, falsifier, evidence_refs (+ artifact_refs). class_id must be a single string? Schema requires "class_id" — prior worker-083 events used `class_id` combined string and `class_ids` list. Good.
4. blocker — node_id, description, needed_to_unblock, evidence_refs.
5. complete (status).
All with event_id, created_at, actor=worker-083, task_id, node_id, gate, class_ids.

Event IDs format like prior: `w083-fzwh-<ts>-<kind>`; I'll use `w083writehazard-<label>-<n>`.

Append to comms/outbox/worker-083.jsonl (JSONL, one object per line, ensure no trailing partial line), and also save task-local events.jsonl.

Also must validate JSON: run research_map/comms.py ingest? That moves accepted events into events.jsonl; but the task says "emit valid JSON ... then exit". I can validate my events with python json.loads and optionally `python3 research_map/comms.py ingest` — but ingest is the controller's job ("accepted stream writer: comms.py ingest only"). As a worker, prior workers just wrote to their outbox. I should NOT run ingest (controller does). I'll just self-validate each line parses as JSON and required keys exist.

Let me check the dynamic job status.
dsh: reasoning:
Hmm, dynamic.json already exists (13KB) at 01:25 — that's from the single-tool test run. The background job may still be running (log empty). Let me check job output. Also note __pycache__ appeared in the task dir from imports — I should remove it before finalize (keep the dir clean) or ignore it in MANIFEST. I'll delete it at the end.

Let me wait for the job.
dsh: reasoning:
Still running. run_gate_tests/run_acceptance probably take a while. Let me write finalize.py while waiting.
dsh: reasoning:
The background job finished. Let me read its output.
dsh: reasoning:
Two things:

1. Dynamic results are informative:
   - Tools that silently rewrote a pinned target with identical bytes (pristine): check_taxonomy_consistency, check_variant_deltas, make_key_manifest.
   - Tools that MUTATED pinned target bytes under default run: check_variant_registry (exit 1, mutated variant_registry_check.json — interesting! Why mutated? Probably because it reads FROZEN.json in sandbox and writes a report reflecting... hmm, maybe the report content includes absolute paths or something that differ in the sandbox! Ah — that's a key confound: tools that write absolute paths or sandbox-root-dependent content will produce different bytes in the sandbox than in canonical. Check: variant_registry_check.json content might include `ROOT` strings. Let me inspect.
   - measure_semantic_escape mutated semantic_escape_rebased.json (exit 0) — could be sandbox-path-dependent or content-legitimately different.
   - run_gate_tests mutated gate_test_report.json (exit 1) — in sandbox some fixtures state differs? exit 1 means FAIL. It writes report with sandbox-specific content? Or the mirrored fixtures were freshly recreated by the tool (it does shutil.rmtree(FORM/"fixtures") and rewrites fixtures) → the report could differ because fixture generation is nondeterministic? Actually run_gate_tests regenerates fixtures each run, so report may differ due to... hmm.
   - Sentinel replaced (proves byte mutation of a pinned path under default invocation): check_taxonomy_consistency, check_variant_deltas, check_variant_registry, make_key_manifest, measure_semantic_escape, run_gate_tests = 6 tools. run_acceptance exit 3 → didn't reach write (fails in sandbox due to missing/different corpus), so sentinel kept; close_findings/evidence_binding/variant_rebase exits 2 (argparse: likely `--at` required? They exit 2 because required args missing) → sentinel kept, consistent with guarded classification. Good: the two lines of evidence agree.

2. The canonical containment control FAILED: 9 pinned paths drifted during the dynamic phase. This is almost certainly NOT caused by my sandbox (my instrument never writes canonical), but by another agent (the rev30 fold authorized? It's 01:2x... worker-003 was doing fold-readiness; lead-formulation may have applied the rev14/FROZEN rev30 fold early). The drift list includes exactly the files the REC-36 fold would move: schemas af_scc_c0/c2 (+mirrors), VARIANT_REGISTRY, variant delta, taxonomy evidence, gate_test_report, f1_falsifier_tests. So the canonical world moved under me — the lead applied the rev30 fold (or a repair) while my dynamic phase ran.

This is a moving-target situation. Per the task falsifier, "a mid-run change to any pinned canonical hash (stop and report a moving-target blocker instead)" — that's the heldout task's wording, but the principle matches my own falsifier (i): "any canonical FROZEN rev29 pin drifts across the run (containment control fails)". I must handle this correctly:
- My dynamic measurements were taken against the rev29 mirror (copied at sandbox build time from canonical). If canonical moved mid-phase, some sandboxes were built after the move (they'd copy new rev30 bytes, not rev29!). That would contaminate the measurement: the pins snapshotted inside sandboxes may differ from the rev29 pin set.
- I must determine WHEN the move happened and whether sandbox mirrors were built from rev29 or rev30 bytes.
- The honest resolution: report a moving-target blocker + measure the new state; either (a) re-run the census on the new frozen revision if it's rev30 and stable, or (b) declare the dynamic phase bound to rev29 only for the tools whose sandboxes were built before the move, and re-run cleanly at the new bound generation.

Best action: check current canonical state (FROZEN.json revision now). If a new FROZEN rev30 exists with new pins, then:
- The census static analysis: I ran the static phase at 01:25 (before the move?). Let me check mtimes. If FROZEN.json changed, my census.json's `frozen_sha256` is stale.
- Re-run the whole census (static + dynamic) bound to the NEW frozen revision, and treat the first run as the moving-target observation. That's the cleanest: the deliverable becomes a census at the new revision, with a recorded moving-target event.

Wait — did FROZEN.json itself change? It's not in the drift list! The drift list includes pinned paths but NOT artifacts/formulation/FROZEN.json. That's odd: if the lead applied a rev30 fold, FROZEN.json would move too (it's self-referential; FROZEN.json pins itself? Actually FROZEN.json is the manifest; the `self_reference` key is separate and FROZEN.json itself may not be a pinned entry — indeed the 50-path list doesn't include FROZEN.json). So FROZEN.json can move without appearing in its own pin list (the rev29 pin list has 50 entries, FROZEN.json isn't one).

Let me check: is current FROZEN.json still rev29 815e0807? And what are the current hashes of the drifted paths? Also mtime of FROZEN.json and of the drifted files, to time the move.

Critical follow-up: my `pins.json`/finalize measures canonical live now — the drift will be visible. I need to:
1. Measure current FROZEN.json revision/hash.
2. Check whether it's still rev29; if so, the drift is a *freeze breach* (someone edited pinned files without re-freezing) — that's a much bigger finding: either an unauthorized write or a repair-before-re-freeze. Given worker-003's FOLD_NOT_READY and REC-36 authorizing rev30 at 02:15, maybe the lead did the repair.
3. Regardless: the correct worker behavior is to report the moving target, re-bind, and re-run.

Let me investigate now.
dsh: reasoning:
Critical: FROZEN.json is still rev29 (815e0807), but pinned files were modified between 01:25:42 and 01:26:16 by *another process*, without a re-freeze. This is a **live freeze breach** — someone wrote to frozen canonical paths while FROZEN.json still pins the old hashes.

Wait — but could *my* dynamic phase have caused this?? My instrument copies to sandbox and runs there. Could any sandbox tool have written to canonical paths? Sandbox tools compute ROOT from `Path(__file__).resolve().parents[3]` — in the sandbox, that's the sandbox root (real path? `resolve()` resolves symlinks; I copied with copytree, so real files). No symlinks to canonical. Also my instrument's snapshot() only reads canonical. So no.

But let me be rigorous: the mtimes 01:25:42/01:25:55/01:26:16 coincide with my dynamic phase window. Could `run_gate_tests.py` or others invoked with `cwd=sandbox` write to canonical via an absolute path? All use ROOT-relative paths. Hmm, but what about `run_acceptance.py` — it references `ROOT/"artifacts/worker-06/..."`, sandbox-rooted. Fine.

However! There's a real possibility: the *other* agents are actively running the same tools against canonical right now (e.g., worker-006's stage-B R03 fix, worker-097's CF-32 acceptance repro, worker-048's gate coverage). Those workers run pinned tools in canonical → the tools rewrite frozen evidence. That's exactly the hazard my census is about, happening live! The mtimes (01:25:42 for schemas/VARIANT_REGISTRY, 01:25:55 for variant_delta_check.json, 01:26:16 for gate_test_report.json) match other workers' activity (worker-097 was doing CF-32 acceptance repro at 01:22, worker-003 fold-readiness at 01:21, worker-006 r03).

Hold on — schemas/af_scc_c0_vacuum.yaml changed at 01:25:42, along with VARIANT_REGISTRY.json and f1_falsifier_tests.jsonl. That looks like the **rev30 fold being applied** (the REC-36 fold moves schemas + registry + deltas + taxonomy evidence + f1 suite). And variant_delta_check.json at 01:25:55 could be check_variant_deltas.py being run by someone. And gate_test_report.json at 01:26:16 by run_gate_tests.py.

So: the lead's rev30 fold is in progress (or a worker applied repairs). FROZEN.json hasn't been re-frozen yet (still rev29 00:57:26). This is a moving-target period. My census was bound to rev29 but the canonical bytes moved mid-phase.

Correct handling:
1. My dynamic measurement results are partially contaminated: sandboxes built after 01:25:42 copied the new (unfrozen/rev30-candidate) bytes for those files, while the pin set is rev29. Specifically:
   - Sandbox builds happened sequentially in the order of `run_list` = sorted pinned_tools. Order: check_class_schema, check_taxonomy_consistency, check_variant_deltas, check_variant_registry, close_findings_rev27, evidence_binding_repair_rev29, make_key_manifest, measure_semantic_escape, monitor_cycle, regenerate_frozen, run_acceptance, run_gate_tests, verify_frozen (alphabetical: actually sorted paths: check_class_schema, check_taxonomy_consistency, check_variant_deltas, check_variant_registry, close_findings_rev27, evidence_binding_repair_rev29, make_key_manifest, measure_semantic_escape, monitor_cycle, regenerate_frozen, run_acceptance, run_gate_tests, variant_rebase_rev29, verify_frozen). Wait, the output shows run_gate_tests then variant_rebase then verify_frozen — yes alphabetical.
   - Which sandboxes were built before 01:25:42? The whole dynamic run started ~01:24:45 and finished ~01:26:4x. The first several sandboxes (check_*, close_*, evidence_binding, make_key_manifest) likely copied rev29 bytes; later ones (measure_semantic_escape, monitor_cycle, regenerate_frozen, run_acceptance, run_gate_tests, variant_rebase, verify_frozen) may have copied moved bytes.
   - The FROZEN.json copied into every sandbox is the rev29 manifest (unchanged), so tools that read FROZEN.json see rev29 pins while the copied bytes may be rev30-candidate → that explains check_variant_registry exit 1 with mutated report! It reads FROZEN.json (rev29 pins) and the copied schemas whose hashes... hmm, does it check manifest vs disk? It checks `path not in MAN["files"]` only. The mutated variant_registry_check.json could be due to reading the moved VARIANT_REGISTRY.json (rev30 candidate) → report errors differ. Similarly measure_semantic_escape reads moved schemas → different escape counts → mutated report. run_gate_tests FAILs in sandbox because schemas moved vs the expected rev29 fixtures → mutated report.
   
   So the "mutated" dynamic signals for registry/semantic/gate are artifacts of the mid-run canonical move, NOT clean rev29-bound measurements. I cannot present them as such.

2. The honest resolution: STOP, report the moving-target observation as the primary blocker, and re-run the census cleanly at the new stable generation once the fold completes (FROZEN rev30). But I'm a bounded worker — I should complete one bounded task. Options:
   a. Re-run census bound to the *current live* bytes with a recorded "unfrozen interim" bound (revision 29 manifest + interim bytes) — but that's a moving target too; the fold is still in progress.
   b. Convert the finding into a stronger, cleaner deliverable: the census of the *rev29-bound* run for the tools whose sandboxes were demonstrably pre-move (static + dynamic subset), PLUS the live observation that pinned files moved without a re-freeze and that repeated runs of pinned tools are exactly what rewrites them. 
   c. Re-run the dynamic phase now against rev29 *archived* bytes? The rev29 bytes are gone from canonical for the drifted files (no archive). Unless... the moved files are the rev30 candidates and the old rev29 bytes exist only in my earlier sandboxes (built before the move)! I could extract rev29 bytes from a pre-move sandbox copy and re-run a clean rev29-bound census using a rebuilt sandbox from those archived bytes + FROZEN rev29 manifest. That's actually feasible: my sandbox A_check_class_schema (built first, ~01:24:45) contains the pre-move bytes of the drifted files. 

   But wait: is that the best use of remaining time? The census question is "which pinned tools silently rewrite pinned artifacts". The evidence for the 7 unguarded writers doesn't depend on the drifted content:
   - Static analysis is bound to the tool hashes; did any *tool* change? Drift list has no tools/*.py — tools unchanged. Static classification remains valid at rev29 pins (tool hashes match current).
   - Dynamic pristine detection for the early tools (check_taxonomy, check_variant_deltas, check_variant_registry?, make_key_manifest) was done pre-move? check_variant_registry is 4th; mtimes of moved files at 01:25:42. Let me check the sandbox dirs' creation times to know which were built before 01:25:42.
   - Sentinel probes: each tool's sentinel sandbox built right after its pristine sandbox. Sentinel results for check_taxonomy, check_variant_deltas, check_variant_registry, make_key_manifest, measure_semantic_escape, run_gate_tests all replaced the sentinel → the *write* behavior is independent of the drift: the tool wrote its target under default invocation regardless of input state. Even if the input bytes differed (moved), the sentinel replacement proves the write. The only concern is whether the *content* difference matters — no: sentinel replacement is a byte mutation of a pinned path by a default run. The mirror's other bytes being rev30-candidate doesn't invalidate "tool X writes target Y by default".
   
   But the census claims things about the rev29-bound pinned set. I can re-frame honestly: the dynamic phase ran across the 01:25:42–01:26:16 canonical move; the bound generation is FROZEN rev29 (manifest unchanged) but the mirrored bytes for later tools were the interim post-move bytes. I must report this explicitly and mark affected measurements.

3. Better: re-run the entire census cleanly NOW against a *frozen snapshot* that I control:
   - Build a snapshot of the 50 pinned paths with their rev29 hashes where available; for drifted paths, use the pre-move sandbox copies (A_check_class_schema) to restore the rev29 bytes. Then run static+dynamic+sentinel entirely inside that snapshot (a "rev29 archive sandbox"), and measure against the pin set. This gives a clean, reproducible rev29-bound census even while canonical moves.
   - The snapshot sandbox root can itself serve as the base ("S0") and each tool sandbox copies from S0. My current build_sandbox copies from canonical — I should change to copy from a pinned base snapshot built once.
   - Verify: all 50 paths in S0 hash to the rev29 pins. If yes, the census is clean-bound. Then dynamic runs measure "a pinned tool run by default rewrites which rev29-pinned targets".
   - Additionally, record the live moving-target observation as a second, separate finding: canonical pinned bytes moved 01:25:42–01:26:16 with no re-freeze (FROZEN.json still rev29 at finalize) → live freeze-breach observation or in-progress fold; and the fact that the tools themselves reproduce writes.

That's the rigorous path. Time cost: rebuild sandbox base (~seconds) + re-run 14 tools × 2 (~2-3 min; the long ones run_gate_tests/run_acceptance again). Acceptable.

Wait — do I have pre-move copies of ALL drifted files? Drift list: VARIANT_REGISTRY.json, gate_test_report.json, variant_delta_check.json, schemas/af_scc_c0, schemas/af_scc_c2, variants/AF-WCC-VAC-GEN.variant-SET.delta.json, schemas/af_scc_c0 (canonical), schemas/af_scc_c2, schemas/f1_falsifier_tests.jsonl. The first sandbox A_check_class_schema was built at ~01:24:45 (before 01:25:42) and contains all of these from canonical at that time. But do the pre-move bytes hash to the rev29 pins? The A_check_class_schema sandbox was built from canonical at 01:24:45, when all 50 pins matched (my static phase at 01:24-01:25 verified? Actually census.py static phase doesn't verify canonical). The finalize/check earlier at 01:22 showed 50/50 OK. So yes, pre-move sandbox should have rev29 bytes.

However, A_check_class_schema had run_gate_tests? No — sandbox A_check_class_schema only ran check_class_schema.py. But check_class_schema.py run inside it may have written? It has no write sites (statically zero), and the run exited 2 (argparse). So its tree should be pristine rev29.

Plan:
1. Verify sandbox tmp/w083_write_hazard/A_check_class_schema's 50 pinned paths hash to rev29 pins (this proves the archive).
2. Modify census.py to support `--base <dir>`: build tool sandboxes from a base snapshot instead of canonical. Add a `make_base` step: create tmp/w083_write_hazard/_BASE_rev29 by copying from A_check_class_schema (which has artifacts/formulation, artifacts/worker-06, schemas, research_map/formulation_taxonomy.yaml) — but careful: does A_check_class_schema's artifacts/worker-06 exist? Yes, copied. Good.
   Actually simplest: keep build_sandbox copying from canonical BUT add `--base DIR` option where MIRROR source = base. Then create the base once by copying A_check_class_schema's tree (which is already the right layout).
3. Re-run dynamic with --base; then controls with --base; then finalize.

Also update the script to record the base snapshot digest and per-path verification in dynamic.json.

Additionally, keep the first dynamic.json as `dynamic_firstrun_movingtarget.json` for provenance (rename), and document.

Hmm, but there's a subtlety: is A_check_class_schema guaranteed pre-move? Let me check its mtime and verify pins. Let me do that now. Also confirm the canonical move continues (fold in progress). The live state may keep moving; my census will be explicitly bound to the rev29 archive.

Also important: since FROZEN.json is still rev29, the *live canonical* is currently in a broken state (pins don't match disk) — that's a genuine, urgent blocker to report: "9/50 rev29 pins drifted at 01:25:42–01:26:16 with no re-freeze; the rev30 fold must complete and re-pin, and until then every rev29-bound verdict is void." That's high-value information for the controller.

But wait: maybe the lead is mid-fold and will re-freeze within minutes (REC-36 authorized 02:15; it's 01:27). The moved schemas hash now should match the rev30 candidate (1315427f? no that was worker-083's C083 candidate for F2b). Let me measure the current hashes of the drifted files and see if there's a new FROZEN coming. I can also check recent events (ingested) for a fold event.

Let me first verify the archive base.
dsh: QUOTA: Insufficient Balance
