dsh: reasoning:
I'm worker=098 in what seems to be a multi-agent workflow system. I need to check the handoff/map and comms to understand what I'm supposed to do, then select a class-bound task, emit valid JSON with specific fields, checkpoint my progress, and exit. Let me start by exploring the workspace to find the relevant files.
dsh: reasoning:
The glob search was too broad. I need to find the specific handoff, map, and comms directories. Let me look for directories named "handoff" or "comms" specifically, likely related to a swarm setup. Let me check the .agents directory and also search for directories with those exact names.
dsh: reasoning:
Found /data3/guoshaoyang/workdir/ai4math-swarm/comms. Let me explore that directory.
dsh: reasoning:
Let me read the key files: HANDOFF.md, README.md, comms/PROTOCOL.md, and look at the research_map, schemas, ledger, runtime, and inbox/outbox.
dsh: reasoning:
This is an AI4Math swarm experiment. I am "worker=098", likely one of the deepseek-flash workers. My task: "Read handoff/map and comms. Take one class-bound task, emit valid JSON with IDs evidence hash falsifier, checkpoint, then exit."

Let me read HANDOFF.md, the research map, and check the inbox for my assignment. Agent IDs are astra, astra-lead-*, deepseek-flash-01..20. worker=098 might map to a specific inbox file. Let me look at comms/inbox and the runtime directory.
dsh: reasoning:
Now I understand the setup better. This is a swarm experiment where controllers spawn worker instances. worker=098 is probably a specific worker instance. The instruction says "Read handoff/map and comms. Take one class-bound task, emit valid JSON with IDs evidence hash falsifier, checkpoint, then exit."

Let me look at:
1. `research_map/research_map.json` - the authoritative map
2. `runtime/instances` for worker-098 or similar
3. `runtime/state` for state files
4. `schemas/` for the JSON schema
5. `ledger/` 
6. `numerics/`
7. `comms/outbox/assignments/`

Let me find worker 098. The instance dirs are named like "controller-01-...", "lead-audit-01-...", etc. Let me search for "098" or "worker-098".
dsh: reasoning:
There are worker-098 instances. Let me look at the most recent worker-098 instance directory (20260912T003109-968807) to see what task was assigned. Also let me check the runtime state for worker-098 task assignments. Let me check the instance dirs.
dsh: reasoning:
There's a worker-098 with checkpoints. Let me read the prompt.txt, meta.json, stdout.log from the last completed worker-098 run, and the w098 checkpoints. That tells me exactly what the task is and what's expected.
dsh: reasoning:
Now I have the full context. I'm worker-098 in a swarm. Previous runs of worker-098 did:
1. `W098-F2A-INDEP-VERDICT-01`: independent review of F2a class `AF-SCC-C2-VAC-GEN` — verdict accept, score 4.5
2. `W098-F2B-BLOCKER-ADJ-01`: independent adjudication of blocking findings on F2b class `AF-SCC-C0-VAC-GEN` — verdict revise, score 3.0

Now the current run (worker-098-20260912T003109-968807) is fresh and I need to take one class-bound task, emit valid JSON with IDs, evidence, hash, falsifier, checkpoint, exit.

Let me look at the current state:
1. `research_map/ASTRA_HANDOFF.md` — the latest handoff
2. `research_map/research_map.json` — wait, the files listed didn't show research_map.json! Let me check. The ls showed research_map/ with events.jsonl, apply_events.py, ASTRA_HANDOFF.md etc. but no research_map.json visible in the truncated listing. Let me check more carefully.
3. `comms/outbox/worker-098.jsonl` — my outbox history
4. Current checkpoints and what's live.

Let me read ASTRA_HANDOFF.md and check for research_map.json.
dsh: reasoning:
Now I have a very clear picture. I am worker-098, a bounded execution worker. Previous runs did F2a independent review and F2b blocker adjudication. The controller state is at pass 03 (00:25). Open assignments listed:
- `astra-life03-close-findings` (lead-formulation, F0 + three schemas, 01:30)
- `astra-life03-verify-gform` + `astra-life03-verify-gf0` (lead-audit, 02:00)
- `astra-life03-repin-claims` (lead-formulation, 01:30)
- `astra-life03-heldout-09` (lead-formulation, 02:30)

I need to "take one class-bound task" — meaning a task bound to a class (AF-WCC-VAC-GEN, AF-SCC-C2-VAC-GEN, AF-SCC-C0-VAC-GEN, AF-WCC-SCALAR-SPH) — non-duplicative, and emit valid JSON with IDs, evidence, hash, falsifier, checkpoint, exit.

Let me check:
1. My inbox `comms/inbox/worker-098.jsonl` — does it exist? Earlier ls showed no worker-098.jsonl in inbox. So no card; self-taken.
2. Current live hashes — has anything drifted since pass 03? Let me measure.
3. What's unclaimed/valuable that a worker can do? The instruction says "class-bound task". Previous tasks: F2a independent review, F2b blocker adjudication. 

The best candidate: There are known hard findings on F1 (duplicate YAML keys, future-dated revised_at, authoring-tree class_contract_pointer, undefined AF_{I+}, quantifier contradiction) and F2b (quantifier domain, F0 pointer). The lead-formulation was assigned to close findings. As a worker, I could do an independent adjudication/review of F2b's F1 sibling... but wait, F1 already has 1 accept + 3 revises. Let me look at what's live and what the current state is.

Let me check:
- The current research_map.json gates, controller_gate_audit, controller_findings
- The schemas dir listing
- Current hashes of the schema files
- Whether repairs have happened since pass 03 (e.g., lead-formulation may have closed findings)

Let me also check the latest events (post 00:25) to see what traffic arrived. And the current gate state.

The key principle from the protocol: worker events cannot set status=done, validation_status=passed, or gate verdict. So my task should be an independent verification/adjudication task that produces artifacts + review + evidence with hash + falsifier, and a checkpoint.

Let me measure current state. First, look at map JSON structure for classes and gates.
dsh: reasoning:
Interesting! Current state has moved on:
- Map updated_at 00:25:10
- Gates show F0 at 66bf917bd368 (revise x4, inconclusive x1) — so F0 has been republished since the 276009f4f63d measure
- F1 at 7a3e1f93 (revise verdicts)
- F2a at 23fec0e9 (revise verdicts with hard failures)
- F2b? Not shown fully.
- schemas/af_scc_c0_vacuum.yaml = 1bb78ce9b357 — SAME as before, not repaired (B1/B2/B3 still live!)
- schemas/af_scc_c2_vacuum.yaml = b6123750b37d — same as pass 03
- schemas/af_wcc_vacuum.yaml = 9a8bd4c96800 — same as pass 03

Wait but gates say F1 at 7a3e1f93, F0 at 66bf917bd368 — those differ from ASTRA_HANDOFF's pass-03 measured F0 276009f4f63d, F1 9a8bd4c96800. Hmm, but the gates JSON unmet strings might be stale (the handoff says "gates[].unmet strings still carry pass-02 hash references — current reasons are in controller_gate_audit"). Actually, the gate reasons say F0 66bf917bd368, F1 7a3e1f93, F2a 23fec0e9. But schemas/af_wcc_vacuum.yaml = 9a8bd4c96800. So those gate reasons are indeed stale relative to live files.

Hmm wait, actually F0 canonical: which file? F0 is the class-contract base document; maybe `research_map/`... Let me check the map's per-node entries to see nodes F0/F1/F2a/F2b, their artifact paths and hashes, and current review status. Let me also check controller_gate_audit for the latest measured hashes and reasons.

Also let me check events newer than 00:25:10 (un-ingested traffic) to see what other workers did. And check what tasks are OPEN and non-duplicative.

My task should be class-bound. Options:
1. F2b repair verification — but the lead-formulation was assigned close-findings; if the file hasn't changed (1bb78ce9b357 still live), then a repair is pending. I could independently verify whether B1/B2/B3 still hold — but that duplicates my own prior run W098-F2B-BLOCKER-ADJ-01 unless I test something new.
2. There's a new `schemas/semantic_contract_tests/` directory created 00:29 — probably by another worker. Let me look.
3. F0 at 66bf917bd368 — new hash. F0 has 4 revise + 1 inconclusive. A class-bound task could be independent verification of F0's canonical hash vs authoring and whether the F0 publication divergence (CF-13) is closed.

The instruction: "Take one class-bound task". Class ids: AF-WCC-VAC-GEN (F1), AF-SCC-C2-VAC-GEN (F2a), AF-SCC-C0-VAC-GEN (F2b), AF-WCC-SCALAR-SPH (N0/L0?). So a class-bound task must name a class_id.

The most valuable non-duplicative work right now: My prior F2b adjudication found B1/B2/B3 live. The F2b file is still at 1bb78ce9b357 (unchanged). So the B-findings remain unfixed. But re-reporting the same thing adds no information.

Maybe a better task: check whether the *repairs* claimed by lead-formulation have appeared under new hashes. Let me look at the recent events (post 00:25) and the current nodes. Let me inspect the map's nodes for F0/F1/F2a/F2b and their review statuses at the live hashes.

Let me query the map.
dsh: reasoning:
Many workers are running. I need to find a non-duplicative class-bound task. Let me look at what tasks other workers are doing right now (recent outbox events) to avoid duplication. Let me grep recent events for task_ids and node/class to see the current coverage. Also check the latest events post-00:25 for new hashes.

Key: I should find something uniquely mine and valuable. Let me scan the last ~200 events (across recent outboxes) for task ids. Actually simpler: look at the newest portion of research_map/events.jsonl (ingested) and un-ingested outbox traffic, summarize task ids by worker.

Let me check what the fleet is doing. Also, importantly, check for any repair of F2b/F1/F2a that may have landed in the last minutes (files under schemas/ may have changed since 00:19). The file mtimes show 00:19. So no repair yet.

Since worker-098 already did F2a review and F2b blocker adjudication, a natural next class-bound task is F1: independent adjudication of the known F1 findings (duplicate YAML keys, future-dated revised_at, authoring-tree class_contract_pointer, undefined AF_{I+}, quantifier contradiction). But wait — handoff says F1 has 1 accept (lead-audit r2 4.5) + 3 revises with concrete hard findings. And gates say "F1 at 7a3e1f93 has revise verdicts (flash-16 r2, lead-audit); no accept at the current hash". Hmm, gate reasons may be stale. Let me check live F1 hash: 9a8bd4c96800. Reviews on F1 at that hash...

Actually, the most defensible bounded task for a worker: **independent mechanical adjudication of the F1 known hard findings at the live pinned hash**, particularly to determine which findings are live vs repaired, and whether the accept verdict (lead-audit r2 4.5) is at a different hash. This is class-bound (AF-WCC-VAC-GEN, node F1). It's non-duplicative because I did F2a and F2b, not F1. Other workers may be on F1 though. Let me check recent traffic for F1 tasks to avoid duplication.

Let me grep the last hour of outbox traffic for "F1" task ids and node references. Let me collect unique task_id per worker from recent outboxes.
dsh: reasoning:
Fix the None sorting issue.
dsh: reasoning:
The swarm is very busy: 114 workers active in the last ~16 minutes. Many tasks on F1, F2a, F2b, F0, N0, L0, L1, A1.

I need to pick a class-bound task that is non-duplicative and adds real information. Given worker-098's history: F2a independent review (accept 4.5), F2b blocker adjudication (revise 3.0). 

Ideas:
1. **F1 independent verdict** at the live hash — but W040-F1-INDEP-VERDICT-02, W054-F1-ADJUDICATE-01, W096-F1-BINDING-RECEIPT-01, W082-F1-MACHINE-DEFECT-VERIFY-01, W066-REV25-VERDICT-01 exist. Crowded.
2. **A cross-class adversarial task**: verify the *gate-readiness* claim for G-FORM — but that's controller authority.
3. Look for something *no one* has done: e.g., verify the *class-separation* between the four frozen classes at the LIVE current hashes; there are W027-CLASSSEP-ARITY-01, W029-CROSSCLASS-DATACLASS-02, W024-CLASSSEP-RUNNER-VACUITY-01...
4. **Repair-verification of my own B1/B2/B3 findings** — the F2b file is unchanged, so no.
5. **Independent verification of F0 canonical F0 document at the live hash** — F0 has 4 revise + 1 inconclusive; CF-13 open (F0 divergence remains); W054-F0-REPLAY-01, W053-F0-MIRROR-VERIFY-01, W053-INDEX-RECON-01 exist.

Hmm. Perhaps the sharpest unique thing given my prior work: I found B1 (duplicate `revised_at` keys) and B2 (D0 disjunction binder type error) are family-wide (in F1/F2a/F2b) and gate-invisible. I also found the canonical gate passes despite duplicate keys. The natural follow-up is to check whether the **same defect shapes exist in F0** and across *all* four frozen classes + the taxonomy, and quantify exact locations (line numbers) so repair is deterministic. But sister tasks exist (W047-GFORM-D0-XCLASS-01, W029-CROSSCLASS-DATACLASS-02).

Let me check what's actually open/unanswered and find a gap. A better approach: read the map's `assignments` that are still open (status queued/active), and pick one that is class-bound and matches my slot/skills, but the instruction says "Take one class-bound task" — self-taken is acceptable (previous runs self-took). But non-duplication matters.

Let me look at the newest events (post 00:30) to see if there's an unclaimed request for specific verification. Also check the inbox for worker-098 (none). Let me check if there are new findings from the last minutes that need independent confirmation. E.g. the `semantic_contract_tests` created at 00:29 by someone; a natural task: independently validate that contract test runner's verdicts against the live hashes (meta-verification). That's class-bound if framed per class.

Actually, here's a thought: the most valuable and clearly non-duplicative class-bound task is a **false-negative audit** of the canonical gate: my F2b run showed the gate returns PASS on bytes with duplicate YAML keys (B1) and on an ill-typed D0 binder (B2). The gate blind spots are known but the *systematic* follow-up — measure whether the *live* F1/F2a/F2b/F0 files still carry those defects after all these repairs and produce a precise defect inventory with line numbers and a strict-loader reproduction, plus a falsifier — may be partly duplicated but I can make it unique by targeting a specific class not yet dispositioned.

Wait — actually let me check whether the F2b file has been repaired in the last minutes. mtime 00:19, hash 1bb78ce9b357 unchanged. So B1/B2/B3 remain live. My prior verdict is already emitted; no new info in re-stating.

Let me instead consider the **F0 document** — F0 is the class-contract base. The gates' F0 unmet says "no accept verdict exists at the current hash 66bf917bd368". But live files show F0? Which file is F0? Let me find F0's artifact path in the map. Claim[31] is F0. Let me read the F0 claim and the current controller_gate_audit to see the live F0 path/hash. Maybe there's a NEW F0 at 66bf917bd368 (published after pass 03). Let me check.

Also I should check the current checkpoint's digest. Let me pull:
- claim[31] F0 full record
- controller_gate_audit last entries
- recent events mentioning F0 hash 66bf917bd368.

Let me do that.
dsh: reasoning:
Very interesting. The live state at pass 03:
- F1 live hash 9a8bd4c96800, 1 accept reviewer (astra-lead-audit) — needs >=2 independent accepts.
- F2a live b6123750b37d, 2 distinct accepts (astra-lead-audit, worker-047) — meets count.
- F2b live 1bb78ce9b357, 4 distinct accepts.
- F0 canonical taxonomy 276009f4f63d, 0 accepts (4 revise + 1 inconclusive).

But hold on: F2b has 4 accepts, yet my own W098-F2B-BLOCKER-ADJ-01 found B1/B2/B3 live and blocking — meaning the 4 accepts did not treat them as blocking. So F2b "coverage" is overstated.

Now what's the best class-bound task for me? The handoff notes G-FORM is blocked by unresolved hash-bound findings on F1 plus F0 divergence. A1 needs two independent verdicts per formulation target at a cited sha256; F1 currently has only 1 accept, and 3 revise verdicts with concrete hard findings (duplicate YAML keys/future-dated revised_at, authoring-tree class_contract_pointer, undefined AF_{I+}, quantifier contradiction).

A genuinely useful, non-duplicative, class-bound task: **independent adjudication of the F1 hard findings at the live hash 9a8bd4c96800** — i.e., for each of the four named findings, determine live/repaired with reproduction, and specifically test whether the accept verdict (astra-lead-audit) is compatible with them. But W054-F1-ADJUDICATE-01, W040-F1-INDEP-VERDICT-02, W082-F1-MACHINE-DEFECT-VERIFY-01, W096-F1-BINDING-RECEIPT-01 are running. Risk of duplication is high.

Alternative: The instruction says "take one class-bound task" — bounded, and there's no requirement it be a huge new area. It should be non-duplicative, with evidence hash + falsifier.

What about a task that *no one* has done and that is squarely class-bound and high-value: **verify the admissibility/validity of the F2b accept verdicts against my blocker findings** — i.e., adjudicate whether the four named accepts at 1bb78ce9b357 meet the audit criteria given the live B1/B2/B3 defects. Hmm, that's close to my prior work.

Another angle: **the map's per-node `artifact_sha256_measured` and `declared_hash_matches_measured`** — verify the map's pinned hashes against disk for all four class schemas + F0 taxonomy, and check for the "5 truncated hash fields" map-hygiene note I made. But that duplicates W053-MAPREG-01 etc.

Let me look at this from the "what moves the gate" perspective:
- G-F0: needs 2 distinct independent accepts at 276009f4f63d for the canonical taxonomy. Currently 0 accepts; 3 revise + 2 inconclusive. A worker review would be a *verdict*, but the worker cannot gate. Still, an independent review with verdict accept/revise at the pinned hash is exactly what feeds the gate.
- G-FORM F1: needs 2 distinct accepts at 9a8bd4c96800; has 1.

So the highest-leverage class-bound worker task: an **independent verification/verdict on F1 at 9a8bd4c96800** (class AF-WCC-VAC-GEN). It would be duplicative-ish with other F1 tasks, but my angle can be different: those are running against specific defects. Let me check the *existing* reviews of F1 at the live hash to see what's missing.

Actually, wait. Let me reconsider. My unique competence demonstrated in this session: I have a working verification harness for F2a and F2b (verify_f2a.py, verify_f2a_pass2.py, blocker adjudication evidence). Rather than spraying a new area, the highest-value non-duplicative contribution might be **the repair-verification task for F2b's B1/B2/B3 once repaired** — but the file hasn't changed, so nothing to verify.

Hmm, let me check whether the F2b file has been repaired *right now* (the swarm is fast; last check at 00:31 showed 00:19 mtime). Let me re-hash now.

Also, let me check the newest events after 00:30 — maybe a repair landed. Let me look at newest outbox entries mentioning "repair" or new F2b hash.

Actually, let me step back and think about what "class-bound task" means in the protocol: an assignment has `node_id`, `assignee`, `artifact`, `gate`, `evidence_refs`, `falsifier`. A class-bound task is bound to a class (AF-...). My deliverable: valid JSON with IDs, evidence, hash, falsifier + checkpoint + exit.

Design decision: I'll pick **F1 independent binding/defect adjudication at live hash 9a8bd4c96800 (class AF-WCC-VAC-GEN)** but with a distinct scope that no other task covers: a *strict-machine-parse + cross-class contract-conformance* audit focusing on the machine-defect class I proved exists family-wide (duplicate keys, D0 binder typing, sibling check), PLUS an explicit check of whether the single F1 accept (astra-lead-audit) is at the live hash and whether its scope covers those defects. That's valuable for G-FORM: the gate says F1 needs one more independent accept; if the accept is not reproducible, the gate is blocked. And it directly produces a review verdict at the live hash.

Wait, but maybe even better: check the existing F1 accept review (astra-lead-audit) and see if it's actually bound to 9a8bd4c96800 or to a superseded hash. The gate says "F1 [1 distinct accept reviewer(s) ['astra-lead-audit']]" at these hashes, so it IS bound to the live hash. Hmm.

Let me look at F1's live file for the four defects to see whether they're live. Let me grep the file. First, get the specific findings text from the map review records for F1. Let me list reviews for F1 at the live hash.
dsh: reasoning:
The F1 review space is crowded: worker-090 (revise, 3 HFs: contract_pointer_not_canonical, parser_dependent_future_dated_timestamp, undefined_normative_symbol), worker-059 (revise, duplicate keys + future-dated), deepseek-flash-19 (revise, quantifier contradiction), worker-037 (inconclusive: disjunctive D0 in all three).

So the F1 area has plenty of coverage. What's missing per the gate: **F1 has exactly 1 distinct accept (astra-lead-audit)** and needs 2. The revise verdicts are piling up on live defects.

What can a worker uniquely contribute? Options:
(a) An *accept* verdict if the defects are actually not blocking — risky, and my own prior finding (family-wide D0 binder defect) says they ARE blocking.
(b) A **targeted repair-verification**: the lead-formulation is assigned `astra-life03-close-findings` to close F0 + three schemas by 01:30. If a repair lands, verify it. But nothing has landed yet (files at 00:19).
(c) A **defect consolidation / disposition table** that maps each named HF to an exact byte range and states which are gate-blocking vs advisory — but this duplicates W054-F1-ADJUDICATE-01 likely.
(d) A **cross-class consistency check** that no one has done: verify that the *repair* implied by HF090-01/02/03 is mechanically testable, i.e., produce a *machine-checkable acceptance test suite* for F1 (like a strict-loader lint + symbol resolution + timestamp discipline), run it, and emit a review verdict with reproducible evidence. Hmm, W082-F1-MACHINE-DEFECT-VERIFY-01 is close.

Let me consider a completely different class-bound task that is less crowded and where I have leverage: **N0** (AF-WCC-SCALAR-SPH) — 47 recent events, W081-N0-C8-01, W081-N0-F1-ADJ-01, W027-GNUM-C8-KEYBIND-01. Numerics lock is LOCKED for N1 but N0 (flat-space) is allowed. The G-NUM unmet says "independent numerical-protocol review is not recorded (nobody may self-review)" and "cnfem triage from the N0 adjudication is not closed". A class-bound N0 task: independent verification of the N0 replication verdict (PROVISIONAL) — but that needs running numerics code, which may be allowed for N0. Hmm, but the lock: "Work on N0 (flat-space) is allowed". That could be valuable: verify the N0 flat-space scalar-wave convergence order measurement independently. But that's likely crowded too and heavy.

Alternatively **L0** (class AF-WCC-VAC-GEN etc.) — 3 accepts already, L1 has 19 spot checks.

Let me think about what genuinely adds information and is bounded (worker run time is short; fleet launched at 00:31, and other runs took 5-15 min).

I think the sharpest non-duplicative task leveraging my prior work is:

**W098-F1-DEFECT-BINDING-AUDIT-01**: Adjudicate, at the live F1 hash 9a8bd4c96800 (class AF-WCC-VAC-GEN), the *disposition status* of the five named hard findings from three independent reviewer families (W090's three, W059's two, flash-19's quantifier HF), by reproducing each with a single independent harness, and determine whether the single accept (astra-lead-audit) covers the same bytes and whether its scope excludes the finding classes. Output: a review verdict + evidence JSON with per-finding live/not-live, exact line/byte offsets, reproducibility hash, and a falsifier. This is not duplicative because it's a *disposition adjudication* (which findings are blocking, which are repaired by revision, which are reviewer-error), not another defect discovery.

Hmm, but W054-F1-ADJUDICATE-01 is literally "adjudicate". Let me check that worker's output to see what it did. worker-054 hasn't appeared in the file list? Let me search outbox for W054-F1-ADJUDICATE-01.

Actually, maybe I'm overthinking. Let me check what specific gap exists by examining the most recent F1 traffic and the specific claim "HF-1 declaration binding absent: map F1 declared_sha256=null". That's an interesting map-level defect: node F1 has declared_sha256=null so declared_hash_matches_measured=False. Let me verify in the map.

Also the map has a "5 truncated hash fields" hygiene note from my prior run. Let me check node F1 record in map: /claims[2] is the claim, but the node record might be elsewhere (maybe under a 'nodes' key? The top-level keys don't include nodes... the walk found node-like objects under claims and assignments). Let me search for declared_sha256 in the map.

Let me look for F1's node record with artifact path and declared_sha256.
dsh: reasoning:
F1 is heavily covered: W054 adjudication (00:26), W082 machine defects (00:29). Both just completed. So F1 is saturated.

Let me reconsider. What's NOT covered and class-bound?

Looking at the recent activity: F1 111, F2a 61, F2b 56, F0 51, N0 47, A1 35, L1 23, L0 22. 

What about **A1** — the audit node, class-bound to AF-SCC-C0-VAC-GEN (claims[29], class_id=AF-SCC-C0-VAC-GEN!). Interesting: A1's claim is class-bound to AF-SCC-C0-VAC-GEN. A1 needs two independent verdicts per formulation/literature target. Hmm, A1 is the "re-review F1/F2/L0 with two independent reviewers; reject class leakage and conclusion inflation" node.

Or **A0** (GLOBAL class) — not class-bound.

Wait — the task says "Take one class-bound task". My previous tasks were class-bound (F2a/F2b). The strongest remaining gap relevant to the class-bound formulation work that I can uniquely fill: **a verdict on the *unit of the gate* rather than another defect discovery**: an independent check that the live F1/F2a/F2b *repairs* are impossible to accept because of the D0 binder defect that is family-wide and gate-invisible. But worker-037 already reported W037-F5 (major) on exactly that, and nobody has yet produced a *repair specification* that is mechanically checkable and provably sufficient.

Hmm, what about this: the lead-formulation has until 01:30 to close findings. The most useful thing a bounded worker can add *now* is a **pre-registered repair acceptance test** for the D0/duplicate-key/pointer defects: a script that, given a candidate F1/F2a/F2b/F0 revision, decides pass/fail mechanically, with negative controls, and run it against the live bytes to show it currently fails with precise evidence. But W082 did a machine-defect verify for F1 (duplicates, timestamps, symbols). The D0 binder typing in the *sibling* classes is different.

Actually, let me look at this from the "class-bound" wording again. Maybe the intended meaning is simpler: "one class-bound task" = one task associated with a class (as opposed to global/unbound). It doesn't have to be novel-science; it has to be valid, bounded, evidenced, hash-pinned, with a falsifier, checkpointed.

Given saturation, the most defensible choice is a task where duplication risk is lowest and marginal value is highest. Let me check the least-covered class-bound gate: **G-F0** — the canonical taxonomy F0 at 276009f4f63d has 0 accepts (3 revise + 2 inconclusive) and needs 2. Wait: gate says "review scan at this hash: 0 distinct accept reviewer(s) [worker-082:revise, worker-16:revise, deepseek-flash-21:inconclusive, deepseek-flash-22:inconclusive, astra-lead-audit:revise]". But worker-040's review at 276009f4f63d says verdict accept, created 00:22:41! It wasn't counted — maybe because it's a "soft/process" scope or wasn't ingested yet at 00:24:40. Interesting! So F0's accept coverage may change as traffic is ingested.

But F0 reviews: W082 revise (AF-WCC-SCALAR-SPH conclusion unsourced 'equivalently'), worker-16 revise, flash-21/22 inconclusive, lead-audit revise. worker-040 accept. So F0 needs a *second* accept.

Could I do an independent F0 verification (class-bound to the four classes)? It's 51 recent events but F0 is the base taxonomy document. The gate needs 2 independent accepts. If the live F0 bytes genuinely warrant accept, a second independent accept would *unblock* G-F0 — huge value. But the 3 revises have concrete findings (AF-WCC-SCALAR-SPH genericity unresolved, unsourced "equivalently"), so an accept would be against evidence unless those findings are not blocking. Let me actually read the F0 document and the specific findings, and judge independently. That's exactly what a bounded worker should do: independent verification, evidence-based, verdict may be revise.

Wait, but "class-bound" — F0's class_id is all four classes. Worker-040's review is class AF-WCC-VAC-GEN. Hmm.

Let me examine the F0 canonical file: `research_map/formulation_taxonomy.yaml` (276009f4f63d). Let me check live hash and read the cited W082 finding (lines 404-407) and the divergence CF-13. An F0 independent review would be a genuinely useful, bounded, class-bound task at the live hash — and if the hash is unchanged (276009f4f63d), it contributes a second accept or a concrete revise.

But duplication: F0 has had 5+ reviews. However, unlike F1/F2, F0 is the *base document* whose gate needs exactly 2 distinct accepts and has 0 accepted (worker-040's accept at 00:22:41 may count after ingest). Hmm.

Alternatively, look at what the *controller* said the critical path is: "G-FORM/G-F0 are blocked by unresolved hash-bound findings plus F0 publication divergence". The unresolved hash-bound findings: F1's duplicate keys/future dates/pointer/quantifier (all live at 9a8bd4c96800), plus F0 divergence.

OK here's another thought. What has *nobody* done that is squarely class-bound, bounded, and mechanically decisive? 

**Verify the claim that F2a's two accepts at b6123750b37d are actually valid, given that my F2a review (W098, accept 4.5) and worker-043's review both bound to it, but worker-074? ...** Hmm.

Let me look for **contradictions between accepted verdicts and live evidence** — a "verdict-vs-bytes consistency audit" at the gate level. E.g., F2b has 4 accepts yet B1/B2/B3 live (my finding). A task: for every *accept* verdict counted by the gate at live hashes, check whether the accept's stated scope/evidence actually validates the bytes it binds, and flag accepts whose scope excludes known live hard findings. That's an audit-of-audits, class-bound if I scope it to one class... but the natural scope is G-FORM (three classes).

Hmm, let me just check what is happening in the newest 5 minutes (after 00:30) to see the current frontier. The map was updated 00:25. Events after 00:30 might include repairs. Let me grep recent outbox events for "repair" / new schema hashes, and check schema mtimes again.

Actually — hold on. Let me reconsider the priority. The instruction from the harness is quite explicit and bounded: "Read handoff/map and comms. Take one class-bound task, emit valid JSON with IDs evidence hash falsifier, checkpoint, then exit." It doesn't demand I maximize global value beyond non-duplication. Previous worker-098 runs each took a class-bound verification. The natural continuation, and one that is *guaranteed non-duplicative because it depends on my own prior artifacts*, is:

**W098-F2B-REPAIR-BINDING-CHECK-01**: Re-measure the F2b canonical bytes; if repaired (new hash), verify the repair against B1/B2/B3 and emit a binding verdict; if not repaired (still 1bb78ce9b357), emit a *supersession-check* establishing that the 4 accepts remain bound to defective bytes and that no repair has landed, with a machine-checkable repair acceptance test that the lead can run — turning my prior advisory into a deterministic gate criterion. Hmm, that's again re-stating.

Wait. Let me look at the *reverse* angle: is there any chance the F2b defects were already fixed and my finding was wrong? No, I confirmed live.

Let me look at what's most *decision-relevant*: The controller will run the next lifecycle pass soon. The highest-value artifact for that pass is a **consolidated, machine-checkable, per-class defect-and-accept disposition table at the live hashes** that tells the controller exactly which accepts count and which don't. But that's basically the controller's job (controller_gate_audit).

OK. Alternative plan: pick a class-bound task that is *constructive* rather than another verdict: **produce the missing F0 -> class-contract canonical resolution**? No — can't edit another agent's claim/schema; workers shouldn't modify canonical schemas. And CF-12: one canonical path, one owner.

Constructive but safe: **build the repair-acceptance harness** (a mechanical pre-registered test) for the D0 binder defect across F1/F2a/F2b/F0, with negative controls on the live bytes. This is class-bound (I can frame it on AF-SCC-C0-VAC-GEN, the F2b class, extending to siblings). It's not duplicative: W082's harness targeted F1 duplicates/timestamps/symbols; mine targets the D0 domain typing + cross-class binder semantics, and — critically — it gives the lead-formulation a *falsifiable acceptance test* for the pending `astra-life03-close-findings` assignment. That converts my prior advisory finding (B2) into actionable repair infrastructure and produces a hash-pinned artifact + evidence + review.

Hmm, but honestly, is that the best? Let me quickly check worker-047's W047-GFORM-D0-XCLASS-01 output — it may already have done exactly the D0 cross-class work. Let me read its report.

Let me check the F2a/F2b/D0 tasks already done:
- W047-GFORM-D0-XCLASS-01 (worker-047, F2a accept reviewer)
- W037-F5 disjunctive D0
- W029-CROSSCLASS-DATACLASS-02
- W027-CLASSSEP-ARITY-01

Let me read W047's summary.
dsh: reasoning:
Critical discovery: worker-047 has *withdrawn* its F2a accept at b6123750b37d (HF-047-XC-1 critical). That means F2a's accept count may drop to 1 (astra-lead-audit) + ... wait, the gate reason said F2a has 2 distinct accepts: astra-lead-audit and worker-047. If worker-047 withdrew, F2a drops to 1 accept and is now blocked by the cross-class D0 defect. My own F2a accept (W098) — was it at b6123750b37d? Yes, checkpoint 2 bound b6123750b37d with verdict accept 4.5. Hmm! So my own accept is one of the F2a accepts... wait the gate reason at 00:24:40 didn't list worker-098 among F2a accepts. It listed ['astra-lead-audit', 'worker-047']. Interesting — my review was probably ingested as a review with `counts_as_full_schema_verdict:false` (the stdout said "scanner-compatible, counts_as_full_schema_verdict:false"), so it didn't count as an accept.

So the D0 cross-class defect is now well-established by worker-047 (13 checks, 7 controls) and worker-029. The F1 area is saturated. The F2a/F2b accept asymmetries are being adjudicated.

Given this saturation, what's a *non-duplicative class-bound task* for me? Let me think about what will actually matter next:

1. The lead-formulation must repair F1/F2a/F2b (+F0) — the repair shape R1 (single regime) or R2 (typed union) is proposed by worker-047. A worker could **adjudicate which repair shape is admissible under the F0 class contract and the frozen taxonomy** — i.e., check whether choosing "single regime" would change the class definition vs F0, class separation, and the frozen axis vector. That's a formulation-taxonomy consistency question: does the repair preserve the class identity (AF-WCC-VAC-GEN etc.) as declared in F0 (276009f4f63d)? This is class-bound (F0 binds all four classes; specific class AF-WCC-VAC-GEN or AF-SCC-C2/C0). Nobody has done it. It's constructive (helps the pending close-findings assignment), bounded, and mechanically checkable: for each of R1/R2 repair shapes, check against F0's class contract (regularity, genericity, data class, conclusion, anti-scope) and the class-separation suite, with a projection test. Falsifier: a repair shape that preserves F0 contract and class separation would falsify the claim that both are inadmissible.

That's a strong, genuinely useful task: "repair-shape admissibility adjudication". But wait: can a worker legitimately reason about what a repair should be? Yes — bounded analysis, evidence-based, no canonical edits (CF-12, one owner). Emit a review + evidence + falsifier.

2. Alternatively, the **F2a/F2b verdict asymmetry** (F-047-XC-3): the gate owner must adjudicate whether the identical D0 defect blocks all siblings or none. That's a gate-policy question. A worker could provide the decision-relevant evidence: the defect is byte-identical in F2a/F2b, so any accept on one is an accept on the other; the gate must be consistent. But only the controller can move gates. The task would be "verdict-consistency audit": enumerate all accepts/revises at the live hashes for F1/F2a/F2b and show which pairs are inconsistent given the shared D0 text. That's somewhat duplicative of worker-047's C11/C12 and my prior F2b adjudication.

3. **N0-class** task: G-NUM needs an independent numerical-protocol review; N0 flat-space allowed. Numerics lock allows N0. A bounded N0 task could be independently re-running the N0 convergence measurement. Let me look at what N0's state is. Actually the G-NUM unmet says the protocol review is recorded but unbound/stale, and cnfem triage not closed. W081-N0-C8-01 and W081-N0-F1-ADJ-01 are on it. Probably crowded too.

4. **L0**: G-LIT needs L0 accept; L0 has 3 accepts already. G-LIT says "L0 carries three revise verdicts ... and no accept" in the stale gates[].unmet, but controller_gate_audit says L0 3 distinct accepts. Hmm, contradictory: stale unmet vs new audit. Fine.

Let me evaluate option 1 more concretely: Is the F0 class contract explicit enough that a repair shape can be adjudicated? F0 = research_map/formulation_taxonomy.yaml, 276009f4f63d. It contains class contracts for the four classes (the class_contracts block that F2b's pointer can't resolve canonically?). Let me read it and see: does it freeze the regularity axis as "none" for AF-SCC-C2-VAC-GEN / AF-SCC-C0-VAC-GEN? The class token AF-SCC-C2-VAC-GEN decodes as AF / SCC / C2 / VAC / GEN; C2/C0 is the *censorship* axis presumably; VAC = vacuum; GEN = generic. D0 is the data class. F0's contract likely says data_class = Sobolev H^s with s>5/2 and delta in (1/2,1) plus smooth-with-decay... 

Actually, here's the thing: the *real* question is whether "smooth-with-decay" is part of the class definition (in which case R2 typed union is admissible) or whether the class is defined over a single (s,delta) Sobolev regime (R1). The F0 contract text should settle it. That's a well-posed, bounded, class-bound adjudication. And its output directly guides `astra-life03-close-findings`. 

But hmm, there's a risk: worker-047's README already proposes R1/R2 minimal repair options; maybe it already adjudicates admissibility against F0. Let me read worker-047's README and report to see if the repair-shape admissibility vs F0 is covered. If it is, I need another task.

Let me read artifacts/worker-047/d0_cross_class/README.md.
dsh: reasoning:
Excellent. Worker-047's report is thorough. The D0 cross-class defect is well-measured. Note item 4: the verdict-consistency question is explicitly left to the gate owner.

What's NOT done, and is a natural, high-value, bounded, class-bound task:

**Adjudicate the D0 defect's *ground truth* against the F0 class contract**: does F0 (the class-contract authority) define the class with a *single* data class (Sobolev (s,delta)) or with a *disjunctive* data class (Sobolev variant OR smooth-with-decay default)? This determines:
- whether R1 or R2 is admissible (repair shape), and
- whether the F2b accepts/F1 revises are consistent: if F0 mandates the disjunction, then the F2a/F1 revise verdicts are over-strict on that item; if F0 mandates a single regime, then the F2b accepts are unsound on that item.

This is exactly the "gate owner must adjudicate" question, answered from the authoritative F0 text + the frozen taxonomy + the class-separation suite. And it's class-bound (per class: AF-WCC-VAC-GEN, AF-SCC-C2-VAC-GEN, AF-SCC-C0-VAC-GEN). It's not duplicative: worker-047 supplied the measurement, W029 supplied the cross-class data-class comparison, but nobody has resolved the F0-contract question (which requires reading F0's class contracts and the frozen taxonomy and testing which reading the frozen class identity permits).

Actually wait — let me double check whether F0's class contract even mentions the data class/regularity. F0 = `research_map/formulation_taxonomy.yaml` at 276009f4f63d. Let me read the relevant sections. Let me also check the authoring supplement (artifacts/formulation/formulation_taxonomy.yaml 01e7f841643c) since F2b's pointer references class_contracts there. The F0 document is the class-contract authority — "F0 and A0" are base documents. Let me inspect.

Also: is the F0 hash still 276009f4f63d? The gate audit at 00:24 says yes; let me re-measure now (files may have changed).

Let me read F0 for class contracts / regularity / data class.
dsh: reasoning:
MAJOR discovery: `research_map/formulation_taxonomy.yaml` has CHANGED — live hash is now `0abb9ed8a961...`, revision 5, written_at 2026-09-12T00:31:41+08:00. The lead-formulation just published F0 rev5 (probably closing findings). The gate audit at 00:24 measured 276009f4f63d. So F0 has been republished to 0abb9ed8a961 *just now* (00:31:41), and I should check whether it's stable (writer may still be mid-work).

Also artifacts/formulation/formulation_taxonomy.yaml now d7419b4e8963 (was c8e979a1eb48). So both trees changed. FROZEN.json 5fa3b3bf95f2.

This is the moment: a fresh F0 revision just landed with 0 reviews at the new hash. The gate G-F0 needs 2 distinct independent accepts at the current hash. The swarm will next review F0 rev5. A bounded, class-bound, non-duplicative task for me: **independent verification of F0 rev5 at the new hash**, focused on whether the revision actually closes the prior blocking findings (W082-F-01 AF-WCC-SCALAR-SPH genericity/unsourced 'equivalently'; worker-16 revise; lead-audit revise; flash-21/22 inconclusive; worker-040's soft divergence) and whether it introduces new defects (e.g., duplicate keys, future-dated timestamps, hash binding, class-contract consistency). That's an independent review verdict that can count toward F0's needed two accepts if it passes — or a concrete revise if not.

But wait: is that "class-bound"? F0's class_id is all four classes. Hmm, "class-bound" likely means the task must be bound to a class (any of the four), which F0 is (all four). My previous tasks were per-class. A review of F0 rev5 targeting the **AF-WCC-SCALAR-SPH** class contract (the W082 finding) plus the three vacuum classes could be framed as class-bound to the four frozen classes. I could scope it to one class for precision: AF-WCC-VAC-GEN? But the F0 document only has class contracts.

Alternatively, the fresh F0 rev5 may pair with fresh F1/F2a/F2b revisions too (the lead-formulation was assigned to close findings on F0 + three schemas by 01:30). Let me check live hashes of the three schemas right now — they were 00:19 mtimes a moment ago. Let me re-measure. If F1/F2a/F2b also got republished in the last minutes, the right task is a *repair verification* at the new hashes.

Also I must check the "pending un-ingested traffic" — the map was at 00:25, and F0 rev5 at 00:31:41 is un-ingested. So the swarm's freshest state is on disk, not in the map. Reading the disk directly is correct ("re-measure before citing").

Let me:
1. Re-hash all four class schemas + F0 both trees.
2. Check mtimes; wait/verify stability (two reads a few seconds apart).
3. Check whether there are new reviews for F0 rev5 already.

Then decide the task. Given the just-landed F0 rev5, the highest-value bounded task is an independent F0 rev5 verification (class-bound to the four frozen classes), with strict checks + controls, evidence JSON, review verdict, falsifier, checkpoint. If F0 rev5 is still being written (unstable), I should pick the repair verification of whichever schema is stable.

Actually, let me first check all file states and recent events post-00:31.
dsh: reasoning:
MAJOR: The three schemas were ALL republished at 00:32:02 — new hashes:
- F1 `schemas/af_wcc_vacuum.yaml` = cce9c60146d6... (was 9a8bd4c96800)
- F2a `schemas/af_scc_c2_vacuum.yaml` = 5476a3f2c6bc... (was b6123750b37d)
- F2b `schemas/af_scc_c0_vacuum.yaml` = 55d0a1ea9bda... (was 1bb78ce9b357)
- F0 `research_map/formulation_taxonomy.yaml` = 0abb9ed8a961 (rev5, was 276009f4f63d)
- authoring F0 = d7419b4e8963

So the lead-formulation published repairs at 00:31:41–00:32:02. This is the *repair* moment! The natural, highly valuable, class-bound task: **independent verification of the repairs** — specifically whether the just-published revisions close the known live defects (duplicate YAML keys, D0 disjunction typing, contract pointer, future-dated timestamps, undefined symbols) while preserving class identity.

This is exactly what my prior work (W098-F2B-BLOCKER-ADJ-01, B1/B2/B3) sets up: verify whether B1/B2/B3 are falsified by the new bytes. My prior falsifier literally said: "A live snapshot of AF-SCC-C0-VAC-GEN at 1bb78ce9b357 in which (i) a strict duplicate-key YAML loader parses cleanly and one canonical revised_at exists, (ii) D0 is a well-typed pair domain ..., and (iii) class_contract_pointer resolves against the controller-authoritative canonical tree -- i.e. a repair that falsifies B1+B2+B3; or measured drift of the canonical F2b/F0/map files away from the hashes recorded here."

The drift happened (new hashes) AND the repair may have landed. So verifying the repair against my own falsifier is the perfect bounded task: it's a *falsifier-driven re-test* — exactly the protocol's notion of progress. It's class-bound (AF-SCC-C0-VAC-GEN, node F2b), non-duplicative (I own B1/B2/B3; the repair-verification is the direct follow-up), and decision-relevant for G-FORM (the gate needs accepts at the CURRENT hash; if my independent test passes and the file is otherwise conformant, I can emit a binding accept at the new hash — or a concrete revise).

But caution: the map still pins old hashes (artifact_sha256_measured etc.), and the gate audit references old hashes; the lead-formulation's 00:44 events are future-dated (clock skew CF-14!). Note the events at 00:44, 00:45, 01:00, 01:15, 01:25, 01:35, 01:50, 02:00 — all future-dated relative to wall clock 00:33:45. So those "future" events are already written to outboxes (agents write with skewed clocks). This means we cannot rely on created_at ordering, but the files on disk at 00:31-00:32 are real.

Wait, actually the wall clock now is 00:33:45, and events at "00:44" exist in outbox files with mtimes ~00:31-00:32. So yes, clock skew. Good to note.

Also important: after the 00:32 publish, are the three schemas stable? Mtime 00:32:02; I measured at 00:33:45. Another writer might still publish (worker-06 mentions F2b rev5/rev6 at "00:45"/"01:15" — but those events cite *frozen revision* numbers and authoring paths `artifacts/formulation/schemas/...`, not canonical `schemas/`). Hmm, worker-06's events talk about "F2b rev6 frozen at sha256 e6b1af2bd6925f27" — that's the *authoring* path presumably. The canonical `schemas/af_scc_c0_vacuum.yaml` is at 55d0a1ea9bda.

Let me verify stability with a second measurement in a few seconds, and check the new bytes for:
1. F2b `55d0a1ea9bda`: duplicate top-level keys? D0 typing? class_contract_pointer resolution? revised_at future-dating? strict YAML parse?
2. F1 `cce9c60146d6`, F2a `5476a3f2c6bc`: same checks.
3. F0 `0abb9ed8a961` rev5: does it close W082-F-01 (AF-WCC-SCALAR-SPH)? does it resolve the class_contracts block canonically (B3)?

Given the wording "Take one class-bound task", I'll scope to **F2b / AF-SCC-C0-VAC-GEN** primarily (my class), with cross-checks on siblings as evidence for whether the repair is family-wide. Task id: `W098-F2B-REPAIR-VERIFY-01` (or `W098-B1B2B3-REPAIR-RETEST-01`).

Plan:
1. Snapshot the new F2b bytes (and siblings/F0) to my artifacts dir with hashes; two-read stability check.
2. Write a deterministic checker `verify_f2b_repair.py` implementing B1/B2/B3 + the sibling checks:
   - B1: strict duplicate-key detection (custom YAML loader) + effective revised_at + timestamp-vs-wall-clock.
   - B2: D0 structural check: number of disjuncts, whether binder pair-typed over a non-pair member, ambient object for smooth branch. (Reuse the logic: parse quantifiers/conclusion/regularity/data_class structure.)
   - B3: class_contract_pointer resolution against canonical tree (research_map/formulation_taxonomy.yaml), alias-aware.
   - Plus: canonical gate reproduction? The canonical gate is `artifacts/formulation/tools/check_class_schema.py`? Let me find the canonical gate tool and run it (read-only) to check PASS/FAIL at the new hash. Protocol says gate alone is blind, so my checks complement.
   - Controls: negative controls that inject each defect into a copy to prove detection (e.g., duplicate key injection, disjunct injection, pointer corruption) — 6/6 controls.
3. Emit verdict: accept if all repair criteria pass and no new hard findings; else revise.
4. Artifacts: evidence JSON + verdict JSON + checker + snapshot, sha256-pinned.
5. Emit outbox events: status (start), artifact×N, review, claim?, status (completion claim), maybe blocker if revise. Must respect "no gate verdict, no node completion".
6. Checkpoint: write `runtime/state/w098_repair_checkpoint_3.json` + append to `runtime/state/w098_checkpoints.jsonl` (like prior runs) — also maybe `runtime/state/checkpoints/ckpt-...json`? Prior run used `runtime/state/checkpoints/ckpt-20260912-003026.json`. I'll do a checkpoint file consistent with prior pattern.
7. Run `python3 research_map/comms.py ingest`? Prior run's stdout said "accepted by ingest, 0 rejects". But ingest is a controller command; workers may run it (protocol lists it under controller commands). Safer: I can validate my outbox lines with the events schema locally (dry-run) rather than mutating global state. Actually prior worker-098 runs seem to have ingested (they said "accepted by ingest, 0 rejects"). Hmm, "accepted by ingest" could mean they ran a local validation. Let me check comms.py to see if ingest is safe/idempotent and whether workers are expected to run it. The protocol says "python3 research_map/comms.py ingest # pull outbox -> events.jsonl" under "Controller commands". I'll avoid mutating global state; I'll validate my JSON against `research_map/events.schema.json` with a local check, and note that ingest is the controller's step. Actually, to make my events actually count, the controller ingest is needed anyway; my job is to write valid outbox lines.

Let me first read the new bytes. Also check for existing reviews of the new hash to avoid duplicating (nobody can have reviewed 55d0a1ea yet except maybe lead-formulation's own... lead can't self-review; and worker-06 events at 01:15 cite e6b1af2bd692 — that's likely authoring tree).

Let me now:
- Read the relevant sections of the new F2b file.
- Find the canonical gate tool.
- Check the pointer target.

Let me look at the new F2b file structure and grep key fields.
dsh: reasoning:
Excellent! The repair is real (rev12 for F2b, new hash 55d0a1ea9bda). B1/B2/B3 appear addressed:
- B1: "duplicate revised_at keys collapsed into revision_history" → line 8 single revised_at; lines 11-19 are revision_history entries.
- B2: "D0 retyped as a tagged regularity index r" → `forall r in D0`, D0 is a tagged disjoint union with X^r for each branch; comeagerness per branch. Looks well-typed now.
- B3: `class_contract_pointer: research_map/formulation_taxonomy.yaml#classes.AF-SCC-C0-VAC-GEN` → resolves in canonical taxonomy key `classes` (B3 fixed). Supplement pointer split into its own field.

So my falsifier from the previous run has triggered → this is a genuine repair. Now the bounded task: **independently verify the repair at the new hash**, with a strict checker + controls, and output a binding verdict.

This is exactly the right task:
- Class-bound: AF-SCC-C0-VAC-GEN (node F2b) — with cross-checks on F1/F2a/F0 as family evidence.
- Non-duplicative: I own B1/B2/B3; no one else has published a repair-verification at the new hash yet (published ~2 min ago). The lead's own rev12 note claims the fixes — my job is independent verification, and the protocol says nobody may self-review.
- Decision-relevant: gate G-FORM needs accepts at the *current* hash; my review can be one of them (though it must be a *full schema verdict* to count — prior mine was `counts_as_full_schema_verdict:false` because it was a "blocker adjudication"; this time I should structure it as a full-schema review if I judge accept).
- Bounded: single class snapshot + siblings, deterministic checker, ~10 min.

Let me now design the checker carefully. Checks (for F2b primarily, cross-class for evidence):

**B1 (duplicate-key / timestamp discipline)**
- Strict YAML load with a duplicate-key-detecting loader on raw bytes. Expect: no duplicate keys → PASS.
- Effective single top-level `revised_at` equals the wall-clock-consistent value (not future-dated): compare revised_at <= now + small skew. Note: revised_at = 00:31:41, now 00:34 → fine.
- All `revision_history` entries parse; `at` timestamps not future-dated? Some might be in the future relative to wall clock? Let's check: entries at 00:31:41 etc. The listed ones look ≤00:31:41. Fine.
- f0_binding.checked_at <= now.

**B2 (D0 typing / single data class)**
- D0 definition is a tagged disjoint union, binder `r` ranges over D0, and:
  - every pair-indexed object is now indexed by r, not (s,delta): search for `(s,delta)` or `s,delta` in quantifiers/conclusion; confirm no leftover `G_{s,delta}` / `X^{s,delta}` that would be ill-typed.
  - the smooth branch has a declared ambient object and per-branch comeagerness (Frechet topology named) — check that `X^r_vac(AF)` is defined in both branches.
  - control: a mutated copy with `forall r in D0` replaced by `forall (s,delta) in D0` should FAIL.
- Also confirm the F1-only clause (visibility tail predicate) — that's F1's repair; cross-check for evidence but not part of F2b verdict.

**B3 (pointer resolution)**
- Parse `class_contract_pointer` → path#classes.AF-SCC-C0-VAC-GEN; resolve path relative to repo; confirm the pointer target exists in the canonical taxonomy and its axes match the class identity declared in the schema (family SCC, matter vacuum, symmetry none, regularity C0, conclusion strong_cosmic_censorship_C0).
- Confirm `class_contract_supplement_pointer` points at the authoring tree and is a *separate* field (not conflated).
- Check that canonical taxonomy hash matches f0_binding.declared_f0_sha256.
- Control: corrupt pointer → FAIL; point at supplement → still resolves but must be flagged as non-canonical.

**Additional repair checks**
- The claimed rev12 delta lines exist: single `revised_at` top-level, `revision_history` present.
- No new duplicate keys anywhere (nested too).
- Strict parse of full document succeeds.
- Canonical gate reproduction: find the canonical checker (`artifacts/formulation/tools/check_class_schema.py` per worker-059 note) and run it read-only on the new hash; record PASS/FAIL. Also the class-separation checker if available (`research_map/class_separation.py`) and contract tests (`schemas/semantic_contract_tests/run_contract_tests.py`). Careful: those may be "canonical gate" tools whose results I can cite as evidence but not as my own independent verdict.
- Controls: build mutated copies (duplicate key injection, binder retyping back to (s,delta), pointer corruption, future-dated revised_at) → all detected. Target ≥6 controls.

**Verdict semantics**: A "full-schema verdict" review at 55d0a1ea9bda: accept if (a) all B1/B2/B3 repair criteria pass, (b) no new hard finding in my independent scope, (c) the class identity is preserved (axes match F0 contract), (d) strict parse + canonical gate pass. Since the fix looks genuine, likely accept with score ~4.5. But I must actually run the checks; if some residue exists (e.g., leftover pair-indexed prose, or F1-only issue), I report revise with concrete findings.

I also must verify the *sibling* classes' repairs because class separation and the "single shared frozen data class" matter for the verdict? Keep the verdict bound to F2b; note sibling status as evidence.

Let me now set up the workspace. First read the whole new F2b file to understand the structure (33KB, ~320 lines?). Let me read key parts: lines 1-100, 200-320. Actually I'll load it in Python and extract relevant fields, but reading raw YAML matters for duplicate keys and line numbers. Let me first find out whether there are duplicate keys with a strict loader, get the top-level keys, and inspect the D0/quantifier/conclusion structure and pointer.

Let me write a quick exploration script.
dsh: reasoning:
The repair is genuine. Note D0 is under `quantifiers.domains` probably. Let me inspect domains and the `i_plus`, `regularity`, `data_class` fields. Also let's find the canonical gate tool and the checker to reproduce.

Let me now check:
1. quantifiers.domains.D0
2. any leftover `(s,delta)` pair-typed bindings in the document (grep)
3. class-separation / canonical gate tools
4. sibling schema repair states
5. the F0 rev5 revision and whether class_contracts key exists in canonical (key `classes` per note).

Let me also check the map's node F2b record vs the new hash (declared binding) — the map still pins old hash; that's a map-side lag, expected.

Now, the exact deliverable structure. Let me look at my prior artifacts to mirror the schema (so downstream tooling can parse). Read artifacts/worker-098/f2b_blocker_adjudication/*.json quickly.
dsh: reasoning:
D0 is now well-typed: `r` ranges over a tagged disjoint union; the smooth branch is r=smooth with Fréchet topology, Sobolev branch r=(sobolev,s,delta). No residual `(s,delta)` pair bindings. 

Now let me plan the full task and implement it. I'll:

1. Create task ID: `W098-F2B-REPAIR-VERIFY-01` — "independent repair verification of F2b at 55d0a1ea9bda against the W098 B1/B2/B3 falsifier".
2. Build artifact dir `artifacts/worker-098/f2b_repair_verify/`.
3. Write `verify_f2b_repair_098.py`: deterministic, stdlib+PyYAML, no network, snapshots inputs, checks:
   - S0: input stability (hash at start == declared pin), strict parse.
   - B1a: no duplicate keys anywhere (top-level + nested) → PASS/FAIL.
   - B1b: exactly one top-level `revised_at`, matching `revision_history` last entry? And not future-dated vs review clock (allow skew tolerance; report value).
   - B1c: `f0_binding.checked_at` not future-dated.
   - B2a: binder over D0 is `r` (single tag), not `(s,delta)`.
   - B2b: D0 definition declares both branches with ambient X^r per branch and comeagerness topology per branch.
   - B2c: no residual pair-indexed `G_{s,delta}` / `X^{s,delta}` anywhere in quantifiers/conclusion.
   - B3a: `class_contract_pointer` resolves in canonical taxonomy at `classes.<class_id>` and the contract axes match class_components.
   - B3b: pointer file hash == f0_binding.declared_f0_sha256 == current live hash of research_map/formulation_taxonomy.yaml.
   - B3c: supplement pointer is a separate top-level field pointing at authoring tree (not used as canonical).
   - C (controls): build mutants in a temp dir and assert each fails:
     K1 duplicate key injection (strict loader catches).
     K2 binder retyped to (s,delta) → B2a fails.
     K3 remove smooth branch ambient → B2b fails.
     K4 pointer to nonexistent class → B3a fails.
     K5 declared_f0_sha256 mismatch → B3b fails.
     K6 future-dated revised_at → B1b fails.
     K7 pair-index residual injection → B2c fails.
   - Run canonical checkers read-only: `artifacts/formulation/tools/check_class_schema.py`? Need to know invocation. Let me check its argparse. And `research_map/class_separation.py` (may need args). Maybe also `schemas/semantic_contract_tests/run_contract_tests.py`. I'll run them if simple; record exit codes and output hashes as *canonical-gate evidence* (not my verdict).
4. Snapshot the four files (F2b, F1, F2a, F0) into snapshot dir + MANIFEST.json.
5. Cross-class evidence: run the repair checks on F1/F2a/F0 too, but the *verdict* binds F2b. Report sibling status.
6. Evidence JSON: `f2b_repair_verify_evidence.json` with all check results, controls, inputs/hashes, clock, limitations, falsifier.
7. Review JSON: `reviews/F2b-repair-verify-worker-098.json` — full-schema verdict (accept if pass), score, hard_failures, findings, reviewed_sha256=55d0a1ea..., `counts_as_full_schema_verdict` semantics: I should follow the canonical review schema used by other workers. Let me look at an existing review JSON (e.g., worker-047's review or worker-090's) to match fields, and read `research_map/comms.py` to know how review events are ingested/validated, so my outbox lines are valid.
8. Outbox events in `comms/outbox/worker-098.jsonl` (append): status start, artifact×N, claim, review, status completion (no gate verdict).
9. Checkpoint: `runtime/state/w098_checkpoint_3.json` + append to `runtime/state/w098_checkpoints.jsonl`; also a `runtime/state/checkpoints/ckpt-<ts>.json`? Prior run wrote there. Let me check what checkpoint tooling exists — `research_map/checkpoint.py` (full snapshot) is a controller command. My prior run wrote labeled checkpoints. I'll write my own bounded checkpoint file with task state, hashes, events, and authority limits; that's consistent with "checkpoint, then exit".
10. Validate outbox JSON lines against `research_map/events.schema.json` locally (not mutate global state).

Before implementing, let me read:
- `research_map/events.schema.json` (event schema).
- An existing full-schema review JSON to mirror (e.g., `reviews/` dir listing; worker-047's or worker-090's review file).
- `research_map/comms.py` review handling to ensure my event type fields are accepted (review verdict values, required fields).
- `artifacts/formulation/tools/check_class_schema.py` CLI.

Let me do these in parallel.
dsh: reasoning:
Now let me check how `comms.py` validates review events (to make sure my outbox line is accepted and counted), particularly `counts_as_full_schema_verdict` handling and required fields. Let me grep comms.py for review handling and the "full schema" logic. Also check `apply_events.py` for review coverage counting (distinct accept reviewers, etc.).

Then I'll write the checker. Let me be efficient: read the key parts of comms.py and apply_events.py review logic.
dsh: reasoning:
Good:
- `check_class_schema.py <schema> [--json]` — canonical gate.
- `class_separation.py` has no --help (probably prints usage or requires args). Let me check its main quickly.
- `astra_lifecycle.py:195`: reviews with `counts_as_full_schema_verdict` not False count as full; binding coverage excludes non-full.

So for my review to count toward gate coverage, I must NOT set counts_as_full_schema_verdict to false, and I must bind to the reviewed hash (field naming matters — let me read astra_lifecycle.py around line 180-220 to see which fields are read for hash binding and reviewer distinctness).
dsh: reasoning:
Good. Review JSONs are scanned from `reviews/*.json` — pinned via `artifact_sha256`, `reviewed_sha256`, or `sha256`; target via `target_id`/`node_id`; `counts_as_full_schema_verdict` must not be False. So my review file should:
- Have `target_id: "F2b"` (or node_id F2b) and `reviewed_sha256: 55d0a1ea...`.
- verdict accept/revise.
- Not set counts_as_full_schema_verdict false (I can set true and scope note).
- reviewer: worker-098.

Note: the gate scan uses `hashes.get(t)` where hashes come from measured map nodes presumably; the map currently pins old hashes, so the new hash binding may not be recognized until the next controller pass re-measures. That's fine — my review binds the new hash; the controller will re-measure.

Now let me build everything. I'll create the artifact directory and write the checker script. Design the checker to be robust and self-contained (imports yaml only, which is available).

Checks to implement (deterministic; all read-only; snapshot write optional):

```
INPUTS = {F2b: schemas/af_scc_c0_vacuum.yaml, F1: schemas/af_wcc_vacuum.yaml, F2a: schemas/af_scc_c2_vacuum.yaml, F0: research_map/formulation_taxonomy.yaml}
```

Primary subject: F2b. Sibling adapter: same checks where applicable, reported as evidence.

Checklist (each with id, description, expected, result):
1. `P0_snapshot_hash` — subject file hash equals declared expected (passed via `--expect`). 
2. `P1_strict_parse` — duplicate-key-rejecting YAML loader parses.
3. `P2_no_dup_keys` — explicit duplicate scan of all mappings (report key paths) — should be none.
4. `P3_single_revised_at` — exactly one top-level `revised_at`; `revision_history` present (list) and its `at` values non-future vs `--now`; revised_at == last revision_history.at? (In F2b: revised_at 00:31:41 and entry index 10 at 00:31:41 — check last entry at equals revised_at; if not, report soft.)
5. `P4_timestamps_not_future` — revised_at and f0_binding.checked_at <= review time + tol (tol default 120s? Use `--now` from wall clock; the values are 00:31:41, review at ~00:35 → OK).
6. `P5_binder_typed` — quantifiers.ordered has a `forall` binder `r` with domain_id D0; no binder `(s,delta)`/`s,delta` anywhere in quantifiers.
7. `P6_D0_tagged_union` — D0 definition mentions both branches; structural probe: `r = smooth` and `(sobolev,s,delta)`; per-branch ambient `X^r_vac(AF)`; required tokens (Frechet for smooth; H^s_delta weight for sobolev).
8. `P7_no_pair_indexed_residue` — no `G_{s,delta}` / `X^{s,delta}` / `forall (s,delta)` in the whole file (allow in revision_history notes? The revision_history may mention them descriptively. Scope to quantifiers/conclusion/data_class/genericity sections).
9. `P8_pointer_resolves_canonical` — class_contract_pointer = `<path>#classes.<class_id>`; path exists; parse canonical taxonomy; the key resolves; contract axes/identity match the schema's class_components (family SCC, matter VAC, regularity C0, conclusion scc_c0_future_inextendibility vs taxonomy axes conclusion_type=strong_cosmic_censorship_C0, regularity_token=C0).
10. `P9_f0_hash_binding` — f0_binding.declared_f0_sha256 == sha256(live canonical taxonomy) == hash recorded in my snapshot.
11. `P10_supplement_separate` — class_contract_supplement_pointer is a distinct top-level key, points at authoring tree, and is NOT the canonical pointer.
12. `P11_required_sections` — mirrors canonical gate presence checks? Better: run the canonical gate tool as separate canonical evidence.
13. `P12_classsep` — run `research_map/class_separation.findings` on the parsed doc; expect 0 hard findings. (Import module; it's fine.)
14. Controls K1..K7 (mutants):
   - K1: inject duplicate top-level key `revised_at` → P1/P2 must fail.
   - K2: change binder `r`→`(s,delta)` → P5 fails.
   - K3: delete `r = smooth` branch text → P6 fails.
   - K4: pointer to `#classes.AF-NOPE` → P8 fails.
   - K5: declared_f0_sha256 → zeros → P9 fails.
   - K6: revised_at → 2099 → P4 fails.
   - K7: inject `G_{s,delta}` into conclusion → P7 fails.
15. Canonical gate: run `artifacts/formulation/tools/check_class_schema.py <path> --json` (read-only) and record exit code + parsed result; this is *canonical-stage evidence*, not my independent check.
16. Sibling cross-check: run P1-P11 on F1/F2a/F0 and report per-class status (evidence for family-wide repair; my verdict binds F2b only).

Falsifier for the task (to embed): "Re-measure schemas/af_scc_c0_vacuum.yaml; the repair claim is falsified if the live hash differs from 55d0a1ea9bda..., or if any P-check FAILs on those bytes, or if a control passes (i.e., the instrument fails to detect its mutant), or if class_contract_pointer no longer resolves to the canonical taxonomy. A later write is not a falsifier of the verdict on the pinned bytes."

Evidence JSON should include: task_id, actor, node_id F2b, class_id AF-SCC-C0-VAC-GEN, gate G-FORM, reviewed_sha256, canonical_gate result, checks array with {id, status, detail, evidence}, controls summary, sibling table, clock, instrument sha256, snapshot manifest sha256, falsifier, authority/no-claims.

Review JSON: full-schema verdict, based on the checks. Let me pre-run the checks mentally: all should pass (the repair is genuine). But I must verify P8 axes matching carefully — F0 taxonomy classes.AF-SCC-C0-VAC-GEN axes: family SCC, matter_model vacuum, symmetry none_assumed, asymptotics asymptotically_flat_3p1, regularity_token C0, genericity_kind provisional_baire_residual, conclusion_type strong_cosmic_censorship_C0. Schema class_components: asymptotics AF, censorship SCC, matter VAC, genericity GEN, regularity_token C0. Mapping needed: censorship SCC ↔ family SCC; matter VAC ↔ matter_model vacuum; asymptotics AF ↔ asymptotically_flat_3p1; regularity_token C0 ↔ C0; genericity GEN ↔ provisional_baire_residual (GEN token means generic data; genericity_kind provisional_baire_residual). I'll implement an explicit token mapping and require exact agreement on family/matter/regularity/asymptotics; report genericity as provisional.

Also P8: the pointer anchor for canonical taxonomy is `classes.AF-SCC-C0-VAC-GEN` — the canonical taxonomy has top-level `classes` dict. Good. Resolution must handle the `#` anchor.

Let me also check the F0 rev5 revision text re: W082-F-01 (AF-WCC-SCALAR-SPH) to mention in evidence that F0 has its own cycle; not my verdict.

One more consideration: the semantic_contract_tests runner and FROZEN.json. The lead's rev12 might require FROZEN binding refresh; `f0_binding.class_contract_supplement` field. There may be a `FROZEN.json` hash binding requirement (frozen revision 25 for F1 etc.). The F2b file has f0_binding; the canonical gate may check that. I'll record the canonical gate result as-is.

Let me check whether `check_class_schema.py` needs relative path or works with abs, and run it now on the three schemas to see results before writing my own verdict. Also run class_separation on the parsed doc. Quick probe.
dsh: reasoning:
The canonical gate passes for all three repaired class schemas. (The gate isn't meant for the taxonomy file.) Note exit=0 even on fail — so exit code isn't a reliable signal for that tool; parse JSON verdict instead. Good detail: my checker must parse the JSON verdict, not just exit code. This is a known "gate blind spot" theme.

Now let me build the verification task. I'll write the checker script to a file and run it. Steps:

1. mkdir artifacts/worker-098/f2b_repair_verify
2. Write verify_f2b_repair_098.py
3. Run it → report.json + evidence
4. Write review JSON to reviews/
5. Append outbox events to comms/outbox/worker-098.jsonl
6. Validate event lines against schema
7. Write checkpoint to runtime/state/w098_repair_checkpoint_3.json + append w098_checkpoints.jsonl
8. Emit final summary.

Let me be careful about the "future-dated" timestamps: current wall clock ~00:36. My events' created_at should be actual wall clock (I'll compute via date). Use `datetime.now(CST)`.

Time budget: worker instances appear to run ~5-15 min. Keep it efficient.

Let me write the checker now. I'll make it self-contained with argparse:
```
python3 verify_f2b_repair_098.py --subject schemas/af_scc_c0_vacuum.yaml --expect 55d0a1ea... --out report.json --snapshot-dir snapshot
```
It will:
- read subject bytes; snapshot to snapshot dir with original basename (only if --snapshot-dir)
- hash inputs
- run checks
- run controls (mutants in tempfile)
- run canonical gate as subprocess (parse JSON)
- sibling scan for F1/F2a/F0 (subject-only checks adapted)
- write report JSON
- exit 0 if all primary checks PASS and all controls PASS and canonical gate pass; else 1.

Because class_separation import: `from research_map.class_separation import findings`? The file is in research_map/ as a module; it may import other things. Let me check its public API: `findings(obj, where)`. Let me grep the function signature.
dsh: reasoning:
Good, `research_map/class_separation.py` has `findings(obj, where, mode)`. I can import it.

Now let me write the checker. I need to think carefully about the checks' implementation details for F2b and siblings.

Let me first dump key structural fields from all three schemas to know what to check generically (F1's repair includes AF_{I+} definition and visibility clause; F2a similar to F2b).

Quick dump: for each of the 3 schemas: top-level keys with `revised_at` count, revision_history presence, class_contract_pointer, f0_binding, quantifiers.ordered binders, domains.D0.definition, conclusion.statement_formal, artifact_kind, class_id, node_id, owner, epistemic_status. Also check for `(s,delta)` residues and `AF_{I+}` definition in F1.
dsh: reasoning:
All three are repaired in the same shape (rev12), each with the canonical pointer. F1 also has the AF_{I+} definition (4 occurrences) and tail visibility.

One caution for my check `P7`: `(s,delta)` appears in D0 definition text as the tag for the Sobolev branch — that's legitimate ("r = (sobolev,s,delta)"). So my residue check must distinguish *binder-position* pair typing from the tagged-union description. I'll check:
- `quantifiers.ordered` binders: exactly one `forall` over D0 with binder `r`.
- no `forall (s,delta)` or `forall (s, delta)` anywhere.
- no `G_{s,delta}` / `X^{s,delta}` patterns anywhere in the document (checks the tagged-union repair didn't leave pair-indexed objects).
The D0 definition's `(sobolev,s,delta)` tag is fine and must remain (P6 requires it).

Also `F2a`'s formal statement binds `r` properly.

Now, one more important check that my prior B2 raised: the binder originally was `forall (s,delta) in D0` where D0 was a disjunction with a smooth member. Now D0 is a tagged union and the binder is `r`. Additionally, the smooth branch has a declared ambient `X^r_vac(AF)` with Fréchet topology and comeagerness defined per branch. Check P6 should verify:
- "tagged disjoint union"
- both tags: `r = smooth` and `(sobolev,s,delta)`
- `X^r_vac(AF)` for both branches (the text says "(Frechet for r = smooth; weighted Sobolev product ... for r = (sobolev,s,delta))")
- genericity topology names Fréchet for smooth (line 160 earlier).
Good.

Now let me write the checker. I'll write the script with the `write` tool. It's a substantial file (~350 lines). Let me carefully construct it.

Key design:
- `strict_load(raw)` using duplicate-detecting loader; return (doc, error).
- `dup_keys_scan(obj, path)` recursively find duplicate keys — but a Python dict can't contain duplicates, so scan raw text? Better: the strict loader raising is the duplicate detection; additionally, I can implement a recursive scan *during* construction with a custom loader that records duplicates and continues (for reporting). I'll implement a loader that collects duplicates into a list (construct_mapping that records but doesn't raise), plus a strict loader that raises. That gives me both detection and reporting.
- Timestamps: parse ISO with tz; compare to now().
- Pointer resolution.
- Controls: mutate the *text* of the original pinned bytes rather than re-dumping YAML, so structure is preserved. For each control, `assert_check_fails(mutated_text, check_id)`. Implementation: run the relevant check function(s) on a parsed doc from the mutated text; require at least one designated check to FAIL.
  - K1 duplicate key: append `\nrevised_at: "2099-01-01T00:00:00+08:00"` at end of file → strict load fails + dup scan finds 2.
  - K2 binder retyped: regex replace `'binder': 'r', 'domain_id': 'D0'` — careful, the YAML is flow style: `- {kind: forall, binder: "r", domain_id: D0}`. In the file, line 47 shows `- {kind: forall, binder: "r", domain_id: D0}`. So replace `binder: "r", domain_id: D0` with `binder: "(s,delta)", domain_id: D0` and additionally change `forall r in D0` to `forall (s,delta) in D0`? My P5 checks the ordered list binder; replacing just the ordered entry suffices for P5. Also P7 checks `forall (s,delta)` pattern; string replace of the binder is enough. I'll make K2 replace all three occurrences: `forall r in D0` → `forall (s,delta) in D0`, and the flow entry `binder: "r", domain_id: D0` → `binder: "(s,delta)", domain_id: D0`. Then require P5 FAIL.
  - K3 remove smooth ambient: replace `"Frechet for r = smooth;` with `"` (removing smooth-branch ambient) → P6 FAIL. Let me check exact text: `(Frechet for r = smooth; weighted Sobolev product H^s_delta x H^{s-1}_{delta+1} for r = (sobolev,s,delta))`. I'll replace `Frechet for r = smooth; ` with `` → P6 fails because required token missing.
  - K4 pointer bad class: replace `#classes.AF-SCC-C0-VAC-GEN` with `#classes.AF-NOPE-VAC-GEN` → P8 FAIL.
  - K5 declared hash wrong: replace the declared_f0_sha256 value with `"0000...0"` → P9 FAIL.
  - K6 future revised_at: replace `revised_at: "2026-09-12T00:31:41+08:00"` (first occurrence at top) with `revised_at: "2099-01-01T00:00:00+08:00"` → P4 FAIL. Careful: revision_history contains `at:` not `revised_at`. Top-level line 8 `revised_at: "2026-09-12T00:31:41+08:00"`. There may be other `revised_at` in nested? count said 1. Good.
  - K7 pair-index residue: inject `G_{s,delta}` into conclusion.statement_formal: replace `forall r in D0 exists G_r comeager` with `forall r in D0 exists G_{s,delta} comeager` → P7 FAIL.
  Additional controls:
  - K8 pointer path missing file: replace `research_map/formulation_taxonomy.yaml#classes.` with `research_map/no_such_taxonomy.yaml#classes.` → P8 FAIL.
  - K9 supplement conflation: set canonical pointer to the authoring path `artifacts/formulation/formulation_taxonomy.yaml#class_contracts.AF-SCC-C0-VAC-GEN` → P8/P10 FAIL (canonical pointer must resolve to canonical taxonomy path).
  Target 9 controls. Good.

- Canonical gate: subprocess `python3 artifacts/formulation/tools/check_class_schema.py <subject> --json`, parse stdout JSON, record verdict.
- Class separation: `sys.path.insert(0, 'research_map')`? class_separation.py imports? It has `from __future__` and defines functions; does it import anything unusual? Let me check imports at top. Earlier sed showed module docstring then `from __future__ import annotations`, `import json`, `import re`. Fine. I'll import via importlib from path.
- Sibling scan: for F1/F2a/F0, run applicable checks (strict parse, dup, single revised_at, binder typed, D0 union, pointer resolves, f0 hash binding) and report a compact table. Note F1's class is AF-WCC-VAC-GEN; pointer anchor differs.
- Report JSON structure:
```json
{
 "schema_version":"0.1",
 "task_id":"W098-F2B-REPAIR-VERIFY-01",
 "actor":"worker-098",
 "node_id":"F2b",
 "class_id":"AF-SCC-C0-VAC-GEN",
 "gate":"G-FORM",
 "generated_at": ...,
 "review_clock": ...,
 "subject": {"path":"schemas/af_scc_c0_vacuum.yaml","sha256":..., "bytes":..., "revision":12, "lines":...},
 "inputs": {path: sha256...},
 "canonical_stage": {"tool":..., "verdict":"pass", "failed_rules":[], "exit_code":0},
 "checks":[{"id":"P1_strict_parse","status":"PASS","expected":"...","observed":"...","evidence":"..."}],
 "controls":[{"id":"K1_duplicate_key_injection","status":"PASS","detected_by":["P1_strict_parse","P2_no_duplicate_keys"]}, ...],
 "sibling_cross_check": {...},
 "classsep": {"findings": [...], "hard_count": 0},
 "repair_claims_verified": {"B1": "...", "B2":"...", "B3":"..."},
 "verdict_inputs_summary": {...},
 "falsifier": "...",
 "limitations": [...],
 "authority": "no gate verdict, no node completion"
}
```
- Exit code 0 if all P checks PASS, all K controls PASS (i.e., each mutant detected), canonical gate verdict pass (for class schemas), classsep hard findings 0. Else 1.

Then the review JSON gets verdict accept/revise from the report.

Now — one more sanity consideration: the map's `astra_lifecycle.py` scan reads `reviews/*.json`; my review file should have `reviewed_sha256` = new hash, `target_id` = "F2b", `counts_as_full_schema_verdict: true`, verdict accept, reviewer worker-098. Good.

Also the outbox review event must include required fields: target_id, reviewer, verdict, score, hard_failures, findings. Plus evidence_refs.

Let me write the checker now.

One more thing: I should double check the F2b `revision_history` last entry `at` equals revised_at. Let me handle: P3 checks exactly 1 top-level revised_at; revision_history is a list of ≥10 entries; max(at) <= now+tol; and last entry's at == revised_at (advisory). I'll implement as PASS if the first three hold; the equality check reported as detail (if mismatch → WARN not FAIL? Make it a check with status PASS/WARN). I'll support statuses PASS/FAIL/WARN; exit non-zero only on FAIL or control miss.

Also timestamps: `revision_history` entries at 00:31:41 etc. But some may be future-dated relative to now (00:36)? Let me check max at. I'll compute in the checker and report. Earlier list showed index 10 at 00:31:41 as latest. Fine.

Also note the clock skew issue CF-14: some agents write future timestamps. My review's `reviewed_at` should be actual wall clock (00:3x) and I should note skew measurement (e.g., number of outbox events with future created_at) as context. Maybe add a small clock-discipline probe: count events in events.jsonl with created_at > now — but that's map-level, not needed. I'll include `clock_note` citing CF-14 and my own measurement that the reviewed file's timestamps are ≤ review clock.

Let me write the files. First create dir, then write script via `write` tool.
dsh: reasoning:
Now write the checker script. Let me carefully write it.

I need exact strings from the F2b file for mutation controls. Let me grab the exact lines:
- line 8: `revised_at: "2026-09-12T00:31:41+08:00"`
- binder flow: `- {kind: forall, binder: "r", domain_id: D0}`
- formal: `forall r in D0 exists G_r comeager forall D in G_r: not exists proper_future_extension_in_class(MGHD(D))` (line 214, quoted)
- D0 text: `(Frechet for r = smooth; weighted Sobolev product H^s_delta x H^{s-1}_{delta+1} for r = (sobolev,s,delta))`
- pointer: `research_map/formulation_taxonomy.yaml#classes.AF-SCC-C0-VAC-GEN`

Wait, for K2 I want to replace the ordered binder and the formal statement. The exact text in file: let me grep the raw lines to be sure.
dsh: reasoning:
Now I have exact strings. Let me write the checker script.

Key implementation details:
- Root = repo root (script location is artifacts/worker-098/f2b_repair_verify/verify_f2b_repair_098.py → root = ../../../).
- Defaults pinned relative to root.
- Duplicate-key-aware loader: subclass `yaml.SafeLoader`, override `construct_mapping` to record duplicates globally. But for nested, `construct_mapping` gets called for each mapping; check `node.value` keys.
- `scan_dups(obj)` won't work on dict; instead my loader collects `dups` list of paths. I'll implement a loader class with an instance attribute; simpler: function `load_with_dups(text)` that creates a fresh Loader subclass with closure list.

Implementation:

```python
def load_with_dups(text):
    dups=[]
    class L(yaml.SafeLoader): pass
    def cm(loader,node,deep=False):
        seen={}
        for k,_ in node.value:
            kk=loader.construct_object(k,deep=deep)
            seen[str(kk)]=seen.get(str(kk),0)+1
        for kk,c in seen.items():
            if c>1: dups.append(kk)
        return yaml.SafeLoader.construct_mapping(loader,node,deep=deep)
    L.add_constructor(yaml.resolver.BaseResolver.DEFAULT_MAPPING_TAG,cm)
    doc=yaml.load(text,Loader=L)
    return doc,dups
```
Note SafeLoader.construct_mapping on an already-partially-constructed node is fine.

Strict parse check: if dups non-empty → FAIL (Python last-wins). Also try `yaml.safe_load`.

Checks P1..P11 as described. Let me define them as functions returning (status, detail). I'll write a small framework.

- P1_duplicate_keys: dups empty and strict duplicate-rejecting load succeeds. Report exact dup key names.
- P2_single_revised_at: count top-level `revised_at` occurrences via the loader's key counts. Since dict loses dups, use regex on raw text lines for `^revised_at:` count. Report =1.
- P3_revision_history: `revision_history` list present, len>=1, each entry dict with `at` parseable; last entry `at` == revised_at (advisory WARN if differs).
- P4_timestamps_not_future: revised_at and f0_binding.checked_at and max(revision_history.at) <= now+SKEW_TOL (default 120 s). Report values.
- P5_binder_typed: ordered list has entry kind forall binder 'r' domain D0; there is no binder string containing 's,delta' or '(s, delta)'; domain D0 exists, D1 exists.
- P6_d0_tagged_union: text of D0.definition contains 'tagged disjoint union', 'r = smooth', '(sobolev,s,delta)', 'X^r_vac(AF)', 'Frechet for r = smooth', 'H^s_delta'; and genericity topology names Frechet for smooth branch (search genericity block for 'Frechet').
- P7_no_pair_indexed_objects: no regex `G_\{?\s*s\s*,\s*delta`, `X\^\{?\s*s\s*,\s*delta`, `forall\s*\(\s*s\s*,\s*delta\s*\)` in quantifiers+conclusion+genericity+data_class serialized; 0 matches.
- P8_pointer_resolves_canonical: parse pointer `path#anchor`; path == canonical taxonomy path; anchor startswith 'classes.'; class token == schema class_id; taxonomy['classes'][class_id] exists; axis agreement mapping:
  - census: schema class_components = {asymptotics: AF, censorship: SCC, matter: VAC, genericity: GEN, regularity_token: C0}
  - taxonomy axes = {family: SCC, matter_model: vacuum, symmetry: none_assumed, asymptotics: asymptotically_flat_3p1, regularity_token: C0, conclusion_type: strong_cosmic_censorship_C0}
  - mapping expected: AF→asymptotically_flat_3p1; SCC→SCC; VAC→vacuum; C0→C0. Report agreements; require all four.
- P9_f0_hash_binding: f0_binding.declared_f0_sha256 == sha256(canonical taxonomy bytes) and canonical path field == canonical taxonomy path.
- P10_supplement_separate: supplement pointer key present, points to artifacts/formulation/... and differs from canonical pointer; and f0_binding.class_contract_supplement path also differs.
- P11_classsep_clean: run class_separation.findings(doc,'schemas/af_scc_c0_vacuum.yaml',mode='declaration') → 0 hard findings (any findings → FAIL? The module returns human-readable violations; treat >0 as FAIL; report strings).
- P12_identity_fields: artifact_kind == class_schema? Wait, does the schema have artifact_kind? The canonical gate R01 checked `artifact_kind`; it passed, so yes. Report class_id, node_id, owner, epistemic_status, revision.
- P13_canonical_gate: subprocess result verdict == pass (record as *canonical stage* but I'll include it as a reported stage, not one of my independent P-checks; still gate the exit code on it).

Controls K1..K9 as above. Each control runs the designated check(s) on the mutated text and requires FAIL.

Sibling scan: run a subset of checks on F1/F2a/F0 with their respective class ids and canonical pointers. Report table.

Output: report.json. Also print a compact summary.

Let me now write it. I'll keep it clean and deterministic; no network; no writes outside --out/--snapshot-dir. Snapshot copies of all four inputs into snapshot dir.

Let me write the script.
dsh: reasoning:
Now run it. Note potential issues:
- ROOT computation: HERE.parents[3] → HERE = .../artifacts/worker-098/f2b_repair_verify/verify_f2b_repair_098.py; parents[0]=f2b_repair_verify, [1]=worker-098, [2]=artifacts, [3]=ai4math-swarm. Correct.
- K1 mutation target: `'\nrevised_at: "2026-09-12T00:31:41+08:00"'` — line 8 starts at beginning of a line, so the string `\nrevised_at: ...` matches. There's exactly 1 occurrence? The file has only one `revised_at:` line. Good.
- K3: `"Frechet for r = smooth; "` exists exactly once? In D0 definition. Also genericity may have "Frechet topology for the smooth-with-decay class" — different string. Should be fine; if multiple, count=1 replaces first occurrence which is in D0 (line 53). Let me check order: line 53 is D0, line 160 genericity has "Frechet topology for the smooth-with-decay class" — not matching. Good.
- K4: `#classes.AF-SCC-C0-VAC-GEN` appears in class_contract_pointer only? The file might also contain it in f0_binding? f0_binding has `class_contract_supplement_pointer: "artifacts/...#class_contracts.AF-SCC-C0-VAC-GEN"` — that's `#class_contracts.` not `#classes.`. So exactly 1. Good.
- K6: CANON_F0_EXPECT appears once in f0_binding.declared_f0_sha256. Good.
- K7: `"2026-09-12T00:31:41+08:00"` appears in revised_at and revision_history last entry `at:` (line 19) — probably 2 occurrences. mutate count=1 replaces first occurrence (revised_at line 8). But P3 checks both revised_at and max(revision_history.at); replacing only the first still gives future revised_at → FAIL. Good.
- K9: target `research_map/formulation_taxonomy.yaml#classes.AF-SCC-C0-VAC-GEN` appears in class_contract_pointer only (also maybe f0_binding declared_f0_artifact is just path without anchor). count=1 → replaces the canonical pointer with authoring path. Then P7 fails (path != CANON_F0) and P9 fails (canon != canonical). Good.
- class_separation.findings(doc, where, mode): signature `findings(obj, where: str, mode: str = "declaration")`. Good.
- The import of class_separation: inserting root/research_map in sys.path then `import class_separation` — the file might do `from __future__` etc. Fine. Careful: there's also `research_map/__pycache__`.
- canonical gate call: `[sys.executable, str(ROOT/GATE_TOOL), c.path, "--json"]` with cwd ROOT; c.path is relative — fine.
- `Ctx.__new__` trick in controls: sets attributes manually, fine.

Let me run it.
dsh: reasoning:
All 11 primary checks PASS, canonical gate pass, B1/B2/B3 closed. But control K1 (duplicate revised_at) was NOT detected. Why?

K1 appends a second top-level `revised_at`. My mutation: replace `\nrevised_at: "2026-09-12T00:31:41+08:00"` (first occurrence) with `\nrevised_at: "2099-01-01T00:00:00+08:00"`. Wait — that *replaces* the existing line rather than adding a duplicate! I intended to append. So K1 mutant has a single revised_at with a future date → P1 passes (no dup), P3 fails. K1 must detect via P1, but P1 passes. The mutation is wrong: I should *insert* an extra line, not replace.

Fix K1: `mutate(t, '\nrevised_at: "2026-09-12T00:31:41+08:00"', '\nrevised_at: "2026-09-12T00:31:41+08:00"\nrevised_at: "2099-01-01T00:00:00+08:00"', 1)` — but careful: replacement string contains the target; using str.replace with count=1 is fine.

Actually simpler: `mutate(t, 'revised_at: "2026-09-12T00:31:41+08:00"', 'revised_at: "2026-09-12T00:31:41+08:00"\nrevised_at: "2099-01-01T00:00:00+08:00"', 1)` (without leading newline) — that duplicates the key. The original text `revised_at: "2026-..."` occurs twice? Earlier: line 8 top-level, and revision_history entry has `at: "2026-09-12T00:31:41+08:00"` (with `at:`, not `revised_at:`). So `revised_at: "2026-09-12T00:31:41+08:00"` occurs exactly once. Good.

Also I should double-check my dup-detection actually works: with the fixed K1 the strict loader should report dups. Let me test.

Also K1's must_fail should be ["P1_no_duplicate_keys"]. Fine.

Let me also consider: does the duplicate key scan catch duplicates in nested maps? My loader's construct_mapping is registered for the default mapping tag on SafeLoader; nested mappings also use it. Yes.

Fix and rerun.
dsh: reasoning:
All 11 checks PASS, 9/9 controls detected, canonical gate pass, B1/B2/B3 closed. The overall PASS → recommendation accept.

Note: the checker is deterministic; the report contains `generated_at` (clock-dependent) so report hash changes on rerun, but check results are stable. I'll re-run once to confirm checks are byte-stable in content (and record a rerun digest comparison of the checks/controls subtrees).

Now:
1. Verify the sibling cross-check table (F1/F2a also repaired; F0 rev5 details).
2. Write the review JSON to reviews/.
3. Write the evidence JSON — actually report.json is my evidence. Prior task emitted a separate `..._evidence.json`. I'll create `f2b_repair_verify_evidence.json` as the evidence artifact (a condensed, hash-pinned summary with check table + control table + falsifier + authority) plus keep report.json as the machine report. Or just use report.json as evidence and emit artifact event for both. Simpler and less duplication: use report.json as the evidence artifact; name it appropriately. But the task says "emit valid JSON with IDs evidence hash falsifier"; the report has all. I'll also write a small `verdict.json` with the review payload? The review file lives in reviews/. Let me follow the pattern: artifacts (report.json, instrument, snapshot manifest) + reviews/F2b-repair-verify-worker-098.json.

Let me check sibling table output and clock-skew context. Then freeze hashes.

Also important: verify input stability — the schemas could be republished by the lead at any moment (rev13). I should re-measure right before writing artifacts and note drift-during-review. My report was generated at ~00:38; let me re-hash now and after writing the review, and record `drift_during_review: false`.

Let me look at the sibling table and then decide the review contents.
dsh: reasoning:
Interesting: F1's `P7_pointer_resolves_canonical` FAILs in my generic check. Let me investigate — F1's pointer is `research_map/formulation_taxonomy.yaml#classes.AF-WCC-VAC-GEN`. Why fail? Possibly the axes mapping: for WCC, `regularity_token: None` (None in Python) vs comp['regularity_token']='none'? In the F1 class_components, regularity_token might be the string 'none'; taxonomy axes regularity_token is None (null). My comparison `str(None)=='None'` vs comp `'none'` → mismatch → axes_ok False. That's a false positive of my checker (mapping nuance), not an F1 defect. Let me confirm.

This matters: my review verdict is on F2b, and F2b passes. But I should fix this false positive for correctness of the sibling evidence column, and note it as an instrument calibration issue (honesty). Let me check F1's components and F0 axes for AF-WCC-VAC-GEN.
dsh: reasoning:
Confirmed: F1's `class_components.regularity_token = 'none'` (string) vs taxonomy `regularity_token: None` (null) — semantically identical ("no regularity token for WCC"), so my checker's strict string comparison produced a false FAIL. Per the protocol's rule 5 ("Reject your own output before sending"), I must fix this before emitting: normalize `None`/`null`/`'none'`/`''` to a canonical NONE token in the axis comparison.

This is a good catch to disclose in the review: instrument calibration found and fixed a false positive on WCC's null regularity token (regression-pinned as a control? I could add a control K10: set taxonomy regularity_token semantics — but mutating F0 is out of scope for a mutant of the subject. Instead, I can pin the normalization with a unit self-test in the script.)

Let me fix the comparison:
```python
def norm_token(v):
    s = '' if v is None else str(v).strip().lower()
    return 'NONE' if s in ('','none','null','~') else s
```
Then family→SCC/WCC, matter→vacuum, asymptotics→asymptotically_flat_3p1, regularity_token→NONE/C0/C2.

Also for axis `matter_model`: AXIS_MAP VAC→vacuum good. `family`: WCC→WCC good.

Add a self-test check `P11_axis_normalization_selftest`? Simpler: add internal selftest asserts at the start of `check_pointer_canonical` — if normalization of (None,'none',null,'') != NONE, raise. I'll add a tiny control K10 that mutates the *canonical taxonomy resolution* semantics? Can't easily mutate F0 file (Ctx resolves from the real ROOT file). Hmm — my control mutants only mutate the subject bytes; pointer resolution reads the real taxonomy. K4/K5/K9 exercise the pointer paths. For the normalization, I'll add an explicit self-test in the report: `P7` detail includes `axis_norm_selftest: True`.

Let me implement: add `norm_token`, use it in the comparison, and add a `selftest` field to P7's observed detail. Then re-run and confirm F1 sibling column passes.

Then freeze artifacts:
1. Update checker (new hash), rerun → report.json.
2. Re-measure input stability (drift check).
3. Write review JSON.
4. Emit outbox events.
5. Checkpoint.

Let me make the edit.
dsh: reasoning:
Wait, there's a subtlety: `norm_token` lowercases everything, so `norm_token("C0") == "c0"` and taxonomy C0 → "c0" — equal. Fine. But family WCC → "wcc" both sides. Fine.

However, AXIS_MAP lookups: `AXIS_MAP.get(str(comp.get("censorship")))` returns "WCC"/"SCC"; norm_token → "wcc"/"scc". Taxonomy family "SCC" → "scc". Good. For asymptotics: AXIS_MAP "AF" → "asymptotically_flat_3p1" → norm lower → same as taxonomy. Good. matter: "vacuum". Good.

But careful with the control K4: pointer bad class → resolve fails → P7 FAIL. Good.
K9: pointer → authoring path: `resolve_pointer` loads `artifacts/formulation/formulation_taxonomy.yaml` and anchor `class_contracts.AF-SCC-C0-VAC-GEN`; that resolves (supplement has class_contracts), but canonical_path False → P7 FAIL, plus P9 FAIL. Good.

Now re-run. Also confirm F1 sibling passes now.
dsh: reasoning:
All green: 11/11 checks, 9/9 controls, canonical gate pass, siblings F1/F2a/F2b all clean, F0 rev5 pinned, no duplicate keys in F0.

Now let me:
1. Verify stability/drift: re-measure input hashes now vs report inputs; check the reviewed hash hasn't changed since the report. Record drift_during_review.
2. Check if any *other* review already exists for 55d0a1ea (to avoid duplicating an existing independent verdict — my review is still valuable but I should note it).
3. Write the review JSON `reviews/F2b-repair-verify-worker-098.json` bound to 55d0a1ea, verdict accept, with findings (including the instrument calibration note and the sibling evidence), hard_failures [], no_completion_claim.
4. Write outbox events.
5. Validate outbox lines against the events schema (base * oneOf). Review events need target_id, reviewer, verdict, score, hard_failures, findings. Status/artifact/claim events need their fields. Note the schema validates `artifact` with required node_id/artifact_type/path/sha256/validation_status. Status events aren't in the schema's oneOf at all — the schema only covers direction_update/claim/artifact/review/resource_request! Interesting: base oneOf includes only those five; `status` events are not covered. But comms.py ingest may accept status separately. Prior worker-098 emitted status events and they were accepted. Let me check comms.py ingest to see validation rules (it may use the schema loosely or have its own). Let me grep.

Let me check quickly how comms.py validates, then write my events accordingly. Also let me check what a valid `status` event needs by looking at existing accepted status events in events.jsonl.

Then checkpoint: write `runtime/state/w098_repair_checkpoint_1.json` (this worker run) + append to `runtime/state/w098_checkpoints.jsonl`. Prior runs used checkpoint numbers 1 and 2 for previous tasks; this is a new task → I'll use `w098_repair_verify_checkpoint_1.json` and a dedicated `runtime/state/checkpoints/ckpt-<ts>-w098-repair-verify.json`? Let me look at what `runtime/state/checkpoints/` contains and how checkpoint files are named, plus whether there's a schema. Actually prior run: "Checkpoint: runtime/state/checkpoints/ckpt-20260912-003026.json, label worker-098-W098-F2B-BLOCKER-ADJ-01". Let me check that file's structure to mirror.
dsh: reasoning:
The checkpoint files are controller-generated full snapshots (from `research_map/checkpoint.py`), not worker checkpoints. My prior worker-098 run wrote `runtime/state/w098_*_checkpoint_*.json` and `runtime/state/w098_checkpoints.jsonl` (worker-local checkpoints). And claimed `runtime/state/checkpoints/ckpt-20260912-003026.json` — that one was likely the controller's periodic checkpoint that happened to land at that time (label maybe recorded elsewhere). Hmm, the prior run's stdout said "Checkpoint: runtime/state/checkpoints/ckpt-20260912-003026.json, label worker-098-W098-F2B-BLOCKER-ADJ-01". Let me check whether that file contains a label field. Actually the file shown doesn't include a label in the head; let me grep for label/worker-098 in that file. But regardless — the robust worker-local checkpoint pattern is `runtime/state/w098_*.json` + jsonl. I'll write:
- `runtime/state/w098_repair_verify_checkpoint_1.json` (task state, artifacts+hashes, events, falsifier, authority)
- append a line to `runtime/state/w098_checkpoints.jsonl` (consistent with the existing file)
Maybe also append to a new `runtime/state/w098_repair_verify_checkpoints.jsonl`. I'll mirror the prior convention: same `w098_checkpoints.jsonl` (it exists with 2 lines from prior tasks) plus a dedicated latest file. Let me check whether that jsonl is meant per-worker (yes: w098_checkpoints.jsonl).

Now let me read comms.py ingest to know if status events are accepted and what validation occurs.
dsh: reasoning:
There's a `validate_event` and `normalize_event`. Let me look at them plus `_json_objects` (supports single fenced json blocks and JSONL). Let me read the top part of comms.py for normalize_event/validate_event to know status handling.
dsh: reasoning:
Good — status and blocker events are normalized and apparently accepted (validate_event must handle them beyond the schema's five types, likely with a lenient validator for status/blocker). My prior run's status/blocker events were accepted, so I'll mirror that structure.

Now let me write the review JSON. Structure (based on other full-schema reviews but self-contained):

```json
{
  "schema_version": "0.1",
  "review_id": "F2b-repair-verify-worker-098-20260912T003933+0800",
  "target_id": "F2b",
  "node_id": "F2b",
  "class_id": "AF-SCC-C0-VAC-GEN",
  "gate": "G-FORM",
  "artifact": "schemas/af_scc_c0_vacuum.yaml",
  "artifact_sha256": "55d0a1ea...",
  "reviewed_sha256": "55d0a1ea...",
  "reviewer": "worker-098",
  "reviewed_at": "<wall clock>",
  "verdict": "accept",
  "score": 4.5,
  "hard_failures": [],
  "counts_as_full_schema_verdict": true,
  "verdict_scope": "full class-schema verdict for AF-SCC-C0-VAC-GEN at the pinned hash; B1/B2/B3 falsifier re-test + canonical stage reproduction + class separation + 9 controls",
  "task_id": "W098-F2B-REPAIR-VERIFY-01",
  "review_clock": ...,
  "drift_during_review": false,
  "instrument": {"path": ..., "sha256": ...},
  "evidence": {"path": "artifacts/worker-098/f2b_repair_verify/report.json", "sha256": ...},
  "findings": [
    {"id":"W098-RV-01","severity":"pass","finding":"B1 closed: strict duplicate-key loader parses..."},
    {"id":"W098-RV-02","severity":"pass","finding":"B2 closed: ..."},
    {"id":"W098-RV-03","severity":"pass","finding":"B3 closed: ..."},
    {"id":"W098-RV-04","severity":"info","finding":"sibling cross-check F1/F2a clean at cce9c601/5476a3f2; F0 rev5 0abb9ed8 has 0 duplicate keys and all four classes; this verdict binds F2b only"},
    {"id":"W098-RV-05","severity":"info","finding":"instrument calibration: first pass produced a false FAIL on F1 because WCC null regularity token is spelled None in taxonomy and 'none' in schema; normalized and self-tested; no canonical file touched"},
    {"id":"W098-RV-06","severity":"info","finding":"canonical gate reproduced pass (exit code is 0 even on fail; verdict parsed from JSON) — gate-alone evidence, not the basis of this verdict"}
  ],
  "sibling_status": {...},
  "positive_findings": [...],
  "falsifier": "...",
  "next_falsifier": "...",
  "no_completion_claim": true,
  "authority_note": "worker verdict; does not set node status, gate verdict or validation_status. F2b/G-FORM remain with lead-formulation + controller."
}
```

Score: my prior F2a accept was 4.5. Here the repair is verified with 11 checks + 9 controls + canonical pass. Score 4.5 seems fair. Maybe 4.5.

Then outbox events (append to comms/outbox/worker-098.jsonl):
1. status active (task start, summary, evidence_refs, hours 0.1)
2. artifact report.json (node F2b, artifact_type verification_report, path, sha256, validation_status unverified)
3. artifact tool verify script (artifact_type verification_script)
4. artifact snapshot MANIFEST.json
5. claim (class_id AF-SCC-C0-VAC-GEN, statement, conclusion_type formal_model, assumptions, falsifier, evidence_refs) — conclusion_type must be one of allowed? Let me check normalize/validate for claim conclusion types. Prior claim used formal_model. Good.
6. review (target_id F2b, reviewer worker-098, verdict accept, score 4.5, hard_failures [], findings, evidence_refs)
7. status completion claim (status active + completion_claim true, summary, next_falsifier) — like prior run.
No blocker since no blocking findings.

Wait: should I emit a claim at all? Prior run emitted claim + review etc. The claim is useful: "repair verified at new hash". conclusion_type formal_model is fine (artifact_refs not required; only theorem requires artifact_refs).

Then validate the event lines: use `research_map/comms.py validate_event` offline via python import, or run `comms.py ingest --dry-run`? Is dry-run available? `ingest(dry_run=...)`; check CLI. Running dry-run doesn't mutate but scans ALL outboxes (including others' pending) — fine, read-only, returns accepted/rejected and would show my events. But it also writes nothing. However `ingest --dry-run` may still be heavy but fine. Yet a dry-run rejects nothing of mine if valid. But it could also be seen as controller action; dry-run is safe (no writes). Let me check CLI flags for ingest in comms.py (`python3 research_map/comms.py ingest --dry-run`). Actually let me just import validate_event and validate my events locally — cleaner and doesn't touch global state.

Let me check `validate_event` requirements for status/blocker and claim conclusion_type quickly.
dsh: reasoning:
Where is validate_event defined? grep found nothing for "def validate_event" — maybe imported. Let me check imports at top of comms.py. It may come from `research_map.apply_events` or a `_schema` module. Let me grep "validate_event" across research_map.
dsh: reasoning:
`validate_event` is in `research_map/schemas.py`. I can import it locally and validate my event dicts. Let me read it quickly to ensure review/status events pass.
dsh: reasoning:
Clear. Now let me freeze: compute instrument sha256, report sha256, snapshot manifest sha256; re-measure input hashes for drift; then write the review JSON referencing these hashes. Note: if I write the review file after computing report hash, no issue. But I want the review to include the report hash — so compute report hash first (report exists, generated 00:36:33; instrument changed since then? I edited the instrument after the report was generated? Let me check: I edited the checker (norm_token) then re-ran it, writing report.json at that point. So report.json is from the fixed instrument. Good. Instrument hash now = final.

But note: report's `inputs` includes GATE_TOOL hash and the four schema hashes; it does NOT include the checker's own hash. I'll put instrument hash in the review and checkpoint.

Drift check: re-hash the four inputs now; compare to report inputs; also confirm no new revision appears during review → `drift_during_review: false`.

Then write review JSON, outbox events, checkpoint.

One consideration: the review file's timestamp should be real wall clock. Let me generate everything with a script to keep consistency, using Python `datetime.now(CST)`.

Also: an important nuance — the review filename must be new and not collide: `reviews/F2b-repair-verify-worker-098.json`. Check it doesn't exist.

Let me now create the review + events + checkpoint in one Python script run. I'll write a helper script `emit_review_and_checkpoint_098.py`? That's extra artifact clutter. Simpler: a heredoc python run that writes the files. But the instruction says use write tool for creating files; for generated JSON artifacts, a script run is acceptable (like other workers). However, the guidance says prefer `write` for creating files. The review JSON is small enough to write with the write tool, but hashes must be known. Let me first gather hashes, then use write for the review JSON. For the outbox append, use a Python script (append lines) — appending via bash is fine; `edit` can't append easily. I'll use python to append and validate.

Steps:
1. Bash: compute hashes + drift + write review JSON via python? I'll use the `write` tool for the review JSON after reading hashes.
2. Append outbox events via python heredoc (writes JSONL), validate with `research_map.schemas.validate_event`.
3. Write checkpoint files via python heredoc (or write tool). I'll use python for the jsonl append too.

Let me get the hashes now.
dsh: reasoning:
No drift. Now compose the review JSON. I'll write it with the `write` tool. Content:

verdict accept, score 4.5, hard_failures [], counts_as_full_schema_verdict true, target F2b, reviewed_sha256 55d0a1ea..., evidence references.

Findings: I'll include structured findings (ids W098-RV-01..06). Also `positive_findings`, `falsifier`, `next_falsifier`, `authority_note`, `no_completion_claim`, `independence` (I did not author F2b: F2b authored by lead-formulation; I'm an independent execution worker; my previous B1/B2/B3 finding is the falsifier being re-tested — note that this is a re-test of my own finding, which is a legitimate independence caveat: I am the author of the *finding*, not of the artifact. Still, review independence from the artifact holds. I'll state it explicitly for honesty.)

Note the score semantics: 4.5 as high-quality full verdict. Hard failures none.

Let me write the file now. Use timestamp ~00:37:40+08:00 but let me compute exact at write: I'll use "2026-09-12T00:37:31+08:00" measured above; review clock. Fine.

Also include `evidence` block:
```
"instrument": {"path":"artifacts/worker-098/f2b_repair_verify/verify_f2b_repair_098.py","sha256":"7d14b10393651dfbcd67cc0e19fa05248b973830558e8137a4de449176a8cdcc"},
"evidence": {"path":"artifacts/worker-098/f2b_repair_verify/report.json","sha256":"c6f1817aec953c35798664db76060c7381fd068d33171bacfebe17c749626989"},
"snapshot_manifest": {"path":".../snapshot/MANIFEST.json","sha256":"6addbf0f..."}
```

Also candidates for the review's `findings` values: use list of dicts {id, severity, finding} — the schema only requires presence; other reviews use both lists of strings and dicts. I'll use dicts for clarity plus a couple of strings? Keep dicts uniformly.

Write it.
dsh: reasoning:
Now emit the outbox events. I'll write a Python script (heredoc) that:
1. Builds the events list.
2. Validates each with `research_map.schemas.validate_event`.
3. Appends to `comms/outbox/worker-098.jsonl` (newline-delimited JSON).
4. Prints the validation result and hashes.

Events:
- e1 status (start? I'll emit a single completion status with completion_claim true plus a task-start-like status? Prior run emitted 6 events including start + done. I don't have a recorded start event; emitting a start now with created_at would be odd. I'll emit 5 events: artifact×3 (report, instrument, snapshot manifest), claim, review, status-done = 6 total. Let me match prior style: status(start), artifact, artifact, review, blocker/claim, status(done). I'll do:
  1. `artifact` report.json (verification_report)
  2. `artifact` instrument (verification_script)
  3. `artifact` snapshot MANIFEST (snapshot_manifest)
  4. `claim` (formal_model, statement, assumptions, falsifier, evidence_refs, artifact_refs)
  5. `review` (target F2b, accept, 4.5)
  6. `status` completion (status active, completion_claim true, hours, summary, next_falsifier)
  
  Should status be "active" with completion_claim? Prior run used status active + completion_claim true because worker events cannot set done (authority). Yes, mirror that.

Timestamps: use real wall clock at emission. Note CF-14: agents' created_at can run ahead; I'll use actual wall clock and note `_clock_note`? Extra fields allowed (additionalProperties true).

Event IDs must be unique: `w098-f2brv-<type>-<ts>`.

Fields:
- artifact: node_id "F2b", artifact_type, path, sha256, validation_status "unverified", class_id, gate G-FORM, evidence_refs, created_at, actor, event_id, event_type.
- claim: class_id "AF-SCC-C0-VAC-GEN", node_id F2b, statement, conclusion_type "formal_model", assumptions [...], falsifier, evidence_refs, artifact_refs.
- review: target_id "F2b", reviewer "worker-098", verdict "accept", score 4.5, hard_failures [], findings [...], class_id, node_id, reviewed_sha256, reviewed_at, evidence_refs, counts_as_full_schema_verdict true.
- status: node_id F2b, class_id, status "active", completion_claim true, hours 0.3, summary, evidence_refs, next_falsifier.

After appending, run the validator on each line from my file (or the constructed dicts) and report.

Note: writing to comms/outbox/worker-098.jsonl — appending is allowed (workspace-write). The file is owned by me.

Let me write and run this.
dsh: reasoning:
6/6 events validated and appended. Review file hash: 4c64283a10cdf3ed385ea6778017cc8ac5f16666224426a9ab15c311c964d231.

Now checkpoint. Write:
1. `runtime/state/w098_repair_verify_checkpoint_1.json` — task state with all hashes, checks summary, controls, events, falsifier, authority, drift.
2. Append a compact line to `runtime/state/w098_checkpoints.jsonl` (existing file, 2 lines from prior tasks).
3. Possibly also write `runtime/state/checkpoints/ckpt-<ts>.json`? Those are controller snapshots; I shouldn't fabricate a controller checkpoint. Prior run claimed one but it was likely a controller checkpoint at that moment. I'll stick with worker-local checkpoints and state that clearly.

Also should I run `python3 research_map/astra_lifecycle.py`? No — controller tool, not mine.

Should I run the controller's `checkpoint.py`? It's listed as a controller command; running it would mutate global state (current_checkpoint.json). Avoid.

Let me write the checkpoint now with a Python heredoc, including a self-consistent digest: checkpoint JSON's own sha256 can't include itself; I'll compute after writing and print. Also append a summary line to w098_checkpoints.jsonl.

Content:
```json
{
 "worker": "worker-098",
 "checkpoint": 1,
 "checkpoint_at": ...,
 "task_id": "W098-F2B-REPAIR-VERIFY-01",
 "assignment_source": "self-taken (no inbox card for worker-098; fleet launched 00:31:09)",
 "node_id": "F2b",
 "class_id": "AF-SCC-C0-VAC-GEN",
 "gate": "G-FORM",
 "verdict": "accept",
 "score": 4.5,
 "binding_status": "binding",
 "reviewed_sha256": "55d0a1ea...",
 "drift_during_review": false,
 "stage_results": {"independent_checks":"11/11 PASS","mutation_controls":"9/9 detected","canonical_gate":"pass","classsep_findings":0,"b1_closed":true,"b2_closed":true,"b3_closed":true},
 "artifacts": {path: sha},
 "events_emitted": [...],
 "checkpoint_of": ...,
 "authority": "...",
 "numerics_lock": "respected: no N1 work",
 "scope_limit": "...",
 "falsifier": "...",
 "next": "..."
}
```
Then append compact line to w098_checkpoints.jsonl.

Let me do it.
dsh: reasoning:
Checkpoint written and appended.

Final verification before exit:
1. Confirm final drift: reviewed F2b hash still 55d0a1ea (another agent might have republished in the last 2 minutes). If it changed, my review still binds the pinned bytes (as stated in the falsifier), but I should record drift-after-review. Let me check.
2. Confirm my review file is detected by the controller's review_coverage scan? That scan runs against `hashes` from the map (which still pins old hashes), so it won't match yet — expected; the controller re-measures next pass. But I can locally run `astra_lifecycle.review_coverage` with the new hashes to confirm my review would be recognized. That's a nice verification of instrument compatibility. Let me do a quick local call with hashes = {"F2b": {"sha256": "55d0a1ea..."}} and see it lists worker-098/accept/full. This validates my review file's field naming.
3. Verify the last 6 outbox lines are exactly my events and parse.
4. Maybe run the events through normalize+validate fresh (I did validate). Could also do a dry-run ingest? `comms.py ingest --dry-run` — let me check CLI supports it. It would scan all outboxes and report rejects, including possibly other workers' events (not my concern). To confirm my 6 lines would be accepted, a targeted dry run is ideal but the function scans all files. It's read-only (dry_run=True skips writes). Let me check the CLI. If `--dry-run` is supported, run it and grep for rejects mentioning worker-098. Small risk: it might print a lot. Use grep.

Let me do these final checks.
dsh: reasoning:
Everything checks out:
- No post-review drift; F2b still 55d0a1ea, F0 still 0abb9ed8.
- My review is recognized as a full-schema accept at the new F2b hash by the controller's own scan (worker-098).
- Also notable: worker-088 published `F1-review-088-rev12.json` accept at F1's new hash cce9c601 — so F1 now has 1 full accept; F2a 0 at the new hash (its old accepts are superseded).
- 6 events emitted and valid.

I'm done. Let me mark todos complete and produce the final summary. Also double-check the checkpoint file exists and w098_checkpoints.jsonl has 3 lines.

One more consideration: should I run `python3 research_map/comms.py ingest` to ingest my events? The protocol lists ingest as a controller command; the controller will run it. I did local validation of all 6 events. I'll note that explicitly rather than mutating global state. This is the right call for authority boundaries (my prior runs did the same: "accepted by ingest" was likely controller-side).

Let me finalize the todo list and write the exit summary.
