dsh: reasoning:
Let me start by understanding the task. I'm a "bounded execution worker" with worker=067. I need to read handoff/map and comms, take one class-bound task, emit valid JSON with IDs evidence hash falsifier, checkpoint, then exit.

Let me explore the workspace first.
dsh: reasoning:
No handoff directory at workspace root? Let me search for "handoff" and "comms" directories.
dsh: reasoning:
Found `/data3/guoshaoyang/workdir/ai4math-swarm`. Let me explore that.
dsh: reasoning:
The "handoff/map" refers to HANDOFF.md and research_map/. Let me read HANDOFF.md, README.md, comms/PROTOCOL.md, and check the comms inbox/outbox for worker 067 tasks.

Let me be efficient. Read HANDOFF.md first.
dsh: reasoning:
Now let's read README.md and the comms PROTOCOL.md, plus find worker 067 task. Let me check comms/inbox and outbox.
dsh: reasoning:
I need to find my assignment as worker=067. Let me look for worker-067 in inbox, and check outbox/assignments. Also let me check the research_map.json which is authoritative global state.

Let me search for "067" and "worker-067".
dsh: reasoning:
Let me look at the research_map.json's assignments, and grep for 067 in astra-lead-audit.jsonl. Also there's a mention of "handoff/map" in the task prompt - likely means HANDOFF.md and research_map. Let me look for the assignment for worker-067.
dsh: reasoning:
My task: "Read handoff/map and comms. Take one class-bound task, emit valid JSON with IDs evidence hash falsifier, checkpoint, then exit. worker=067"

So I am worker-067. There is no inbox for worker-067 specifically. There's a huge astra-lead-audit inbox. The task mentions "w067 F1" in the astra assignment. So worker-067 previously produced a revise verdict F1 about the evidence basis. I need to find my prior context.

Let me search for "w067" and "worker-067" throughout the swarm.
dsh: reasoning:
Worker-067 files: `reviews/A2-hf19-adjudication-worker-067.json` and `reviews/A2-review-worker-067.json`. Also, the assignment mentions "w067 F1" — a revise verdict about the evidence basis at protocol 1e6cdf04d7a2.

Let me read those review files, and search for w067 checkpoints in runtime/state. Also, check the current state: what tasks are open, what class-bound tasks exist. The instruction says "Take one class-bound task" — meaning a task bound to a class_id (e.g., AF-WCC-SCALAR-SPH, AF-WCC-VAC-GEN, ...).

Let me read the worker-067 review files and the adjudication to understand my prior role. Also read HANDOFF in runtime/control/OVERNIGHT_HANDOFF.md — that may have my assignment.
dsh: reasoning:
I see — I'm worker-067, and I've been doing bounded class-bound review tasks. The pattern: pick one open task from the map/comms, emit valid JSON with review_id, evidence refs with hashes, falsifier, checkpoint, then exit.

Now, the assignment in astra-lead-audit's inbox mentions "w067 F1" in the context of the G-NUM protocol adjudication. Let me find the F1 finding from w067. It's probably in the numerics protocol area — reviews/G-NUM-protocol-review.json etc. Let me look at what's currently open and where w067's F1 is.

Search for "w067" didn't reveal a numerics file. Let me search for "F1'" or "F1" in reviews/G-NUM-protocol* files. Also check the research_map for open tasks/claims.

Let me look at:
- reviews/G-NUM-protocol-review.json
- reviews/G-NUM-protocol-r4-adjudication.json (this is the astra-lead-audit assignment artifact; may already exist or not)
- runtime/control/OVERNIGHT_HANDOFF.md (may contain my assignment)
- comms/outbox/ — where I would write my output

Let me first check the overnight handoff and any worker-067-specific direction.
dsh: reasoning:
I have 12 checkpoints and multiple artifacts. My prior work includes:
- g_num_binding_check
- g_num_protocol_review
- n0_cnfem_triage_verify
- n0_f0_rebind
- n0_fixedverdict_rev2_indep
- n0_order_binding_audit
- n0_provenance_ledger
- n0_stoprule_closure
- a2_budgetmatch
- a2_hf19_adjudication

Let me read my latest checkpoint and the checkpoints jsonl tail to understand state and what I was doing. Then look at the G-NUM protocol review (which contains my F1 finding referenced by the lead audit assignment).
dsh: reasoning:
Now I understand. My prior work is extensive. The lead audit assignment (astra-lead-audit) says: "Adjudicate the contest at protocol 1e6cdf04d7a2: the standing accept 4.5 (reviews/G-NUM-protocol-review.json) vs the two revise verdicts about the evidence basis (w067 F1, w081 F1')".

So the open question: Where is w067's F1? It's about the evidence basis of G-NUM protocol review. Let me find my g_num_protocol_review artifact. Let me look at artifacts/worker-067/g_num_protocol_review/.

Also there's reviews/G-NUM-protocol-r4-adjudication.json which already exists (20885 bytes) — likely the lead audit did the adjudication. Let me check whether it's complete and whether the current task remains open.

Actually, the task says "Take one class-bound task" — I get to choose a bounded task. The most relevant is likely to respond to/verify the adjudication of the w067 F1 finding — but maybe the lead already resolved it. Let me check the r4 adjudication file.

Let me also check the research_map status for N0/G-NUM and any open controller actions. And check comms/inbox/astra-lead-audit.jsonl tail for recent messages 067 might respond to.

Let me read artifacts/worker-067/g_num_protocol_review/README and report to find F1.
dsh: reasoning:
The G-NUM protocol F1/F1' adjudication has already been done by the audit lead. So my F1 is discharged. Good.

Now, what is an open class-bound task? The task instruction: "Take one class-bound task, emit valid JSON with IDs evidence hash falsifier, checkpoint, then exit. worker=067"

This is a generic worker instruction in a swarm where each worker self-issues a bounded task. I should find an open task in the current map that is class-bound (has class_id) and not yet done, one that fits my role (audit/verification), and execute it, emitting:
- valid JSON (a review/claim/artifact event)
- IDs (event_id, review_id, node_id, class_id, etc.)
- evidence
- hash (sha256 of the artifact)
- falsifier
- checkpoint (runtime/state/worker-067_checkpoint_N.json + checkpoints.jsonl)

Let me check the current research_map state: what's open, what's most needed. Check the map's nodes/gates/groups and controller findings. Also check the latest comms to see what's active. The map's comms section may list recent state.

Let me inspect the map's key sections: gates, controller_findings, escalations, numerics_lock, claims. Also check latest inbox messages to astra-lead-audit (last lines), and the outbox/astra-lead-audit.jsonl tail for the latest lifecycle.

Key open items from my checkpoint 12:
- F04 hard-open: protocol pin-split premise live at 1e6cdf04d7a2 (line 7: 66bf917b; near 159: 565a6e50; no 0abb9ed8a961; 'provisional'); authority record effd20b0ea09 structurally sound but only requests ratification; 0 of 7575 accepted events record controller/Astra ratification, so HF-042-N0-1 / HF-081-PS-1 are not discharged.
- F05 process: the 3 replication verdicts are unregistered in runtime/state/artifact_hashes.json and reviews/G-NUM-protocol-review.json carries the reviewed target's hash instead of the review record's own.

Also the map has controller_findings and controller_repairs. Let me check the latest state via research_map.json: gates G-FORM, G-AUDIT, G-NUM, numerics_lock, claims open, escalations.

Let me write a quick python to summarize.
dsh: reasoning:
Let me get a fuller picture: all gates' verdicts, controller findings open, and my latest checkpoint's next-task suggestions. Also look at the tail of my checkpoints.jsonl to see the trajectory and what I planned next.

Let me check:
1. worker-067_checkpoints.jsonl last entries.
2. research_map controller_findings (open ones) and escalations.
3. Recent inbound messages to me? My inbox file doesn't exist (no comms/inbox/worker-067.jsonl). Instructions come as self-issued tasks.

The task prompt says "Take one class-bound task" — likely from the map's open items. Let me look at what's open in the map near N0/A2 and check recent outbox for other workers to avoid duplicating.

Let me pull: gates summary (verdicts), controller_findings (open), controller_repairs, escalations, claims with status open.
dsh: reasoning:
Good. My last checkpoint is #12 with task W067-N0-ORDER-BINDING-AUDIT-01. So there's no checkpoint 13 yet. I need to take one class-bound task now.

Let me look at the most current state to find an open class-bound task. Candidate open items:

1. G-NUM: N0 node verdict is revise 3.5 (N0-pin-split-adjudication-worker-081.json); no N0 accept at one measured hash exists. Stop-rule items 1-3 open. F04 hard-open in my last checkpoint: protocol pin-split / HF-042-N0-1 / HF-081-PS-1 not discharged by controller ratification.

2. G-AUDIT: A0 6 revise verdicts, no accept; A1 no full accept at measured hashes; CF-31 coverage divergence must be adjudicated.

3. G-FORM: REC-36 revision window.

The instruction says "Take one class-bound task, emit valid JSON with IDs evidence hash falsifier, checkpoint, then exit." So I should pick a bounded task that I can complete in this session. Best candidate is something within my competence, class-bound, read-only, verifiable — matching prior work pattern.

Given the F04 hard-open finding in my own checkpoint 12 (controller action: ratification of effd20b0ea09 absent), a natural bounded class-bound task: an independent audit/verification of a specific open item. But F04 is a controller action, not something I can do.

Let me check the current state of things at this moment to see which tasks are still open and most valuable. Let me check recent comms outbox (astra-lead-audit.jsonl tail) and the latest events in research_map/events.jsonl to see what just happened. The map was updated at 01:20:11, and the current time? Let me check.

Also there may be a direct assignment waiting. Let me grep inbox for recent messages across all leads (last 15 min) to see active tasking. Since I have no inbox, maybe the controller broadcast tasks. Let me check for events after 01:15.
dsh: reasoning:
Astra just issued new rulings at 01:22:02 — including "assignment | astra | A1 | Controller ruling (REC-43): the assignment card 'astra-classsep-stabilize-0118'..." and status for N1. Let me read those latest events fully to understand what tasks are now available. Especially the A1 assignment and the N0 status. Let me pull the last ~10 events fully.
dsh: reasoning:
I see worker-097's status exactly matches my instruction template: "CHECKPOINT + EXIT. One bounded class-bound task taken (no inbox card for worker-097): W097-...". So I should do the same.

Now I need to pick one bounded class-bound task. The most valuable open one available now, considering:
- G-FORM is pending and HOT: new G-FORM r3 pins (F1 d9cebb9404b2, F2a e9a27996dfd3, F2b b2ab6acb2bbe, FROZEN rev29 815e08079aef). REC-36 authorizes one revision rev14. Worker-090 confirmed the C0→C2 transfer-license gap. Worker-097 reproduced CF-32(i). There's also a blocker on F1 at 01:19:04 from astra-lead-audit and a revise review on F1/F2a/F2b at 01:19:32.

Let me check the very latest accepted events around G-FORM to see what specific verification gaps remain. Also check what the F1 blocker is, since F1 = AF-WCC-VAC-GEN class is my competence? My prior class focus: AF-WCC-SCALAR-SPH (N0), GLOBAL (A2). Let me find a class-bound task not yet taken.

Let me look at the last ~30 events to see recent task completions and blockers, to pick a non-duplicative task. Also check runtime/control/WAKE_CHECKS and plan.

Actually, an important consideration: the harness says "Take one class-bound task" — likely the swarm controller wants any remaining worker to pick an open verification/audit gap and close it, emitting JSON. I should pick something concrete, verifiable, and bounded, with clear evidence and falsifier.

Candidate: F1 (WCC visibility / AF-WCC-VAC-GEN) blocker — but formulation owner work, not mine.

Candidate: N0/G-NUM: my F04 (protocol pin-split premise: F0 taxonomy hash referenced in protocol is provisional 66bf917b/565a6e50 vs current 0abb9ed8a961). Now G-F0 passed at 0abb9ed8a961. The protocol text at 1e6cdf04d7a2 still cites 66bf917b (rev3)? Let me check whether a new protocol revision exists now. Actually the protocol hash could have moved. Let me check current numerics/CONVERGENCE_PROTOCOL.md hash and content.

Candidate: A1 detector scope / CF-31 coverage divergence (G-AUDIT). That's the audit lead domain; worker-level independent verification is plausible.

Let me check the current open blockers and hot items. Let me look at recent events in the last 10 minutes only, plus check what task IDs have been "taken" recently (status events) to avoid duplicate.

Actually, let me reconsider: the instruction says "Take one class-bound task". Perhaps there's an explicit assignment card for me somewhere in the inbox. I found no comms/inbox/worker-067.jsonl. Worker-097 also said "no inbox card for worker-097". So I self-issue.

Given my established instrument-building capability and prior focus, a good bounded task should:
1. Bind a class_id (one of AF-WCC-VAC-GEN, AF-SCC-C2-VAC-GEN, AF-SCC-C0-VAC-GEN, AF-WCC-SCALAR-SPH).
2. Produce an artifact under artifacts/worker-067/<task>/, a review JSON under reviews/, a checkpoint under runtime/state/, and an outbox message.
3. Be non-duplicative and address an open unresolved item.

Let me check the F1 blocker at 01:19:04 (astra-lead-audit) and the G-FORM revise review at 01:19:32 to understand the current hot gap. Also check what worker-090's blocker needs: R1/R2. Maybe I can verify the option-A spec (artifacts/worker-047/f2a_ext_freeze_spec) independently? But worker-039/091 already verified it per worker-090's message.

Whereas the F1 blocker might be about the WCC visibility predicate divergence (ESC-2). Let me look.
dsh: reasoning:
The swarm is intensely active. Many workers are taking tasks. I need to pick something not being worked on. Let me check:

1. N0 / G-NUM: The G-NUM gate is pending with N0 revise. My prior task was W067-N0-ORDER-BINDING-AUDIT-01 (checkpoint 12). The F04 finding: pin-split / ratification. Also "CF-31" belongs to G-AUDIT/A1.

2. There's a G-FORM rev14 revision window authorized (REC-36) with specific items. Many workers cover F2a/F2b/F1.

Let me check the specific G-NUM unmet items and what the controller updated at 01:22:02 regarding A1 and N1. Let me pull the last few gate/status events from astra (01:22:02) fully.
dsh: reasoning:
Now I have a good picture. Open bounded tasks I could take:

G-NUM/N0: "Stop-rule items open: astra-life04-n0-stoprule (lead-numerics, 02:30) and astra-life04-n0-verify (lead-audit, 03:00)". Those are lead assignments, not for me.

G-AUDIT/A1: CF-31 coverage divergence must be adjudicated. worker-017 published a per-file F2b binding table (CF-31 is F2b coverage divergence though — the G-FORM unmet mentions CF-31 F2b coverage divergence). Actually CF-31 says "scan reports 4 full accepts at b2ab6acb2bbe (worker-052/071/072/090) while the formulation lead census reports 0 accept / 7 revise; astra-life05-verify-gform-r3 must publish a per-file binding table first." worker-017 just did that per-file binding table. So there's an opening: an independent verification of worker-017's table? But new work might be duplicative.

Alternatively, G-NUM/N0: "N0 node verdict on disk is still revise 3.5 (da7c36071995)". My checkpoint-12 F02/F03/F04 highlighted binding gaps: only flash-13's verdict binds rev3 directly; stop-rule I3 cites verdicts that don't bind rev3; protocol pin-split; ratification absent.

Given my domain expertise built in checkpoint 12 (N0 binding audit), the most valuable next bounded task might be: adjudicate/verify the N0 stop-rule closure items 1-3 as controller actions — but that's lead work.

Hmm. Let me think about what "class-bound task" means concretely here: a task with class_id, done at worker level, producing artifact+review+claim+blocker+status, then a checkpoint. Recent examples:
- W090-C2C0-TRANSLICENSE-VERIFY-01: independent non-author verification of worker-047's instrument (class AF-SCC-C2-VAC-GEN, F2a, G-FORM).
- W097-CF32-ACCEPTANCE-REPRO-01: independent reproduction (class AF-SCC-C0-VAC-GEN, F2b).
- W006-R03-SCOPE-01, W030-SET-REPAIR-CANDIDATE-INDEPENDENT-VERIFY-01, W042-REVIEW-CORPUS-MUTATION-09.

So the pattern: pick a recent worker artifact/claim in an open gate area, independently verify it at pinned hashes, report accept/revise with findings, controls, falsifier. Highly valuable for gate closure: independent verification = second verdict.

Key open needs right now (pass 09):
1. G-FORM: needs ≥2 independent full-schema accepts per class at measured hashes (F1 d9cebb9404b2, F2a e9a27996dfd3, F2b b2ab6acb2bbe). CF-31 coverage divergence. Rev14 authorized; bytes will move. Independent verification now is still valuable but may be voided by rev14. Hmm, the rev14 is due 02:15.

Wait — important: F1 has only... let me check the accept counts for F1. The G-FORM unmet says ">=2 independent full-schema accepts per class at the measured hashes" — F2b has 3 live accepts (052/071/090) per worker-017; F2a? F1?

2. G-LIT: L0 adjudication due 02:30; L1 spot checks 24 ≥ 3 required, but locator finding needs disposition.
3. G-AUDIT: A0 6 revise no accept; A1 no full accept; CF-31; A0 detector scope artifact unverified.
4. G-NUM: N0 revise; stop-rule items.

Now, what can I, worker-067, uniquely do with high value? Option: independently verify the F1 schema accepts / produce a full-schema verdict on F1 at d9cebb9404b2 (class AF-WCC-VAC-GEN). I have not authored F1. My prior work includes A2 and N0, not F1. A full-schema accept at F1 could directly fill the "≥2 independent full-schema accepts per class" gap. But F1's situation: there was a blocker at 01:19:04 from astra-lead-audit on F1 and a revise review on F1/F2a/F2b at 01:19:32. Let me look at those to see if F1 is currently defective. If F1 has an open hard failure, my accept would be wrong; but a revise verdict also has value (though gate needs accepts...). Let me check the F1 blocker and the recent revise review.

Also G-AUDIT A0: 6 revise verdicts, no accept; scope artifact unverified. Hmm.

Let me read the last F1-related messages: comms/outbox/astra-lead-audit.jsonl blocker at 01:19:04 F1, and reviews/... the revise review at 01:19:32 (probably reviews/G-FORM-r3-...). Let me grep outbox for the F1 blocker.
dsh: reasoning:
Now I understand the landscape deeply. Key open issues — for G-FORM, rev14 is authorized; the F2b carriers, F2a extension freeze, F1 cross-artifact. F1 has "no in-file class-semantics defect". The F1 findings: (1) F0-vs-F1 set-strength contradiction ESC-2 (controller), (2) falsifier corpus binds rev12, (3) provenance anchors unresolved.

What class-bound task could I take that is genuinely useful and not duplicative?

Given my instrument-building skills and the open F1 items, one clean bounded task: **Independent verification of the F1 falsifier-corpus rebind claim** — i.e., quantify exactly what in `schemas/f1_falsifier_tests.jsonl#56bcb4b3234b` binds rev12 vs F1 rev13 d9cebb9404b2, and whether a rebind is material. But that's already stated (25/25 rows bind rev12) by the audit lead and worker-004/063 etc. Let me check the newest F1-related reviews: reviews/W028-F1F2A-INTERNAL-CONSISTENCY-01.json (01:22:07), reviews/F1-rev13-strictness-direction-worker-004.json (01:20:53).

Another angle: **the F1 blocker item (1)** — F0 canonical says set-based reading strictly STRONGER, F1 rev13 says strictly WEAKER. That's the ESC-2 contradiction. Maybe I can provide an independent, byte-level adjudication instrument measuring the two claim texts and their scope relation. But ESC-2 is a human-PI/controller decision (class semantics choice). Still, a worker can deliver the *measurement*: what exactly F0 says vs F1 says, with hashes and extracts, and whether "set-strength" is even a well-defined axis. That's a bounded class-bound verification of a contradiction claim. But is it duplicative? Let me check for existing artifacts measuring the F0/F1 contradiction. Search for "strictly stronger" / "STRONGER" and "STRONGER vs WEAKER" reviews.

Alternatively: **A0/G-AUDIT**: A0 has 0 independent accepts. The rubric evaluation_rubric.yaml#d748a9e3574e — a full-schema independent review could provide the first non-author accept... but the audit lead says A0 "unmet", detector-scope artifact has an independent revise. A fresh accept would need to resolve 8 revises. Not a bounded quick task.

**G-NUM**: N0 stop-rule items open. The "astra-life04-n0-verify" (lead-audit, 03:00) is a lead card; but I could independently verify the N0 stop-rule closure at the current hash. My checkpoint 12 already did a binding audit (W067-N0-ORDER-BINDING-AUDIT-01, 15 checks). The remaining item F04 (pin-split/ratification) is controller action. But now: worker-017 produced reviews/N0-stoprule-closure-review-worker-017.json at 01:15:50. Someone might need an independent verification of that. Also "N0 node verdict on disk is still revise 3.5" — a fresh full-schema accept at one measured hash would unblock ("no N0 accept at one measured hash exists"). Wait — really? Let me check. flash-13's verdict binds rev3 directly (accept 4.0, counts_as_node_verdict=true). But the map says "N0 node verdict is revise 3.5 (da7c36071995); no N0 accept at one measured hash exists."

Hmm — a worker cannot set node status anyway. But a full-schema accept review of N0 at the frozen hash would count as an independent accept for the gate, and that's exactly the "astra-life04-n0-verify" lead card requirement (independent verification of the N0 evidence). My prior audit already established the evidence chain is sound (F01 positive: LSQ reproduces orders exactly). A full-schema N0 review by me... but I already wrote checkpoint 12 with 15 checks. However I did not write a `review` JSON for N0 (my checkpoint 12 was task W067-N0-ORDER-BINDING-AUDIT-01; artifacts under artifacts/worker-067/n0_order_binding_audit/, report.json — maybe it includes a review record? Let me check whether I emitted a review file. From the map, reviews/N0-review-final-verify.json is the audit lead's revise. Did I emit any review JSON? Let me grep reviews/ for worker-067: earlier grep showed only A2 files mention worker-067. So no N0 review by me.

Given the "no N0 accept at one measured hash exists" gap, and my independent verification already performed in checkpoint 12 (15 checks, 6/6 controls), a natural bounded task: **emit a full-schema N0 review at the measured hashes, class AF-WCC-SCALAR-SPH, gate G-NUM, based on re-verification at current bytes**. That would be highly valuable: it could be the independent accept N0 needs. But careful: N0 has known open items — the pin-split premise (F04) and stop-rule binding gaps (F02). Would those block a full accept? The audit lead's operative verdict is revise 3.5 with hard failures B-N0-R2-1 (registration gap) and B-N0-R2-2 (supersession semantics). Rules 2 registration: 6 reviewed paths absent from artifact_hashes.json — a process gap. As a reviewer, I could either accept with caveats or revise. Emitting "accept" over known open hard failures would be wrong.

Alternatively, re-run my binding instrument and emit a *review* that adjudicates the specific question: does the current N0 closure (numerics/protocol/lifecycle08_stoprule_closure_verify.json, worker-017's closure review) satisfy stop-rule items at the frozen hashes? Hmm, but that's lead-numerics' card (astra-life04-n0-stoprule) and the audit lead does n0-verify at 03:00.

Let me look at what has not been claimed and is a genuine gap that I can close with a bounded read-only instrument. Let me check the N0 stop-rule status: reviews/N0-stoprule-closure-review-worker-017.json and numerics/protocol/lifecycle08_stoprule_closure_verify.json current hash vs my checkpoint pin (88ec0bf298cb...). Let me check current hashes to see if things moved.

Actually, let me step back and think about what the *controller* most needs right now for gate closure within my worker authority:

The strongest need: G-FORM r3 → rev14 authorized, due 02:15. F1's three carried findings must be resolved in rev14 (corpus rebind is a formulation-side action). F2b :152/:246 fix. F2a extension category. Those are author actions.

Second: G-AUDIT A1 — CF-31 coverage divergence; worker-017 just published the per-file binding table (01:22:21) and says "The lead's 0 accept / 7 revise is explainable". An *independent verification* of that binding table at T0/T1 would help adjudicate CF-31 — but worker-017's table is fresh; a second verification is exactly the pattern the swarm favors (independent replication). And it's read-only, bounded, hash-bound, and class-bound (AF-SCC-C0-VAC-GEN / F2b). But it's about review-corpus metadata rather than the schema.

Third: G-LIT L0 — the audit lead published an accept with carried objections; astra-life05-verify-l0-final (lead-audit, 02:30). Also L1 locator finding disposition. Not mine.

Fourth: N0/G-NUM — my established area.

Let me check what the F1 corpus rebind gap looks like concretely; a bounded task could be: **independent measurement of what a corpus rebind would require and whether the current 25/25 rev12 bindings are materially invalid** (i.e., do the rebind deltas change any expected verdict?). If the rev12→rev13 change was cosmetic, a rebind is trivial; the gate still needs it done, but my measurement informs the author. Actually worker-004's F1-rev13-strictness-direction review may cover this.

Hmm. Let me look at the F1 review by worker-063 (G-FORM-r3-bindings-worker-063.json, 01:21:49) and worker-028's W028 F1F2A internal consistency. Then decide. Also check reviews/INDEX.md maybe lists open gaps.

Actually — there's a cleaner high-value gap: **the N0 stop-rule closure independent verification**. Let me look at the current numerics state and the lead-audit's N0 review. The audit lead's lifecycle-09 says "stop-rule items closed" and "N0 operative revise stands". The controller's G-NUM unmet says stop-rule items open pending lead cards. So duplicates wouldn't help.

Let me consider the class AF-WCC-VAC-GEN F1 specifically: F1 has 2 full non-author accepts out of 11; gate needs ≥2 per class — satisfied already (2). F2a 3/8, F2b 3/9 satisfied in count but blocked by carriers. So F1 isn't the binding constraint.

The binding constraints for G-FORM: rev14 must land (author), then fresh verdicts at new hashes. Nothing for me pre-rev14 except measurements that inform rev14. The most useful pre-rev14 worker task: independent verification of a *repair spec* to reduce risk in rev14. E.g., worker-020 specified/mutant-tested the 2-line F2b repair at :152/:246. Was that independently verified? Let me check artifacts/worker-020 and any verification. Similarly, worker-047's F2a extension freeze spec was verified by worker-039/091 per worker-090's message.

Hmm, but note the instruction is generic. I should not overthink. The swarm pattern: take ONE bounded class-bound task, prefer a verification that no one else has done, deliver artifact + review + status + checkpoint, exit.

Let me pick based on evidence of an unverified claim that is on the critical path. Let me scan recent worker claims needing independent verification:

1. worker-006 W006-R03-SCOPE-01 (A1, AF-WCC-VAC-GEN): "measurement VALID, 0 expectation deviations in 76 declared cells. Answer: cand_r03v2 is the only candidate..." — fresh (01:21:50). Could use independent replication.
2. worker-030 SET repair candidate verify (F0, AF-WCC-VAC-GEN) — already an independent verify, accept 4.5.
3. worker-017 CF-31 binding table — fresh.
4. worker-009 L1 census (AF-SCC-C2-VAC-GEN) — fresh, verdict revise.
5. worker-090 C2C0 — already independent verification.
6. worker-097 CF-32 — reproduction.
7. worker-042 review corpus mutation — fresh.
8. worker-004 F1 rev13 strictness direction — fresh.

For my next task, the "class-bound" hint plus "evidence hash falsifier" suggests producing a review JSON. 

Given time constraints (each task is bounded ~0.5-1.0h agent and I'm one session), I'll aim for something I can actually complete rigorously and quickly with a stdlib instrument. The tightest fit: **independent verification of worker-017's CF-31 per-file F2b binding table** (reviews/CF31-F2b-binding-table-worker-017.json). Why: CF-31 is a named binding blocker for G-FORM and G-AUDIT A1 ("CF-31 coverage divergence must be adjudicated"); worker-017's table claims to explain the divergence; an independent non-author replication at the same pins (map snapshot, review files, census) is exactly the missing second instrument, bounded and read-only. Class: AF-SCC-C0-VAC-GEN (F2b). Falsifier: a row whose verdict contradicts its file bytes, or a count that doesn't reproduce from the pinned manifest.

But wait: is CF-31 within the *formulation* domain rather than audit? It's coverage-count divergence between the controller's scan and the lead census — resolved by counting accept/revise verdicts per file bound to a hash. That's mechanical, well-suited to an instrument. And it's on the critical path: G-FORM unmet item 2 explicitly requires it before astra-life05-verify-gform-r3 can publish. Actually worker-017 *is* the astra-life05-verify-gform-r3 assignment? Let me check: assignment astra-life05-verify-gform-r3 → assignee? Let me grep. If worker-017 already did it and it's published, maybe the lead adjudicates next; but an independent verification could still be valuable as evidence.

Let me check that assignment and worker-017's table content quickly. Also check whether an independent verification already exists.
dsh: reasoning:
Worker-017's CF-31 table is thorough and independently corroborated by worker-018. So the CF-31 coverage divergence actually has a solid answer. Perhaps a third instrument is not the best use.

Let me consider what remains genuinely open and valuable and within my ability in one bounded task. Look at the G-FORM unmet items:

1. rev14 folding F2b D1/D2 + F2a extension pin + crosswalk + SET label — author work (astra-lead-formulation), due 02:15.
2. CF-31 coverage divergence — now measured (017/018). Needs controller/lead adjudication (astra-life05-verify-gform-r3 → lead-audit).
3. CF-32: run_acceptance.py exits 3; stage-B R03 rejects untouched F1 d9cebb9404b2; acceptance and held-out numbers are not gate evidence until re-run (astra-life08-stageb-r03). **This is a repair that rev14 must include**: CF-32(ii) says stage-B R03 rejects F1. worker-097 just analyzed CF-32(i) (corpus rebind). Who is doing stage-B R03? "astra-life08-stageb-r03" assignment. Let me check if it's assigned and what it needs.

Actually, a natural high-value bounded task for me: **independent verification of the CF-32(ii) claim: stage-B R03 rejects the untouched F1 d9cebb9404b2** — i.e., reproduce the stage-B rejection and determine whether it's a genuine F1 defect or an instrument/corpus artifact. That's directly on the critical path for rev14 (the formulation owner must know what to fix) and CF-32 is the named binding blocker. Class: AF-WCC-VAC-GEN (F1). It's read-only, bounded, hash-bound, and I can build an instrument.

Let me check the stage-B audit tooling and existing evidence: artifacts/worker-06/spec_conformance_audit.py — wait, worker-097 said the stage-2 rule engine is artifacts/worker-06/spec_conformance_audit.py and it's not in the FROZEN pin set. Stage-B R03 = spec_conformance_audit running on F1's corpus? Let me check the astra-life08-stageb-r03 card.

Let me grep for it.
dsh: reasoning:
CF-32(ii): stage-B spec_conformance_audit.py rejects untouched frozen F1 d9cebb9404b2 on R03 (literal-substring binder defect). The fix "lands in the stage-B tree" and rev14 folds the corpus rebind.

A high-value bounded class-bound task: **independent reproduction and root-cause localization of CF-32(ii)** — run the stage-B auditor against the frozen F1 at its pinned bytes in a sandbox, capture the R03 rejection, determine the exact binder line/predicate that causes it, and measure whether it's an instrument defect (literal-substring binder) vs a genuine F1 defect. Class AF-WCC-VAC-GEN, node F1, gate G-FORM. This directly informs the rev14 repair and is on the critical path. And it's within my instrument-building skills.

But wait: is this duplicative? Let me check what exists: artifacts/worker-097/f1_falsifier_exec (maybe related), artifacts/worker-006/spec_conformance_audit.py. Let me check the stage-B tree and whether anyone is on astra-life08-stageb-r03. Also check the F1 reviews that mention R03.

Let me first look at the stage-B auditor and the F1 pin bound corpus. I need to know:
- Where is the stage-B tree? artifacts/worker-06/spec_conformance_audit.py
- How does it run? inputs (semantic_fixtures/manifest.json, F1 schema, corpus)
- R03 rule.

Let me inspect worker-006's spec_conformance_audit.py and its outputs. Also check reviews/F1-review-rev29-worker-071.json and F1-review-088.json for R03 mentions.
dsh: reasoning:
There's a lot of recent activity in artifacts/worker-06: r03headtohead (01:14), r03scope (01:21), r03v2 (01:06), rebind11 (00:58). So worker-006 is actively working on R03 scope. Indeed worker-006's recent task W006-R03-SCOPE-01 concluded "cand_r03v2 is the only candidate that..." So CF-32(ii) R03 is being actively worked by worker-006. Duplicating that would be wasteful.

Let me check the R03-related reviews: reviews/F1-review-rev29-worker-071.json, reviews/heldout10-thirdparty-repl-worker-092.json. worker-092 did third-party replication of heldout10 at 01:20:52. So CF-32(ii) is being covered.

OK. So what is *not* covered? Let me list the open threads and their owners:

G-FORM:
- F2b carries D1/D2 — repair spec by worker-020, rev14 by formulation lead.
- F2a extension freeze — option-A spec verified by 039/091, rev14.
- F1 cross-artifact findings: ESC-2 controller/Human-PI; corpus rebind to d9cebb9404b2; L1 disposition of BL-11 anchors.
- CF-32(i) rebind — worker-097 done, feeds rev14.
- CF-32(ii) R03 — worker-006 active.
- CF-31 — 017/018 done.

G-LIT:
- L0 adjudication lead card, L1 locator disposition.
- L1 class-binding census by worker-009 just landed revise.

G-AUDIT:
- A0: 0 independent accept, rubric + detector scope. A0 review final-verify says unmet. A fresh independent review of the rubric could help, but 6 revises exist with reasons.
- A1: no full accept at measured hashes; CF-31 blocks coverage claim; **CF-33 containment scan assigned to worker-093**; CF-29 detector-of-record unresolved (controller).
- CF-16/CF-29 independence requirement queue gap: card names worker-075+artifact reviews/CLASSSEP-calibration-adjudication-review.json which does not exist. **This is a concrete unfulfilled named artifact!** The audit lead's blocker B5 says: "either the named artifact delivered by a non-author at a cited detector hash, or a controller re-dispatch". Hmm, but the card names worker-075. I'm not worker-075. The controller may re-dispatch. Not mine.

G-NUM:
- N0 stop-rule items — lead cards.
- My F04: protocol pin-split / ratification.

Hmm, what about the G-NUM/N0 area: "N0 node verdict on disk is still revise 3.5 (da7c36071995); no N0 accept at one measured hash exists." My checkpoint-12 established the binding gaps. flash-13's verdict accepts rev3 4.0 but binds the certification (per my F03). Actually wait: my F03 says reviews/flash-13-N0-rev3-verdict.json is the only inspected verdict binding rev3 directly (accept 4.0, counts_as_node_verdict=true). And G-NUM unmet says no N0 accept at one measured hash. Maybe flash-13's verdict is not full-schema or is authored by the module author (conflict disclosed F-06). So N0 still lacks a clean independent accept.

Given that N0 is my deepest area and I have a verified instrument (check_n0_binding.py), a genuinely valuable bounded task: **issue a full-schema independent N0 review at the measured rev3 hash** — but is N0's evidence sufficient for accept? The evidence chain: 4-rung fixed-dt certification, order 2.0, controls, replication. My audit F01 said positive: LSQ reproduces exactly. The blockers: registration gap (process, R2-1), supersession semantics (R2-2), stop-rule binding gaps (my F02), protocol pin-split (my F04).

Wait, actually let me re-check: are stop-rule items still open? The audit lead's N0 review says "stop-rule items closed" but controller G-NUM unmet says stop-rule items open pending lead cards. Hmm, conflicting. And the "N0 node verdict is revise 3.5". The controller wants the lead cards at 02:30/03:00.

A worker-level full-schema N0 review could be the "independent verdict at the frozen hash" that the lead's astra-life04-n0-verify card wants. But that card is assigned to astra-lead-audit itself (who already issued a revise). An independent non-author full accept would change the picture. My prior checkpoint says "EVIDENCE_CHAIN_SOUND_WITH_LABEL_BINDING_GAP_AND_OPEN_CONTROLLER_ACTIONS" — i.e., the evidence is sound but labels/bindings have gaps and controller actions are open. A full accept would have to either ignore those gaps or treat them as non-blocking.

Hmm. Risky. The swarm is careful about not over-claiming. A revise verdict from me would duplicate the audit lead's.

Let me instead look for a task with clear falsifiable mechanical content that nobody has done and that directly helps a gate. Options:

(A) CF-33 containment scan is taken (worker-093).
(B) The `reviews/G-NUM-protocol-review.json` has the wrong self-hash (my F05): "carries the reviewed target's hash instead of the review record's own". This is a PROTOCOL rule 2 violation. Could I repair it? No — canonical write, and I must not.

(C) L1: the locator finding (71/97 search-query locators) has no disposition. That's lead-literature.

(D) N0: "6 reviewed paths absent from runtime/state/artifact_hashes.json" (B-N0-R2-1 registration gap). The controller could register them; worker can't? Let me check who writes runtime/state/artifact_hashes.json. It's a registry. The audit lead's earlier C4 said registration is a controller action. Hmm.

(E) A0: "scope artifact is unverified (astra-life04-verify-a0 + astra-life05-a0-detector-scope, lead-audit, 02:00)". The detector-scope artifact a26be4b85706 carries an independent revise (worker-021): b3 count 1 vs 7, time-snapshot HF-14 total, 194 records overstated. **An independent verification of the detector-scope artifact's b3/HF-03 counts** could adjudicate the divergence. That's audit, mechanical, and class GLOBAL — "class-bound"? The instruction says class-bound; A0 rubric is GLOBAL-ish. Hmm.

(F) The F1 falsifier corpus binding rev12: a bounded task could independently quantify the rebind delta and check whether any corpus row's expectation changes materially at rev13 (i.e., is the stale binding a formal defect only). reviews/F1-rev13-strictness-direction-worker-004.json (01:20:53) may already do this. Let me check it.

Let me read reviews/F1-rev13-strictness-direction-worker-004.json and reviews/W028-F1F2A-INTERNAL-CONSISTENCY-01.json and reviews/heldout10-thirdparty-repl-worker-092.json to see coverage. Then choose.

Actually, time is a consideration: I've spent ~10 minutes. A bounded task should be completable in maybe 20-40 tool calls. Let me pick the task with the best value/effort ratio and least duplication.

Idea: **Independent verification of the F2b rev14 repair spec (worker-020's 2-line repair at :152/:246)**. The audit lead says "2-line repair specified/mutant-tested by worker-020". Was worker-020's spec independently verified? If not, that's a critical-path pre-verification: verify that the candidate repaired bytes (a) remove both carriers, (b) don't introduce new leaks (run F2b acceptance / R03 / classsep), (c) are minimal. Let me check artifacts/worker-020.

Let me look at what worker-020 produced and if any verification exists.
dsh: reasoning:
worker-020's f2b_rev13_repair_spec exists (repair_spec.json, carrier_check.py, report.json, controls.json). Only G-FORM-final-verify-r3.json mentions worker-020 (i.e., no independent verification of the repair spec). And the repair spec is on the critical path for rev14 (due 02:15).

A high-value bounded task: **independent verification of worker-020's F2b rev14 repair spec** — i.e., build my own fail-closed instrument to:
1. Pin the live F2b schema b2ab6acb2bbe and worker-020's repair_spec.json.
2. Reproduce the two carriers at :152/:246 (containment denial; inverted size premise).
3. Apply the specified repair to a sandbox copy (never canonical).
4. Verify both carriers are removed and the repair is minimal (only the specified bytes change).
5. Run available acceptance/leak checks (R03 stage-B audit? classsep? F2b conformance) on the repaired sandbox to check for new violations.
6. Controls: mutations (unchanged bytes → carrier still present; wrong repair direction), drift detection, no-write canary.
7. Emit review JSON + artifact + status + checkpoint.

This is class-bound (AF-SCC-C0-VAC-GEN, F2b, G-FORM), bounded, non-duplicative (no independent verification exists), and on the critical path. It matches exactly the pattern the swarm rewards ("independent verification of a repair candidate before the author folds it").

Risk: worker-020's repair spec might assume a specific repair text. I need to read it. Let me read:
- artifacts/worker-020/f2b_rev13_repair_spec/README.md
- repair_spec.json
- carrier_check.py (to understand the carriers)
- report.json
- the F2b schema at :152 and :246

Also check worker-020's repair spec hash is stable, and whether worker-020's own emission is in events (so it's an accepted artifact I can verify).

Let me read these files now. Note that some are mode 600 owned by guoshaoyang — I am guoshaoyang presumably, so readable.

Wait — sandbox: I should verify I can write to workspace (workspace-write mode) — yes.

Let me look.
dsh: reasoning:
worker-020's repair spec is thorough: 35/35 checks, 8/8 controls, candidate sha256 6aaff1633faf. But no independent verification exists.

However — is this the best task? Its falsifier includes "if a third blocking carrier is found that this census missed". An independent verification could add value by:
- Reproducing the carriers at live bytes with my own instrument (not importing worker-020's code).
- Verifying the candidate patch sha256 by applying the specified replacements to the live file independently.
- Checking the patched candidate against *multiple* independent checks: (a) the sibling consistency (F2a/F1), (b) the stage-B R03 auditor, (c) the acceptance/leak corpus (run_acceptance.py), (d) worker-006's heldout corpus, (e) classsep probe.
- Checking for a third carrier: scan the whole file for other assertions contradicting the implication_ledger chain (e.g., grep "larger", "no containment", etc.).

This is genuinely valuable: if the patch candidate clears R03 and the leak corpus, the rev14 repair becomes much safer. If it doesn't, we find out before the owner lands it. And it's a bounded, read-only task with a clean falsifier.

But there's a risk of duplicating worker-006's r03scope work (W006-R03-SCOPE-01: "cand_r03v2 is the only candidate that..."). Hmm — "cand_r03v2" might be exactly the R03 binder candidate. Let me check what W006-R03-SCOPE-01 concluded and whether it evaluated the F2b patch candidate. Let me read reviews/... for worker-006's latest review or artifacts/worker-006/r03scope. If worker-006's scope task already covers the patched candidate vs R03, then I'd choose a different angle.

Let me quickly check the r03scope and r03headtohead dirs.
dsh: reasoning:
The find returned nothing for those dirs — maybe they contain subdirs but no files at maxdepth 2? Odd. Let me list them directly.
dsh: reasoning:
Interesting! The `artifacts/worker-006/` directory listing changed: earlier it showed many dirs (r03scope, r03v2, etc.) and files (spec_conformance_audit.py etc.), now it shows only l0_review and l1_spotcheck with total 16. This means worker-006's artifacts were *moved or deleted* between my two `ls` calls! Wait, no — the earlier `ls -la artifacts/worker-06/` (note: "worker-06", not "worker-006") showed spec_conformance_audit.py, r03scope, r03v2, etc. I listed `artifacts/worker-06/` — that's a different directory (worker-06 vs worker-006)! And `artifacts/worker-006/` is another worker. OK, mystery solved: two different workers with similar ids.

So the stage-B tree is artifacts/worker-06/. Let me check its r03scope.
dsh: reasoning:
worker-06 is actively on R03 scope (02:21 updated). So R03 work is covered.

Let me now decide. I think the F2b repair-spec independent verification is the best fit:
- No independent verification of worker-020's repair spec exists (only the audit lead cites it).
- It's on the rev14 critical path (due 02:15).
- I can add value beyond mere reproduction: verify the candidate against the leak corpus/R03/classsep and scan for a third carrier, all at pinned bytes, read-only.
- Class-bound: AF-SCC-C0-VAC-GEN / F2b / G-FORM.
- Bounded: two files, deterministic.

Wait — one concern: is a "repair spec verification" really a *class-bound task* in the intended sense? Yes: node F2b, class AF-SCC-C0-VAC-GEN, gate G-FORM. Same shape as worker-090's verify of worker-047's containment instrument.

Let me now plan the work concretely:

Task id: W067-F2B-REPAIRSPEC-VERIFY-01
Node: F2b; class: AF-SCC-C0-VAC-GEN; gate: G-FORM.

Steps:
1. Pin live hashes: schemas/af_scc_c0_vacuum.yaml, artifacts/formulation/schemas/af_scc_c0_vacuum.yaml, artifacts/formulation/FROZEN.json, artifacts/worker-020/f2b_rev13_repair_spec/{repair_spec.json,report.json,controls.json,carrier_check.py,patched_candidate/...}.
2. Build my own stdlib-only instrument `check_f2b_repairspec.py`:
   - Verify pins (fail-closed exit 2 on drift).
   - Locate CARRIER-A/B sentinels at the cited lines (by line number and by field path via YAML parse).
   - Independently apply the two old→new replacements to the live file; confirm resulting sha256 == worker-020's candidate 6aaff1633faf...
   - Verify minimality: exactly 2 changed lines, no other byte changes (masked tree equal).
   - Verify both carriers are absent in the candidate by field path and text scan.
   - Third-carrier scan: independent sentinel scan for direction/containment contradictions, e.g. any occurrence of "strictly larger" / "No containment" / "not contained" / "contains" in the C0 file; check each against the ledger chain. Report count.
   - Cross-checks on candidate:
     (a) check_class_schema.py (pinned 000e09e4) → pass expected (also pass on defective: blindness reproduced).
     (b) stage-B: spec_conformance_audit.py on candidate? Need to know how it's invoked on a schema — `python3 spec_conformance_audit.py SCHEMA --spec artifacts/formulation/rule_spec.json --expect-class AF-SCC-C0-VAC-GEN`. Since candidate is a C0 schema, run it and see whether it accepts. Note R03 binder defect is about F1 d9cebb9404b2; for C0 maybe different rules. Let me test on live first.
     (c) leak corpus: run_acceptance.py? It runs against live canonical paths; I must not let it write. Worker-097 built run_repro.py that sandboxes; maybe I can reuse the approach but write my own. Actually run_acceptance.py may write outputs. Risky. I could run it in a sandbox copy (copy the repo paths into a temp dir under /tmp or artifacts/worker-067/...). Worker-097's approach: build a sandbox with live canonical C0 and run tools with cwd in sandbox. That's feasible but costly. Alternatively, run worker-06's spec_conformance_audit.py against the candidate directly — it takes SCHEMA path argument (read-only, writes --json OUT only if given). That's a strong independent check.
     (d) classsep probe: research_map/class_separation.py — but detector is frozen (CF-29) and writes might be disallowed; and it's for detector-of-record, not schema. Skip; note as out of scope.
   - Controls: 
     C1: mutate one old string in a sandbox copy → replacement no longer applies → instrument must flag.
     C2: replace "strictly larger" with "strictly weaker" wrong-direction candidate → carrier-B check should still flag the inversion? Hmm. Better: C2 = apply only one of the two replacements → candidate hash differs and carriers residual detected.
     C3: swap the two replacements' order vs simultaneous → same result (idempotence/commutativity).
     C4: pin drift detection (mutate expected hash in-memory → fail-closed).
     C5: no-write canary: hash all canonical inputs before/after; unchanged.
     C6: YAML parse equality: masked tree equal (load both, compare recursively).
     C7: line-number drift: assert carriers at cited lines (152, 246) and sentinel positions.
   - Two-run determinism.
3. Run, collect results.
4. Write artifacts:
   - artifacts/worker-067/f2b_repairspec_verify/check_f2b_repairspec.py
   - .../report.json (measurements, checks, controls)
   - .../README.md
   - .../MANIFEST.json or SHA256SUMS
5. Write reviews/F2b-repairspec-verify-067.json — a review record with review_id, event ids, class_id, gate, target, verdict (accept/revise), score, findings, hard_failures, falsifier, evidence_refs with hash prefixes, authority note.
6. Write comms/outbox/worker-067.jsonl — artifact, review, claim, status events (valid JSON lines).
7. Checkpoint: runtime/state/worker-067_checkpoint_13.json + append to runtime/state/worker-067_checkpoints.jsonl.
8. Optionally run `python3 research_map/comms.py ingest`? That's the controller's command; PROTOCOL says accepted stream written by `research_map/comms.py ingest` only. Other workers seem to write comms/outbox/<agent>.jsonl and then the controller ingests. I'll write outbox lines only (workers may write upward channel). I should not run ingest (controller does). Actually, worker-097's events appeared in research_map/events.jsonl, which means someone ran ingest — maybe the controller periodically. To be safe, write outbox; do not run ingest (avoid double-ingest). Hmm, but the task says "emit valid JSON with IDs evidence hash falsifier, checkpoint, then exit" — writing outbox is the upward channel. Good.

But first, let me verify the current live state: are the F2b bytes still b2ab6acb2bbe? rev14 may have landed... At 01:22 the gate said bytes move at rev14; current time ~01:25. Let me check hashes now. Also check whether worker-020's repair spec was already verified by someone in the last minutes (check reviews/ newest).

Also double-check F2b schema lines 152/246 content.

Let me proceed: read the live F2b file around lines 140-160 and 235-255, and compute hashes.
dsh: reasoning:
Live pins match. Good. Note that the carrier-A line contains more text than just the sentinel: "H2_loc (locally square-integrable curvature) is a distinct regularity-axis value phrased in terms of CURVATURE, not metric differentiability. No containment with C2 or C0 is asserted here; the informal phrase ..." — the repair replaces the substring "No containment with C2 or C0 is asserted here" within that longer string. That's fine.

Note interesting: the same file at line 154 says "the implication runs C0 => C2 only (see implication_ledger)" — consistent.

Now let me think again about the task choice. Actually, wait. I should reconsider one thing: the audit lead's G-FORM-final-verify-r3 says the F2b repair is "2-line repair specified/mutant-tested by worker-020". The rev14 is due 02:15. My verification would be most useful *now*. Good.

However, there's a subtlety: is a repair-spec verification a "review" that counts? It can't count as a full-schema verdict. It's an independent verification of a worker artifact. Verdict accept/revise plus findings. That's fine and valuable.

Alternatively, I could do something with even higher leverage: an independent *third* instrument for the F2b rev14 candidate quality: verify the candidate passes the *held-out leak corpus* (run_acceptance.py) and worker-06's R03 scope corpus. But running run_acceptance.py needs sandboxing to avoid writing canonical outputs. Let me check what run_acceptance.py does — it's the acceptance pipeline. Worker-097 reproduced it in a sandbox. Actually, the strongest independent check for the candidate: does the patch close the leak and does it introduce any *new* failure in the canonical gate (`check_class_schema.py`) and the stage-B auditor (`spec_conformance_audit.py`)? I can run both on the candidate file path directly (read-only), since they take a SCHEMA argument. Let me check check_class_schema.py usage and whether it writes anything.

Let me also examine carrier_check.py to understand worker-020's method (for independence statement: I will not import it; I'll write my own, but I should know what it does to differ methodologically).

Plan the instrument:

`check_f2b_repairspec.py` (stdlib only + yaml):
- PINS dict with expected sha256 for: live canonical C0, mirror C0, FROZEN.json, repair_spec.json, worker-020 candidate, check_class_schema.py, rule_spec.json, F1, F2a, taxonomy. Fail closed (exit 2) if any mismatch, listing all mismatches.
- Load repair_spec.json → get the 2 replacements (old/new) + line numbers 152/246.
- Verify sentinel presence:
  - The old string occurs exactly once in the live text, at the expected line (compute line number by offset).
  - The field path `regularity.must_not_conflate[0]` via yaml.safe_load equals a string containing the old sentinel; same for `implication_ledger.forbidden_transfers[0].reason`.
- Independently construct candidate: apply replacements (assert each old occurs exactly once), write to artifacts/worker-067/.../candidate/... , compute sha256 → must equal worker-020's declared candidate sha256 6aaff163...
- Byte-diff minimality: count changed lines = 2, changed hunks = 2; all other lines identical; masked tree equal (yaml.safe_load both, replace the two target values with a mask token, compare structures).
- Carrier-clear: candidate has neither old sentinel; field paths contain the new text.
- Third-carrier scan: independent scan of the live file for contradiction sentinels:
  - regex for direction words near "extension class": "strictly larger", "strictly smaller", "larger extension", "smaller extension", "no containment", "not contained", "contains", "subset", "superset".
  - classify each occurrence with a small rule: for each candidate sentence, check against the ledger chain orientation. Rather than a full NLP, I'll do a *targeted* scan: any occurrence of "larger" or "smaller" in the file, print with line and field path, and manually inspect in the report? For an automated instrument, check: no remaining occurrence of the exact inversion phrases ("strictly larger extension class", "C2 is a strictly larger", "No containment with C2 or C0 is asserted"). Plus a broader scan listing all lines containing "larger|smaller|contain|subset|superset" with counts, and assert the only containment assertions present are consistent with the ledger chain by checking the chain's own rows.
  
  A cleaner third-carrier check: derive the containment chain from the file's own `one_way_entailments` reasons and check every sentence containing "subset"/"superset"/"larger"/"smaller" for direction agreement via a small parser of the entailment rows: for each `{from, to, reason}` row with "subset", parse "E_X subset of E_Y" tokens and verify; flag any "larger"/"smaller" claim not matching the derived order. That's a genuine independent check.
- Cross-check with the independent stage-B auditor (worker-06 spec_conformance_audit.py) from a *sandbox* root? The auditor locates ROOT = HERE.parent.parent, DEFAULT_SPEC = ROOT/artifacts/formulation/rule_spec.json. If I pass --spec explicitly to the live rule_spec, and SCHEMA = my candidate path, it should work read-only. It might import yaml. Let me check its exit code on live vs candidate. This gives an independent "leak rule" verdict.
  Careful: it might write __pycache__ (that's fine, not canonical). It could also write OUT only with --json; I'll pass --json into my artifact dir.
- Cross-check with canonical gate check_class_schema.py on candidate (pinned). Need its CLI: likely `python3 check_class_schema.py <schema>`. Let me check. Run on live (expect pass, blindness) and candidate (expect pass).
- Controls:
  C1 mutation: change old→different in candidate input copy → instrument detects candidate hash mismatch vs declared (fail-closed).
  C2 single-replacement: apply only CARRIER-A → declared candidate hash mismatch + CARRIER-B residual → flagged.
  C3 wrong-direction replacement (swap "innermost"→"outermost") → text check flags contradiction with chain.
  C4 pin drift: monkey-run with a mutated expected pin → exit 2.
  C5 no-write canary: sha256 of all pinned canonical inputs before/after identical.
  C6 sentinel line shift: construct a copy with an inserted line before 152 → line assertion must fail.
  C7 masking equality: masked tree equal function tested on live vs unrelated file → false.
  C8 determinism: two runs produce identical report payload (except timestamps).
- Report structure: task_id, worker, class_id, node, gate, pins, checks[], controls[], findings[], verdict, falsifier.

Then the review JSON: `reviews/F2b-repairspec-verify-067.json` with verdict accept (if all checks pass) score 4.5, counts_as_full_schema_verdict false, counts_as_independent true, authority note.

And outbox events + checkpoint.

Time budget: this is doable. Let me start by inspecting the tools' CLIs and worker-020's carrier_check.py method summary.

Let me check:
1. check_class_schema.py CLI (tail/argparse).
2. spec_conformance_audit.py CLI (already saw usage: SCHEMA [--spec PATH] [--expect-class CLASS] [--json OUT]).
3. worker-020 carrier_check.py head (method).
4. run_gate_tests.py existence.
dsh: reasoning:
Both tools take a schema path and are read-only (spec auditor writes --json only if asked). 

Now let me set up a todo list and start building. Before writing, let me quickly test the tools on the live schema to know baseline behavior:
- check_class_schema.py live → expect PASS.
- spec_conformance_audit.py live --spec artifacts/formulation/rule_spec.json --expect-class AF-SCC-C0-VAC-GEN → see verdict.

Also run on worker-020's candidate (read-only). That gives me prior evidence for the report. Let me run them now (careful: exit codes non-zero are expected).

Then build my instrument.

Let me create the todo list first.
dsh: reasoning:
Canonical gate passes both (blindness reproduced). Now test the stage-B auditor on live and candidate. Let me run with --json to a temp path first to see output shape (then I'll capture in artifact dir). Actually just run without --json first.
dsh: reasoning:
Both pass exit 0. I need the top-level verdict and full output to compare; I'll capture JSON into my artifact dir in the instrument run.

Now, is this task the best choice? Let me quickly reconsider alternatives one more time, because there's a subtle issue: the F2b carrier census is well-corroborated (6+ reviewers), and worker-020's spec is rigorous. My verification would be a 3rd/4th instrument confirming the same. The *marginal* value: (a) independent confirmation that the exact candidate bytes at 6aaff163 clear R03/stage-B and don't introduce new leaks; (b) third-carrier scan. That's real but incremental.

Alternative with potentially higher marginal value: the F1 corpus rebind (25/25 rows bind rev12 cce9c60146d6). A bounded task: measure whether the rev12→rev13 change altered any corpus row's expected verdict; i.e., quantify what the rebind requires and whether the stale binding is a *material* evidence defect or a hash-labeling defect. reviews/F1-rev13-strictness-direction-worker-004.json appeared at 01:20:53 — let me check if it already covers the corpus. Let me look at worker-004's review quickly, plus artifacts/worker-097/f1_falsifier_exec (might be the corpus execution).

Actually, let me look at reviews/W028-F1F2A-INTERNAL-CONSISTENCY-01.json (worker-028, 01:22:07) too — that might be the corpus.

Hmm. Let me just check quickly. If F1 corpus rebind is uncovered, that might be the higher-value task since it's a named blocker for G-FORM (F1's finding 2: "the FROZEN-pinned F1 falsifier corpus 56bcb4b3234b binds 25/25 rows to the superseded rev12 cce9c60146d6"). A worker could deliver an instrument that (1) pins rev12 and rev13 F1, (2) runs the corpus's own expected outcomes against both, (3) determines row-by-row materiality, and (4) produces the rebind spec for rev14. That is directly actionable for the author and is not covered by worker-004 (which is about strictness direction).

Let me check worker-004 and worker-028 reviews, and artifacts/worker-097/f1_falsifier_exec.
dsh: reasoning:
Interesting: worker-097 has already executed the F1 falsifier suite at pinned bytes (W097-F1-FALSIFIER-EXEC-01) — so the corpus staleness issue may be addressed there. Let me check its report's finding on the rev12 binding (does it rebind to rev13?). The audit lead's blocker says 25/25 rows bind rev12 cce9c60146d6. Worker-097 executed the suite against the *canonical F1 schema* — so it effectively re-binds. That's covered.

OK. So back to the F2b repair-spec verification, which remains uncovered. Let me commit to it. It's bounded, concrete, on the critical path, and no independent verification exists.

Actually, wait. Let me think about the marginal value once more. The rev14 repair is due 02:15; the formulation lead will fold it. What if the lead's repair text differs from worker-020's? My verification of worker-020's candidate still helps: it demonstrates the *class* of repair (correct the two carriers) clears R03 and the leak corpus, and provides a verified candidate. The audit lead's blocker explicitly names worker-020's spec.

Additionally I can add real value by testing the candidate against the *held-out* corpus (worker-06's heldout_corpus or FORM-HELDOUT-10) and the canonical acceptance pipeline if feasible without canonical writes. Let me check how run_acceptance.py is invoked and whether it writes canonical outputs. If it writes artifacts/formulation/evidence/*.json (canonical), I must sandbox it. Worker-097 built a sandbox rebase (run_repro.py). Rather than reuse, I can do a simpler thing: run the stage-B auditor and the canonical gate; plus run worker-06's *heldout* corpus if it has a runner that takes a schema path.

Let me check worker-06's heldout runner CLI: artifacts/worker-06/make_heldout_corpus.py (producer), and maybe a checker. Also "FORM-HELDOUT-10" numbers. Hmm, this could balloon. Keep scope tight:

Checks:
1. Pins (live/mirror/FROZEN/repair_spec/candidate/gates/spec).
2. Sentinels present at cited lines + field paths.
3. Independent patch application reproduces candidate sha256 exactly.
4. Minimality: 2 changed lines, masked tree equal, other lines identical.
5. Candidate clears carriers (both text and field-path).
6. Third-carrier direction scan (derived from the file's own entailment chain): parse `one_way_entailments[*].reason` for "E_X subset of E_Y" to build the order; then scan every string leaf of the C0 doc for "larger"/"smaller"/"innermost"/"outermost" phrases and check agreement; also scan for containment-denial phrases ("no containment", "not asserted", "no WCC <-> SCC transfer" is fine) — flag only claims about C2/C0 containment that contradict the chain. Report all hits with path/line so the owner can see.
7. Independent stage-B (worker-06 spec_conformance_audit.py) verdict on live vs candidate, at pinned rule_spec: both should be the same top-level verdict (pass); candidate must not be worse.
8. Canonical gate (pinned 000e09e4) on live vs candidate: both pass (blindness reproduced).
9. Control mutations: single-replacement, wrong-direction, sentinel-mutation, line-shift, pin-drift, masked-tree inequality, determinism, no-write canary.

Verdict: accept (repair spec verified) with a note that the canonical structural gate is blind, and that the candidate clears the independent stage-B auditor — plus findings if the third-carrier scan yields anything.

For independence: I will not import worker-020's carrier_check.py; I'll write my own instrument (different method: I'll compute my own order derivation from the ledger and my own third-carrier scan). I will read repair_spec.json as data (its old/new strings), which is appropriate — the task is to verify the spec, not to derive it from scratch. But for carrier detection I should independently reproduce the carriers from the live bytes: assert the sentinel text is contradictory with the ledger chain derived by my own parser. Good.

Now let me write the instrument. I need to be careful with:
- YAML load requires PyYAML — available (used by other tools).
- Compute line numbers for string leaves? I'll do text-based line finding for sentinels.
- Masked tree equality: replace the two target values (at field paths) with "__MASK__" in both docs and compare.
- The candidate file: write to artifacts/worker-067/f2b_repairspec_verify/candidate/af_scc_c0_vacuum.yaml (my own copy) and compare sha256 to worker-020's declared candidate (6aaff163...). Also compare byte-equality with worker-020's candidate file.
- No-write canary: hash 8 canonical inputs before/after.

Controls (pre-registered):
K1 single-replacement: apply only A → candidate hash mismatch vs declared; carriers residual = B present → instrument returns FAIL (expected).
K2 wrong-direction: candidate with "outermost (largest)" in B's new text → third-carrier scan fires (expected FAIL).
K3 sentinel mutation: live copy with old text altered → sentinel check fails (expected).
K4 line shift: insert a filler line before 152 → cited-line assertion misses (expected).
K5 pin drift: instrument re-run with mutated expected pin → fail-closed exit 2 (expected). Implement via env var override or a hidden flag `--selftest-pin-drift`? Simpler: a control function that calls pin verification with a corrupted expected dict and asserts a PinError is raised.
K6 masked-tree inequality: masked tree comparison with a different doc (e.g., F2a) → false (fires).
K7 determinism: two full runs → equal payload after stripping generated_at.
K8 no-write canary: before/after hashes of canonical inputs identical (and exit code / mtimes?)

Also, one important check: does the candidate introduce *new* stage-B rule failures? Capture full stage-B JSON for live and candidate and diff rule verdicts. I'll run the auditor with --json to my scratch dir.

Let me now write the script. I'll write it in one go, carefully. It's long but manageable.

Design the report payload:

{
 "task_id": "W067-F2B-REPAIRSPEC-VERIFY-01",
 "worker": "worker-067",
 "schema": "worker-067/f2b-repairspec-verify/v1",
 "generated_at": "...",
 "node_id": "F2b", "class_id": "AF-SCC-C0-VAC-GEN", "gate": "G-FORM",
 "target": {...},
 "pins": {path: {expected, measured, match}},
 "checks": [ {id, claim, pass, detail} ],
 "controls": [ {id, name, expected, observed, pass} ],
 "carriers": {...},
 "third_carrier_scan": {...},
 "cross_gates": {canonical_gate: {live:..., candidate:...}, stage_b: {live:..., candidate:...}},
 "findings": [...],
 "verdict": "ACCEPT_REPAIR_SPEC_...",
 "falsifier": "...",
 "canonical_writes": 0,
 "no_write_canary": {...}
}

Exit code: 0 if all checks & controls pass; 2 on pin drift/no-write violation; 1 otherwise.

Let me write it now. I'll use pathlib, hashlib, json, subprocess, sys, re, yaml.

Regarding running subprocess tools: run with cwd=ROOT, capture stdout/stderr, and parse JSON. For stage-B the JSON output goes to stdout when --json is... wait, SCA's `--json` takes a PATH (OUT). Let me check: `ap.add_argument("--json")` and in main: rep = audit_file(...); then probably if a.json: write. Let me check lines 629-660 to be precise.
dsh: reasoning:
The scan found exactly the two known carriers as direction-bearing strings. Good — a third-carrier scan can be systematic.

Also the stage-B `--json PATH` writes the full rep; stdout prints rep minus checks. Exit 0 when verdict == "accept". Note: live exit was 0, so verdict is "accept" (not "pass"). Good.

Now let me also parse the entailment chain independently:
- `implication_ledger.one_way_entailments` rows: reason strings contain "E_X subset of E_Y". I'll extract pairs (X ⊆ Y) from reasons matching `E_(\S+) subset of E_(\S+)`, build a DAG, then compute the ordering and check consistency. Also `extension_class_containment` field if present.

Let me look at the full implication_ledger keys and the containment chain to write the scan correctly.
dsh: reasoning:
Now I have everything to write the instrument. Let me define the independent order derivation:

From `extension_class_containment` text: "E_C0 contains E_H2loc contains E_{C^1,1} contains E_C2" → chain [C0, H2loc, C^1,1, C2] from largest to smallest set.
From `one_way_entailments` reasons: extract "E_X subset of E_Y" pairs → X ⊆ Y.
Build: containment_edges = {(X,Y)} meaning X ⊆ Y (X smaller/innermost). Derive transitive closure + rank. Check the declared chain is consistent with edges.

Third-carrier scan rules (independent, textual):
For every string leaf, find sentences/clauses containing direction tokens:
- "larger" / "smaller" / "innermost" / "outermost" / "strictly weaker" / "strictly stronger" / "contains" / "subset" / "superset" / "no containment".
For each hit, classify:
  - If it's in a field path that is a "mention container" (anti_scope, phrases_that_are_not_this_class, forbidden_strengthenings, revision_history, unresolved_items) → MENTION (not a carrier) — but I must be careful: `regularity.must_not_conflate[0]` is an assertion path (it's a normative list), which is why it's a carrier. So classification by path prefix is part of the check.
  - Else if the clause asserts a direction, compare against derived order:
    * pattern "E_A contains E_B" → A ⊇ B (B ⊆ A); consistent iff rank(B) >= rank(A) (with rank increasing for larger sets).
    * pattern "E_A subset of E_B" → A ⊆ B; consistent iff rank(A) <= rank(B).
    * "X is a strictly larger extension class" → the set named X (C2) must be larger than this class (C0) → C2 ⊇ C0; inconsistent because C2 ⊆ C0.
    * "X is a strictly smaller extension class" → consistent.
    * "innermost (smallest)" for C2 → consistent; "outermost" for C2 → inconsistent.
    * "strictly weaker" for C2-inextendibility → consistent (smaller set ⇒ weaker statement); "strictly stronger" for C2 → inconsistent.
    * bare denial "No containment with C2 or C0 is asserted here" while the ledger asserts containment → inconsistent.
For robustness, I'll hardcode the derived orientation facts (C2 is innermost/smallest, C0 outermost/largest) — derived from the edges via my own parse, then use them. I'll implement a small set of regex rules and record each hit with path, line, clause, classification, and pass/fail. No third carrier should remain in the candidate (except mentions in history/anti_scope, which I'll count separately and list).

Important: `regularity.must_not_conflate[0]` in the *candidate* becomes a corrected assertion; fine. But the candidate text "The extension sets ARE nested: E_C2 subset of E_{C^1,1} subset of E_H2loc subset of E_C0 ... while this C0 class remains the strongest" — my scanner should classify that as consistent (E_C2 subset ... ; C0 strongest). Good.

Potential false positives: `[R2 major: ...]` in the containment field mentions "incomparable" — that's a mention of a past revision. `revision_history` mentions. `unresolved_items` may say "no containment ..."? Let me check all hits in the candidate to ensure my scanner's classification is sensible. I'll scan live and candidate, print all hits.

Also careful: `must_not_conflate[0]` corrected text says "H2_loc ... is a distinct regularity-axis value ... The extension sets ARE nested: ...". The old denial is replaced. Good.

Now, the "minimality" check: 2 changed lines. Note the carrier-A line is long and the replacement is in the middle; the line changes. Carrier-B line changes. diff count = 2 lines. I'll use difflib to count changed lines and hunks (should be 2 and 2). Worker-020's report says 2 changed lines / 2 hunks.

Masked tree equality: load both docs; set `regularity.must_not_conflate[0]` and `implication_ledger.forbidden_transfers[0].reason` to "__MASK__"; compare `==`. Also the candidate's YAML *parse* must yield the new strings at those paths.

Also verify the declared "old" strings occur exactly once in the live text (byte-level, not line-wise) — with count assertions.

Additional check: candidate must not alter any other *semantic* field: I'll compute a recursive diff of all leaves and assert exactly the 2 leaf paths changed.

Cross-gate comparison: run stage-B on live and candidate at the pinned rule_spec; capture full JSON to my scratch; compare top-level verdict, failed rules, and per-rule verdicts. Assert candidate has no rule worse than live (same or better). Also canonical gate on both.

Controls:
K1 single-replacement → candidate sha != declared; carrier-B residual detected → expect instrument's check 3 to FAIL and check 5 to find residual. I'll implement control by calling a function `build_candidate(text, specs_subset)` then running carrier residual detection; assert residual found and hash mismatch.
K2 wrong-direction candidate (replace new-B text orientation) → third-carrier scan finds >=1 inconsistent assertion; assert.
K3 sentinel mutation: alter old-A text in a copy → builder raises (old not found exactly once); assert exception.
K4 line shift: insert a line at the top of a copy → cited-line assertions fail; assert.
K5 pin drift: call verify_pins with mutated expected → raises PinError; assert.
K6 masked-tree inequality: masked tree compare live vs F2a → not equal; assert.
K7 determinism: run the full measurement suite twice (in-process) → payloads equal after removing timestamps; assert.
K8 no-write canary: hashes of the 10 canonical inputs before/after the whole run → identical; assert.

Exit codes: 0 all pass; 2 if pin drift or no-write violation; 1 if any check/control fails.

Report writes to artifacts/worker-067/f2b_repairspec_verify/report.json and a run log.

Two-run byte-identical: since timestamps differ, "payload stable" = report minus generated_at. I'll run the checker twice externally and compare.

Let me now write the script. I'll keep it focused and ~350 lines.

I also need to double check: is `schemas/af_scc_c0_vacuum.yaml` the same as mirror? yes.

Pins list:
- schemas/af_scc_c0_vacuum.yaml : b2ab6acb2bbe7f86903e4d41082a4aa4ff19149d5d6fc7206aad5aa861b4501c
- artifacts/formulation/schemas/af_scc_c0_vacuum.yaml : same
- artifacts/formulation/FROZEN.json : 815e08079aefbc168f156d7c15b304aaa3df7674bbd591aa4ec9195bc5188ae0
- artifacts/worker-020/f2b_rev13_repair_spec/repair_spec.json : 179f8f993ddea82595fd0e4c439e8ecc822f35fb884edb256e1a0a49bfb2f7ba
- artifacts/worker-020/f2b_rev13_repair_spec/patched_candidate/schemas/af_scc_c0_vacuum.yaml : 6aaff1633faf9313bbf4927fe8655781cf537ee211c412a7b18d78f03322aebf
- artifacts/worker-06/spec_conformance_audit.py : need current hash. worker-097 cited c79d8ab8440ac6738bb61df5a33e9fd5f8319b4e74e1f2e9c0fc5083fb408cec. Let me verify + also rule_spec.json 40f9bb9e657b2c6b0cce04a9c05e9cdbf18083669060727a8e31d83031f5901e (from manifest). And check_class_schema.py 000e09e46b2fb4abc047c21e99165cbc55692f3132744fb27e84645609263aff.
- Also pin worker-020's report.json/controls.json for cross-reference: report.json 50d08f625ab8dbe26c21778c8788da39871b393f67bc86a8015234233a048dae; controls.json 6e7dc402e3ca47f69dca16907d9a2c1a9da34c47a2bf73e74def1a11baafb337.

But note: worker-06's spec_conformance_audit.py may be modified mid-run (R03 work active). If it drifts, my instrument fails closed — good. I pin it.

Let me compute current hashes for all pins to make sure they're current right now.
dsh: reasoning:
All pins match the manifests. Now write the instrument. Let me write the file with the write tool.

Key implementation details:

```python
#!/usr/bin/env python3
"""W067-F2B-REPAIRSPEC-VERIFY-01 ..."""
```

I'll structure:

- ROOT = Path(__file__).resolve().parents[3]  # artifacts/worker-067/f2b_repairspec_verify/check.py -> parents: [f2b_repairspec_verify, worker-067, artifacts, root]; so parents[3] = root. Let me verify: Path('/data3/.../ai4math-swarm/artifacts/worker-067/f2b_repairspec_verify/check.py').parents[0]=f2b_repairspec_verify, [1]=worker-067, [2]=artifacts, [3]=ai4math-swarm. Yes.
- ART = parent.
- PINS: dict path -> sha256.
- CITED_LINES = {A:152, B:246}
- FIELD_A = ('regularity','must_not_conflate',0); FIELD_B=('implication_ledger','forbidden_transfers',0,'reason')
- verify_pins() raises PinDrift.
- sentinel check: text.count(old)==1 and line number of the occurrence.
- build_candidate: apply only chosen replacements in order; each must occur exactly once.
- leaf_diff(before, after) -> list of (path, old, new).
- masked_tree_equal.
- derive_order(doc): parse `extension_class_containment` chain with regex "E_(\{[^}]+\}|[A-Za-z0-9^,]+) contains E_(...)" and one_way_entailments reasons "E_(\S+) subset of E_(\S+)".
  Ranks: map X -> position in chain (0 = largest set E_C0 ...). Let me define set_size_rank: E_C0 largest, E_H2loc, E_{C^1,1}, E_C2 smallest. So rank by index in chain: C0=0, H2loc=1, C^1,1=2, C2=3. "smaller set" means larger rank.
  Check edges consistent: for (X,Y) in subset_edges: rank(X) >= rank(Y) (X smaller or equal).
- direction_scan(doc, text): iterate leaves with paths; for each string, split into clauses by ';' and '.'; apply regex rules; classify. MENTION_PATHS prefixes: 'anti_scope', 'class_identity_variants', 'revision_history', 'unresolved_items', 'known_status', 'provenance', 'l1_ledger_refs', 'falsifier', 'class_contract_pointer', 'scope_statement'? Hmm — careful. The previous denial was in `regularity.must_not_conflate[0]` which is normative. Mentions in `anti_scope`/`class_identity_variants`/`revision_history` should be exempt. `unresolved_items` may contain an open question — exempt. Do not exempt scope_statement/falsifier.
  Rules:
    R1: r"\bE_([A-Za-z0-9^{},^\\]+)\s+contains\s+E_..." → for each pair: consistent iff rank(LHS) <= rank(RHS).
    R2: r"\bE_(\S+)\s+subset of\s+E_(\S+)" → consistent iff rank(LHS) >= rank(RHS).
    R3: r"(C2|C0|H2_loc)\s+is\s+(?:a\s+)?strictly\s+(larger|smaller)\s+extension class" → larger: for the subject class S vs "this class"(C0): consistent iff set S is larger than C0 i.e. rank(S) < rank(this=C0)? rank(C0)=0, so smaller rank = larger set. "C2 is a strictly larger extension class" → rank(C2)=3 > rank(C0)=0 → NOT larger → inconsistent.
    R4: r"innermost|outermost" near "E_C2"/"C2" → innermost for C2 consistent; outermost inconsistent. Similarly for C0.
    R5: r"No containment with (.+?) is asserted" → inconsistent if the named classes are in the chain (containment IS asserted), unless in anti_scope/history.
    R6: "strictly weaker"/"strictly stronger" for C2-inextendibility: weaker is consistent (C2's statement weaker), stronger inconsistent.
  I'll implement R1/R2/R3/R4/R5/R6 and report hits with classification: consistent / inconsistent / mention.
  To limit false positives, only apply to strings in "assertion paths" — normative fields — and mark mentions separately.

- Cross gates: run subprocess for canonical gate (--json) and stage-B (--json to scratch path), parse.
- Controls as described.
- Determinism: measurement_payload() returns dict without generated_at; call twice.
- No-write canary: measure PINS canonical subset before/after.

Canonical write guard: instrument must never write outside ART. I'll assert that candidate writes go to ART/'candidate'.

Let me write it. I'll make the code robust and self-contained.

One more check: the repair_spec's `new` strings. I should use the spec's strings as data but validate them independently: 
- For CARRIER-A: new text must contain "E_C2 subset of E_{C^1,1} subset of E_H2loc subset of E_C0" (chain orientation) and must not contain the old denial.
- For CARRIER-B: new text must say E_C2 is innermost/smallest and C2-inextendibility weaker; must not contain "larger".
I'll add check 5b: spec new-text direction consistency via the same scanner.

Also spec_hash consistency: repair_spec.json contains target sha256 == live; check that. And old/new strings are non-empty and differ.

Now write.
dsh: reasoning:
Now run it. Expect issues to fix (e.g., chain regex, scanner false positives). Let me run.
dsh: reasoning:
`direction_scan` returns (order, findings); I wrote `scan_cand = direction_scan(cand_doc)` but it returns a tuple. Same for scan_live — wait, C04 used `order, scan_live = direction_scan(live_doc)`. But later `scan_cand = direction_scan(cand_doc)` — bug. Fix: `_, scan_cand = direction_scan(cand_doc)`. Also K2 uses `wscan = direction_scan(wdoc)` → should be `_, wscan = ...`.
dsh: reasoning:
Good progress: 7/11 checks, 8/8 controls. Candidate hash reproduces exactly. Need to see which checks failed. Let me print the failed checks with details.
dsh: reasoning:
Two issues to fix:

1. **Leaf path prefix bug**: changed_leaf_paths start with "." — my `leaf_diff` starts with prefix="" and does f"{prefix}.{k}" producing ".implication_ledger...". The FIELD paths I compare against are "implication_ledger.forbidden_transfers[0].reason" (no leading dot). Fix leaf_diff to handle empty prefix.

2. **must_not_conflate[1] classification**: The text is "a distributional-vacuum C0 extension is a strictly weaker statement (fewer allowed extensions)". My regex `\b(C2|C0|H2_loc)\b[^.]*\bstrictly\s+(weaker|stronger)\b` matches "C0 extension is a strictly weaker" and classifies: C0 rank=0 (largest set) → for rank 0, "stronger" is consistent, "weaker" is inconsistent per my rule. But the sentence is about a *distributional-vacuum* C0 extension being a weaker statement than a C0 metric extension — not about the C0 class relative to C2. My regex is too crude: it fires on C0 mentions generally.

This is a false positive in my scanner, not a real carrier (worker-028/066 etc. already established must_not_conflate[1] is not a defect). I need a more precise rule for strength claims: only fire when the clause explicitly compares classes or mentions the extension-class chain, e.g. contains "extension class", "C2-inextendibility", "than", "sibling", "this class". Let me refine:
- strength-claim rule: `\b(C2|C0|H2_loc)\b[^.]*?\b(strictly\s+)?(weaker|stronger)\b` AND clause must contain one of ("extension class", "inextendibility", "sibling", "this class", "than the C2", "than the C0", "E_C2", "E_C0", "E_H2loc") OR compare two class tokens. Simpler: require the clause to contain "inextendibility" or "extension class" or "E_C2"/"E_C0"/"E_H2loc".
  - "C2 is a strictly larger extension class, so C2-inextendibility is strictly weaker" → contains "extension class" and "inextendibility" → fires (correctly, as a size-claim R3 and strength-claim).
  - "a distributional-vacuum C0 extension is a strictly weaker statement (fewer allowed extensions)" → does it contain any? "extension" but not "extension class"/"inextendibility"/E_ tokens → no fire. Good.
  - The repaired text A: "The extension sets ARE nested: E_C2 subset of ... while this C0 class remains the strongest" → contains E_ tokens, so R6 could fire on "C0 class remains the strongest": rank(C0)=0 → strongest is consistent. Good.
  - The repaired text B: "E_C2 is the innermost (smallest) extension set ... so C2-inextendibility is strictly weaker than this class's C0-inextendibility and does not establish it" → contains E_C2 and "inextendibility" → strength claim for C2: weaker → consistent. Good.

Also the "position-claim" rule: `\b(C2|C0|H2_loc)\b[^.]*\b(innermost|outermost)\b` — candidate B says "E_C2 is the innermost (smallest) extension set" → token "C2" matches within "E_C2"? `\b(C2|...)\b` — "E_C2" has word boundary before C? "E_C2": between "_" and "C" there's no word boundary ("_" is a word char), so `\bC2\b` won't match inside E_C2. Hmm, in candidate A text: "E_C2 subset of ..." no C2 token. Fine.

But wait: my C08 requires for both carriers `hits` where clause in new and consistent — CARRIER-A has an exemption `or cid == "CARRIER-A"`, so fine.

3. **C05 live carriers**: once the false positive is fixed, live carriers should be exactly the two paths.

4. **C07 changed_lines = 4**: difflib counted 4 changed lines instead of 2. Why? Because I used unified_diff with n=0, and if a changed line is counted twice? Let's see: 2 removed + 2 added = 4 lines starting with +/-. Worker-020 said "2 changed lines / 2 hunks" meaning 2 modified lines (1 removed+1 added each). So my check should count *hunks* = 2, or count removed lines = 2 and added = 2. Fix: count `-` lines (excluding ---) == 2 and `+` lines == 2, and hunks == 2. I'll change the claim to "2 hunks / 2 removed / 2 added lines".

Let me also verify that the mask equality passes (it probably did; the failure was due to changed_leaf paths + changed_lines). Let me fix these three things.

Also note the prefix bug affects C07's comparison only. Let me fix leaf_diff prefix.

Let me make the edits.
dsh: reasoning:
Two remaining issues:

1. **C05**: live carriers now only `regularity.must_not_conflate[0]`. CARRIER-B ("C2 is a strictly larger extension class, so C2-inextendibility is strictly weaker") — my size-claim rule `\b(C2|C0|H2_loc)\s+is\s+(?:a\s+)?strictly\s+(larger|smaller)\s+extension class` should match "C2 is a strictly larger extension class". Why didn't it classify as carrier? Let me debug: maybe the clause splitting by `[;.]` splits on the "." in... no. Wait, the text is `C2 is a strictly larger extension class, so C2-inextendibility is strictly weaker`. My R3 regex: `\b(C2|C0|H2_loc)\s+is\s+(?:a\s+)?strictly\s+(larger|smaller)\s+extension class` — this matches "C2 is a strictly larger extension class". tok.get("C2") = 3. ok = (r > 0) if larger → True! I defined rank semantics as larger rank = smaller set, so "larger" should be inconsistent for C2 (rank 3). My condition is wrong: for direction "larger", the claim is consistent if the class is *larger* than the reference (C0, rank 0) → rank(cls) < rank(C0) → r < 0 — impossible except... so "larger" should be ok iff r == 0? Actually the claim "C2 is a strictly larger extension class" implicitly compares C2 to this class C0. Since rank(C0)=0 is largest, any other class claiming "larger" is inconsistent. So: ok_larger = (r == 0), ok_smaller = (r > 0). I had `ok = (r > 0) if direction == "larger" else (r < 0)` — both wrong. Fix: 
   - larger → consistent iff r == rank of this class = 0 (or more generally, iff no smaller rank exists, i.e., r == min(rank.values())).
   - smaller → consistent iff r > min rank.
   
   Then why was CARRIER-B flagged in the earlier run? Because the strength-claim rule matched "C2-inextendibility is strictly weaker" with class_ctx? Earlier version had no class_ctx; strength for C2 weaker was deemed consistent though... Hmm, in the earlier run C05 listed both paths but the detail only showed carrier_paths; maybe CARRIER-B was flagged by the size-claim with the old (wrong) formula: `ok = (r > 0)` for "larger" → r=3 > 0 → True (consistent) — so it should NOT have flagged. Wait, earlier (first run) C08 showed candidate_carriers = [must_not_conflate[1]] and C09 third_carriers = must_not_conflate[1]. The first C05 failure detail showed carrier_paths [0,1] — path 1 was the strength false positive, path 0 was carrier A. So CARRIER-B was never flagged by the scanner! It was only detected via the sentinel-residual check (C08 residual) and spec text. That's a gap: my scanner's size-claim rule was wrongly oriented, marking the inversion as consistent.

   Fix the size-claim orientation as above, and also the strength-claim orientation: "C2-inextendibility is strictly weaker" is *correct* in isolation (C2 statement weaker because set smaller). But combined with "strictly larger", the inverted premise is the defect. My R3 fix will catch it.

2. **C07**: all metrics correct (2 hunks, 2 removed, 2 added, correct leaf paths) but the check still fails → so `masked_tree_equal(live_doc, cand_doc, [FIELD_A, FIELD_B])` is False. Why? Because masking sets the values to "__MASK__" but the two docs differ in those paths — after masking they should be equal. Unless... `FIELD_A` = ("regularity","must_not_conflate",0) and set_path with a list index works; FIELD_B works. Hmm, wait: maybe the candidate was parsed from `built` which is fine. Let me debug directly. Possibly masked_tree_equal fails because `copy.deepcopy` + comparison of docs — the docs should be equal. Let me test.

Actually! I bet the issue is the YAML document contains non-string keys or ordering? No, dict equality is order-insensitive. Let me debug: compute leaf_diff(live_masked, cand_masked).
dsh: reasoning:
Interesting — `masked_tree_equal` returns True in isolation. So why did C07 fail? Because in the check I compute:

```python
chk("C07-minimality",
    "...",
    len(diffs) == 2 and {d[0] for d in diffs} == {...}
    and n_hunks == 2 and n_removed == 2 and n_added == 2
    and masked_tree_equal(live_doc, cand_doc, [FIELD_A, FIELD_B]),
    {...})
```

Wait — `masked_tree_equal` mutates via deepcopy, so no. Hmm, but the reported detail shows hunks=2, removed=2, added=2, changed_leaf_paths correct. So the failing term must be `{d[0] for d in diffs} == {"regularity.must_not_conflate[0]", "implication_ledger.forbidden_transfers[0].reason"}` — the set comparison! `".".join(map(str, FIELD_A))` = "regularity.must_not_conflate.0" (because FIELD_A = ("regularity","must_not_conflate",0) → join → "regularity.must_not_conflate.0"), but leaf_diff yields "regularity.must_not_conflate[0]". Yes! That's the bug. Also in C08/C09 I compare paths with `".".join(map(str, FIELD_A))` — same mismatch. Fix: create `FIELD_A_STR = "regularity.must_not_conflate[0]"` and `FIELD_B_STR = "implication_ledger.forbidden_transfers[0].reason"` and use those.

And fix size-claim orientation:
```python
minrank = min(rank.values())
ok = (r == minrank) if direction == "larger" else (r > minrank)
```

Let me patch.
dsh: reasoning:
11/11 checks, 8/8 controls, exit 0. Now let me inspect the full report carefully to make sure the results are meaningful and there are no silent errors:

1. Check the live scan findings: should show CARRIER-A (containment-denial) and CARRIER-B (size-claim) as carriers, plus consistent findings.
2. Check candidate scan findings.
3. Check K controls all pass with meaningful observations.
4. Check cross-instrument results.

Let me print key parts.
dsh: reasoning:
Excellent. The instrument is working well. Note:
- K2's observed paths include both the injected wrong-direction clause at FIELD_B AND must_not_conflate[0] (unpatched CARRIER-A), which is correct since K2 only replaces B.
- The scanner found CARRIER-A as containment-denial and CARRIER-B as size-claim; also an `ok` strength-claim on the same B line ("C2-inextendibility is strictly weaker" is consistent in isolation) — good nuance to report: the isolated strength claim is right, the premise ("strictly larger") is inverted.

Now, one thing to double check for rigor: my "size-claim" consistency rule treats "larger" as consistent only for the outermost class (C0). That's a reasonable formalization given the schema's chain. Also the "strength-claim" rule: for C0 (rank 0) weaker → inconsistent; for C2/H2loc weaker → consistent. And `non_vacuity.c0_specific_note` "C0 => C2 only: C0-inextendibility is the stronger" — contains "C0-inextendibility is the stronger": my regex matched "C0" then "stronger" with class_ctx → rank 0 → stronger consistent. Good.

Cross-instrument: stage-B accepts both live and candidate (no new rule failures), canonical gate passes both (blindness).

Now, should I also check the candidate's *semantic* effect on the acceptance/leak corpora (run_acceptance.py)? The stage-B auditor on the candidate at pinned rule_spec is a solid independent check. The acceptance pipeline is blocked by CF-32 anyway (stale corpus base), so it cannot be evidence. Good to note.

Also worth verifying: worker-020's report claims canonical gate blind — reproduced. Its declared candidate hash — reproduced. Its `controls.json` 8 controls — I don't need to verify the author's controls; I ran my own 8.

One more useful check before finalizing: is there any other *new* direction inconsistency introduced anywhere by the new strings? C09 covers that (11 assertion-path hits, all consistent). Good.

Let me also run the instrument a second time to confirm byte-identical report (except generated_at). Then compute hashes, write README.md, SHA256SUMS, then review JSON, outbox events, checkpoint.

Second run: compare report.json payloads. Note report includes generated_at only at top. Let me do a deterministic comparison.

Then write:
1. README.md (human-readable summary).
2. SHA256SUMS (hash of deliverables).
3. reviews/F2b-repairspec-verify-067.json — a review record. Structure similar to other reviews:
```json
{
  "schema": "worker-review/f2b-repairspec-verify/v1",
  "review_id": "F2b-repairspec-verify-067-20260912T...",
  "event_id": "...",
  "event_type": "review",
  "actor": "worker-067",
  "reviewer": "worker-067",
  "reviewer_role": "independent non-author verification...",
  "target_id": "artifacts/worker-020/f2b_rev13_repair_spec/repair_spec.json#179f8f993dde",
  "node_id": "F2b",
  "class_id": "AF-SCC-C0-VAC-GEN",
  "class_ids": ["AF-SCC-C0-VAC-GEN"],
  "gate": "G-FORM",
  "verdict": "accept",
  "score": 4.5,
  "counts_as_full_schema_verdict": false,
  "counts_as_independent": true,
  "verdict_scope": "verification of the W020 repair spec and its candidate bytes only; no full-schema F2b verdict",
  "findings": [...],
  "hard_failures": [],
  "controls": {...},
  "falsifier": "...",
  "evidence_refs": [...],
  "authority_note": "...",
  "independence": {...},
  "no_completion_claim": ...
}
```
4. comms/outbox/worker-067.jsonl — events: artifact (x2-3), review, claim, status.
5. runtime/state/worker-067_checkpoint_13.json + append jsonl.

Let me build the README and review with a python script that computes hashes and emits everything, reducing manual hash errors. But first, second deterministic run comparison.

Also: the artifact dir has scratch/stageb_*.json and candidate file. Include their hashes in SHA256SUMS.

Let me do the deterministic re-run check.
dsh: reasoning:
Run 2 exited 2 — pin drift! Something moved. Let me check which pin drifted. This is important: while I was working, a file moved. Let me look at report.json (run2 wrote a FAIL_CLOSED_PIN_DRIFT payload).
dsh: reasoning:
The rev14 revision landed! The live F2b (and F2a) schemas moved: C0 now c4d17fe6ac59..., C2 now c1013e486988....

This is actually excellent: my instrument's fail-closed behavior fired correctly (K5's mechanism in real life). And now I have a decision:

Option 1: Keep the verification of the rev13 repair spec as a historical verification (it was valid at b2ab6acb2bbe, run 1 succeeded and is recorded). Its evidence remains valid at those bytes, and it's now superseded by rev14. The report from run 1 (with 11/11 checks) is in /tmp/w067_run1.json — I should restore it and note that run 2 detected the rev14 write and failed closed (which is a *positive* validation of the fail-closed guard, but I must be careful about "which bytes does this bind").

Option 2: Pivot the task to verify the *rev14* repair actually landed correctly: the most valuable verification now is whether the new F2b bytes (c4d17fe6) fix both carriers and whether the new schema is consistent (no third carriers, stage-B accepts, canonical gate passes, and the patch semantics match the spec). This is a natural continuation and even more useful: it verifies the rev14 write itself. Since the revision is authorized and just landed, an independent check that the landed repair is correct and minimal relative to rev13 is on the critical path (fresh verdicts at new hashes are needed).

Best approach: Do both in one coherent task: 
- Part A (rev13): verified the repair spec at b2ab6acb2bbe (report/run1).
- Part B (rev14): measure the new live bytes c4d17fe6, diff against rev13, verify the two carriers are gone, check no other direction carriers, run stage-B + canonical gate on the new bytes, and verify the rev14 delta contains the expected repair (or an equally valid one).
- Also measure F2a's new bytes c1013e486988 (not strictly needed; the rev14 folds F2a too).

Let me first look at what rev14 changed: diff rev13 (worker-020's pinned copy) vs live. FROZEN.json may need updating too — it's unchanged (815e08079aef) which is *expected* if the FROZEN bump happens separately... Wait, the gate said "Bytes move at rev14: every current verdict is void and r3 re-runs at the new pins." The formulation lead may still be mid-revision (FROZEN not yet bumped). Let me check the newest events/outbox to see whether rev14 landed officially (astra-lead-formulation status), or whether the write is still in flight. If mid-write, I must be careful: a moving target. Let me check mtimes and recent outbox lines.
dsh: reasoning:
The F2b and F2a schemas were rewritten at 01:25:42 (just seconds ago), F1 unchanged, FROZEN.json not yet bumped (00:57). No formulation outbox events yet since 01:20. So rev14 is landing *right now* — the lead is mid-write. This is a moving target.

Given PROTOCOL rule "stop if a pinned file moves mid-round; report rather than re-review a moving target", the correct behavior:
- My rev13 verification (run 1) completed at ~01:24 with all checks passing at b2ab6acb2bbe. That's a valid historical verification of worker-020's repair spec.
- Run 2 detected the rev14 write and failed closed — I should record that as a guard event, not as a failed verification.
- I should NOT review the rev14 bytes while the revision is in flight (FROZEN not bumped, no event emitted, mtime seconds ago, possibly more writes coming: c0 and c2 written at same second; maybe the lead will also update sha256 sidecars, entry_hashes, FROZEN).

So the task becomes: verify the repair spec at rev13 (done), plus a *controlled* measurement of the rev14 delta to inform the fresh round — but explicitly label it as a snapshot at the measured instants, void if bytes move again. Actually, since the round requires fresh non-author verdicts at the new hash anyway, a quick delta measurement is useful but could be voided within minutes. The safest, most useful output: 
- Report Part A (rev13 spec verification, accept) — the durable deliverable.
- Report Part B as an *observation*: at 01:25:42Z rev14 bytes landed (c4d17fe6 C0, c1013e486988 C2); my instrument's pin guard fired (exit 2); a *preliminary* delta shows whether the two carriers were addressed. I can do this measurement quickly and label it clearly as non-binding snapshot evidence, with re-run instructions. Since the carrier sentinels are cheap to check, let me measure: does the new C0 still contain the old sentinels? Does it pass the canonical gate and stage-B? Is the new direction scan clean? If yes, that's actionable info for the round, labeled provisional.

But careful: while I measure, the file may move again. My instrument pins exact hashes and fails closed. I'll write a small "provisional rev14 snapshot" section into the report with measured hashes at both start and end of the measurement window (T0/T1), and record whether they matched. I'll integrate into the same instrument? Simpler: write a separate script `snapshot_rev14.py`? But the task said one bounded task — recon within it is fine. However, mixing a moving target into the main report risks muddying the durable result.

Cleaner: keep the main instrument/report for rev13 (durable, pinned, accept), and add an appendix field `rev14_snapshot` measured with explicit T0/T1 hashes and a `binding: false` note. Since the report.json is my artifact, I can regenerate it with the instrument and then append the snapshot? Better: make the instrument itself support `--rev14-snapshot` mode? That complicates.

Alternative approach: my instrument already fails closed on pin drift. For the durable deliverable, I want run 1's report. I can re-run with pins for rev13 but that's impossible now since live moved. However, I can pin the *pinned copies* in worker-020's artifact (pinned/schemas/af_scc_c0_vacuum.yaml#b2ab6acb) — those are stable copies. The instrument could take `--target` override pointing at worker-020's pinned copy for the historical verification, while still cross-running stage-B/canonical gates on that copy. But the cross-gate runs on the pinned copy are equivalent to what I ran at rev13 (the file bytes are identical). Actually yes! The pinned copy at artifacts/worker-020/.../pinned/schemas/af_scc_c0_vacuum.yaml is byte-identical to rev13 (b2ab6acb). So I can make the instrument accept a `--target-live-path` override and pin expected sha, defaulting to the canonical path; for the durable run I point it at the pinned copy with expected b2ab6acb, plus assert canonical still... no, canonical has moved.

Let me restructure minimally:
- Add CLI args: `--target PATH --target-sha SHA --allow-canonical-drift` (skip canonical pin only for the target path, but keep the drift detection of the other 11 pins). Hmm, but C01 claims all 12 pins match. If canonical moved, the run should state "target bytes verified at the pinned copy; canonical path measured c4d17fe6, i.e. rev14 landed" — which is honest and useful.

Simplest robust design:
- Instrument takes optional `--target <path>` (default canonical) and `--target-sha <sha>` (default the PINS value).
- PINS check: canonical pin mismatch becomes an *observation* if `--target` is a snapshot copy: record `canonical_status: {"expected": b2ab6acb, "measured": c4d17fe6, "note": "rev14 landed; verifying snapshot copy"}`.
- All checks otherwise run on the target bytes.

That way I get a durable re-runnable artifact: `check_f2b_repairspec.py --target artifacts/worker-020/.../pinned/schemas/af_scc_c0_vacuum.yaml` reproduces the verification at rev13 anytime.

Then, separately, the *snapshot* of rev14: I'll write a second mode in the same instrument `--snapshot-rev14` that measures live bytes T0, checks the two old sentinels absent, runs the direction scanner, canonical gate, stage-B, re-measures T1, and reports.

Actually, let me keep it simpler and still rigorous:
1. Modify instrument to accept `--target` + `--target-sha` and record canonical drift as an observation. Run it on the snapshot copy → durable rev13 verification (accept).
2. Write a short second script? No — I can add `--snapshot` mode that does the rev14 provisional measurement. But the report file would be overwritten. Use `--out <path>` so I can write two reports: `report.json` (rev13 durable) and `report_rev14_snapshot.json` (provisional).

That's clean. Let me implement:
- argparse: `--target` (default canonical C0), `--target-sha` (default PINS entry), `--out` (default ART/report.json), `--rev14-snapshot` (bool).
- In snapshot mode: measure live T0 hashes of C0/C2/F1/FROZEN; check sentinels; direction scan; canonical gate + stage-B on live; measure T1; report `verdict: "SNAPSHOT_ONLY_..."`, binding false; exit 0 if T0==T1 and scan clean, else 2 (moving target).

Let me do it with minimal edits. I'll add the arg parsing and refactor main() to use globals TARGET_PATH/TARGET_SHA, and PINS check to exclude the target when it differs.

Given the complexity, let me carefully edit the script.

Changes:
1. Add `import argparse`.
2. In main(): parse args.
   ```
   ap = argparse.ArgumentParser()
   ap.add_argument("--target", default="schemas/af_scc_c0_vacuum.yaml")
   ap.add_argument("--target-sha", default=PINS["schemas/af_scc_c0_vacuum.yaml"])
   ap.add_argument("--out", default=str(ART/"report.json"))
   ap.add_argument("--rev14-snapshot", action="store_true")
   a = ap.parse_args()
   ```
3. Pin verification: `verify_pins()` currently checks all 12 including canonical target. For the durable snapshot run, canonical target will mismatch. Approach: 
   ```
   pins_for_run = dict(PINS); pins_for_run[a.target_override?]...
   ```
   Simpler: verify pins for all except the target path; then measure target and compare to --target-sha; record both. If target path == canonical and measured != expected → PinDrift (default behavior unchanged).
   Implementation:
   - `TARGET_REL = a.target` (may be the pinned copy path).
   - `pin_map = {k:v for k,v in PINS.items() if k != "schemas/af_scc_c0_vacuum.yaml"}` → 11 pins checked strictly.
   - target measured vs `a.target_sha`; canonical measured vs PINS canonical (record as observation, not failure) — because the durable verification explicitly binds the snapshot copy.
   - C01 claim becomes: "11 non-target pins match; snapshot target bytes match the declared rev13 sha; canonical path drift reported as observation".
   
   Hmm, but for the rev13 run at the time it was canonical, C01 said 12 pins. Now the deliverable re-run will say 11 + target. That's fine and honest.

   For the mirror path `artifacts/formulation/schemas/af_scc_c0_vacuum.yaml`: it has also moved (mirror updated to rev14). So it should not be in the 11 strict pins either! Because mirror is part of the same revision. So strict pins = PINS minus canonical C0 minus mirror C0 = 10 pins. And C02 compares spec target sha to the snapshot target sha (b2ab6acb) — still consistent.
   
   Then C10 canonical gate runs on the snapshot copy (fine). C11 stage-B on snapshot copy (fine). The target's mirror verification becomes an observation: mirror measured c4d17fe6 == canonical c4d17fe6 (rev14) — record.

Let me restructure:
```
TARGET_DEFAULT = "schemas/af_scc_c0_vacuum.yaml"
TARGET_SHA_DEFAULT = PINS[TARGET_DEFAULT]
NON_TARGET_PINS = {k: v for k, v in PINS.items() if k not in (TARGET_DEFAULT, MIRROR)}
```
The 10 strict pins: FROZEN, repair_spec, w020 candidate, w020 report, w020 controls, check_class_schema, spec_conformance_audit, rule_spec, F2a, F1. Wait F2a also moved (c1013e48)! So exclude F2a too. And FROZEN will move when the lead bumps it (soon) → that would break re-runnability. Hmm. The durable verification wants pins that cannot move: FROZEN.json is a rev29 document that will be bumped to rev30 by rev14 (it's part of the authorized revision). If FROZEN moves before I finish, my durable run fails closed again.

Solution: use worker-020's `pinned/` copies for all mutable canonical inputs: worker-020's manifest has pinned copies of FROZEN.json (815e0807...), schemas C0/C2/F1, rule_spec.json, check_class_schema.py, taxonomy. So a fully durable verification can pin the *pinned copies* only:
- pinned/artifacts/formulation/FROZEN.json (815e0807)
- pinned/artifacts/formulation/schemas/af_scc_c0_vacuum.yaml (b2ab6acb)
- pinned/schemas/af_scc_c0_vacuum.yaml (b2ab6acb)
- pinned/schemas/af_scc_c2_vacuum.yaml (e9a27996)
- pinned/schemas/af_wcc_vacuum.yaml (d9cebb9404)
- pinned/artifacts/formulation/rule_spec.json (40f9bb9e)
- pinned/artifacts/formulation/tools/check_class_schema.py (000e09e4)
- pinned/artifacts/formulation/VOCAB_ALIASES.json (46cd9f1e)
- pinned/research_map/formulation_taxonomy.yaml (0abb9ed8)
plus the w020 deliverables (repair_spec, candidate, report, controls) and worker-06's spec_conformance_audit.py (which may also move — it's in artifacts/worker-06 and could be updated during R03 work; but I verify it by hash and fail closed if it moves; alternatively use no pinned copy since worker-020 doesn't have one. Risk: it moves → durable re-run fails. I could copy it into my own artifact dir now (snapshot) and verify the copy's hash equals the original at capture time. Then the durable pin is my own snapshot copy. Good: instrument pins `artifacts/worker-067/f2b_repairspec_verify/pinned/spec_conformance_audit.py` with hash c79d8ab8, plus an integrity note that it equals the worker-06 original as measured at capture.

Similarly check_class_schema.py: worker-020 pinned copy exists (000e09e4). Use it.

So redesign the instrument to run entirely off snapshot copies under `artifacts/worker-067/f2b_repairspec_verify/pinned/`, with an "origin" map recording the live path + hash at capture time. That makes the artifact durable and reproducible regardless of rev14 moves. For the special "live snapshot" section I'll do a separate provisional measurement.

This is more work but makes the deliverable solid. Let me implement:

PINS (strict, all under my artifact or w020 artifact; immutable-ish):
- artifacts/worker-020/f2b_rev13_repair_spec/repair_spec.json 179f8f99
- artifacts/worker-020/f2b_rev13_repair_spec/patched_candidate/schemas/af_scc_c0_vacuum.yaml 6aaff163
- artifacts/worker-020/f2b_rev13_repair_spec/report.json 50d08f62
- artifacts/worker-020/f2b_rev13_repair_spec/controls.json 6e7dc402
- artifacts/worker-020/f2b_rev13_repair_spec/pinned/schemas/af_scc_c0_vacuum.yaml b2ab6acb
- artifacts/worker-020/f2b_rev13_repair_spec/pinned/artifacts/formulation/schemas/af_scc_c0_vacuum.yaml b2ab6acb
- artifacts/worker-020/f2b_rev13_repair_spec/pinned/artifacts/formulation/FROZEN.json 815e0807
- artifacts/worker-020/f2b_rev13_repair_spec/pinned/artifacts/formulation/tools/check_class_schema.py 000e09e4
- artifacts/worker-020/f2b_rev13_repair_spec/pinned/artifacts/formulation/rule_spec.json 40f9bb9e
- artifacts/worker-020/f2b_rev13_repair_spec/pinned/schemas/af_scc_c2_vacuum.yaml e9a27996
- artifacts/worker-020/f2b_rev13_repair_spec/pinned/schemas/af_wcc_vacuum.yaml d9cebb9404
- artifacts/worker-067/f2b_repairspec_verify/pinned/spec_conformance_audit.py c79d8ab8
- artifacts/worker-067/f2b_repairspec_verify/pinned/schemas_af_scc_c0_vacuum.yaml b2ab6acb (my own copy for clarity)
- artifacts/worker-067/f2b_repairspec_verify/pinned/live_rev14_c0_20260912T012542.yaml c4d17fe6 (rev14 snapshot)
- artifacts/worker-067/f2b_repairspec_verify/pinned/live_rev14_c2_20260912T012542.yaml c1013e48(?) — measure now and freeze.

Hmm wait: rev14 may still be in flight (sidecars/FROZEN/entry_hashes not updated). The F2a/F2b schemas were written at 01:25:42 and may get further writes. I'll snapshot what's live now with a timestamp and label it provisional, and also re-measure at the end.

The target for the main verification = my pinned copy of rev13 C0 (b2ab6acb). The instrument's gates run on the pinned copies (canonical gate on pinned C0; stage-B on pinned C0 with pinned rule_spec). No reliance on live mutable paths except the provisional snapshot section.

I need to modify the script significantly:
- Introduce PINNED dirs and an ORIGINS map.
- verify_pins over the strict list.
- target = MY_PINNED_C0 (or via --target).
- The mirror check becomes: pinned mirror copy == pinned canonical copy.
- Cross-gates use pinned tool copies and pinned rule_spec.
- Add a "live_snapshot" section: measure live C0/C2/F1/FROZEN hashes at T0 and T1; if T0!=T1 → moving target, record; check whether the two old sentinels are absent in live C0; run direction scan on live C0 if parseable; report as provisional, binding=false.

Let me be pragmatic about time: this is a big edit. Since I already have a fully working rev13 verification (run 1 report), I could:
(a) Restore run1's report.json as `report_rev13.json` (durable evidence, since it was generated at 01:24 when live == rev13 and all pins matched).
(b) Add a small, separate, clearly-labeled snapshot section by running a compact ad-hoc measurement now.
(c) The instrument remains as-is (its fail-closed behavior on rev14 is itself documented).

But re-runnability matters for the swarm's standards (each deliverable needs a reproduction command). With live moved, `check_f2b_repairspec.py` now exits 2 — not reproducible. So I should add the `--target`/pinned-copy support at minimum, so the repro command works forever. That's a moderate edit:

Minimal change set:
1. Add argparse with `--target` and `--target-sha`, `--out`.
2. Replace `live_path` with `Path(a.target)` resolved: if relative, ROOT/a.target.
3. Strict pins: exclude canonical C0 and mirror C0 from the strict map when they don't match the target sha; record them as `origin_drift_observations`. Simplest: PINS check iterates all pins, but for the two live C0 paths, mismatch is allowed iff `--target` is not canonical AND measured != target sha → record observation; if --target is canonical, strict (default behavior preserved).
4. C02 spec target sha compares against target sha.
5. Mirror check in target dict: use the mirror pin measurement + observation.
6. Cross-gates unchanged (they use file paths; I'll pass a.target to the tools). Stage-B path arg = str(target). Canonical gate arg = str(target).
7. Add `--snapshot-live` mode? I'll do the live snapshot ad hoc with a small inline python instead (documented in README with its own measured hashes), avoiding another code path in the instrument. Actually the report's `live_rev14_provisional` can be added by a tiny separate script `snapshot_rev14.py` in the same artifact dir (~60 lines), which is clean and re-runnable too. Good: two scripts, two reports, one task.

Let me implement step by step. First snapshot the needed files into my pinned/ dir with origin metadata. Then edit the instrument. Then run on my pinned rev13 copy. Then write snapshot_rev14.py and run it.

Actually, for the stage-B tool copy: cp artifacts/worker-06/spec_conformance_audit.py to my pinned/. For check_class_schema/rule_spec/FROZEN/copies, use worker-020's pinned copies (already exist and are pinned). But my instrument should verify those copies against the manifest hashes — done via PINS.

Also for the pinned copies of C0: I'll copy the rev13 C0 from worker-020's pinned file into my own pinned dir (so the report's target path is under my artifact). Both are b2ab6acb.

Let me do it.
dsh: RATE_LIMIT: Too many requests. Your current concurrency is 20, which exceeds your concurrency limit of 20 based on your remaining balance. Please top up your balance to restore your concurrency.
