dsh: reasoning:
Let me start by understanding the environment. The user says: "You are a bounded execution worker. Read handoff/map and comms. Take one class-bound task, emit valid JSON with IDs evidence hash falsifier, checkpoint, then exit. worker=087"

I need to look at the workspace to find handoff/map and comms. Let me explore.
dsh: reasoning:
No handoff directory found by glob. Let me look at the workdir and swarm-related directories. The user mentions "handoff/map and comms" — perhaps under workdir. Let me look.
dsh: reasoning:
Now I've found the swarm root: /data3/guoshaoyang/workdir/ai4math-swarm. I'm worker 087 (deepseek-flash worker). The instructions: read handoff/map and comms, take one class-bound task, emit valid JSON with IDs evidence hash falsifier, checkpoint, then exit.

Let me explore the swarm directory.
dsh: reasoning:
This is a research swarm about cosmic censorship (WCC/SCC). I'm worker 087. I need to:
1. Read handoff/map and comms
2. Take one class-bound task
3. Emit valid JSON with IDs, evidence, hash, falsifier
4. Checkpoint
5. Exit

Let me read HANDOFF.md, ASTRA_HANDOFF.md, and PROTOCOL.md, plus the assignments. Also, I should check whether there's an existing worker-087 inbox/outbox. There's no worker-087 file it seems. Let me check the assignment queue and PROTOCOL.
dsh: reasoning:
Now I understand the setup. I'm worker 087 — but the protocol names agent ids as deepseek-flash-01..20. There are also worker-NNN ids in the inbox. Let me check if there's an assignment for worker-087. There's worker-084, worker-085, worker-089, worker-091 in inbox. Let me look for worker-087 specifically across comms.

Let me check inbox for worker-087 and the assignments directory. Also check any recent assignments with class_bound tasks. The task instructions: "Read handoff/map and comms. Take one class-bound task, emit valid JSON with IDs evidence hash falsifier, checkpoint, then exit. worker=087"

So I need to:
1. Read handoff (done), map (research_map.json - huge, 6.5MB, need summary), comms (inbox for my ID).
2. Take one class-bound task - from assignments in outbox/assignments or inbox.
3. Emit valid JSON with IDs, evidence, hash, falsifier - to comms/outbox/worker-087.jsonl probably.
4. Checkpoint - maybe write a checkpoint file.
5. Exit.

Let me search for worker-087 mentions and look at the assignments directory.
dsh: reasoning:
There's an existing outbox worker-087.jsonl. Let me read it to understand what worker-087 has already done (previous instances). Also there are instances at runtime/instances/worker-087-*. Let me check those and the tail of worker-087.jsonl. My job as worker=087 (new instance) is presumably continuing. The instruction says take ONE class-bound task, emit JSON, checkpoint, exit.

Let me read the tail of worker-087.jsonl, and check the meta.json of the latest instance.
dsh: reasoning:
I'm instance worker-087-20260912T011507-968807, started 01:15:07. The previous instance completed W087-F2B-CANDIDATE-INDEP-VERIFY-01 at 01:14:33 and exited. Now I need a new class-bound task.

Let me read the current handoff/map state. The ASTRA_HANDOFF.md is from pass astra-lifecycle-07 (01:11). There may be newer passes by now (it's currently ~01:15+). Let me check for open assignments and what's available. My task: "Read handoff/map and comms. Take one class-bound task, emit valid JSON with IDs evidence hash falsifier, checkpoint, then exit."

So I should find an open assignment or propose one class-bound task. Since there's a live controller loop, I should look at the comms inbox for worker-087 (doesn't exist) and see the latest outbox messages from leads with open assignments.

Let me check:
1. Current time
2. Latest state (checkpoints, gates, assignments) from research_map.json — but it's 6.5MB. Better: read the latest checkpoint or controller verification.
3. Look for open assignments in outbox/assignments or newly completed assignments.

Let me check the most recent events and see open task queue. Also the runtime/state/counts.tsv.

My previous instance worked on F2b candidate verification. A natural next task: continue with F2b/F2a verification or pick up an open assignment. But the instruction says "Take one class-bound task" — likely there's a queue. Let me inspect the most recent accepted events and pending assignments.

Efficient approach: check latest lifecycle verification report and decisions, plus grep for "assignee": "worker-087" in events. Also check comms/inbox for any file (not just worker-087). The inbox has astra.jsonl and leads. Downward messages to workers are in comms/inbox/<agent>.jsonl but my file doesn't exist. So no direct assignment for me.

Let me check the events stream for recent assignment events and their status. Also check the map's assignments statuses. Use python to load research_map.json (6.5MB is fine) and print summary of assignments.
dsh: reasoning:
The map assignments list shows assignment records but statuses are None at top level; status might be nested. Let me get specifics on the assignment records to find open ones, especially ones without a completion. Also, the map updated at 01:12; controller pass 08 may be running.

There's a lifecycle report at 01:12:39. Let me check the latest decisions, plus what tasks are open. Since I'm a worker, and no assignment card is in my inbox, the ASTRA_HANDOFF says: "Work only on a class-bound task assigned by a group lead; if no assignment exists, inspect the immediate queue and propose one artifact-backed task without claiming completion."

But the user instruction says take ONE class-bound task — likely there are open assignment cards in the map. Let me check assignments with their nested status and find an unassigned/open task suitable for a worker. Also check recent controller decisions (REC-29..35) for what's needed.

Let me look at the latest lifecycle verdict and decisions.
dsh: reasoning:
Now let me see whether there's a new controller pass 08 after 01:12. There's a lifecycle_20260912-011239.json the latest. Let me check pass 08 for new assignments (the auto-cycle runs every 15 min, so pass 08 may come at ~01:25).

At this moment (01:15), the open assignments relevant to workers:
- audit-r2-* cards assigned to worker-071, 085, 046, 091, 015, 035, 041, 052, 089, 012 — these were from lifecycle 06/07 presumably; some may be done. But assigned to specific workers; I'm 087, not among them.
- worker-075 has a classsep review.
- Leads have pending ones.

For worker-087 specifically there's no assignment card in the inbox. But the user (the orchestrator/parent) says "Take one class-bound task" — perhaps I should take the next open task that isn't claimed and is class-bound, using my own judgment, and if none exists inspect the immediate queue and propose one artifact-backed task without claiming completion.

But wait — the previous worker-087 instance already did W087-F2B-CANDIDATE-INDEP-VERIFY-01 (completed at 01:14:33). A good next task could be verifying the other candidate (worker-022's or worker-088's) or the F2a/F2b schema verification. Let me look at what's in the immediate queue.

Important consideration: The swarm's convention is that every worker instance does exactly one bounded task and exits. Since I have no inbox assignment, the ASTRA_HANDOFF startup line for workers in launch_swarm.sh says: "Work only on a class-bound task assigned by a group lead; if no assignment exists, inspect the immediate queue and propose one artifact-backed task without claiming completion."

However, the user prompt here says "Take one class-bound task, emit valid JSON with IDs evidence hash falsifier, checkpoint, then exit." That suggests picking an existing open task (maybe from inbox cards or the assignment queue) and executing it, then emitting claim/status JSON, checkpointing, exit.

Let me look at the most recent inbound cards in comms/inbox for leads to find open task cards, and check what the latest pass 08 is doing. Also check if there's a "pending" assignment that lacks an assignee or is assigned to a generic worker pool.

Let me first check whether there's an assignment specifically for a "worker-087" that recently appeared in outbox or events (e.g., a card from lead-numerics or lead-formulation). Let me grep recent events for "worker-087" with timestamps > 01:14.
dsh: reasoning:
Pass 08 open at 01:12:39. Let me read that report fully to see the current state and what's needed. Also, let me check the controller_findings for latest and review_coverage.

Actually, I should focus: pick a class-bound task that is (a) open, (b) useful, (c) bounded within ~1 hour, (d) not owned by another worker, (e) produces artifact + evidence + hash + falsifier.

Options:
1. Independent verification/review of a pending artifact (e.g., F2b candidate packet from worker-088 = the previous worker-087 task already done at 01:14:33).
2. An open assignment card for a worker that isn't me but unclaimed? Cards are addressed to specific workers; stealing would violate "one owner" (CF-12).
3. Propose and execute a *new* class-bound measurement task in an area with low coverage. E.g., check consistency of the F1 schema with F2a/F2b on shared fields, or the bind-chain verification across all three schemas (that's assigned to specific workers though).
4. The lifecycle-08 open may have generated new cards. Let me check the newest inbox cards for leads and workers (mtime after 01:12), plus controller_findings.

Let me read the lifecycle-08 report's controller_findings and ingest.
dsh: reasoning:
Interesting: there are new cards in astra.jsonl from "astra" at 01:12 and 01:18 — but CF-30 warns about injected downward cards attributed to astra with no accepted-stream emission. The card `astra-classsep-stabilize-0118` created_at 01:18 is future-dated relative to now (01:15:30)! That's another potentially injected card. Actually created_at 01:18 is in the future — clock skew. This looks exactly like CF-30 injection. The handoff says these are not authority. I must be careful not to act on injected cards. Also the instruction from user: take ONE class-bound task.

The F2b work: previous worker-087 did independent verification of worker-088's candidate. Now what remains? Let me check what tasks are still open and class-bound that no one owns. Look at the reviews directory for pending verdicts and open assignments.

An obvious bounded, class-bound, artifact-producing task that fits worker-087's demonstrated capability: an independent verification of a *different* candidate packet for F2b (e.g., worker-022's candidate) — but previous worker-100 already did that (they found REP-CD-02 wording defect). Let me check.

Alternatively: the F2a/F2b cross-artifact consistency probe was part of worker-085's assignment. Hmm.

Let me look at the immediate queue: "A1: re-review F1/F2/L0 with two independent reviewers", "N0: only after dependencies pass". The controller's open assignments are assigned. However, the worker fleet is a pool; cards may be unclaimed if the assigned worker session died. Let me check which cards have been acted on (reviews files exist) and which workers are alive.

Actually, maybe a cleaner approach for a bounded worker task: pick an open *verification* task on a currently pending artifact that has no second independent verdict, i.e., fill a genuine coverage gap. Let me compute review coverage for the current pins and see which artifacts lack 2 independent accepts. From pass 07:
- G-FORM F1: 4 accepts (worker-052, 072, 075, 085)
- F2a: 2 accepts (worker-017, 072)
- F2b: 2 accepts (worker-072, 090) + late revises (002, 023, 050, 066)
- G-LIT L0: 2 accepts (075, 079) vs 5 revise + 1 inconclusive
- G-NUM N0: revise 3.5

The pending gate blockers: `astra-life05-verify-gform-r3` non-author independence + FROZEN/per-file pin binding. Perhaps I can do a bounded read-only verification task that produces a concrete artifact: a **cross-schema consistency measurement of the three pinned schemas on shared fields** (data_class, regularity, extension_predicate, f0_binding, refs) with exact evidence hashes and falsifier. But worker-085 was assigned a cross-artifact consistency probe as part of their F1 review. It may already exist in reviews/.

Let me check what reviews exist recently and identify gaps. Let me list reviews sorted by mtime, and check for F2b candidate review by other workers.

Actually, let me re-read the user's instruction: "Take one class-bound task, emit valid JSON with IDs evidence hash falsifier, checkpoint, then exit." This is the standard worker cycle. The previous instance did exactly this. Perhaps the intended workflow is: pick an open assignment card (from inbox if present else the assignment queue), execute it, emit events, checkpoint, exit. Since I have no card, I should inspect the immediate queue, pick a class-bound task that's open and unowned, and do it.

Let me check the latest state of things: recent reviews and whether there are unclaimed open assignment cards for worker slots. Let me look at `reviews/` mtimes and the map's reviews list. Also check the `runtime/state/current_checkpoint.json` to see open items.

Let me check for assignments with statuses in the map - maybe assignments have a nested "state" or "claimed_by". The map assignments had status null at top; let me look at a full record.
dsh: reasoning:
A lot of reviews are landing rapidly. The swarm is highly active. My job: pick one class-bound task that is genuinely open, do it in a bounded way, emit JSON, checkpoint, exit.

Let me consider the current situation: F2b is the weak spot. There are candidates for a rev13 repair, and there's a competing set of candidates. Previous worker-087 verified worker-088's candidate. Now perhaps the most useful bounded class-bound task: verify the *other* candidate (worker-022's) independently at pinned hashes? worker-100 did a cross-verify already (F2b-direction-crossverify-worker-100.json and F2b-remedy-crossverify-worker-100.json, at 01:15). Hmm.

Alternatively, verify the newly landed F2a review claims? Those are reviews assigned to workers 046/091.

Since worker-087 has no card and the queue's open cards are all owned, one option per launch_swarm instruction is: "if no assignment exists, inspect the immediate queue and propose one artifact-backed task without claiming completion." But the user says "Take one class-bound task". Which could mean: pick one of the open class-bound tasks. Let me check if there is any *unclaimed* open task in the immediate queue that is class-bound. Look at the reviews/INDEX.md perhaps and the most recent lead outbox for requests. Let me look at the last few messages from astra-lead-audit and astra-lead-formulation outboxes (they're the ones who dispatch), especially anything asking for independent verification lacking an assignee.

Let me tail the leads' outbox events of type assignment/resource_request/blocker in the last 5 minutes.
dsh: reasoning:
The swarm is very active, with lots of findings. The formulation lead just flagged (01:15:09) two major blockers:
1. **INSTRUMENT GOVERNANCE GAP**: `artifacts/worker-06/spec_conformance_audit.py` (stage-2 rule engine) is unpinned — zero occurrences in FROZEN.json. Every gate outcome depending on stage 2 can be changed by editing an unpinned file.
2. **SUBSTANTIVE G-CLASSBIND BLOCKER**: union escape 1.0 on informative C2+C0 arms at two corpora — G-CLASSBIND cannot pass.

These are significant. A bounded class-bound task for me could be an independent measurement supporting/refuting one of these. But those need to be authorized tasks.

Given the worker contract and my constraints (bounded, one task, emit JSON, checkpoint, exit), the best approach might be to pick an existing *open assignment* that has no claimant. Let me figure out which open assignments have zero corresponding artifact/event. Candidates with deadlines:
- `audit-r2-F1-a` worker-071 -> reviews/F1-review-rev27-a.json (exists? F1-review-rev27-a.json? Let me check: `F2a-review-rev27-a.json` exists at 01:14. There's likely F1 revisions.)
- `audit-r2-A0` worker-089 -> reviews/A0-review-worker-089.json (exists, per coverage: worker-089 revise)
- `audit-r2-N0` / `audit-r2-N0-rev3` worker-012 -> reviews/N0-review-worker-012.json (exists?)

Let me check which expected artifacts from the audit-r2 cards exist. If some card was assigned to a worker that has since exited without producing the artifact, that's a genuine open task — but claiming another's card violates one-owner. Hmm, CF-12 says one canonical path, one owner. Taking over a card whose owner is dead might be acceptable if the lead reassigns it, but I'm not the lead.

Safest: pick a NEW bounded measurement task in my own namespace that is class-bound and adds independent evidence, similar to what the previous worker-087 instance did (candidate verification). A natural successor: **independent verification of the F2b candidate variant from worker-022** (competing candidate), producing compare/contrast evidence. But worker-100 already did a cross-verify of direction/remedy at 01:15.

Another natural successor consistent with the previous instance's line of work: verify the **rev13repair candidate packet's F1/F2a siblings** for the same landing hazard (declared-hash chain) — i.e., extend the hash-chain audit to the sibling candidates in artifacts/worker-088/f2b_rev13_blockers/candidate/ (there's a candidate copy of artifacts/formulation/evidence/taxonomy_consistency.json and schemas). But that's the same worker's prior task extension.

Alternatively, a much more valuable and clearly bounded class-bound measurement right now: **verify the unpinned stage-2 instrument claim** (formulation lead's `lead-form-20260912T011509-123`): measure whether `artifacts/worker-06/spec_conformance_audit.py` appears in FROZEN.json, compute its hash, check whether it's in artifact_hashes.json, and quantify the governance gap with exact hashes — an independent verification of a blocker. That's class-bound (G-FORM, classes F1/F2a/F2b), bounded (read-only), and produces a concrete artifact + evidence + falsifier. It supports a live gate-blocking issue raised minutes ago and currently lacks independent verification.

Hmm, but is this "taking one class-bound task"? It's a verification of an instrument-governance blocker, which is bound to G-FORM/F1,F2a,F2b. It can emit a `claim` with conclusion_type `formal_model` or `measurement`, evidence refs with hashes, falsifier, and a checkpoint. That fits well.

But wait — maybe there's a better fit: the swarm seems to have a convention that each worker self-claims a task and emits `status`/`claim`/`artifact`. The previous worker-087's task `W087-F2B-CANDIDATE-INDEP-VERIFY-01` was self-claimed? It was assigned? There's no assignment event to worker-087 in events; so it was self-claimed from the immediate queue. Its outbox status says "one bounded class-bound task". So self-claiming is acceptable.

Let me decide the task precisely. I want something:
- Class-bound: G-FORM, class_ids [AF-WCC-VAC-GEN, AF-SCC-C2-VAC-GEN, AF-SCC-C0-VAC-GEN] (or just one).
- Evidence: existing files with measured hashes.
- Falsifier: concrete.
- Produces an artifact: a JSON report under artifacts/worker-087/... plus a script maybe.
- Bounded: read-only measurement, ~30-60 min.
- Not duplicating: check no one else has already measured this (search for spec_conformance_audit in reviews/artifacts).

The instrument-governance gap verification is attractive: verify the lead's claim independently:
1. Measure sha256 of artifacts/worker-06/spec_conformance_audit.py.
2. Grep FROZEN.json for that path/hash (claim: 0 occurrences).
3. Check run_acceptance.py pin + wiring.
4. Check the unpinned file's influence: does stage 2's verdict change gate outcomes? E.g., run the acceptance pipeline on a fixture? That could be expensive; maybe just verify the governance claim (pin absence) with exact bytes, and check whether the stage-2 file hash is registered in runtime/state/artifact_hashes.json.
5. Also verify the R03 defect claim? The lead says stage B rejects the untouched frozen F1 canonical on R03. That's a strong concrete claim; independently reproducing it on the frozen canonical deliverable would be valuable: run `python3 artifacts/worker-06/spec_conformance_audit.py` or the documented stage-2 command on schemas/af_wcc_vacuum.yaml (d9cebb9404b2) and check the verdict.

Actually — careful. "Reject your own output before sending: does the artifact exist? does the falsifier actually falsify? does the class id match the file?" Also don't edit frozen files.

Hmm, but hold on. There's an even more directly class-bound open verification: the formulation lead's blocker #124 says G-CLASSBIND cannot pass: union escape 1.0 (0/24, 0/26). That's already measured twice by the same lead. Independent verification of the union escape measurement would be valuable but heavier (running two corpora through the pipeline).

Let me weigh budget: I'm a bounded worker, should do ~1 agent-hour. The instrument governance check is lighter and highly relevant: it determines whether gate outcomes can be trusted at all (a hash-chain issue like the previous worker-087 task). It decomposes cleanly:

Task: `W087-STAGE2-PIN-GAP-VERIFY-01` — independent read-only measurement of the stage-2 acceptance instrument governance gap at the live FROZEN rev29 pins.
- Class binding: F1 `AF-WCC-VAC-GEN`, F2a `AF-SCC-C2-VAC-GEN`, F2b `AF-SCC-C0-VAC-GEN`; gate G-FORM.
- Steps: measure hashes of run_acceptance.py, spec_conformance_audit.py, FROZEN.json; enumerate every file the stage-2 engine imports/executes; check FROZEN.json mentions; check runtime/state/artifact_hashes.json registration; attempt to reproduce R03 firing on frozen canonical F1 (read-only); test sensitivity: does changing the stage-2 file change the verdict? (Without editing the original — copy to a sandbox temp and mutate a copy, run in a temp dir; or just show the rule engine is the sole decider.)
- Deliverable: artifacts/worker-087/stage2_pin_gap_verify/report.json + verify script; claim event; status; checkpoint.

Wait: but before committing, check whether someone already did this. The lead's blocker #123 was published at 01:15:09. Let me grep for "spec_conformance_audit" across reviews/ and artifacts/ to see if there's already a verification, and check its pin status.

Also check whether there's an existing assignment for this gap in the map / inbox (maybe the controller dispatched it in a later pass). The auto-cycle runs every 15 min; pass 08 is open. Let me search events for spec_conformance_audit.

Also consider: the *stage-2 engine being unpinned* claim. If true, gate outcomes can be changed invisibly. But verifying "R03 rejects the untouched frozen F1" would strengthen the finding. Let me first look at the files.

Let me do reconnaissance quickly.
dsh: reasoning:
The claim is confirmed at the surface: FROZEN.json has 0 occurrences of "spec_conformance"; artifact_hashes.json only has 2 entries (so registration is sparse). Wait — artifact_hashes.json in runtime/state only has 2 entries? Earlier the current_checkpoint showed artifact_hashes with many entries. Let me check that file again: `runtime/state/artifact_hashes.json` is 85KB. Python said total entries 2? That's odd. Maybe the structure is nested. Let me inspect.

Also, existing reviews claim spec_conformance_audit and F1 R03: reviews/F1-review-rev29-worker-071.json mentions spec_conformance_audit. So others have already looked at the stage-2 rule engine. I need to avoid duplication.

Let me check what those reviews say about R03/pinning. Let me grep for "R03" and "pin" in the recent F1/F2 reviews. Also inspect the structure of artifact_hashes.json.

Before choosing, let me consider alternative tasks. Let me look at reviews/F1-review-rev29-worker-071.json — maybe it already flags the unpinned stage-2. If so, my independent verification would add cross-confirmation, which is exactly what the swarm wants (independent non-author reproduction), and the formulation lead explicitly flagged it minutes ago as a live blocker.

Let me read the relevant review snippets.
dsh: reasoning:
Excellent recon. Key findings:
- `artifacts/worker-06/spec_conformance_audit.py` sha256 c79d8ab8440a..., and FROZEN.json (rev29, 815e08079aef) has 0 occurrences of "spec_conformance" → the stage-2 rule engine is indeed unpinned. This is exactly the governance gap the formulation lead flagged at 01:15:09, and worker-071's F1 review independently measured the R03 rejection at 01:14-ish (review file F1-review-rev29-worker-071.json was around; its HF-071R3-01). So the R03 issue is measured; the *pin gap* is newly flagged and may not yet have an independent verification.

Wait — let me check: does reviews/F1-review-rev29-worker-071.json mention "unpinned"? The grep -l for "unpinned|not pinned|FROZEN.json" included reviews/F1-review-rev29-worker-071.json? It listed many; let me check that file for the unpinned claim. The list shown: A1-rebind-coverage, CLASSSEP..., closefind, convergence-*, F0-*... it was truncated at 20. Not sure F1-review-rev29-worker-071 was in there. Let me grep precisely.

Also, importantly: is the stage-2 engine really *unpinned*? FROZEN has `files` list — let me check the full list of 50 pinned files for tools. Maybe `run_acceptance.py` is pinned and it in turn pins the stage-2 hash internally, or KEY_MANIFEST includes it. The lead says zero occurrences, which we confirmed at the text level (grep -c "spec_conformance" FROZEN.json = 0). But the pin could be via hash without the filename! FROZEN.files is a list of paths; there's also possibly a "hashes" map. Let me inspect FROZEN's pinned files/hashes and check whether a hash equal to c79d8ab8... appears anywhere in FROZEN.json (path-independent). Also check run_acceptance.py to see how it invokes stage 2 and whether it verifies a hash.

This is a good bounded verification task: **W087-STAGE2-PIN-VERIFY-01**: independently measure whether the stage-2 acceptance rule engine that decides G-FORM gate outcomes is bound to the FROZEN manifest at rev29; report the exact chain (path, sha256, whether it appears in FROZEN by path or hash, whether run_acceptance.py verifies it, whether the pinned acceptance_pipeline_report.json binds input hashes), plus a decisive sensitivity probe in a sandbox copy showing that mutating the unpinned stage-2 file changes verdicts while all pinned hashes stay constant. Emit claim/artifact/status + checkpoint.

That last part (sensitivity probe) would be a strong falsifier/evidence. But careful: running the stage-2 engine on a copy with a mutated rule to show verdict flips — that's a read-only operation if done on copies in my own artifact dir. That's exactly "no gate verdict, no edits to frozen files". Good.

But wait — could there be a risk of duplicating an existing task? The formulation lead published the blocker 1 minute ago; other workers may be picking it up too (e.g., worker-084 or others). The swarm values independent verification; duplication is a recorded metric (information gain). Since the lead asked for "controller action", perhaps an independent measurement is still useful. But I should avoid stepping on a card if there's already an assigned task for the pin gap. Let me check recent events for "unpinned" / "stage-2" assignments around 01:15-01:16.

Actually, there's another consideration. The user instruction says "Take one class-bound task, emit valid JSON with IDs evidence hash falsifier, checkpoint, then exit." The simplest correct behavior may be to take a task from the *immediate queue* in HANDOFF.md. The immediate queue items: F1 rewrite (done), F2 schemas (done), L0/L1 ledger (in progress), A1 re-review (in progress), N0 (blocked), A2 ablation (done?). All owned.

Given the swarm's operating mode (workers self-claim bounded verification tasks and report), and the previous worker-087's precedent (self-claimed verification of a candidate packet), I'll define one bounded class-bound verification task addressing the live G-FORM instrument-governance blocker. Let me first verify there's no existing assignment/verification for the pin gap, and inspect run_acceptance.py + FROZEN file pins.

Let me also check the "immediate queue" note from the previous worker-087 instance's task IDs — maybe there's a queue file. Let me check `comms/outbox/assignments/` (empty) and maybe `tmp/` has task queues. Let me search for "QUEUE" files.

Let me do the following in parallel:
1. grep events for stage-2/pin gap assignments
2. inspect run_acceptance.py
3. list FROZEN files and check for stage-2 hash
4. check if F1-review-rev29-worker-071 mentions unpinned stage 2
dsh: reasoning:
Now I have a very clear picture. The governance gap claim is confirmed by direct reading:
- `run_acceptance.py` is pinned in FROZEN (need to verify) but references `SEM = ROOT / "artifacts/worker-06/spec_conformance_audit.py"` with **no hash verification**.
- FROZEN.json has 0 occurrences of "spec_conformance" → stage-2 engine not pinned.
- Therefore the stage-2 engine can be edited without moving any pinned hash, and `run_acceptance.py` would silently use the new bytes.

Note the semantics of "unpinned": FROZEN.files pins files, but maybe the *hash* of spec_conformance_audit appears in FROZEN elsewhere (e.g., in evidence). Let me check the hash occurrence too. Also check whether FROZEN pins run_acceptance.py and whether check_class_schema.py is pinned (stage 1). And check the audit trail in `artifacts/formulation/evidence/acceptance_pipeline_report.json` (pinned) — it records "stages" as paths only, no sha256 (looking at `out` above: `"stages": {"structural": path, "semantic": path}` — no hash!). So the pinned acceptance report does not bind instrument bytes either.

This is a crisp, bounded, high-value independent verification. And an independent *sensitivity probe* is possible without editing the live instrument:
1. Copy the repo-relevant tree to a sandbox dir (or use PYTHONPATH? simpler: copy `spec_conformance_audit.py` to my artifacts dir, mutate a rule, and run it on the frozen canonical F1 copy).
2. Show that a mutated stage-2 engine flips the verdict on the same input, while every pinned hash remains constant — demonstrating that gate outcomes depend on unpinned bytes.
   - But careful: a "sensitivity probe" by mutating a copy doesn't prove the *live* pipeline would use changed bytes... Actually it does demonstrate the mechanism: run_acceptance.py resolves SEM by path and never checks a hash, so replacing those bytes changes the verdict. I can demonstrate by copying `run_acceptance.py` into a sandbox where SEM path is redirected? No — better: build a minimal harness that mimics `run_acceptance.run()` for a single schema with a mutated copy, and show the verdict flips (accept/reject) while the schema bytes are unchanged. That's a legit demonstration of the dependency.
   - Alternatively, simplest and most decisive: perform a "pin-sensitivity" measurement: compute the FROZEN-pin set; mutate only the stage-2 file *in a sandbox copy of the tree layout*; re-run the two-stage pipeline; show that all 50 declared pin hashes are unchanged but the verdict changes. Since we can't modify the live tree (frozen), a sandbox tree is the right way (precedent: worker-023/hf02 sandbox copies, tmp/ dirs).

Let me design the sandbox:
- Create `/data3/guoshaoyang/workdir/ai4math-swarm/artifacts/worker-087/stage2_pin_gap_verify/sandbox/` with:
  - `artifacts/formulation/tools/run_acceptance.py` (copy)
  - `artifacts/formulation/tools/check_class_schema.py` (copy)
  - `artifacts/worker-06/spec_conformance_audit.py` (copy → then mutate a R03 rule for the sensitivity arm)
  - `artifacts/formulation/schemas/*.yaml` (copies of pinned schemas)
  - `artifacts/formulation/evidence/rebased_fixtures/` maybe large; check size. And `semantic_escape_rebased.json`.
- Then run baseline (unmutated copies) and mutated arm; compare verdicts on the canonical schemas.
- Record: pinned hash set unchanged (all copies' hashes equal original), verdict flips for at least one canonical schema and/or a mutant.

Actually, even simpler and cheaper: run the stage-2 auditor directly on the frozen canonical F1 with (a) original bytes and (b) a one-rule-disabled copy, showing reject→pass on identical input bytes. That demonstrates that the stage-2 file content determines the verdict on frozen input. Combined with the FROZEN pin analysis (path/hash absent, run_acceptance.py no hash check, acceptance report has no instrument hashes), this fully substantiates the governance gap.

Additionally, I can check `artifacts/formulation/evidence/acceptance_pipeline_report.json` reproducibility: does the pinned report's recorded data match a fresh run? Fresh run would write the report file — NO, I must not write to pinned paths. I can run `run_acceptance.py --json` but it writes the report at the end unconditionally. Don't run it in the live tree. Sandbox only.

Wait: is `artifacts/formulation/evidence/acceptance_pipeline_report.json` in FROZEN pin list? Earlier the F1 review said FROZEN rev29 pins it at 9b7d6c8208d3... Let me verify. If I run the live run_acceptance.py it would overwrite that pinned file → forbidden. So sandbox only. Good catch.

Let me now:
1. Check FROZEN pin list for: run_acceptance.py, check_class_schema.py, spec_conformance_audit.py, acceptance_pipeline_report.json, and whether hash c79d8ab8 appears anywhere in FROZEN.json or in any pinned manifest (KEY_MANIFEST?).
2. Check `artifacts/formulation/evidence/rebased_fixtures` existence/size (for sandbox copy).
3. Check whether check_class_schema.py is pinned.

Then write the verification instrument and run it.

Also, to respect "class-bound": the task is bound to classes F1/F2a/F2b (AF-WCC-VAC-GEN, AF-SCC-C2-VAC-GEN, AF-SCC-C0-VAC-GEN) and gate G-FORM. The claim should be `conclusion_type: formal_model` or maybe `measurement`. Let me check the events schema for allowed conclusion_type values. Let me read research_map/events.schema.json and schemas.py, and look at an accepted claim event to copy the exact schema. The previous worker-087 claim used conclusion_type "formal_model" and was apparently accepted (event appeared in outbox; was it ingested?). Let me check `comms.py` validation rules to ensure my JSON is valid for ingest.

Let me read the schema file and comms.py validation quickly.
dsh: reasoning:
Confirmed at the manifest level:
- `run_acceptance.py` (e544c36d) pinned, `check_class_schema.py` pinned, `acceptance_pipeline_report.json` (9b7d6c82) pinned.
- `spec_conformance_audit.py` c79d8ab8 NOT pinned (0 occurrences anywhere in FROZEN.json).
- FROZEN.json has no separate hash map; `files` is the pin list. Wait, where is the hash map? FROZEN.json has `files` list of 50 paths but where do the hashes live? Probably in KEY_MANIFEST.json or a separate `frozen_hashes` structure. Let me check how pins are verified: "50/50 FROZEN rev29 pins re-verified byte-stable" — the hashes must be somewhere. Perhaps in `artifacts/formulation/KEY_MANIFEST.json` or in the FROZEN's `files` entries? No, files is a list of strings. Let me look for where pin hashes are recorded (e.g., artifacts/formulation/evidence/frozen_pins.json or FROZEN hashes in a companion).

Let me check quickly: grep for e544c36d in artifacts/formulation/*.json.

Then design the sandbox experiment.

Actually, let me check `artifacts/formulation/KEY_MANIFEST.json` and the FROZEN hash registry. The "run_gate_tests.py" maybe. Let me find where the pin hash for run_acceptance.py is declared.
dsh: reasoning:
Where are the pin hashes for FROZEN's 50 files? `e544c36d2d16` occurs in `research_map/research_map.json` and in FROZEN.json? Wait, grep -rl only found research_map.json, w069 checkpoint... and earlier python said "e544c36d2d16 occurrences in FROZEN.json: 1". Let me look at where in FROZEN.json that hash lives. Maybe inside `rev29_delta` text? Let me grep the FROZEN.json for the hash with context.

Actually, python's `raw.count('e544c36d2d16')` = 1 in FROZEN.json. grep -rl didn't list FROZEN.json... Odd — grep was searching `--include="*.json"` from `.`; FROZEN.json should match. Hmm, maybe grep binary/pattern issue? No. Let me check with grep -n.

Actually wait, grep output listed `./tmp/w060.../artifacts/formulation/FROZEN.json` etc. but not `./artifacts/formulation/FROZEN.json`. Weird. Let me directly grep -n. Also, where's the pin hash registry? Possibly `runtime/state/artifact_hashes.json` registry, or the FROZEN pin set is verified via `artifacts/formulation/evidence/evidence_binding_repair_rev29_report.json` (rev29_delta mentions 50 pins). Let me find the hash for spec_conformance_audit: c79d8ab8 appears nowhere in FROZEN. Let's find where FROZEN file hashes are declared — search for another known pinned file's hash, e.g., check_class_schema.py hash.

Let me compute check_class_schema.py hash and grep for it.
dsh: reasoning:
Line 161 of FROZEN.json has the sha256 e544c36d... for run_acceptance.py. So the FROZEN `files` list must be accompanied by a structure with hashes elsewhere in FROZEN.json — maybe `rev29_delta` or a `pins` section. Wait — `files` was a list of 50 strings. But line 161 shows a sha256. Let me inspect the FROZEN.json structure around line 100-200. Maybe `files` isn't a list of 50 strings; maybe it's structured with entries having path+sha256 and my earlier print truncated. I printed `files -> list 50 [ ... ]` and the first 2 entries were strings? Actually the earlier output showed `files -> list 50 ["artifacts/formulation/DELIVERABLE_SUMMARY.md", "artifacts/formulation/FORMULATION.md", ...]` — first two entries are strings. But maybe entries later are dicts? No, printed first 2 only. Hmm, but `run_acceptance.py` in files: True. Let me actually print the type of each element. Perhaps the list is a list of 50 dicts? No, `[...]` first two are strings. Maybe there are two "files"-like keys? Let me check for where the sha256 at line 161 lives.

Let me read FROZEN.json lines 140-175 via python (it's JSON, so parse and find the structure).
dsh: reasoning:
`files` is a dict mapping path → {sha256,...}, and my earlier print `f['files'][:2]` sliced a dict's keys — gave first two keys. So `files` is a dict. `run_acceptance.py` IS pinned with hash e544c36d. And `spec_conformance_audit.py` has 0 occurrences → not in the pin dict. Great, the governance gap is confirmed at the manifest level.

Let me now print the exact pin record for run_acceptance.py and check_class_schema.py, and confirm the absence properly (search keys of files dict).

Then plan the measurement:

**W087-STAGE2-PIN-GAP-VERIFY-01** (self-claimed, bounded, class-bound to F1/F2a/F2b, gate G-FORM)

Deliverable: `artifacts/worker-087/stage2_pin_gap_verify/report.json` (+ script `verify_stage2_pin_gap.py`, raw outputs).

Acceptance:
1. Measure sha256 of the stage-2 engine and of every file it imports/executes at the live bytes; record bytes/mtime.
2. Membership test: is the stage-2 engine path in FROZEN.json pins (by path)? Is its sha256 anywhere in FROZEN.json (by hash)? Answer expected: no/no. Same for its imported local modules (if any).
3. Wiring test: read run_acceptance.py; show SEM is resolved by path and no hash check is performed; show the pinned `acceptance_pipeline_report.json` records stage paths but no stage hashes; enumerate any other verifier (run_gate_tests.py? check_class_schema.py?) that pins the stage-2 hash.
4. Sensitivity probe in a sandbox: run the stage-2 auditor on the frozen canonical F1 copy with (a) live bytes c79d8ab8, (b) a minimal rule-mutated copy; record verdict flip on identical input bytes; assert every FROZEN-declared hash of the pinned files is unchanged in the sandbox (we copy them byte-identically; the mutated file is the unpinned one).
5. Falsifier: if the stage-2 engine path or its sha256 appears anywhere in FROZEN rev29 pins, or if run_acceptance.py verifies its hash before execution, or if the verdict cannot be flipped by changing only the unpinned file, the gap claim is falsified.
6. Emit: `artifact` (report + script + raw runs, with sha256), `claim` (formal_model/measurement), `blocker`? No — the gap is the finding; the claim is the measurement. `status` (active/exit, hours 1.0). Also checkpoint `runtime/state/worker-087_stage2_pin_gap_verify_checkpoint.json`.

Let me be careful about the events I emit: the schema requires claim fields: class_id, statement, conclusion_type, assumptions, falsifier, evidence_refs. Artifact: node_id, artifact_type, path, sha256, validation_status. worker events cannot set validation_status=passed/status=done. So use validation_status "unverified"/"measured". The previous instance used "unverified" for artifact and status "active".

Also checkpoint: write under runtime/state/ — but careful, there's a checkpoint system (`research_map/checkpoint.py`). The previous worker-087 wrote `runtime/state/worker-087_checkpoint_f2b_candidate_verify.json` and emitted an artifact event for it. I'll follow that precedent.

Also: I must not write into frozen dirs. Creating `artifacts/worker-087/stage2_pin_gap_verify/` is fine (my own namespace). Creating `tmp/` sandbox is fine.

Before starting, verify no other worker is already assigned to this exact verification. The lead's blocker appeared at 01:15:09; events at 01:16+? Let me check for new assignments in the last ~2 minutes (01:16-01:20) mentioning stage-2/pin. Also controller pass 08 at 01:16:23 added `astra-life08-gate-gform`. Let me check that gate event and any new cards. The controller may have dispatched a card. Let me check quickly.

Then start work. Let me also record the exact time budget: started ~01:16, deadline one hour.

Let me do the recon on new events first (fast), then write the script.
dsh: reasoning:
Very important: at 01:16:23 the controller emitted `astra-life08-stageb-r03` assignment (PIN flagged) and `astra-life08-notice-cf32-pipeline` (CF-32, REC-36/REC-41) — the controller has already picked up the stage-2/R03 issue and dispatched an assignment. Let me read those events to see what was assigned and to whom. If the controller assigned `astra-life08-stageb-r03` to someone, I should not duplicate it. But maybe it's assigned to a worker slot I can support with independent verification.

Also note events are landing with future timestamps (01:20, 01:23, 01:26, 01:28...). The host time is now ~01:17? Let me check. Wait, earlier `date -Is` said 01:15:30. Events show 01:26, 01:28 — future-dated/clock-skewed emissions or... Hmm, actually time is passing as I work. Let me re-check date now. It could be ~01:20 now.

I need to be careful about "moving targets" and duplication. Let me read the controller's pass-08 events (astra-life08-stageb-r03, astra-life08-formulation-rev14, CF-32 notice) fully to see the assignment and whether an independent verification is wanted.
dsh: reasoning:
The controller has already:
- assigned `astra-life08-stageb-r03` to worker-006 (fix the R03 binder in spec_conformance_audit.py),
- CF-32 finding covers the pipeline non-reproducibility (stale corpus + R03 rejection),
- rev14 assignment to formulation lead covers the corpus rebind.

So the R03/R03-pipeline area is now owned. My earlier idea of doing the "stage-2 not pinned" governance verification is closely related but distinct: the controller's CF-32/REC-36 covers non-reproducibility (stale corpus base, R03 rejection). The formulation lead's blocker `lead-form-20260912T011509-123` about the **unpinned stage-2 engine** — does it have an independent verification? The controller's events don't explicitly address the pin gap; `astra-life08-stageb-r03` says the binder fix "lands in the stage-B tree" (an unpinned file!). So independent verification of the *pin gap* would still be valuable and non-duplicative: it demonstrates that the stage-B tree can be modified by worker-006's fix without moving any FROZEN pin, i.e., the fix itself is invisible to pin verification.

BUT: worker-006 is about to edit `spec_conformance_audit.py` per the assignment. That makes the bytes a moving target for a verification task — my report would bind c79d8ab8 and then worker-006 will change it. That's fine if I bind the hash and declare the moving-target caveat; but it could be seen as low-value if the controller already assigned a fix.

Hmm. Let me think about what's the most useful *independent* bounded task I can do at this moment that:
(a) is class-bound (one of the four classes / G-FORM),
(b) has no owner,
(c) does not move a target others depend on,
(d) produces artifact + evidence + hash + falsifier,
(e) can complete in ~1 hour.

Given the huge activity, maybe the best is a *verification of the already-claimed pin gap* with a different, decisive instrument: **an independent "pin-coverage" census of the G-FORM evidence chain**: enumerate every instrument/evidence file that a G-FORM gate decision path executes or cites, and classify each as pinned-by-FROZEN / registered-in-artifact_hashes / unpinned. The formulation lead flagged one instance (stage-B). A census would quantify the whole class of gaps (CF-26/29 class), including `measure_semantic_escape.py`, `check_taxonomy_consistency.py`, `check_taxonomy_cases.py`, `run_gate_tests.py`, `check_variant_registry.py`, `check_variant_deltas.py`, etc. That's a broader, unique, and clearly bounded measurement with high value: it tells the controller which gate-deciding instruments are unbound, i.e., the "instrument governance" surface. It doesn't move any byte (read-only), and it binds hashes.

But wait: worker-065 just did "W065-CANON-SIDEPIN-CENSUS-04" (96 pins measured; 8 gate-relevant stale; "SIDEPIN_TRAP_CONFIRMED") at 01:32 (future stamp? their event says 01:32 but current time is 01:17 — events are being emitted with future timestamps due to clock skew maybe; whatever). Worker-065's task was a census of hash pins/declared registries — possibly overlapping. Let me check worker-065's artifacts to see if the stage-2 gap is covered. Also worker-044 "GFORM-ACCEPT-SCOPE-AUDIT", worker-079 "GFORM-REV29-BINDCHAIN-CENSUS" — the swarm has covered bind chains.

Let me examine what W065-CANON-SIDEPIN-CENSUS-04 actually measured (it says "96 pins; 8 gate-relevant stale; mirror alignment 3/3; SIDEPIN_TRAP_CONFIRMED"). If it's about declared registries vs live bytes, maybe my census would duplicate. Let me look at their artifact report quickly.

Alternatively, a genuinely distinct and valuable task: **verify CF-32's claim (i) that run_acceptance.py exits 3 at rev29** and **quantify the exact re-run failure**: reproduce `run_acceptance.py` exit code at live bytes **in a sandbox** (since running live writes the pinned report — must avoid), measure the stale corpus base vs live C0, and verify the pinned acceptance report cannot be regenerated (compare fresh-run output in sandbox to pinned report 9b7d6c82). Actually CF-32 already states it; independent reproduction would be a solid verification. But the controller's REC-41/CF-32 might have already been verified by someone. Let me check if any worker produced a report reproducing CF-32 at 01:16+.

Hmm, this could go on forever. Let me step back and pick based on the principle: "one class-bound task, read-only, independent, bounded, useful, non-duplicative, bind hashes, emit JSON, checkpoint, exit."

Actually, maybe the highest-value *unowned* gap right now: **independent verification of the F2b acceptance-count conflict (CF-31)**? No — workers 016, 044, 058, 080, 100 are all over F2b.

Let me look at what the freshest open items are that lack independent verification:
1. The pin gap (formulation lead's blocker at 01:15) — controller has not issued a card specifically for it; CF-32 is adjacent but about reproducibility. Worker-065's sidepin census may touch it.
2. The A04 clause FN / detector stuff — owned by audit.
3. L1 identity — worker-025 did it.
4. F1 suite materiality — worker-029 did it.

Let me check worker-065's report to see whether the stage-2 gap is already covered, and search all artifacts emitted since 01:15 for "spec_conformance_audit.py" + "pin" to detect overlap.

Actually, I realize there might be a cleaner approach: since the controller assigned the R03 fix to worker-006 in the *unpinned* stage-B tree, the pin gap has a concrete, immediate consequence: **the fix will not be covered by any FROZEN pin**, so the pipeline's acceptance verdict after the fix will not be attributable to any pinned instrument. An independent verification task could be: *verify (read-only, at c79d8ab8) that the stage-B engine is outside the FROZEN rev29 pin set and outside the runtime registry, and demonstrate the consequence in a sandbox: a one-token mutation of the unpinned file flips the canonical F1 verdict from reject to accept while all FROZEN-declared hashes stay byte-identical.* That's decisive, cheap, and useful as input to REC-41. It also explicitly does NOT touch worker-006's file (read-only on live bytes, mutation only on a copy in my sandbox).

I think that's a good task. But let me first do a quick overlap scan: search artifacts/reviews written in the last ~10 min for "unpinned" + "spec_conformance".

Let me grep for "unpinned" in reviews and check if anyone produced a stage-2-pin-specific report. Also check worker-065's report. Then commit to the task and write the script.
dsh: reasoning:
Worker-003 has a `f2b_rev14_candidate_closure` with sandbox probes involving run_acceptance.py and acceptance_pipeline_report.json — related to the pipeline. Let me check worker-003's report quickly to see what they measured. But the amount of overlapping work is high; the swarm deliberately accepts many independent measurements though.

Let me now decide and move fast. Time budget: I've spent ~4 minutes. I'll do the pin-gap census + sensitivity probe.

Wait, actually, maybe I should reconsider once more. The user instruction: "Take one class-bound task". Perhaps the *most* aligned choice is to take the controller's open assignment `astra-life08-stageb-r03`? It's assigned to worker-006 (I'm 087). No.

Alternatively there's `astra-life07-classsep-adjudication-review` (worker-075) — satisfied per REC-38. No.

OK. Decision: **W087-STAGE2-INSTRUMENT-BINDING-01**, self-selected, class-bound to AF-WCC-VAC-GEN / AF-SCC-C2-VAC-GEN / AF-SCC-C0-VAC-GEN, node F1,F2a,F2b, gate G-FORM. Read-only census + sandboxed sensitivity demonstration.

Deliverables under `artifacts/worker-087/stage2_instrument_binding/`:
- `PREREGISTRATION.json` — question, pins, controls, decision rule, falsifier (write BEFORE running).
- `census_instrument_087.py` — deterministic stdlib-only script:
  1. Load FROZEN.json rev29; build pin map path→sha256.
  2. Measure live sha256/bytes of: run_acceptance.py, check_class_schema.py, spec_conformance_audit.py, acceptance_pipeline_report.json, measure_semantic_escape.py, check_taxonomy_consistency.py, check_variant_registry.py, check_variant_deltas.py, check_taxonomy_cases.py, run_gate_tests.py (the G-FORM decision surface).
  3. Classify: PINNED (path in FROZEN.files and hash matches) / PINNED-DRIFT / REGISTERED-ONLY (in runtime/state/artifact_hashes.json registry/hashes) / UNBOUND.
  4. Static wiring check: parse run_acceptance.py for SEM path and hash-check presence (grep for 'sha256' in run_acceptance.py; the functional test is: does run_acceptance.py compute the sha256 of SEM? We saw it doesn't).
  5. Sandbox sensitivity probe: copy the live stage-2 engine to `sandbox/` (byte-identical, hash recorded), plus a "mutated" copy where the R03 rule is relaxed (patch the specific rule text, e.g., change the substring containment check to always pass or accept the tuple binder). Run the canonical F1 copy through both copies with the same interpreter: baseline → reject/R03; mutant → accept/pass. Also assert the input schema bytes are identical (same sha256) and all pinned files' hashes unchanged.
     - Need to know how to construct the mutation robustly. Let me examine the R03 implementation in spec_conformance_audit.py first.
  6. Controls: K1 live stage-2 on F1 → reject/R03 (baseline). K2 mutated copy on F1 → pass/accept (sensitivity). K3 mutated copy on a deliberately mangled F1 (invalid YAML) → must still reject (fail-closed control). K4: FROZEN pin map itself unchanged between start and end of the run (no drift). K5: the mutated file hash differs from live while every FROZEN pin matches live (the gap demonstration).
  7. Report JSON with per-file table + probe results + verdict.
- `report.json`, `README.md`, `run1.json` (raw), `SHA256SUMS`.
- `runtime/state/worker-087_stage2_instrument_binding_checkpoint.json`.
- Events: artifact(s), claim, status. Maybe also one `blocker`? The formulation lead already filed the blocker; I can file a `review`-like verification? The schema's review requires target_id/reviewer/verdict/score/hard_failures/findings. I can emit a `review` event scoped to the blocker (target_id = lead-form-20260912T011509-123) with verdict "accept" (independently reproduced) — but worker reviews are allowed (workers emit reviews all the time). Hmm, but I'm not a reviewer of that blocker per assignment; still, independent verification is precisely the swarm's mode. Actually, to keep it clean and schema-valid: emit `artifact` events, one `claim` (measurement/formal_model), one `blocker` documenting the confirmed gap and needed_to_unblock, one `status` with next_falsifier. And optionally a `review` targeting the lead's blocker event — the lead's blocker has no artifact; better to target `artifacts/formulation/FROZEN.json#815e08079aef`? No. I'll do a review event with target_id "lead-form-20260912T011509-123" and reviewer worker-087, verdict accept, score 4, hard_failures [] — this is exactly "independent confirmation". Hmm, the protocol says review types score 0-5 with hard_failures/findings. Fine.

Actually simpler: claim + artifact + status + blocker. Don't overcomplicate. The previous worker-087 instance emitted artifact/claim/blocker/review/status — a good template. Let me check their exact event JSON structure for the claim's `conclusion_type` value to stay ingestible: `formal_model`. Let me check comms.py's claim validation rules for allowed conclusion_type values. The ingestion validated the previous claim? Let me check if the previous worker-087 events were accepted: grep events.jsonl for w087-f2bcand. If accepted, I can copy the structure.

Let me check that and the R03 implementation.
dsh: reasoning:
Interesting! The R03 rule in `spec_conformance_audit.py` at c79d8ab8 (live bytes) is now a *domain-resolution* check — it does NOT contain the literal binder-in-formal substring check. The worker-071 review claimed R03 rejects F1 with "binder '(q,t0)' absent from formal sentence". But the current live c79d8ab8 file's R03 rule at lines 175-221 checks quantifiers.ordered structure, not binder-in-formal. So the file has changed since worker-071's measurement (or worker-071 used a different version). This is itself important: the unpinned stage-B engine moved!

Wait — worker-071's review (F1-review-rev29-worker-071.json) says "Running the declared stage-2 semantic auditor... returns verdict=reject with failed_rules=['R03'], detail=binder '(q,t0)' absent from formal sentence". The live file now (mtime 23:36) has a different R03. Hmm, mtime was Sep 11 23:36; worker-071's review is from ~01:14. So either worker-071 ran a different file (maybe an older snapshot path, e.g., artifacts/worker-06/spec_conformance_audit.py in their own sandbox), or... Let me check the file mtime and whether there are other copies of spec_conformance_audit.py.

Actually wait — grep showed R03 at line 175 in the live file, and the check details don't include binder-in-formal. But maybe there's a second R03 check later in the file (SEM rules?). grep -n "R03" showed only lines 175,179,219,221. So live c79d8ab8's R03 = quantifier domain resolution. The worker-071 detail "binder '(q,t0)' absent from formal sentence" is not in this file. So worker-071's measurement cannot be reproduced on live bytes at c79d8ab8 — unless the live file changed at some point after 01:14. Let me check mtime: earlier ls showed `Sep 12 00:57` for FROZEN.json and `Sep 11 23:36` for spec_conformance_audit.py. So the file hasn't changed since 23:36. Worker-071 must have run a different engine.

Hold on. Maybe there are TWO stage-2 engines: the `run_acceptance.py` wires `SEM = artifacts/worker-06/spec_conformance_audit.py`, but maybe there's another file, like `artifacts/formulation/tools/semantic_audit.py` or the R03 literal check lives in `check_class_schema.py`? Worker-071's review says "the canonical structural gate (check_class_schema.py, R01-R16)" — and R03 could be in check_class_schema.py! Let me check which file has the literal binder check. The F1 review: "Running the declared stage-2 semantic auditor of the canonical two-stage acceptance pipeline on the frozen rev29 bytes returns verdict=reject with failed_rules=['R03'], detail=\"binder '(q,t0)' absent from formal sentence\"". They may have mislabeled the engine; the detail sounds like a stage-1 rule (R03 in check_class_schema.py is within R01-R16).

Let me check `check_class_schema.py` for "absent from formal". This matters a lot: the controller's CF-32 and the assignment `astra-life08-stageb-r03` say the stage-B `spec_conformance_audit.py` rejects frozen F1 on R03. If actually check_class_schema.py (stage 1, pinned 000e09e4) carries that rule, then the diagnosis "stage-B binder defect" is wrong — and worse, worker-006 was assigned to fix the wrong file!

This is a genuinely valuable independent verification: **which instrument actually emits R03 'binder (q,t0) absent from formal sentence' on frozen F1, and does the frozen canonical F1 really get rejected by the declared two-stage pipeline at the live pins?** If the rejecting rule lives in the pinned stage-1 checker (or in the pinned run_acceptance report generation), the "fix the unpinned stage-B tree" assignment is misdirected.

This is exactly the kind of independent, evidence-hash, falsifier-bearing verification the swarm wants, and it's class-bound (F1/AF-WCC-VAC-GEN, G-FORM). Let me investigate right now — quick.

Search across tools for "absent from formal" / "(q,t0)".
dsh: reasoning:
No file contains the literal "binder '(q,t0)' absent from formal sentence" or "absent from formal sentence". So where did worker-071's detail come from? Maybe from `artifacts/worker-16/...` or an older copy of the checker. Let me grep the whole repo for that string (excluding huge files), especially older snapshots.

This suggests that the R03 rejection detail cited by worker-071 and repeated by the formulation lead and controller (CF-32) may come from a *different* engine version than the live one. Let me search for "absent from formal" across the repo.
dsh: reasoning:
Whoa — there are multiple hashes of `spec_conformance_audit.py`:
- c79d8ab8 (the live one, 1272 copies!) — this is what's at `artifacts/worker-06/spec_conformance_audit.py`
- 3f69bc1e (123 copies, worker-064's relaxed patch and work dirs)
- 4b3de203 (41 copies, worker-16's r03 patch)
- 645eb16a (164 copies, worker-004's f1_r03_repair trees)
- more maybe.

Wait, 1272 copies of c79d8ab8? That's because many sandbox copies exist. But the live file is c79d8ab8. Yet the "absent from formal" string appears in files that are NOT in the list of spec_conformance copies? The grep for "absent from formal" found reviews + tmp + worker-080's stage copy (c79d8ab8?) + runtime states — but also `tmp/w031_f2a_preflight/sandbox/artifacts/worker-06/spec_conformance_audit.py` which is c79d8ab8. Hmm, so c79d8ab8 does contain "absent from formal"? But my earlier grep of the live file for "absent from" printed only check_class_schema matches... Wait, the first grep searched `artifacts/formulation/tools/*.py artifacts/worker-06/*.py` for "absent from formal\|absent from\|binder" and printed matches for check_class_schema.py lines 174,184,447,448 and close_findings and worker-06's make_heldout/spec_conformance lines 183-198 (binders list). No "absent from formal" in live spec_conformance. But the second grep (repo-wide, files containing the phrase) listed `tmp/w031_f2a_preflight/sandbox/artifacts/worker-06/spec_conformance_audit.py` — that's a copy with hash c79d8ab8, supposedly identical. Contradiction!

Unless the hash grouping is wrong because of duplicate paths... no. Let me directly grep the live file for "formal sentence".

Hmm wait, in the second grep output, the listed file was `./tmp/w031_f2a_preflight/sandbox/artifacts/worker-06/spec_conformance_audit.py`; the hash enumeration says that path has hash c79d8ab8. Let me directly check the live file for the phrase.

Actually maybe the phrase in that sandbox file is in a different file within the sandbox tree (grep -rl lists the file containing the match — it must be that file). Let me verify directly.

Let me run: grep -c "formal sentence" artifacts/worker-06/spec_conformance_audit.py and tmp copy.

If both have it, my earlier targeted grep should have shown it... unless my grep pattern used `-n` and it matched but I only looked at head -20, and the output was truncated! Yes — I used `head -20` and the output had exactly 20 lines? Let me count: the output showed ~14 lines. Hmm, no truncation marker.

Wait, the pattern was `"absent from formal\|absent from\|binder"` applied to `artifacts/formulation/tools/*.py artifacts/worker-06/*.py`. The live spec_conformance_audit.py IS in artifacts/worker-06/, and if it contained "binder" it matched (lines 183-198). If it contained "absent from formal", that line would also match "binder" only if the line contains "binder". The R03 message might be constructed as f"{binder} absent from formal sentence" or a message on a line without the word "binder". The printed matches for spec_conformance_audit.py were lines 183,189,197,198 only — those contain "binder". A line like `self.fail("R03", f"{b} absent from formal sentence")` contains "absent from formal" and would match the alternation regardless of "binder". Unless it's on a line with different wording.

I only inspected lines 175-221 via sed for the R03 block and saw a domain-resolution check that ends with `self.fail("R03", "; ".join(bad))`. So there may be *another* R03 check later in the file (e.g., a second rule pass) with the literal message. My grep -n "R03" showed only lines 175,179,219,221. So no.

Let me just directly grep the live file for "formal".
dsh: reasoning:
My earlier sed range (175-221) cut off at line 221, and the R03 block continues to ~line 215 with the literal containment check at lines 206-212. I misread: the `else` at line 218 is the `for i,e in enumerate(ordered)` loop's else, and the binders check is inside it (lines 200-215). So live R03 DOES include `binder {b!r} absent from formal sentence`. Good — no contradiction. The live engine at c79d8ab8 indeed rejects F1 on R03 (as worker-071 measured).

Good. Now the task is well-founded. Let me now also confirm the *stage-2 engine hash* c79d8ab8 is not pinned anywhere in FROZEN (0 occurrences, confirmed), while its path is referenced by the pinned run_acceptance.py; and that the R03 rejection reproduces live.

Now, the exact bounded task I'll do:

**W087-GFORM-STAGE2-PIN-GAP-01**: Independent read-only verification of the stage-B instrument binding gap on the G-FORM acceptance path at FROZEN rev29 815e08079aef.

Deliverables:
1. `PREREGISTRATION.json` (frozen before runs): question, pins, controls, decision rule, falsifier.
2. `verify_stage2_binding_087.py`: deterministic stdlib-only instrument that:
   - Measures the 6-8 gate-path instruments (hashes, bytes, mtimes).
   - Pin-membership classification vs FROZEN rev29 `files` map (path + sha256) and runtime registry (`runtime/state/artifact_hashes.json` hashes+registry).
   - Static check of `run_acceptance.py`: SEM path resolution + absence of any sha256 check on SEM (count `hashlib` uses: preflight only computes sha of C0 for the stale-corpus check).
   - Dynamic probe in sandbox:
     * K1 baseline: run live-bytes copy of stage-B on canonical F1 copy → expect reject + R03 + detail "binder '(q,t0)' absent from formal sentence".
     * K2 sensitivity: run a *mutated* copy (built programmatically by patching the literal containment check to accept the canonical tuple form) on the identical F1 copy → expect verdict accept (or at least R03 cleared) with all other rules unchanged/pass.
     * K3 fail-closed control: mutant copy on a mangled F1 (invalid schema) must still reject (not blindly accept).
     * K4: all FROZEN-declared pins byte-stable across the run (re-measure before/after); live stage-B hash unchanged (read-only).
   - Verdict + report.json.
3. `report.json`, `run1.json`, `README.md`, `SHA256SUMS`.
4. Checkpoint `runtime/state/worker-087_stage2_binding_checkpoint.json`.
5. Events: artifact×N, claim×1, blocker (if gap confirmed; the needed_to_unblock), status×1 (exit). Possibly review of `lead-form-20260912T011509-123` — I'll include one review with verdict accept=independent confirmation... Actually the review event requires `target_id`; target could be the lead's blocker event id `lead-form-20260912T011509-123`. I'll emit `review` with verdict "accept" score 4, hard_failures [], findings [...]. This gives the controller a clean independent confirmation. Hmm, but "review" semantics in this swarm are mostly artifact reviews. The lead's blocker is a claim about an instrument; an independent verification as review is reasonable. But to avoid the risk of "review target" validation issues, I could instead fold everything into claim + blocker + status. The previous worker-087 emitted a review targeting a candidate; it was accepted. Let me check comms.py validation for review events to see constraints (target_id string, reviewer, verdict, score, hard_failures, findings required). The schema requires those. Fine.

Now, an important precaution: "Reject your own output before sending: does the artifact exist? does the falsifier actually falsify? does the class id match the file?" I'll ensure the report exists and hashes are recorded before emitting events, and that evidence_refs use `path#hashprefix` form.

Another consideration: the task says "emit valid JSON with IDs evidence hash falsifier". So my events must include IDs (event_id, node/class IDs, task_id), evidence (evidence_refs with hashes), hash (sha256), falsifier. Good.

Let me now write the preregistration and instrument. First, understand the stage-B CLI: `python3 spec_conformance_audit.py <path>` prints JSON body with verdict/failed_rules. Let me check the exact output by running it read-only on the canonical F1 (this is read-only; it doesn't write anything). Let me verify quickly and get the R03 detail. Running the tool is read-only (it just reads the schema). Safe.

Also confirm stage-1 (check_class_schema.py --json) on F1 → pass (for context).

Then write the mutation. The R03 containment check is at lines ~200-215:

```
            formal = q.get("formal")
            if not isinstance(formal, str) or not formal.strip():
                bad.append("quantifiers.formal missing")
            else:
                for b in binders:
                    if b not in formal:
                        bad.append(f"binder {b!r} absent from formal sentence")
```

Wait, I need the exact code. Let me view lines 195-225 of the live file. The mutation: replace `if b not in formal:` with a check that accepts the tuple binder if its components appear in formal. E.g.,:

```
                    if b not in formal and not all(tok in formal for tok in re.findall(r"[A-Za-z_][A-Za-z_0-9]*", b)):
```

Careful: for b = "(q,t0)", tokens = ['q','t0']; formal contains "not exists q in I+ and t0 in [0,T)" → both present → pass. For the mangled control, if we mangle formal to remove q/t0, it still rejects. Good, that's a principled minimal fix that also satisfies the controller's assignment ("Make the binder accept the canonical tuple form") — but I'm not the assigned owner; I only demonstrate the sensitivity. I'll label it "sensitivity mutant (not a proposed fix), built to demonstrate that the verdict is decided by unpinned bytes".

Actually for a *decisive* demonstration of the pin gap, an even simpler mutation works: change the `fail` call for R03 to `ok` (disable the rule). Then verdict flips to accept if R03 was the only failure. But a "one-token mutation" is more elegant: flip `if b not in formal:` → `if False and (b not in formal):`. Either way. I'll do the tuple-token fix since it's semantically targeted, and record the exact unified diff.

Let me now check the baseline run output and the full R03 block.
dsh: reasoning:
Baseline confirmed:
- Stage-1 (pinned) F1 → pass.
- Stage-2 live c79d8ab8 (unpinned) F1 d9cebb94 → reject, R03, "binder '(q,t0)' absent from formal sentence", doc_sha256 matches.

Now let me build the task. First write PREREGISTRATION.json before running the harness (precedent + good practice). Then write the harness.

Plan for the harness (`verify_stage2_binding_087.py`), stdlib only:

```
PINS: declare
 - FROZEN.json = 815e08079aef...
 - F1 = d9cebb94..., F2a = e9a27996..., F2b = b2ab6acb...
 - stage2 = c79d8ab8... (measured at entry; if it moves, STOP fail-closed)
 - stage1 = 000e09e4... (measured, compare against FROZEN pin)
 - run_acceptance = e544c36d... (pinned)
 - acceptance report = 9b7d6c82...
```

Steps:
1. entry measurement: hash all declared inputs; if FROZEN or schemas or stage-2 differ from prereg → exit 4 (moving target), no report except a blocker.
2. FROZEN pin map: load files map; check membership of stage-2 path and hash.
3. Registry check: runtime/state/artifact_hashes.json — check hashes/registry for stage-2 path/hash.
4. Wiring static check: read run_acceptance.py; assert SEM path string; assert no occurrence of SEM in a sha256-comparison context. Concretely: check that the only `hashlib.sha256` call in run_acceptance.py is in preflight() over the C0 base; report the count and line numbers. Use AST to be robust: find all `hashlib.sha256` calls and their enclosing function.
5. Sandbox build under `artifacts/worker-087/stage2_binding/sandbox/`:
   - `live/spec_conformance_audit.py` (copy of live bytes; hash must equal c79d8ab8)
   - `mutant/spec_conformance_audit.py` (patched; record unified diff)
   - `input/F1.yaml` (copy of schemas/af_wcc_vacuum.yaml; hash d9cebb94)
   - `input/F1_mangled.yaml` (control: e.g., remove the "t0" token from quantifiers.formal AND break a structural field to ensure a different rule fails; simpler: truncate the file to a malformed YAML or drop `quantifiers.formal`). For K3, the requirement is "a deliberately mangled F1 must still be rejected" by the mutant. I'll create a control that removes `quantifiers.formal` entirely (so R03's formal-missing branch fires even in mutant) — that shows fail-closed. And another control: standard F2b? No, keep to F1.
6. Runs (subprocess, capture JSON):
   - R1: live engine on F1 → expect reject/R03.
   - R2: mutant engine on F1 → expect accept (verdict accept/pass, failed_rules []). If the mutant passes, R03 was the ONLY blocker for F1 — demonstrating a single unpinned-file edit flips the gate-relevant verdict.
   - R3: mutant engine on mangled F1 → expect reject.
   - R4: live engine on mangled F1 → expect reject (baseline control).
7. Pin-stability: re-measure FROZEN, the 3 schemas, run_acceptance, stage-2 live hash after runs; report drift = [].
8. Verdict logic:
   - PIN_GAP_CONFIRMED if: stage-2 path not in FROZEN pins; its sha256 not in FROZEN; run_acceptance.py resolves SEM by path with no hash verification; R1 reject and R2 accept on identical input bytes; all pins stable; all controls as expected.
   - else NOT_CONFIRMED / INCONCLUSIVE with the failing check.
9. Write report.json + run1.json; exit 0 confirmed / 1 not / 4 moving target.

Note: the mutated engine's `doc_sha256` in output will be the same for R1/R2 (identical input) — that's the key evidence: same doc_sha256, different verdict, engine differs only in the unpinned file.

Let me also check where FROZEN pins map structure is: `files[path] = {...sha256...}`. Let me get one full record to know the schema. Earlier walk found `/files/artifacts/formulation/tools/run_acceptance.py/sha256`. Let me print that record.

Also the registry file structure: `hashes` (top-level gate artifacts) and `registry` (path→{bytes,sha256}). Good.

One more check to strengthen the "unpinned" claim: does any *pinned* artifact declare the stage-2 hash (e.g., acceptance report, FROZEN deltas, KEY_MANIFEST)? I'll census: for each pinned artifact (byte content) check whether c79d8ab8 appears — but reading 50 files is fine (they're small). Actually, simply: (a) FROZEN.json raw text count of hash = 0 (done), (b) pin map path membership = false, (c) registry membership = check, (d) acceptance_pipeline_report.json content: check whether it contains the stage-2 hash or any instrument hash. Let me include a check over "declared bindings": scan the pinned acceptance report for any 64-hex sha256 and compare to stage-2 hash.

Let me write the files now. First create the artifact dir and preregistration. I'll use the write tool.

Time check: 01:19. Let me move.

Preregistration content: include task id, class ids, node, gate, question, hypotheses, pins, decision rule, controls, falsifier, authority limits, non-claims.

Then the harness. Let me write it carefully (stdlib only: hashlib, json, subprocess, sys, re, ast, pathlib, shutil, difflib).

Mutation implementation: read live text, replace exact string:
```
                for b in binders:
                    if b not in formal:
```
with
```
                for b in binders:
                    if b not in formal and not all(re.search(r'\b'+re.escape(t)+r'\b', formal) for t in re.findall(r'[A-Za-z_][A-Za-z_0-9]*', b)):
```
Need `re` imported in the engine (it is, used elsewhere presumably). Yes, `re.search` used in the engine (line 379 etc.). Fine.

Wait: tokens for `(q,t0)` → `['q','t0']`. `\bt0\b` in "t0 in [0,T)" matches. `\bq\b` matches. Good. For a binder like `G_r` → tokens ['G_r'] → `\bG_r\b` must appear in formal; current schemas might not include it, so the mutant could *still* fail other rules (e.g., F1 has binders "(Sigma,h,K)", "G_r", "(q,t0)"...). Hmm! The mutation must clear R03 for F1 entirely. Let me check which binder fails: R03 detail says only `'(q,t0)'`. So other binders are present literally in formal. With the mutation, `(q,t0)` will pass if both q and t0 are in formal. If other binders still pass by literal containment, then R03 passes. Good.

But careful: the mutant uses `all(...)` over tokens; for b="(q,t0)" tokens q,t0 both present → condition `(b not in formal) and not all(...)` = True and not True = False → no fail. 

For the mangled control: remove `quantifiers.formal` → hits "quantifiers.formal missing" → R03 fail regardless of mutation. But also, do other rules fail on the mangled file? Doesn't matter; any reject is fine. But caution: the engine might crash on a badly mangled file. I'll mangle minimally by changing the `formal` line. Let me look at the F1 yaml quantifiers.formal content to build the mangled copy programmatically (text replace). Let me check the file.

Also, is `spec_conformance_audit.py` importable/runnable from an arbitrary path? It's a standalone script; run with `sys.executable <path> <input>`. It may import local modules? Let me check the imports at the top. If it imports from its own directory, copying to sandbox could break. Let me check.

Let me look at the head of the engine and the F1 formal lines.
dsh: reasoning:
Important detail: the engine computes `HERE = Path(__file__).resolve().parent`, `ROOT = HERE.parent.parent`, and `DEFAULT_SPEC = ROOT/artifacts/formulation/rule_spec.json`. If I copy the engine to a sandbox at `artifacts/worker-087/stage2_binding/sandbox/live/spec_conformance_audit.py`, then HERE = .../sandbox/live, ROOT = .../sandbox, and DEFAULT_SPEC = .../sandbox/artifacts/formulation/rule_spec.json → missing. It may fail or use a default spec. Let me check how DEFAULT_SPEC is used and whether a missing spec is fatal. Options:
- Reproduce the tree layout in the sandbox: `sandbox/artifacts/worker-06/spec_conformance_audit.py`, `sandbox/artifacts/formulation/rule_spec.json`, etc. Then ROOT resolves correctly and everything (including local `semantic_fixtures`) is present.
- Simpler: invoke with `--spec <live rule_spec.json>` — but the CLI may need more.
- Best: mirror the minimal tree layout: 
  ```
  sandbox/
    artifacts/worker-06/spec_conformance_audit.py   (live or mutant)
    artifacts/worker-06/semantic_fixtures/...       (only if needed; probably only for --selftest)
    artifacts/formulation/rule_spec.json
    input/F1.yaml
  ```
  Then ROOT = sandbox, DEFAULT_SPEC = sandbox/artifacts/formulation/rule_spec.json → present (copy of live). The audit of an input path given on the command line doesn't need semantic_fixtures. Good.

But do I even need the sandbox tree? The mutation requires writing a modified copy somewhere (can't write to the frozen artifacts/worker-06 path). The sandbox with mirrored layout is clean and matches precedent.

Alternatively, I can invoke the *live* engine for baseline (read-only) and only use the sandbox for the mutant. But for a fair comparison (same spec resolution), run both from the sandbox with identical layout; plus one baseline run of the live path for reference. I'll do both.

Now let me check whether `--expect-class` or spec is required. And confirm CLI output JSON to stdout (yes) and exit code 1 for reject, 0 for accept. Also check if there's a `--json OUT` option that writes a file (only if I pass it).

One more thing: the engine might load `rule_spec.json` and use its rules; the mutant copy in sandbox will use sandbox rule_spec (same bytes). Fine.

Let me now write everything. Steps:
1. mkdir artifacts/worker-087/stage2_binding/{sandbox/artifacts/worker-06,sandbox/artifacts/formulation,input}
2. PREREGISTRATION.json (write tool)
3. Build script verify_stage2_binding_087.py (write tool)
4. Run it.
5. README.md, SHA256SUMS, checkpoint.
6. Emit events to comms/outbox/worker-087.jsonl (append), then optionally run `python3 research_map/comms.py ingest`? Careful: the controller's auto-cycle ingests; but the protocol says `python3 research_map/comms.py ingest` pulls outbox → events. As a worker, previous worker-087 just wrote events; the controller ingested them. I should not run ingest myself (it's a controller command; and it may be locked). Actually the worker-087 outbox events appeared in events.jsonl, so someone ingested. The launch script/PROTOCOL says controller commands include ingest. I'll leave ingest to the controller/auto-cycle. Hmm — but "emit valid JSON" might mean write to outbox. Yes, `comms/outbox/<agent>.jsonl` is the upward channel. Good.

Wait, one important check: the auto-cycle `run_cycle.py` runs every 15 min and ingests. My events should be picked up. Also the outbox file may be written concurrently by other worker-087 processes — currently just me (previous instance exited). Appending is fine. But is worker-087.jsonl owned/written by an earlier live instance? The last instance started 01:15:07 — that's me. Previous instance 01:07:19 already exited at 01:14:33. Good.

Let me now redefine task id: `W087-GFORM-STAGE2-BINDING-01`. 

Before writing, double check one thing: is the live `spec_conformance_audit.py` c79d8ab8 referenced in the runtime registry (artifact_hashes.json)? Let me check in the harness. Also check `KEY_MANIFEST.json`, `DELIVERABLE_SUMMARY.md`, `acceptance_pipeline_report.json` for the hash (census of declared references among pinned artifacts). The harness will read the 50 pinned files? That's 50 reads; fine, but big ones? The pinned files are formulation artifacts, likely all small. Let me have the harness scan all 50 pinned files for the stage-2 hash string — that's a strong "no declared reference anywhere in the pinned manifest set" result. Total bytes could be ~1-2 MB; fine.

Let me write the preregistration now. I'll include:
- task_id, worker, created_at, class_ids, node_ids, gate
- question
- pinned inputs (hash each)
- hypotheses H1 (path not pinned), H2 (hash unreferenced), H3 (no hash check in pinned pipeline), H4 (sensitivity)
- decision rule: PIN_GAP_CONFIRMED iff H1∧H2∧H3∧H4∧controls; NOT_CONFIRMED if any is false with evidence; INCONCLUSIVE if a pin moves / instrument error.
- controls K1-K6
- falsifier
- authority note
- non-claims

Then the harness computes all and writes report.

Regarding "hash" in the emission: evidence refs as `path#sha256prefix`.

Let me create the files. Use mkdir via bash then write tool.
dsh: reasoning:
Now write PREREGISTRATION.json. Let me get the exact current hashes for the pins I'll declare (deterministic, measured at entry by the harness, and declared here as the expected values).

Pins:
- artifacts/formulation/FROZEN.json = 815e08079aefbc168f156d7c15b304aaa3df7674bbd591aa4ec9195bc5188ae0
- schemas/af_wcc_vacuum.yaml = d9cebb9404b2e79ef9dab7df7b13113dd3fbd9900848a810eb8d78bd357c5d3d
- schemas/af_scc_c2_vacuum.yaml = e9a27996dfd308bd6d057076787eb7f514f9ac4ba78997d6bfb77774169d82fe
- schemas/af_scc_c0_vacuum.yaml = b2ab6acb2bbe7f86903e4d41082a4aa4ff19149d5d6fc7206aad5aa861b4501c
- artifacts/worker-06/spec_conformance_audit.py = c79d8ab8440ac6738bb61df5a33e9fd5f8319b4e74e1f2e9c0fc5083fb408cec
- artifacts/formulation/tools/run_acceptance.py = e544c36d2d168fdf0a9fb19caa333597d8a74a14442b40a356c08004cc9fb4de
- artifacts/formulation/tools/check_class_schema.py = 000e09e46b2fb4abc047c21e99165cbc55692f3132744fb27e84645609263aff
- artifacts/formulation/evidence/acceptance_pipeline_report.json = 9b7d6c8208d3beae2510c5c9c0a4bdaf7ede8adb277cd2a4f6f9cd0fd430f0c6 (verify with sha256sum)
- artifacts/formulation/rule_spec.json = ? (needed for sandbox)
- runtime/state/artifact_hashes.json = ? (registry)

Let me measure them.
dsh: reasoning:
Now write the preregistration.
dsh: reasoning:
Now write the harness. It must be deterministic, stdlib-only, fail-closed, and write report.json + run-captures.

Design details:
- Paths relative to repo root: harness located at artifacts/worker-087/stage2_binding/verify_stage2_binding_087.py. ROOT = parents[3].
- Entry: measure declared pins via sha256; compare to PREREGISTRATION declared_pins; on drift → status INCONCLUSIVE/MOVING_TARGET and still write report.
- H1: stage2 path in FROZEN files keys.
- H2: stage2 hash in FROZEN raw text; and scan each pinned artifact body (50 files) for the hex string.
- H3: static analysis of run_acceptance.py: 
  * SEM assignment string present.
  * collect AST Call nodes to hashlib.sha256 (or any `.sha256`), and their enclosing function; report lines.
  * Check whether the stage-2 path variable (SEM) flows into any hash computation: simple textual approach — count occurrences of "SEM" in lines containing "sha256" (case-insensitive); and report the enclosing function names of sha256 calls.
  * acceptance_pipeline_report.json: check whether it contains any 64-hex string and whether any equals the stage-2 hash; check "stages" values are paths.
- H4: sandbox:
  * build sandbox/artifacts/worker-06/spec_conformance_audit.py (copy live)
  * build sandbox/artifacts/formulation/rule_spec.json (copy live)
  * input/F1.yaml (copy live schema)
  * input/F1_mangled.yaml: text replace of the formal block with an empty `formal: ""`? Need to be careful: the schema's quantifiers block has `formal: >-` followed by indented lines. A robust mangle: use PyYAML? Avoid dependency (PyYAML may be present — the tools use it). But stdlib-only is preferred. Text mangle: find line starting with "  formal: >-" and replace it with "  formal: \"\"" then... the following indented lines would be orphaned and break YAML parse? Actually the indented block lines after `formal: ""` would be invalid YAML (a scalar followed by mapping keys at same indent is fine? No—`formal: ""` at indent 2, then continuation lines at indent 4 without a parent key → YAML error). Engine might crash. Better mangle: replace the whole formal block text with a *valid* wrong value that keeps YAML valid: e.g., replace the first line `  formal: >-` with `  formal: "for all data no binder tokens present"` and delete the continuation lines until the next key at indent 2. Simpler robust approach: load with PyYAML (available; check_class_schema uses yaml), set doc['quantifiers']['formal']='no binder tokens here', dump to the control file. But the engine reads YAML with its own loader; dumping via yaml.safe_dump changes formatting but the engine only cares about fields. It's a control, so format changes are acceptable as long as the doc parses and R03's formal-missing/mismatch branch fires. Actually with formal="no binder tokens here", the mutant's tuple check: binders include "r","G_r","(Sigma,h,K)","(Mtilde,gtilde,Omega)","gamma","(q,t0)" → none appear → R03 fails even in mutant. Good. And no other field changes, so the control is minimal at the schema-semantic level.
    Is PyYAML guaranteed available? The environment has it (used by repo tools). The harness can try import yaml, and if unavailable, fall back to a text mangle with a pre-verified replacement. I'll implement the text-mangle fallback carefully: replace the formal block with a one-line value and drop continuation lines based on indentation. Let me look at the F1 YAML lines 41-48 to see the exact block.
  * run baseline: `python3 sandbox/artifacts/worker-06/spec_conformance_audit.py input/F1.yaml` → parse JSON stdout; record verdict/failed_rules/doc_sha256.
  * run mutant: same but mutant path. Build mutant by exact string replacement of the containment line:
    old: `                    if b not in formal:`
    new: `                    if b not in formal and not all(re.search(r'(?<![A-Za-z0-9_])' + re.escape(_t) + r'(?![A-Za-z0-9_])', formal) for _t in re.findall(r'[A-Za-z_][A-Za-z_0-9]*', b)):`
    Must ensure indentation matches exactly. From the file: `                    if b not in formal:` (20 spaces). Let me confirm the exact line with sed -n '210,213p' and cat -A maybe. I'll do the replacement in code and assert exactly 1 occurrence, else fail.
  * runs on mangled control with mutant and live.
  * write `runs.json` with each capture (argv, returncode, stdout JSON parsed, stderr, input hash).
- H5: registry check.
- Verdict + checks list.
- Writes report.json and exits:
  * 0 if PIN_GAP_CONFIRMED
  * 1 if NOT_CONFIRMED
  * 3 if INCONCLUSIVE/moving target.

Also include a `deterministic` note: the engine's output includes `audited_at` timestamp, so runs differ across time; I'll strip/record it and compute a normalized digest of the remaining fields for comparison. Double-run determinism: run K2 twice and compare normalized JSON (excluding audited_at). Good addition (K7?). The preregistration lists K1-K6; I can add an extra determinism check but keep the decision rule tied to K1-K6. I'll note K2b as a supplementary double-run.

Let me look at the exact lines to patch and the YAML block.
dsh: reasoning:
Exact lines confirmed. Now write the harness.

For the mangled control, I'll do a text mangle: replace the `formal: >-` block (lines from `  formal: >-` until the next line starting with exactly two spaces + a key) with:
```
  formal: "control-mangled: no binder tokens present"
```
This keeps YAML valid. Implementation: split lines, find index of line == "  formal: >-", then advance while next line starts with 4+ spaces (continuation), then replace that slice with the one line.

Wait: the following line is `  ordered:` (2 spaces) — stop. Good.

Now for the mutant patch: replace the line `                    if b not in formal:` (20 spaces indent) with the relaxed version. Note `re` is imported in the engine. Use a compiled token regex inside the expression. The new line:

```
                    if b not in formal and not all(re.search(r'(?<![A-Za-z0-9_])' + re.escape(_t) + r'(?![A-Za-z0-9_])', formal) for _t in re.findall(r'[A-Za-z_][A-Za-z_0-9]*', b)):
```

This is long but fine (Python doesn't care). Note: `re.findall(r'[A-Za-z_][A-Za-z_0-9]*', "(q,t0)")` → ['q','t0'] ✓.

Now, will the mutant pass R03 for F1 fully? R03 checks:
- ordered >= 2 ✓
- each entry kind/binder/domain_id ✓ (unchanged)
- domains resolved ✓
- domain vague check: unchanged, currently passes
- formal is str non-empty ✓
- binders containment: with mutation, for each binder, if literal absent, check token-wise. Binders: "r" → in formal ✓; "G_r" → literal? formal has "G_r subset" ✓; "(Sigma,h,K)" → formal "forall (Sigma,h,K) in G_r" ✓; "(Mtilde,gtilde,Omega)" → "exists a conformal completion (Mtilde,gtilde,Omega)" ✓; "gamma" → ✓; "(q,t0)" → literal absent, tokens q,t0 present ✓ → no failures.
- forall present ✓, existential present ✓.
So R03 passes in mutant. All other rules already pass per baseline (failed_rules only R03). So verdict should become accept. 

Also note the engine computes `doc_sha256` from input bytes — identical for K1/K2. 

Now the "declared-reference census" over the 50 pinned files: read each file's bytes (they're all in the repo), search for `c79d8ab8440ac673` (16-prefix) and full hash. Record matches. Some pinned files might be large-ish (FORMULATION.md 15KB, taxonomy 36KB...). Fine.

One caution: FROZEN.json itself is one of the pinned files? It's the manifest, not in its own files map. Fine.

Registry check: runtime/state/artifact_hashes.json has `hashes` (gate artifacts) and `registry` (path→{bytes,sha256}). Check both for the path and hash.

Also check `runtime/state/entry_hashes.json`? Not necessary. Maybe also `research_map/research_map.json`? The map is not a pin; skip.

Let me write the script now. I'll make it verbose and deterministic. Output report.json in the task dir. Also write runs.json.

Structure of report.json:
```
{
  "schema": "worker-087/stage2-binding-report/v1",
  "task_id": ..., "worker": ..., "created_at": ...,
  "preregistration": {"path":..., "sha256":...},
  "declared_pins": {path: {"expected":..., "measured":..., "match": bool}},
  "moving_target": bool,
  "hypotheses": {"H1_path_unpinned": {"holds":..., "evidence":...}, ...},
  "controls": {"K1": {...}, ...},
  "sandbox": {"baseline_engine": {path,sha256}, "mutant_engine": {path,sha256,diff}, "input_f1": {...}, "input_mangled": {...}},
  "runs": [...],
  "pins_after": {...}, "pin_drift": [...],
  "verdict": "PIN_GAP_CONFIRMED"|...,
  "falsifier": ...,
}
```

Let me write it.
dsh: reasoning:
Wait — there's a bug: `ROOT = HERE.parents[2]`. HERE = /data3/guoshaoyang/workdir/ai4math-swarm/artifacts/worker-087/stage2_binding. HERE.parents[0] = artifacts/worker-087, parents[1] = artifacts, parents[2] = ai4math-swarm root. ✓ Correct.

Another issue: the engine computes ROOT as HERE.parent.parent where HERE = sandbox/artifacts/worker-06 → sandbox. DEFAULT_SPEC = sandbox/artifacts/formulation/rule_spec.json ✓ exists. Good.

Also the `sandbox` engine's `SEMANTIC = HERE / semantic_fixtures` doesn't exist, but only used for --selftest. Fine.

One concern: `run_engine` runs with cwd=ROOT; args are absolute paths. Fine.

Another: `report["preregistration"] = measure(HERE/"PREREGISTRATION.json")` — relative_to(ROOT) works since it's under ROOT. Good.

Also: FROZEN's `files` map — is the stage-2 path exactly "artifacts/worker-06/spec_conformance_audit.py"? Yes, that's the path used in the assignment and file exists there.

Potential issue: H3's `"absent from formal sentence" in json.dumps(k1.get("checks", {}))` — checks is a dict rule→{verdict,detail}; the R03 detail includes the message. But note I built checks as `{c.get("rule"): ...}` — if a rule appears twice, later overwrites; fine.

Another potential issue: the mutant patch uses `re.search` and `re.escape` and `re.findall` — all available; `re` is imported in the engine. Good.

Let me run the harness.
dsh: reasoning:
The registry file moved (it's a live checkpoint file updated by the controller every cycle). My preregistration declared its hash b692ad72 but it changed between 01:19:30 and now (01:21). That's expected — it's a live state file, not a frozen pin. I shouldn't fail-closed on a live registry; instead, treat it as a *measured input* whose hash is recorded at entry (and re-measured at exit), not a pin. Same possibly for other live files? The 50 FROZEN pins should be stable. Let me restructure: PINS = FROZEN, F1, F2a, F2b, stage2, run_acceptance, stage1, rule_spec, acceptance report, escape corpus (declared_frozen inputs). REGISTRY live snapshot — record hash at entry/exit but allow change; the H5 check reads whatever is live at measurement time.

Also the outgoing registry change means the report's entry measurement for registry differs; I'll label it "live_input" with entry/exit hashes and no drift requirement. But note the report was already written with INCONCLUSIVE verdict. I need to fix the harness and rerun; the report will be overwritten. That's fine (my own dir). Also update PREREGISTRATION? The preregistration declared runtime registry as a "declared pin"; that's inaccurate. I could either leave it (preregistration is frozen; the harness clarifies the distinction and the deviation is documented) or amend with an explicit AMENDMENT note. Better: keep preregistration bytes as-is (frozen before run) and add an AMENDMENT-01.json documenting that the registry is a live state file, not a pin, and that it moved at entry (with both hashes) — this is honest and preserves the pre-registration record. The swarm values disclosed amendments.

Let me record the current registry hash and the earlier one (b692ad72), then patch the harness:
- EXPECTED_PINS (drift-fatal): FROZEN, F1, F2a, F2b, stage2, run_acceptance, stage1, rule_spec, report, escape.
- LIVE_INPUTS: registry — measured at entry and exit; no drift failure; H5 uses entry snapshot.
- Report field `live_input_drift` (informational).

Rerun. The preregistration file itself is hashed in the report; it stays unchanged.

Let me check the registry's current hash first.
dsh: reasoning:
Wait, there's a typo in `"report"`? I wrote `"report": "artifacts/worker-087/..."` — no, I wrote `"report"` correctly? Let me look: `"report": "artifacts/worker-087/stage2_binding/report.json (overwritten by the amended run)"` — Actually in the file I wrote `"report"` but looking at the content above, the line reads `"report": "artifacts/...` — hmm, I typed `"report"` ... Let me verify: the content shows `"report": "artifacts/worker-087/stage2_binding/report.json (overwritten by the amended run)"`. Wait, no — it shows `"report"`? Looking at my input, I see:

```
  "first_run": {"exit": 3, "verdict": "INCONCLUSIVE_MOVING_TARGET_AT_ENTRY", "drift": ["runtime/state/artifact_hashes.json"], "report": "artifacts/worker-087/stage2_binding/report.json (overwritten by the amended run)"}
```

Hmm, actually I wrote `"report"` — no, I wrote `"report"`?? In the string I actually typed `"report"`... I can't tell from memory; let me read the file. Also I notice I typed `"first_run"` with `"report"` but wrote `"report"` in the content as `"report"`. Let me just read it.

Actually in the content I submitted, the line is:

`  "first_run": {"exit": 3, "verdict": "INCONCLUSIVE_MOVING_TARGET_AT_ENTRY", "drift": ["runtime/state/artifact_hashes.json"], "report": "artifacts/worker-087/stage2_binding/report.json (overwritten by the amended run)"}`

Wait, I see `"report"` in my rendered content? I wrote `"report"` — the visible text shows `"report"`. Hmm, I distinctly typed `"report"` — no. Let me just check the file with a JSON parse.

Also need to patch the harness for the pin/live-input split.
dsh: reasoning:
The JSON has "report" key? It printed `"report"` in output — wait the output shows `"report"`? It shows:
```
 "report": "artifacts/worker-087/stage2_binding/report.json (overwritten by the amended run)"
```
Hmm, the output actually shows `"report"`. Fine, JSON is valid (typo was in my worry only).

Now patch the harness: separate PINS (fail-closed) and LIVE_INPUTS (informational). Edits:
1. Rename EXPECTED → EXPECTED_PINS + LIVE_INPUTS dict.
2. Entry measurement: drift_in only over EXPECTED_PINS; live inputs measured separately.
3. H5 uses entry live snapshot (already reads file fresh — fine, record entry hash).
4. Exit: pin_drift only over pins; live_input_drift informational; K5 over pins.
5. Report includes amendment hash.

Let me apply targeted edits.
dsh: reasoning:
Wait, I need to check the file content — the original EXPECTED dict listed entries in this order:
```
    STAGE1_REL: ...
    RULE_SPEC_REL: ...
    REPORT_REL: ...
    ESCAPE_REL: ...
    REGISTRY_REL: "b692ad..."
}
```
My first edit replaced the `EXPECTED = {` line with LIVE_INPUTS + EXPECTED_PINS = {. Then the second edit replaced the tail `RULE_SPEC_REL ... ESCAPE_REL ... REGISTRY_REL ... }` with `RULE_SPEC_REL ... ESCAPE_REL ... }` + `EXPECTED = EXPECTED_PINS`. Good. But the second edit's old_string included RULE_SPEC_REL..ESCAPE_REL..REGISTRY_REL; the new string keeps RULE_SPEC/REPORT/ESCAPE and closes. Let me read the region to confirm correctness.
dsh: reasoning:
Good. Now I need to patch the main() logic:
1. Add `live_before` recording and `amendment` measure.
2. Add `live_input_drift` at exit.
3. H5 uses `LIVE_INPUTS` entry measurement (reads live).
4. K5 checks pins only.

Let me view main() around the entry measurement and the exit section, then edit.
dsh: reasoning:
Also, H5 currently reads the registry live at that point (which is fine, it's after entry). But I want the H5 to use the entry snapshot semantics; reading the live file is fine, but let me record which hash was read. Let me check the H5 block and add the registry hash used.

Also the `controls_ok` includes K5/K6; K5's dict now has extra key; fine.

One more issue: `measure()` returns "path" relative to ROOT; for AMENDMENT-01.json inside HERE, relative_to(ROOT) works.

Let me update H5 to record the registry hash it read.
dsh: reasoning:
Verdict NOT_CONFIRMED because H2 (hash unreferenced) failed — meaning the stage-2 hash c79d8ab8 IS referenced somewhere: either in FROZEN.json or in one of the 50 pinned artifact bodies.

Let me inspect the report to see where. This is important: my hypothesis was wrong (or partially). Let me look.
dsh: reasoning:
Interesting nuance: the stage-2 hash IS referenced inside the pinned `artifacts/formulation/evidence/semantic_escape_rebased.json`. Let me look at the context — what field references it. If the pinned corpus manifest records the stage-2 hash (e.g., as the engine that measured it), that's a *measurement provenance* reference, not a binding: it doesn't make the engine's live bytes verified by the pipeline. But it matters for the claim: "the stage-2 bytes are not pinned, but the hash is recorded in a pinned evidence file".

The truthful conclusion is more nuanced:
- H1 true (path not in pin map).
- H2 partially false: the hash appears in the pinned `semantic_escape_rebased.json` (probably as `gate_sha256` for the semantic stage). So the hash is *declared* in a pinned artifact, but the *engine file itself* is not pinned, and the pipeline doesn't verify it.
- H3 true (no verification in run_acceptance.py).
- H4 true (verdict flips with only the unpinned file changed).
- H5 true (registry absent).

So the governance gap stands, but my preregistered H2 as literally stated ("the sha256 does not appear in any of the 50 pinned artifact bodies") is falsified. Per the decision rule, the verdict becomes NOT_CONFIRMED — but that's too blunt: the actual finding is "gap confirmed with a nuance" (hash declared in one pinned evidence file but no pin/verification of the file). The preregistration's decision rule says NOT_CONFIRMED if at least one H is false, and the report must state which hypothesis was falsified and with which measured value. I should honor the preregistration — but I can also add a secondary, pre-declared... no, it wasn't pre-declared. Hmm.

The honest approach:
1. Report `NOT_CONFIRMED` per the literal preregistered decision rule (H2 falsified) — the harness already does this.
2. Add an explicit `nuance` section to the report: the hash reference in `semantic_escape_rebased.json` is a provenance declaration (let me check the field name) not a pin. Then state the revised finding: "stage-2 file is unpinned and unverified; its hash is declared once in a pinned evidence file, so the pipeline's binding is one-directional (evidence records a hash, nothing enforces it)".
3. Emit the claim accordingly — with a precise statement, not overclaiming "not referenced anywhere".

Let me inspect the context of the hash in semantic_escape_rebased.json.

Actually — hold on. Before finalizing the finding, let me reconsider whether the *pinned evidence file* declaration might actually constitute a binding in some other sense. Let me look at the JSON structure. If `semantic_escape_rebased.json` has `"gate_sha256": "c79d8ab8..."` and `run_acceptance.py`'s preflight checks `rec.get("base_sha256") != cur` only, then the gate hash is recorded but unchecked. Let me check.

Also, the `semantic_escape_rebased.json` is one of the two files the rev29 delta says were "re-pinned corpora" — it's pinned, but its `gate_sha256` value points to the stage-2 engine. If worker-006 edits the engine, the pinned corpus's declared gate hash becomes stale → a *detectable* inconsistency for anyone who checks it, but no checker does (run_acceptance preflight only checks base_sha256). Let me verify run_acceptance preflight: yes, only `rec.get("base_sha256") != cur`.

So the refined finding: the stage-2 engine is not pinned by path or hash in the manifest; the only declaration of its hash is a provenance field inside a pinned corpus-evidence file; the pinned pipeline tool resolves it by path and never verifies it; therefore editing the engine silently changes the gate verdict while every FROZEN pin stays valid, and the corpus file's recorded gate hash becomes stale without any checker noticing (though it is *detectable* by an independent hash check).

That's a precise, defensible claim. Let me inspect the corpus JSON fields to quote them exactly.
dsh: reasoning:
Now I have the precise structure:
- `semantic_escape_rebased.json` (pinned in FROZEN rev29) contains `w06_auditor: artifacts/worker-06/spec_conformance_audit.py` and `w06_sha256: c79d8ab8...`.
- So the corpus evidence *declares* the stage-2 instrument identity and hash. But: (a) the engine file is not in the FROZEN pin map; (b) no code verifies the declaration (the corpus preflight only checks `base_sha256`; the pipeline resolves SEM by path); (c) the declaration is in a corpus built at `base_sha256 1bb78ce9` (stale rev11 C0), while live C0 is `b2ab6acb` — so CF-32 says the corpus itself is stale, and `run_acceptance.py` exits 3 before even running.

This nuance changes the *risk framing*:
- There IS a declared instrument identity, so an auditor *can* detect drift by comparing live engine hash to `w06_sha256`.
- But nothing enforces it: no pin, no verification, and the pinned corpus that declares it is itself stale/non-reproducible and excluded from gate evidence per CF-32/REC-36. After rev14 rebinds the corpus, the new corpus will presumably declare a new `w06_sha256`... but the engine (worker-006's fix) will still not be in the FROZEN pin map. So the gap remains live but is partially mitigated by the corpus declaration.

So my honest final report should be:
- H1 true (path unpinned).
- H2 **false as literally preregistered** (hash referenced in a pinned body: semantic_escape_rebased.json `w06_sha256`); but refined sub-finding: hashes in FROZEN.json = 0; the single reference is a provenance field in the pinned corpus evidence, not a pin and not verified by any tool.
- H3 true (no verification).
- H4 true (verdict flip).
- H5 true (registry absent).

Per the preregistered decision rule → NOT_CONFIRMED (one hypothesis falsified), with the nuance recorded. But wait: is it more useful to report "the strict phrasing of the governance gap ('outside every declared pin' / 'unreferenced') is falsified, while the operative risk (unverified, unpinned, silently mutable) is confirmed"? Yes.

Alternatively, I could define the verdict as "PARTIAL_CONFIRMED"... but the preregistration didn't have that category. Deviating from the preregistered decision rule post hoc is exactly the kind of thing this swarm audits. So I must keep NOT_CONFIRMED as the primary verdict per the literal rule, and add a clearly-labeled `refined_finding` that is not a re-scoring of the verdict but a description of the measured configuration. The claim event should use the refined statement (with the literal H2 falsification disclosed). That's the honest path, and it still gives the controller valuable information: the lead's blocker `-123` says "ZERO occurrences in FROZEN.json" — which is TRUE — but the broader "only half hash-bound" framing is right; the file is unpinned in the manifest, but its hash IS recorded in a pinned evidence file (a declaration, not an enforcement).

Hmm wait, let me re-read the lead's blocker text carefully:
"INSTRUMENT GOVERNANCE GAP: the acceptance pipeline is only half hash-bound. artifacts/formulation/tools/run_acceptance.py IS pinned in FROZEN rev29 and wires stage 2 to artifacts/worker-06/spec_conformance_audit.py, but that stage-2 rule engine has ZERO occurrences in artifacts/formulation/FROZEN.json and is unpinned. Every gate outcome depending on stage 2 can therefore be changed by editing an unpinned file while all 50 pinned hashes stay constant - invisible to pin verification."

My findings: ZERO occurrences in FROZEN.json ✓ (my measurement confirms). Unpinned ✓ (not in pin map). "Every gate outcome depending on stage 2 can therefore be changed by editing an unpinned file while all 50 pinned hashes stay constant — invisible to pin verification" ✓ (K2 demonstrates exactly this: verdict flips on identical input; all pins stable). The lead's claim doesn't say "hash referenced nowhere else in the repo"; my H2 was stricter than the blocker. So the lead's blocker is actually fully confirmed; only my over-strict H2 formulation is falsified. The right move: revise the *interpretation*: the blocker claim (as stated) is CONFIRMED; my H2 sub-hypothesis about "no reference in any pinned body" is falsified, and I should report that as a nuance that *narrows* the claim: the hash is declared once in a pinned corpus file (provenance), but that declaration is unverified and the corpus is stale/non-gate-eligible per CF-32, so the operative gap stands.

Given the preregistration's own decision rule (all H1-H5 must hold for PIN_GAP_CONFIRMED), the literal verdict is NOT_CONFIRMED. I'll keep that as the harness verdict but add:
- `verdict_detail`: "NOT_CONFIRMED_ON_H2_LITERAL; operative gap confirmed on H1,H3,H4,H5 + K1-K6"
- `blocker_claim_assessment`: maps lead's blocker sentences to measured values.
- `refined_finding`.

Actually — maybe I should amend the preregistration *before* the amended run (AMENDMENT-02) refining H2 to match the actual claim ("hash not in FROZEN.json and not bound by any verification") — no, that would be moving the goalposts to get a confirm. Bad practice. Better to keep the strict preregistered verdict and report the refinement as a post-hoc observation explicitly. The swarm's audit culture will respect that.

Hmm, but there's a subtlety: the harness's `verdict` drives the exit code and my claim. I'll keep the harness logic as-is (strict), then write the report with an added `interpretation` section that I author *outside* the harness? The harness overwrites report.json each run. I could add the interpretation into the harness as deterministic derived fields. Cleaner: extend the harness to compute:
- `H2b_reference_disposition`: list the referencing field with its enclosing pinned file, and classify: "provenance_declaration_unverified" (since no verification code).
- `operative_gap`: bool = H1 and H3 and H4 and H5 and controls_ok.
- `verdict` remains the strict preregistered one; `operative_gap` is explicitly labeled post-hoc derived (not part of the preregistered decision rule).

That keeps everything reproducible from the script and honest about what was preregistered vs derived.

Let me also double check the H2 scan result is complete: `semantic_escape_rebased.json` only. Also check that `FROZEN.json` doesn't mention c79d8ab8 (confirmed false) and no other pinned body does.

Let me update the harness: add H2 disposition detail + operative_gap + verdict_note. Then rerun. Then produce README, SHA256SUMS, checkpoint, events.

One more useful check for the claim: does any *checker* verify `w06_sha256` inside `semantic_escape_rebased.json`? Search the repo for `w06_sha256` usage in .py files. Let me check that before writing, so the "unverified declaration" statement is measured.
dsh: reasoning:
Confirmed:
- `measure_semantic_escape.py` *writes* `w06_sha256` into the corpus (a declaration at generation time).
- `run_acceptance.py::preflight` reads only `base_sha256`; no code reads `w06_sha256` or `gate_sha256` for verification.
- So the declaration is never checked: the "unverified provenance declaration" classification is measured.

Now update the harness to add these derived fields, then rerun.

Edits to harness:
1. In H2 block, after computing body_hits, compute `references` with details: for each hit file, find the JSON keys whose values contain the hash (generic scan), plus a note that no `.py` tool reads `w06_sha256` (measured separately in a new check `H3b_declaration_unverified`: grep the pipeline tools for reads of w06_sha256).
2. Add `operative_gap` and `verdict_note` in the final section.

Let me implement:
- `H3b_declaration_unverified`: read tool sources (run_acceptance.py, check_class_schema.py, measure_semantic_escape.py) and count occurrences of "w06_sha256" (any) and specifically in a comparison context (`w06_sha256"` used with `!=`/`==`) — simpler: report lines mentioning w06_sha256 in each tool; `measure_semantic_escape.py` writes it (2 lines: 86 definition), run_acceptance: 0. Statement: no tool compares it.

Report fields:
```
report["H2_hash_unreferenced"]["reference_disposition"] = [...]
report["H2_hash_unreferenced"]["hash_declared_in_pinned_body"] = true/false
report["H2_literal_falsified_by"] = ...
```
And final:
```
report["operative_gap_confirmed"] = H1 and H3 and H3b and H4 and H5 and controls_ok and not drift_out
report["verdict_note"] = "preregistered all-H rule yields NOT_CONFIRMED because H2 as literally stated is false; the operative gap (unpinned + unverified + verdict-deciding) is confirmed by H1,H3,H3b,H4,H5,K1-K6"
```

Let me apply the edits.
dsh: reasoning:
Now add H3b (declaration unverified) after the H3 block, and the final operative_gap fields. Let me view the H3 block end to place the insertion.
dsh: reasoning:
Also update the print statement to include operative gap. And note: H3b's `holds` requires `reference_disposition` non-empty AND no consumer lines. If reference_disposition were empty (hash not declared), holds=False — but then it's the H2-confirmed case. That's fine because H3b is only meaningful with the declaration present; but for robustness, if the hash is not declared at all, the operative gap should still hold. Hmm — if H2 were true (no reference), then H3b as coded would be False, dragging operative to False. That's a logic bug for the counterfactual case. But in the actual measured case reference_disposition is non-empty so it's fine; still, let me define H3b as `not comparisons` (the declaration, if any, is unverified) — i.e., drop the `bool(reference_disposition) and`. That makes H3b purely "no pipeline tool verifies declared instrument hashes". Better.

Let me fix that and add print field.
dsh: reasoning:
The harness now reports:
- Literal preregistered verdict: NOT_CONFIRMED (H2 falsified by one provenance field).
- Operative gap confirmed: true.
- Controls all pass, no pin drift.

Let me inspect the full report to verify the details and the mutant flip evidence, and confirm that the diff and runs look right. Then produce README.md, SHA256SUMS, and the checkpoint, then emit events.

Let me view key sections.
dsh: reasoning:
Excellent. The measurement is complete and decisive:
- K1: live engine on frozen F1 → reject/R03, doc d9cebb94.
- K2: mutant engine on the SAME bytes (doc d9cebb94) → accept.
- K3/K4: both reject the mangled control.
- No pin drift, all controls pass.
- H1/H3/H3b/H4/H5 hold; H2 literal fails due to one provenance declaration.

Wait — one thing to double check: the mangled control with the mutant rejects with R03; why? Because `formal` no longer contains the binder tokens. Good — the mutated rule still fails closed on genuinely missing binders. 

Now write:
1. `README.md` — human summary: question, method, pins, results, findings, controls, falsifier, non-claims, reproduce command.
2. `SHA256SUMS` — hashes of all deliverables.
3. `runtime/state/worker-087_stage2_binding_checkpoint.json` — worker checkpoint.
4. Events to `comms/outbox/worker-087.jsonl`.

Also, I should consider emitting a `review` on the lead's blocker event (lead-form-20260912T011509-123) — the exact claim is confirmed. And a `blocker`? The gap is already filed by the lead; my job is verification. I'll emit:
- artifact events for: PREREGISTRATION.json, AMENDMENT-01.json, verify script, report.json, runs.json, README.md, SHA256SUMS, checkpoint.
- claim (conclusion_type formal_model — measurement claim; statement precise).
- review: target_id "lead-form-20260912T011509-123", verdict "accept", score 4, hard_failures [], findings [H2 nuance]. counts_toward_gate_accept false.
- status: status "active" (worker events can't set done), hours 1.0, summary, next_falsifier, exit note.

Before emitting, verify the claim statement is accurate and doesn't overclaim. Statement draft:

"Measurement, not a mathematics or physics claim. At FROZEN rev29 815e08079aef, the G-FORM stage-2 semantic engine artifacts/worker-06/spec_conformance_audit.py (live sha256 c79d8ab8440ac673) is not a key of FROZEN.json.files (50 pins; 14 .py instruments) and its hash does not occur in FROZEN.json; the pinned pipeline tool run_acceptance.py resolves it by path (line 10) and its only sha256 call (line 61, preflight) is over the C0 base corpus, never over the engine, and the pinned acceptance_pipeline_report.json records only stage paths. The engine hash does appear once, as a provenance declaration `w06_sha256` inside the pinned, stale corpus evidence artifacts/formulation/evidence/semantic_escape_rebased.json, but no pipeline tool reads or compares that field. On byte-identical input (doc_sha256 d9cebb9404b2), the live engine returns reject/R03 while a one-line mutated copy returns accept, with all FROZEN pins byte-stable and 8/8 controls satisfied. Therefore a stage-2 edit silently changes the F1 verdict under an unchanged pin set; the lead's blocker lead-form-20260912T011509-123 is confirmed as stated, with the refinement that the engine hash is declared-but-unverified in one pinned evidence file rather than unreferenced anywhere."

Assumptions: 
- the live stage-2 file bytes are the ones the pinned run_acceptance.py would execute (SEM resolves to that path; no hash check) — verified by AST/static read; not by executing run_acceptance.py (which would rewrite the pinned acceptance report; deliberately not run).
- mutation is a sensitivity probe, not an adopted fix or a claim about R03 semantics.

Falsifier: 
"stage-2 path in FROZEN.json.files with matching sha256; or the stage-2 hash occurring in FROZEN.json; or a pipeline tool comparing w06_sha256/gate_sha256 before execution; or K2 failing to flip the F1 verdict on byte-identical input at the same pins; or any declared pin moving. A rev30 that pins the engine path+hash voids this measurement at that revision."

evidence_refs with hashes:
- artifacts/formulation/FROZEN.json#815e08079aef
- artifacts/worker-06/spec_conformance_audit.py#c79d8ab8440a
- artifacts/formulation/tools/run_acceptance.py#e544c36d2d16
- artifacts/formulation/evidence/semantic_escape_rebased.json#7e44de0e3906
- artifacts/formulation/evidence/acceptance_pipeline_report.json#9b7d6c8208d3
- schemas/af_wcc_vacuum.yaml#d9cebb9404b2
- artifacts/worker-087/stage2_binding/report.json#<hash>
- artifacts/worker-087/stage2_binding/verify_stage2_binding_087.py#<hash>
- artifacts/worker-087/stage2_binding/runs.json#<hash>
- artifacts/worker-087/stage2_binding/AMENDMENT-01.json#<hash>
- runtime/state/worker-087_stage2_binding_checkpoint.json#<hash>

Checkpoint content: task id, worker, class/node/gate, pins measured, verdict, counts, deliverable hashes, next falsifier, authority note, created_at.

Let me write the README first.

One subtlety for the checkpoint: the swarm convention places checkpoints in runtime/state/. The artifact event for the checkpoint should come after writing it; hash must be measured after content is final. So order: README → SHA256SUMS → checkpoint (content referencing report hash etc.) → then measure checkpoint hash → then SHA256SUMS including checkpoint? If SHA256SUMS includes the checkpoint, and the checkpoint references the SHA256SUMS hash → circular. Previous worker-087 excluded the checkpoint from the sums? Let me check their f2b_candidate_verify dir to follow precedent.
dsh: reasoning:
No SHA256SUMS in the previous worker task; the checkpoint carries the artifact hashes. I'll do both: README + checkpoint with hashes (excluding the checkpoint itself from its own map), and a SHA256SUMS file that includes everything except itself.

Order:
1. Write README.md.
2. Write checkpoint JSON with hashes of PREREGISTRATION, AMENDMENT-01, verify script, report.json, runs.json, README, and the sandbox mutant engine (as evidence).
3. Write SHA256SUMS covering PREREGISTRATION, AMENDMENT-01, verify script, report.json, runs.json, README.md, checkpoint.
4. Re-check that report.json etc. don't change after sums (they won't).
5. Emit events referencing hashes.

Note: SHA256SUMS content must be created after the checkpoint exists, and the checkpoint shouldn't reference SHA256SUMS. Fine.

Let me write the README now.

Key numbers:
- FROZEN rev29 815e08079aef; 50 pins.
- stage-2 engine c79d8ab8 (32714 bytes, mtime 23:36) not in pin map; 0 occurrences in FROZEN.json.
- run_acceptance e544c36d: SEM at line 10; only sha256 call at line 61 in preflight over C0.
- acceptance report 9b7d6c82: stages = paths, no instrument hash.
- semantic_escape_rebased 7e44de0e: w06_sha256 = c79d8ab8 (provenance; writer measure_semantic_escape.py:86; no consumer).
- registry b692ad72→80191669 (live input; no entry for stage-2).
- K1 reject/R03 (doc d9cebb94) vs K2 accept (same doc); mutant hash 5273ae2f; diff one line.
- K3/K4 reject mangled control (be556ce4).
- 8 control checks all pass; pins stable.

Verdict: literal preregistered NOT_CONFIRMED (H2 over-strict); operative gap confirmed.

Falsifier and non-claims.

Let me write it.
dsh: reasoning:
Now the checkpoint. Let me gather the hashes of the files to include. Note the report has `created_at`? No, the report has no timestamp except engine runs' audited_at stripped. report.json is deterministic across runs? It includes entry/exit mtime_ns, so it varies run to run. Fine.

Checkpoint fields:
- actor, task_id, worker, class_ids, node_ids, gate
- created_at
- pins (declared, measured, match)
- verdict (literal + operative), counts
- artifacts map with sha256
- controls summary
- falsifier, next_falsifier
- authority_note
- checkpoint_state_copy path
- amendment note

I'll generate the checkpoint with a small python script so hashes are measured at write time. Actually simpler: compute hashes via sha256sum, then write the JSON with the write tool. But the report/README hashes must be current. Let me measure them.
dsh: reasoning:
Now create SHA256SUMS in the task dir including the checkpoint. Then verify all hashes match (including that report.json hasn't changed since I measured it — the harness wrote it last; no writes after. Let me confirm by re-hashing).

Then emit events.

Let me also do a final own-output rejection pass:
- Does the artifact exist? yes.
- Does the falsifier actually falsify? yes: it names concrete measurable conditions that would void the gap claim.
- Does the class id match the file? The claim is bound to F1/F2a/F2b schemas and G-FORM; evidence is the stage-2 engine used for class schemas. Yes.

Now SHA256SUMS.
dsh: reasoning:
All verified. Checkpoint hash: 0cfe38378d00c2260a503f107c25b443ff104eb8386fb4a84fb57552b362e303.

Now emit events to `comms/outbox/worker-087.jsonl`. Let me model them on the previous instance's event style, keeping valid JSON one per line. Events:

1. `status` (start/claim marker) — event_id `w087-stage2bind-20260912T012330-status-start`, status "active", node_id "F1,F2a,F2b", class_ids, gate, hours 0 (starting), summary "No inbox card exists for worker-087... took ONE bounded class-bound task...", evidence_refs (FROZEN hash, stage2 hash, lead blocker event id?), next_falsifier.

2. `artifact` events (one per deliverable): prereg, amendment, instrument, report, runs, readme, sums, checkpoint, mutant probe. Each: node_id, artifact_type, path, sha256, validation_status "unverified". Use event_ids with distinct suffixes.

3. `claim`: class_id "AF-WCC-VAC-GEN" (primary; maybe include class_ids array too), statement, conclusion_type "formal_model", assumptions, falsifier, evidence_refs, artifact_refs, gate, node_id "F1,F2a,F2b", counts_toward_gate_accept false.

4. `review`: target_id "lead-form-20260912T011509-123", reviewer "worker-087", verdict "accept", score 4, hard_failures [], findings [ ... ], reviewed_sha256? The target has no artifact; I'll reference the measured pins. Actually, maybe better to target the stage-2 file: review of the blocker claim. Let me use target_id "lead-form-20260912T011509-123" and include "findings" describing H2 nuance; include "evidence_refs". Schema requires target_id/reviewer/verdict/score/hard_failures/findings. Fine.

5. `status` (exit): status "active" (worker can't set done), hours 1.0, summary, next_falsifier, evidence_refs.

Also `blocker`? The lead already filed it; my review confirms it. Emitting another blocker with needed_to_unblock may be useful for the controller to decide: "pin the stage-2 engine in FROZEN (path+sha256) or make run_acceptance.py fail closed on a declared w06_sha256 mismatch before executing it." That's a concrete needed_to_unblock addressed to the owner. I'll include a `blocker` event with node_id F1,F2a,F2b, gate G-FORM, description and needed_to_unblock. It doesn't set a gate verdict.

Careful with JSON validity and the schema:
- base: event_id, event_type, created_at, actor.
- status requires (per PROTOCOL) node_id, status, hours, summary, evidence_refs, next_falsifier.
- artifact requires node_id, artifact_type, path, sha256, validation_status.
- claim requires class_id, statement, conclusion_type, assumptions, falsifier, evidence_refs (+ artifact_refs for theorem only).
- blocker requires node_id, description, needed_to_unblock, evidence_refs.
- review requires target_id, reviewer, verdict (accept|revise|reject|inconclusive), score 0-5, hard_failures, findings.

Check comms.py's validation to ensure nothing extra causes rejection (e.g., conclusion_type allowed values). Let me quickly inspect comms.py validation for claim conclusion_type and status/artifact rules, so my events get ingested rather than rejected. Let me grep the relevant validation code.
dsh: reasoning:
The ingest normalizes/leniently fills fields. No strict enum on conclusion_type. Good.

Let me also check the claim rejection reason from earlier: "claim: invalid conc..." — the formulation lead's claim 122 was rejected with reason 'claim: invalid conc...'. Let me see rejected.jsonl tail to learn what makes a claim invalid, so mine isn't rejected. Let me check comms.py around line 216 and any "invalid" validation.
dsh: reasoning:
The normalization is lenient. Claims with `conclusion_type: formal_model` are fine unless invalid "conc..." — the earlier rejection was probably about missing statement/conclusion or a disallowed conclusion type ("no claim promoted"?). Let me check the rejection rules after normalization (the part after line 240) to see what causes "claim: invalid conc...". Let me grep for "invalid" in comms.py.
dsh: reasoning:
Validation uses `research_map/schemas.py::validate_event`. Let me check what it enforces (the earlier lead claim rejection reason "claim: invalid conc..." likely from schema `baseClaim` requiring class_id etc., or a project-specific check). Let me look at schemas.py.
dsh: reasoning:
Clear. My claim with `conclusion_type: "formal_model"` is valid. Now let me write the events. I'll build them with a Python script that computes hashes and appends JSONL, then validates each event using `research_map.schemas.validate_event` and does an ingest dry-run? Running `comms.py ingest --dry-run` might be acceptable as a validation (it doesn't write if dry_run). Let me check the CLI supports --dry-run: `ingest(dry_run=False)` and argparse; likely `--dry-run`. But `ingest(dry_run=True)` still reads all outbox files and validates. It does not mutate. That's a safe self-check. But careful: `_load_seen`/`_save_seen` only on non-dry. OK.

Actually, running `comms.py ingest --dry-run` from my session is read-only; but it might report duplicates for other files — harmless. However, the auto-cycle will do the real ingest soon. My events must be valid.

Let me write an emitter script `emit_events_087.py` that:
1. Defines all events with hashes measured from disk (so they're accurate).
2. Validates each against `research_map.schemas.validate_event`.
3. Appends to comms/outbox/worker-087.jsonl.
4. Prints the event ids.

This gives reproducibility and avoids manual hash mistakes. Include the emitter in SHA256SUMS? It's written after SHA256SUMS... I'll include it and regenerate SHA256SUMS + checkpoint artifact map? The checkpoint lists artifacts; the emitter is an extra deliverable. Simplest: include the emitter in SHA256SUMS (regenerate) and add an artifact event for it; the checkpoint already written doesn't list it — I can update the checkpoint to include it and re-hash, but then the checkpoint hash changes, which is fine as long as the emitted artifact event's sha256 is the final one. Order:
1. Write emitter.
2. Regenerate SHA256SUMS including emitter (and exclude emitter from its own... no, include).
3. Update checkpoint: add emitter hash, drop the SHA256SUMS file from the checkpoint (it isn't listed anyway) — but the checkpoint currently has a fixed `created_at` and hashes; adding one key changes the checkpoint file → checkpoint hash changes. Then emit events with the final checkpoint hash.
4. Run emitter.

Note the circularity: SHA256SUMS lists checkpoint? No — earlier SHA256SUMS doesn't include the checkpoint; only the checkpoint includes deliverable hashes and SHA256SUMS was created separately. Good, no circularity.

Let me write the emitter with `emit_events_087.py`.

Events list (event ids prefix `w087-stage2bind-20260912T0124-`):

1. status-start: status "active", hours 0.0, node_id "F1,F2a,F2b", summary "No inbox card exists for worker-087 (launched 01:15:07). Took ONE bounded class-bound task W087-GFORM-STAGE2-BINDING-01: read-only measurement of whether the G-FORM stage-2 semantic engine is bound by FROZEN rev29 pins; triggered by lead-form-20260912T011509-123 and CF-32/REC-36/REC-41. Preregistration frozen before the first run; AMEND-01 reclassifies the live registry as live input.", evidence_refs, next_falsifier.
2. artifact-prereg
3. artifact-amendment
4. artifact-instrument
5. artifact-report
6. artifact-runs
7. artifact-readme
8. artifact-sums
9. artifact-emitter
10. artifact-mutant-probe (sandbox mutant engine — clearly labeled probe-only)
11. artifact-checkpoint
12. claim
13. review (of lead blocker)
14. blocker (needed_to_unblock)
15. status-exit

Hmm — 15 events might be a lot but consistent with other workers (worker-044 emitted ~8). Fine.

Claim statement (concise but complete, ~1000 chars max; previous ones were long). Let me write carefully.

Assumptions list:
- "run_acceptance.py would execute the stage-2 file at the path it names; verified by static read (line 10) and AST (sole sha256 call at line 61 in preflight over the C0 base); run_acceptance.py itself was deliberately NOT executed because it unconditionally rewrites the pinned acceptance_pipeline_report.json"
- "the mutation is a sensitivity probe, not a proposed fix; it relaxes one literal containment predicate and is not claimed to be the correct R03 semantics"
- "the pinned provenance field w06_sha256 is treated as a declaration, not as an enforced binding, because no pipeline tool reads it"

Falsifier: as in README.

review findings:
- "Confirmed: stage-2 engine is not a key of FROZEN.json.files; its hash has 0 occurrences in FROZEN.json; run_acceptance.py resolves it by path with no hash check; editing only that file flips the frozen F1 verdict reject/R03 -> accept on identical input bytes with all pins stable."
- "Refinement (H2 literal falsified by this worker's own preregistered test): the hash is declared once as w06_sha256 in the pinned but stale corpus artifacts/formulation/evidence/semantic_escape_rebased.json; no tool consumes the field. The blocker's wording 'ZERO occurrences in FROZEN.json' and 'invisible to pin verification' is confirmed; 'unreferenced anywhere' would be false."
- "Scope: this review confirms the instrument-binding claim only; it makes no statement on R03's mathematical correctness or on the worker-006 fix."

Blocker needed_to_unblock: "Owner (formulation/controller at rev14/FROZEN rev30): add artifacts/worker-06/spec_conformance_audit.py path+sha256 to the FROZEN pin map (and re-pin after the R03 fix), or make run_acceptance.py fail closed (exit != 0) when the live engine hash differs from a declared stage-2 hash, so stage-2 gate evidence binds an instrument identity. Until then, CF-32/REC-41 must not treat any stage-2 verdict as pinned evidence."

Status-exit: hours 1.0, summary of results, next_falsifier.

Let me write the emitter.
dsh: reasoning:
Now:
1. Update the checkpoint to include the emitter's hash (and possibly the SHA256SUMS entry). Actually the emitter wasn't in the checkpoint artifact map. Let me add it. The checkpoint's `artifacts` map gains `emit_events_087.py` and `SHA256SUMS` (note SHA256SUMS currently does NOT include the emitter; I'll regenerate it to include the emitter too).

Order to avoid circularity:
- Regenerate SHA256SUMS to include all task files except SHA256SUMS itself and the checkpoint (checkpoint lives outside). Include emitter.
- Update checkpoint: add `emit_events_087.py` hash and `SHA256SUMS` hash to its artifacts map. This changes the checkpoint file.
- But wait: the checkpoint file lists SHA256SUMS hash; SHA256SUMS doesn't list checkpoint → no cycle. Good.
- Then emit events (emitter measures hashes at run time — including the checkpoint and SHA256SUMS; good).

However, the emitter itself will be modified? No. But careful: the emitter's `h(path)` for `SHA256SUMS` and checkpoint will be measured at emit time after both are final. Good.

2. Then run the emitter.
3. Verify outbox events + optional dry-run ingest validation.

Let me do it. First regenerate SHA256SUMS including the emitter. Then compute hashes for checkpoint update. Then edit checkpoint. Then verify SHA256SUMS (note: SHA256SUMS will include files; after checkpoint edit the SHA256SUMS content stays same since checkpoint not listed). Then run emitter. Then run validate on the new events (already done in emitter). Let me also verify with a `comms.py ingest --dry-run` to be extra sure the events would be accepted — check the CLI flag exists.
dsh: reasoning:
Now update the checkpoint's artifacts map to include `emit_events_087.py` and `SHA256SUMS`. I need to edit the existing checkpoint file (read it first — I created it this session, so edit is allowed). Let me use edit tool.

Note: report.json/README hashes in checkpoint — the README was written before; hashes measured earlier. Let me verify the checkpoint's listed hashes still match current files (report d2a04ba3..., runs 233079ba..., README 96e11455..., verify 1ffd40fd..., prereg 3679d77b..., amendment f1e4b72b...). They should since nothing changed them. SHA256SUMS wasn't listed. Add:
- "SHA256SUMS": "971a656cfe6c4379161e18de88a2b5d416d60acf38c3321994b716206dc0ddc3"
- "emit_events_087.py": "79e88d8af7e11fd4101039d9d60c6b310a0a98e18f033996dc02d49472d3ad2f"
dsh: reasoning:
Now run the emitter and validate. Then verify the outbox events and do a dry-run ingest check.

Check comms.py CLI for --dry-run.
dsh: reasoning:
15 events emitted and schema-validated. Now:
1. Verify the last 15 lines are valid JSON and the hashes declared in artifact events match disk (independent self-check).
2. Run a dry-run ingest to confirm they'd be accepted (optional but valuable). Check `comms.py ingest --help` for the flag. Actually `ingest(dry_run=...)` is a function param; argparse may expose `--dry-run`. Let me check the CLI quickly. If not available, I can import and call `ingest(dry_run=True)` in a one-off python process — but that reads all outbox files (fine) and doesn't write. It will parse and validate; duplicates are computed against seen. Good.

Careful: calling ingest(dry_run=True) with verbose prints all accepted events — potentially long (my 15 + others?). It processes all outbox files; other files' events may be already seen (duplicates), so output may be large but manageable. It doesn't write.

Actually, is it my place to run ingest? Dry-run is read-only, so fine.

Let me do the self-verification of outbox lines and then the dry-run restricted... I can't restrict files easily. It's fine.

Let me also double-check that my artifact event hashes match the current files (the emitter measured at run time; nothing changed after except nothing). Verify by re-reading the outbox tail and comparing to sha256sum.
dsh: reasoning:
All 15 events valid, all artifact hashes match disk.

Now let me do the read-only dry-run ingest to be extra safe that the controller will accept them (and see if any are duplicates). `python3 research_map/comms.py ingest --dry-run`. Let me check the CLI signature first via --help to avoid accidentally running a real ingest.
dsh: reasoning:
Hmm — the dry-run output shows only `{` and no accepted lines and "my ids mentioned: 0". That's odd. Maybe the dry-run short-circuits? Let me run it fully and inspect the tail/summary.

Wait — the output shows `{` then my parsing printed nothing else and ids mentioned 0. Perhaps `ingest --dry-run` printed the JSON summary but with verbose False? Let me look at the CLI wiring: `sub = ap.add_subparsers(...)`; for ingest maybe `comms.py ingest` calls `ingest(dry_run=args.dry_run)` with verbose default True. But output showed just `{`.

Alternatively, maybe the dry run failed early with an error printed to stderr that my pipe collapsed? The command piped stdout only; stderr would print to terminal. The result shows `[stderr] landlock...` only.

Let me run it directly without the pipe, limiting output.
dsh: reasoning:
Interesting: the dry-run accepted 31 events, 0 rejected, 7675 duplicates. My 15 events are not in the accepted list! Why? Because they're counted as duplicates? No — my event ids weren't in the seen set before... unless the real ingest already ran (the 15-minute auto-cycle) and ingested them between my emission and the dry-run. Let me check: `grep -c w087-stage2bind research_map/events.jsonl`.

Indeed: my ids mentioned 0 in the dry-run output means they weren't in the accepted list — either already seen (duplicates, not printed) or missing. Let me check events.jsonl. Also note: interesting that worker-088 emitted a `w088-stage2_output` and `w088-20260912T0124-blocker` — someone else (worker-088) is ALSO doing stage-2 work at 01:24! Let me check what worker-088's blocker says to see overlap. Their event ids: w088-20260912T0124-*. Hmm, worker-088's earlier task was W088-REV30-PUBLICATION-GUARD-01 at 01:16. Now a new task at 01:24 with "stage2_output" and "verdict_corpus_disposition" — could be overlapping with mine (stage-2). Let me look at their events/artifact to check duplication and whether my work adds unique value.

First, confirm my events are already ingested.
dsh: reasoning:
My 15 events are already in `research_map/events.jsonl` — the auto-cycle ingested them between emission and the dry-run (that's why the dry-run showed them as duplicates and didn't print them). All 15 accepted (not in rejected.jsonl — let me verify).

The w088 events I grepped didn't show (my grep matched only my events because of the filter printed the wrong set — the filter `startswith('w088-20260912T0124') or 'stage2' in event_id` matched my ids containing "stage2bind"). Let me check worker-088's latest events separately to assess overlap. But before that, verify no rejections of my events.

Then, as a final step, do the "checkpoint, then exit" requirement: already wrote the checkpoint and emitted events. I should also check the ingester's accepted count confirms my events were accepted (grep rejected.jsonl for w087).

Let me check:
1. `grep -c w087-stage2bind comms/rejected.jsonl` → expect 0.
2. Check worker-088's overlapping work briefly for the record (their `w088-stage2_output` and blocker). If they did something extremely similar, my claim is still independent and differently instrumented; but worth noting in the final report to the user.

Then I'm done: final answer summarizing the task, evidence, hashes, falsifier, checkpoint.

Actually, one more requirement from the user prompt: "emit valid JSON with IDs evidence hash falsifier, checkpoint, then exit." All done. Let me do the final checks.
dsh: reasoning:
Worker-088's task was F1 verdict-corpus disposition (accept vs revise counts), not instrument binding. It used the stage-2 engine to produce a live output file as evidence. No duplication with my pin-binding focus.

Everything is complete:
- Read handoff/map/comms ✓
- Took one class-bound task (self-selected, documented rationale) ✓
- Emitted valid JSON with IDs, evidence, hashes, falsifier, checkpoint ✓ (15 events, all accepted by the ingest, 0 rejects)
- Checkpoint written to runtime/state and referenced ✓
- Exit ✓ (I should stop here.)

Let me do one last sanity check of the final state: the checkpoint file hash (changed after edit) and that the artifact event emitted for the checkpoint carries the *final* hash. Wait — critical: I edited the checkpoint (adding emitter + SHA256SUMS entries) BEFORE running the emitter, so the emitter measured the final checkpoint. ✓ (Emitter ran after the edit.) Let me verify: the emitted checkpoint artifact event's sha256 vs current disk hash.

Also confirm report.json hasn't changed since the emitter measured it (it hasn't; nothing writes it).

Let me verify the checkpoint artifact event hash and finish with a final summary.
dsh: reasoning:
Everything checks out. The task is complete. Per the worker contract: one bounded task, emit JSON, checkpoint, exit. I should now provide a final summary and stop (no further work).

Final answer should be concise: what was read, task taken, key result, deliverables/hashes, checkpoint, falsifier, exit status.
