dsh: reasoning:
I need to understand the task. I'm a "bounded execution worker" with worker=098. I need to read handoff/map and comms, take one class-bound task, emit valid JSON with IDs evidence hash falsifier, checkpoint, then exit.

Let me explore the workspace first.
dsh: reasoning:
No `handoff` or `comms` in the root. Let me look for them. There's `workdir`, `tmp`, `logs`, `.dsh`. Also `launch_swarm.sh` and `supervise_swarm.sh` mention swarm. Let me search for "handoff" directories.
dsh: reasoning:
Found /data3/guoshaoyang/workdir/ai4math-swarm/comms. Let me look at that swarm directory.
dsh: reasoning:
This is the ai4math-swarm. I need to read handoff/map (HANDOFF.md, research_map) and comms (PROTOCOL.md, inbox, outbox). Let me read those.
dsh: reasoning:
Now I need to read the research map and comms. Look at research_map/research_map.json, inbox/<agent>.jsonl, outbox. My worker id is 098. Agent ids include deepseek-flash-01..20 — but worker=098? Let me check the runtime instances and artifacts/worker-098... Actually, artifacts list showed worker-099, worker-093, etc. Let me check the inbox and outbox for worker-098 or similar.

Let me look at the research_map directory and comms.
dsh: reasoning:
My worker id is 098. I see tasks for worker-012, worker-015, worker-035, etc. Let me look for worker-098 in the inbox; the listing was cut off at worker-16. Let me list all inbox files matching worker-09*.

Also, I need to read the research map (research_map.json) and the OVERNIGHT_HANDOFF/PLAN.
dsh: reasoning:
There's a worker-098.jsonl in the outbox and an addendum. My worker id is worker-098. Let me read my outbox history to understand my prior tasks, and find the assignment for worker-098 in the inbox (worker-098 doesn't have an inbox file... hmm, inbox has worker-012, 015, 01, 035... no 098). Let me check the assignments folder in outbox.

Also check the artifacts/worker-098 directory if exists. And read the outbox worker-098 files.

Let me look at recent comms: astra.jsonl, astra-lead-*.jsonl in inbox, and the research map to determine class-bound tasks.

Key phrase: "Take one class-bound task, emit valid JSON with IDs evidence hash falsifier, checkpoint, then exit."

So there's a notion of "class-bound task" — probably tasks bound to a "class_id" (classes of claims). Let me read the research map and recent outbox of leads to find pending assignments.
dsh: reasoning:
I am worker-098, and I have prior history. The last state: W098-CLASSSEP-MENTION-SCOPE-01 completed at ~01:06. The map is moving. Also there's a W098-GFORM-CORPUS-CAL-01 done earlier.

The task now (new turn) is: "Read handoff/map and comms. Take one class-bound task, emit valid JSON with IDs evidence hash falsifier, checkpoint, then exit. worker=098"

So I need to:
1. Read handoff (done) and map (research_map.json) and comms (done partially).
2. Take ONE class-bound task (class_id bound — e.g. AF-WCC-VAC-GEN;AF-SCC-C2-VAC-GEN;AF-SCC-C0-VAC-GEN).
3. Emit valid JSON with IDs, evidence, hash, falsifier.
4. Checkpoint.
5. Exit.

I should not repeat work already done. Let me check the current state: what's the latest in the live map, what tasks are pending in the inbox for worker-098 (none), and what's the latest lead comms. In my history I already did:
- W098-F2B-REPAIR-VERIFY-01
- W098-CLASSSEP-PROSE-SHADOW-01
- W098-CLASSSEP-MENTION-SCOPE-01
- W098-GFORM-CORPUS-CAL-01

Now the overnight priorities: formulation gate closure, audit gate closure, literature scope verification, N0 calibration.

Given my established expertise in class separation detector verification (G-AUDIT blocker) and G-FORM corpus calibration, a natural next class-bound task would be either:
(a) Re-verify the adopted/fixed detector against the latest live map and the residual post-composite meta-noun shape (claims[327], worker-049), producing a new measurement.
(b) Independent verification of a formulation artifact for G-FORM.
(c) N0 flat-space calibration.

But I must check the current time and what changed. Current time? Let me check `date`. Files show 01:04-01:06 latest. The map is at research_map/research_map.json. Let me read the current map header/state, and the latest lead comms to see what's needed now. Also check if class_separation.py changed (hashes).

Let me check state: research_map.json latest hash, class_separation.py hash, and recent events (events.jsonl tail), plus recent reviews to find pending blockers. Also check whether there's a new assignment for worker-098 anywhere.

Let me be efficient. Read the research_map.json (large?), list its top-level keys, read the runtime/state files. Check `git log` in the swarm repo for recent activity.

Also check for the resource/lock state: numerics_lock. N0 allowed.

Let me look at the current live map status and the latest comms from leads.
dsh: reasoning:
The map is at 5ab4bed18107, updated 01:05:09, 414 claims. class_separation.py is at a8c04fc31e4a (unchanged since my last measurement). proposed/class_separation.py at e2d24b927ee8 (same as before).

Current time 01:05:17+0800. So this is right after the last cycle.

Now, what task to take? Let me check the latest state of the gates and blockers. Also check the lead comms latest messages (astra-lead-audit inbox/outbox tails) to see what's pending. And check the live hard findings count for CLASSSEP in the current map — my previous liveness check found 19 live, v3 = 1 hard at f344ed2aaea5. The map has since advanced.

Important consideration: "Take one class-bound task" — a bounded task with class_id(s). I should pick something useful and not already covered, do it rigorously, emit JSON events with event_id, evidence_refs with hashes, falsifier, and checkpoint.

Candidate tasks:
1. **CLASSSEP live-map re-measurement + residual shape repair candidate v4**: Extend v3 to handle the post-composite meta-noun shape (claims[327], worker-049: "every genuine C0/C2 merge assertion carries a mention-style cue"). This is a continuation of my own line, potentially finishing the G-AUDIT closure path. That's high value: my v3 is battery-clean and pinned-map-clean but fails on the new growth shape. A v4 that catches the new shape while keeping all controls clean would close the loop. But careful: it's a growth mechanism; new meta-claims can keep appearing. Still, one more iteration is bounded and useful.

2. **N0 calibration** — numerics, but not my line.

3. **Verify a G-FORM artifact** — worker-087 just did W087-GFORM-INDEP-05.

Given my deep context on CLASSSEP and existing tools (run_battery_final.py, liveness_recheck.py, candidate v3), the most efficient bounded task is a v4 candidate that addresses the remaining residual shape and re-measures on the current live map. That's clearly class-bound (class_id AF-WCC-VAC-GEN;AF-SCC-C2-VAC-GEN;AF-SCC-C0-VAC-GEN) and directly targets the G-AUDIT blocker.

But wait — is the proposal/detector owner already fixing it? Let me check the latest comms from astra-lead-formulation and astra-lead-audit to avoid duplicating. Let me read the tails of recent messages.

Let me check:
- comms/inbox/astra-lead-formulation.jsonl (last few events)
- comms/inbox/astra-lead-audit.jsonl
- research_map.json gates and controller_gate_audit for G-AUDIT
- latest claims referencing CLASSSEP/classsep.

Let me grep for "CLASSSEP" or "classsep" in the latest events.
dsh: reasoning:
Important new info: at 01:00 and 01:05, astra assigned "human-pi-detector-fix-20260912T0100" and "astra-detector-fix-0105" for node A1, gate G-AUDIT. This suggests the detector owner is now fixing the detector, possibly informed by my v3 candidate. Let me read those assignment messages and the corresponding downward events to see exactly what's requested. If astra is dispatching a fix, my next task might be to independently verify the *new* fix (like my earlier W098-CLASSSEP-PROSE-SHADOW-01 pattern) — or to do something else entirely.

Let me read the full assignments from astra+audit inbox and the astra.jsonl inbox. Also check the latest outbox activity from leads around 01:00-01:05.

Let me read the full downward events (astra ledger) since those define current work.
dsh: reasoning:
There's a lot happening. The detector writes are FROZEN until the audit lead's adjudication lands (deadline 02:30). The audit lead must deliver exactly one decision among (a) adopt a8c04fc31e4a, (b) roll back, (c) record assertion-vs-mention as not lexically separable.

I'm worker-098, a bounded execution worker. I must take ONE class-bound task, emit valid JSON with IDs, evidence, hash, falsifier, checkpoint, then exit.

I should pick a task that is genuinely useful and bounded, and that doesn't collide with the frozen detector writes or duplicate in-flight work by other workers (worker-049 FN audit, worker-085 candidate diff, worker-035 control battery, audit lead adjudication).

Given the freeze and the adjudication, an independent, valuable, non-colliding task: **independent replication of the worker-049 adversarial FN audit** — i.e., verify the claim that genuine cue-carrying merge assertions are suppressed (which is the key evidence for the over-suppression risk in the adjudication). But worker-049 already did that, and my v3 battery showed 12/12 mandatory-fire controls fire. Hmm. Wait — my v3 battery had 12 mandatory-fire controls all firing under v3, but live at a8c04fc31e4a fires 11/12 (my own measurement). Worker-049 claims 10/10 cue-carrying genuine assertions suppressed with 9 HIGH. There's a discrepancy in framing — worth resolving? Actually my measurement says live → 11/12 fire (1 suppressed). Worker-049 says 10/10 suppressed. Different corpora.

Alternatively, a directly useful bounded task: **adjudication-support replication**: independently reproduce the exact per-fixture TP/FP/FN census across the three candidates (a8c04fc31e4a, c266dbceca87 recovered, e2d24b927ee8) using the pinned artifacts, and check the audit lead's decision reproducibility. But that's exactly what the audit lead is doing; duplicating it might be less valuable, though independent replication is the project's core principle. Yet the instruction says "Take one class-bound task" — I should choose something that fills a gap.

Let me look more carefully at what evidence exists and what's missing. The adjudication requires:
- worker-098 drift recheck (corpus PASS, 3/4 declared FP probes firing, growth 3, no over-suppression) ✓ exists
- worker-049 pre-registered adversarial FN audit (10/10 cue-carrying genuine assertions suppressed, 9 HIGH; 13 declaration diffs) ✓ exists
- worker-035 control battery ✓?
- 27-fixture regression at each candidate — my run_battery_final did this for v3; live/staged?

A gap: my own pass-2 drift recheck was at a8c04fc31e4a and my v3 battery at a8c04fc31e4a; the map has since advanced. The verdict on the *frozen map* vs *live map* distinction matters for the adjudication: the hard count on the live map keeps growing with meta-commentary claims. The adjudication asks to state the residual hard count honestly. Also "claims-retirement policy for historical metalinguistic claims".

But the most novel and bounded contribution I can make right now: **a quiescent-freeze replay census** — a read-only, hash-pinned, reproducible per-fixture census across the three candidates at a *single quiescent snapshot* — but that's the adjudication's deliverable itself.

Alternative candidate: **decide the assertion-vs-mention separability question empirically** — that's the audit lead's decision.

Hmm. Let me think about what a "bounded execution worker" should do here: take one bounded task that is independent, killable, and useful. Since detector writes are frozen and the audit lead is adjudicating, the best non-colliding contribution is to **stress-test the decision boundary between the two error classes** — specifically, take worker-049's adversarial FN corpus and my mandatory-clean FP corpus and ask whether any single lexical rule can separate them; produce the measured conflict set (fixtures where an FP-suppressing rule and an FN-firing rule are lexically indistinguishable). That's exactly what decision (c) would need: "assertion-vs-mention as not lexically separable at this window" — the audit lead must decide (a)/(b)/(c). Providing an independently measured *separability witness/obstruction* would materially support that decision without writing to the detector.

But careful: I shouldn't duplicate worker-049 or worker-035. Let me check what exists: artifacts/worker-049/classsep_fn_audit/results.json, artifacts/worker-035 control battery, artifacts/worker-085/candidate_diff/report.json. Let me inspect those first to know the state and avoid duplication. Also check reviews/CLASSSEP-calibration-adjudication.json status.

Actually, wait. Let me reconsider. My prior v3 candidate already achieves 0 hard on a pinned map and 12/12 genuine merges fire, 0/8 clean fire, growth 0/5. That is a demonstration that assertion-vs-mention IS lexically separable (at least on those corpora) — but the new live shape claims[327] defeats it. The audit lead's choice (a)/(b)/(c) is between the applied fix a8c04fc31e4a (safe but insufficient), rollback, or declare not separable. My v3 (staged e2d24b927ee8? no — v3 is my artifact; proposed/class_separation.py is e2d24b927ee8, which is worker-085's staged candidate presumably).

Practical, high-value, bounded, independent task: **A decidable acceptance harness for the adjudication** — no. Hmm.

Let me look at what's actually in flight and what the audit lead's decision needs. Let me check reviews/ dir for adjudication, and the artifacts of worker-049 and worker-085. This will tell me the gaps.
dsh: reasoning:
The adjudication file already exists (reviews/CLASSSEP-calibration-adjudication.json, 83KB, at 01:04). So the audit lead may have already landed the decision. Let me check it — read the decision. Note it may be written but not yet ingested (it's a review artifact).

If the adjudication already landed at 01:04 with a decision, then my task should not duplicate it. Perhaps the right bounded task now: **independent verification of the adjudication's cited hashes and decision reproducibility** — i.e., audit the audit. That fits my role (verification layer) and the G-AUDIT requirement of "2 independent verdicts per target". But careful: the adjudication needs one independent review at the chosen hash, per the assignment. If the audit lead's adjudication has no independent review yet, I could be that independent reviewer — bounded, high-value, non-colliding: verify the decision's hash bindings and its central factual claims by re-running the censuses myself.

Let me read the adjudication decision summary first.
dsh: reasoning:
The adjudication r3-life06 has landed with decision (c): assertion-vs-mention NOT lexically separable at this window. It explicitly says: "The decision needs one independent review at the frozen hashes."

That's a perfect bounded class-bound task for worker-098: **independent review of the adjudication's decision (c)** — verify the cited hashes, re-run the censuses independently, check the decision logic against the adoption bar, and confirm/refute the decision. This is exactly the G-AUDIT requirement ("A1 has 2 independent verdicts per formulation/literature target with cited sha256") and the assignment says "require one independent review at the chosen hash".

But wait: the adjudication's decision (c) means "no adoption". The "chosen hash" is the recorded pin c266dbec... Actually for (c) the applied detector stays a8c04fc31e4a (unadopted drift, pin stays c266dbec). Hmm, "one independent review at the frozen hashes" — I'd review the adjudication artifact at frozen hashes: detectors APPLIED a8c04fc31e4a, PRE c266dbceca87, STAGED e2d24b927ee8, PROSEFIX dc8aa0de3869, frozen map f344ed2aaea5.

My prior work uniquely qualifies me: I built the shadow detector, the drift recheck, the v3 candidate, and I have the 27-fixture regression corpus instrument. The adjudication cites my drift_recheck.json#ffabb753313f as evidence. So an independent review by me of the adjudication would be... well, I'm not fully independent of the evidence I produced, but the adjudication review is a separate bounded task. The project's rule is "2 independent verdicts per target"; using me as the reviewer is acceptable if I disclose the overlap (I'm independent of the adjudication artifact, but I authored some cited evidence). Actually the G-AUDIT gate requires independent verdicts; the adjudication itself says "needs one independent review at the frozen hashes". As worker-098, my review would add one independent verdict on the adjudication *artifact*.

However — should the reviewer be someone who didn't author the cited evidence? The cleanest contribution: verify the adjudication's *arithmetic and hash bindings* independently, and, crucially, test the central claim underlying decision (c): that no arm meets the bar. The bar is: corpus_a PASS, sensitivity >=5/6, specificity >=9/10, 0 HIGH cue-induced FN, live metalinguistic 0. The adjudication reports APPLIED sensitivity 4/6 and specificity 3/10, etc. I could independently re-run each arm.

But hold on — maybe there's a subtlety: my v3 candidate (artifacts/worker-098/classsep_mention_scope/candidate_class_separation.v3.py) was measured as corpus PASS 17/0/10/0, 0/8 clean controls, 12/12 genuine merges, growth 0/5, live-map 0 hard at a pinned map, but 1 hard on the liveness frontier. The adjudication's adoption bar doesn't include my v3 among the three cited candidates (it cites APPLIED, PRE, STAGED, plus PROSEFIX). So one independent-review finding could be: the candidate pool was incomplete — there exists a fourth candidate (W098 v3) that meets the 27-fixture PASS + 0/8 clean + 12/12 genuine-fire criteria on the pinned map 262da6979857, with 1 residual growth-family hit on f344ed2aaea5. That is materially relevant to decision (c): "no arm meets ... 27-fixture PASS AND zero high-confidence cue-induced FN" — v3 might meet sensitivity >=5/6 and specificity >=9/10 too (12/12 genuine merges = 12/12 ≥ 5/6; 0/8 clean fires = 8/8 specific ≥9/10... though specificity denominator is different: 10 mention fixtures). If v3 passes the bar on the frozen corpora but has 1 live metalinguistic FP on the frozen map (claims[327] growth-family), then the bar's "live_metalinguistic: 0" fails, so decision (c) may still stand — but the review should measure it and state it.

That's a genuinely additive, bounded, independent-review task: **W098-CLASSSEP-ADJ-REVIEW-01: independent review of reviews/CLASSSEP-calibration-adjudication.json (r3-life06)** at the frozen hashes, including:
1. Recompute sha256 of all four detector arms and the frozen map snapshot; confirm cited_match.
2. Independently reproduce corpus A (27-fixture) per-arm census; confirm PASS/PASS/PASS/PASS.
3. Independently reproduce corpus B live hard counts on the frozen map snapshot (19/24/25/...); confirm the labeled FP count 17 and the 2 unlabeled meta-claims.
4. Independently reproduce corpus D per-arm classification (APPLIED tp 30 fn 1 fp 6 tn 2; PRE 31/0/6/2; STAGED 31/0/6/2; PROSEFIX 20/11/2/6) — at least the key counts.
5. Test the adjudication's decision logic against its own adoption_bar: does any arm meet it? (APPLIED 4/6 sensitivity → fail; PRE/STAGED sensitivity? adjudication says per-arm; check.)
6. Adversarial addition: run the bar against the *fourth* candidate (W098 v3) and report whether it changes the decision (it likely fails live_metalinguistic=0 due to claims[327]).
7. Verify no gate self-pass / no edits: confirm the adjudication edited no canonical file (hashes of the canonical files at review time vs cited), confirm G-AUDIT remains pending.
8. Verdict: accept/revise/reject with score 0-5, hard failures, falsifier.

That's bounded (read-only, deterministic, no network) and fits "one class-bound task". It also requires emitting valid JSON events with event_id, evidence_refs with hashes, falsifier, checkpoint.

Risk: duplicating the audit lead's own work. But independent review is explicitly requested by the assignment ("require one independent review at the chosen hash"). This is the natural next step in the lifecycle: the adjudication landed, needs review. And my review is *at* the hash. Good.

Wait — but should I also consider that another worker may already be assigned this review? The assignment astra-life06-classsep-detector-adjudication had a single assignee (astra-lead-audit). No downward message yet asking for independent review, but the artifact itself says it needs one. Worker-035's classsep_hardfail_adjudication and worker-049 audits are separate. Let me quickly check the latest outbox for any review of CLASSSEP-calibration-adjudication (e.g. from workers) so I don't duplicate. Search reviews/ and outbox for "CLASSSEP-calibration-adjudication".

Also I must be careful about the detector freeze: "DETECTOR WRITES FREEZE until the decision lands" — the decision has landed (r3, 01:03/01:04). But maybe writes remain frozen until review. I will be read-only anyway.

Let me check for existing reviews of the adjudication.
dsh: reasoning:
Note: the adjudication file on disk now has sha256 7714ffd5b467..., and it's 83418 bytes; but the audit lead's outbox at 01:05:17 emitted artifact events for it. The adjudication content I read shows created_at 01:03:24 and revision r3-life06. Also "audit-l07-b7-map-moved-post-census" at 01:05:48 — the map moved after the census. Let me check the latest on that.

Also, note that the file may have been modified after emission (torn read). Let me check the outbox event's sha256 for the adjudication and compare to the current file sha256. If they differ, the file changed after emission — that's evidence of drift (or just later revision).

Let me read the audit lead's latest outbox events (01:05:17 and 01:05:48) to know their exact claims and hashes.
dsh: reasoning:
Now I have full clarity on the current state:

- Adjudication r3 landed: decision (c), no adoption, G-AUDIT pending, blob 7714ffd5b467.
- Audit lead explicitly notes: "The decision needs one independent review at the frozen hashes."
- Map moved 383→414 after census (5ab4bed18107), detector unchanged a8c04fc31e4a.
- Detector writes frozen pending the decision; decision landed but no adoption.

So the single best bounded class-bound task for me: **independent review of the r3 adjudication at the frozen hashes** — reproduce its key censuses from the cited artifacts (not by trusting them), validate the hash bindings, test decision (c)'s logic against the adoption bar, and check the no-self-pass / no-write claims. That's exactly what the lifecycle needs and it's class-bound (class_id AF-WCC-VAC-GEN;AF-SCC-C2-VAC-GEN;AF-SCC-C0-VAC-GEN), node A1, gate G-AUDIT.

Plan:
1. Create a pre-registration with pinned hashes and pre-registered expectations (like my prior tasks). This is important per project method: pre-register before running.
2. Build a review harness that:
   a. Verifies hashes of: adjudication JSON (7714ffd5b467), frozen map snapshot (f344ed2aaea5), four detector arms (APPLIED a8c04fc31e4a, PRE c266dbceca87, STAGED e2d24b927ee8, PROSEFIX dc8aa0de3869), adjudication tool (fc92f4eac503), worker-049 corpus (9eb2ea9e2743?), and the canonical detector's current bytes.
   b. Independently reproduces corpus A (27-fixture regression) per arm: read the adjudication's per_fixture_tp_fp_fn_census and re-run the 27-fixture corpus against each arm with my own harness (reuse my run_battery_final.py machinery / runtime/bin/classsep_regression.py? careful: runtime/bin/classsep_regression.py#9f1cf9c336be is the canonical regression runner. I can reuse my own runner which I already have; the fixtures live somewhere — let me find the 27-fixture corpus path).
   c. Independently reproduces corpus B live census on the frozen map snapshot: run each arm over the snapshot's claims and count hard CLASSSEP findings; compare to 19/24/25/1 etc. Also check the labeled set: 17 labeled FP + 2 unlabeled (claims[327], claims[336]).
   d. Reproduces corpus D worker-049 per-arm classes (APPLIED tp30/fn1/fp6/tn2, PRE 31/0/6/2, STAGED 31/0/6/2, PROSEFIX 20/11/2/6) using worker-049's corpus + pinned detector arms.
   e. Runs the adoption bar check: no arm meets it; verify each arm's sensitivity/specificity from a fresh measurement. Note: sensitivity 4/6 for APPLIED is computed on corpus C (assertion/mention, 16 rows); specificity 3/10.
   f. Adversarial probe: include my W098 v3 as a fifth arm (not cited) and report whether it would meet the bar on the frozen corpora and the frozen map — honestly: v3 = battery-clean, pinned-map-clean at 262da6979857, but 1 hard on f344ed2aaea5 (claims[327]). This tests whether decision (c) would change if the candidate pool were larger. Good independent contribution.
   g. Verify no canonical writes: canonical detector hash unchanged through the round; schemas unchanged; G-AUDIT still pending in the map (but map moved, so re-check in the current map); check adjudication contains no gate verdict.
3. Emit valid JSON events into comms/outbox/worker-098.jsonl: artifact events with sha256, review with verdict/score/hard_failures/findings, claim with statement/class_id/falsifier/evidence_refs, status checkpoint. Also write worker checkpoint to runtime/state/.
4. Exit.

Constraints: read-only on canonical files; no detector edits; no gate self-pass. Must be deterministic, no network.

Time budget: bounded; I should be efficient. Let me first look at the existing instruments I can reuse:
- artifacts/worker-098/classsep_mention_scope/run_battery_final.py (my four-arm battery, includes corpus A regression? It ran worker-07 corpus, clean/prose controls, genuine-merge adversarial, growth, declaration parity).
- runtime/bin/classsep_regression.py — canonical regression runner (27 fixtures).
- artifacts/audit/classsep_r3_adjudication.py — the audit tool itself (its own harness). I must NOT just re-run their tool and call it independent — I should build my own harness reading the same corpora. But I can cross-check my counts vs theirs.

Where is the 27-fixture corpus? Let me find it. Probably artifacts/formulation/fixtures or artifacts/worker-07/class_separation_falsification/. My earlier battery referenced "worker-07 corpus PASS (17/0/10/0)". Let me check runtime/bin/classsep_regression.py and artifacts/worker-07.

Let me inspect quickly:
- /data3/guoshaoyang/workdir/ai4math-swarm/runtime/bin/classsep_regression.py
- artifacts/worker-07/class_separation_falsification/results.json
- artifacts/audit/classsep_r3_adjudication.py (to know corpus paths it uses — but for independence I'll define my own corpus references: the same fixture files on disk, hashed).

Let me look at these.
dsh: reasoning:
Good. The 27-fixture corpus is at artifacts/worker-07/class_separation_falsification/fixtures with ground truth in results.json.

Now let me inspect:
- artifacts/audit/classsep_r3_adjudication.py to see the arm paths and corpora it uses (I'll build my own harness but reuse the same corpus files, hashing them).
- worker-049 classsep_fn_audit/corpus.json and prose_fix path.
- The adjudication's corpus C rows (assertion/mention 16 rows) — the corpus may be embedded in the adjudication or in the tool. Let me check.

Let me view key parts of classsep_r3_adjudication.py.
dsh: reasoning:
Good. The adjudication tool imports `cal` — presumably runtime/bin/classsep_calibration.py? Let me check imports at the top. Also `cal.LIVE_LABELS` and `cal.fixture_census`, `cal.corpus_census`. Those are in a calibration module (maybe artifacts/audit/classsep_calibration.py or runtime/bin). Let me view the first 60 lines of classsep_r3_adjudication.py.

For independence, I'll write my own review harness that:
- Imports the four arm modules by explicit file path (importlib.util.spec_from_file_location), so no ambiguity.
- Uses the raw corpora on disk:
  - Corpus A: artifacts/worker-07/class_separation_falsification/results.json + fixtures, replicating registered runner semantics (leak detection via findings_for_map + artifact content scan). I'll implement this myself ~30 lines.
  - Corpus B: frozen snapshot artifacts/audit/classsep_r3_map_snapshot_20260912T010324.json, count findings_for_map over claims (claims[] list). Need to know the structure: research map has 'claims' list; each claim has 'statement'. The census counts hard CLASSSEP findings. I'll compute per-arm: number of claims with ≥1 hard finding, total hard findings. Compare to adjudication's 19/24/25/1.
  - Corpus C: the 16-row assertion/mention corpus — where does it come from? `cal.fixture_census(m)` — from the calibration module. The rows are embedded in the adjudication output. For independence, I need the corpus text. It's probably in the calibration module as constants (A1..A6, M1..M10). Let me check where `cal` comes from and read the module. If the corpus is a Python constant, I can independently read it via the module (the corpus bytes are the source). Fine.
  - Corpus D: worker-049 corpus.json + their harness `measure_fixtures`. For independence, I should implement my own runner for the 39 fixtures (text + expected_findings). worker-049's harness computes cue-induced FN via adversarial/twin pairs, plus worker-035 battery. I can independently implement:
    - For each fixture with text/expected_findings: run arm.findings_for_text(text, id) → got = bool(findings).
    - Per-arm tp/fn/fp/tn over fixtures.
    - Cue-induced FN: for adversarial fixture A with cue and its twin T without cue: if A not flagged but T flagged → cue-induced FN (confidence from corpus). That's straightforward.
    - worker-035 battery: artifacts/worker-049/classsep_prose_fix/worker035_controls.json — check control expectations. Let me look at that file structure; the adjudication reports battery 13/23 for APPLIED, 11/23 PRE, 23/23 PROSEFIX. I can re-run the controls myself if the file has texts+expectations.

That's a decent amount of work but manageable and bounded. I have ~ enough time. Let me be systematic and efficient.

Also the "fifth arm" W098 v3: candidate_class_separation.v3.py#6f1a24c441fb. And my v1/v2 maybe. The bar's key question: does v3 meet it? I'll measure v3 on corpora A, C, D and the frozen map, then report.

Additionally, verify:
- Hash bindings: recompute sha256 of arms, snapshot, adjudication file, tool, worker-049 corpus; compare to the adjudication's `detectors` block and cited prefixes, and to the outbox artifact events.
- No-write claim: canonical detector unchanged through round (a8c04fc3 both before and after — can verify via git? The repo has .git. `git status`/`git log` might show modifications. Actually, the adjudication says "detectors_moved_during_round": {} and class_separation.py is currently a8c04fc3. I can check git diff to see whether a8c04fc3 is committed or working-tree change, and confirm no detector write in the window via mtime. mtime of research_map/class_separation.py. Let me check.
- G-AUDIT still pending in the *current* map (5ab4bed18107).
- Check the adjudication JSON declares no gate verdict (no_gate_self_pass field; check 'verdict' keys).

Then emit my review verdict. My verdict will likely be "accept" (score 4-4.5) with findings: the census reproduces; decision (c) follows from the bar; plus my adversarial fifth-arm note; plus any discrepancies I find. If I find discrepancies → revise.

Let me now check the calibration module and the imports. Then write the pre-registration and harness.

Careful about the `if __name__ == '__main__'` guard trap (macOS spawn) — here Linux, fine.

Let me read the top of the adjudication tool and find `cal`.
dsh: reasoning:
The corpus C (16-fixture assertion/mention) and LIVE_LABELS are in artifacts/audit/classsep_calibration.py. For independence, I can load that module's constants (they are the corpus, hash-pinned by the file hash). But careful: the adjudication's own tool uses `cal.fixture_census` and `cal.corpus_census`, so if I use the same module functions, my "independent" measurement is not fully independent of their harness. To be genuinely independent I should implement my own census functions from the raw corpora. I'll load:
- `cal.FIXTURES` (or whatever the 16-row corpus variable is) as raw data, but implement the census myself.
- `cal.LIVE_LABELS` as the *labels*, but implement the live census myself.
- My own corpus-A runner (already have a model from runtime/bin/classsep_regression.py, straightforward).
- My own worker-049 runner reading corpus.json fixtures.
- My own worker-035 battery runner reading worker035_controls.json.

Let me inspect classsep_calibration.py constants: FIXTURES, LIVE_LABELS, corpus paths. Let me look at relevant lines.
dsh: reasoning:
I have the corpus data locations. Note `classsep_calibration.py`'s `make_prose_arm` builds an in-memory PROSEFIX — which the r3 adjudication replaced with dc8aa0de. Fine.

Now let me set up my own review. I'll create a directory `artifacts/worker-098/classsep_r3_adjudication_review/` with:
- `pre_registration.json` (pins + E1-E10 expectations)
- `run_review.py` (independent harness)
- `raw/` outputs
- `report.json`, `README.md`

The harness steps (all read-only on canonical):
1. Hash pinning: compute sha256 of all cited paths; compare with adjudication's `detectors`, frozen_map_snapshot, and outbox artifact events; assert cited prefix matches.
2. Corpus A: my own runner over worker-07 results.json + fixtures (findings_for_map + artifact-content scan), per arm → tp/fp/tn/fn/verdict; compare to adjudication's 17/0/10/0 PASS for all four arms.
3. Corpus C: read `cal.ASSERTION_MENTION_FIXTURES` raw (hash the file) and run each arm's `findings_for_text` on each fixture's text with expected flag; compute sensitivity/specificity per arm; compare with adjudication's 4/6, 3/10 etc.
4. Corpus D: read worker-049 corpus.json fixtures; run each arm on text; compute per-arm tp/fn/fp/tn; compute cue-induced FN (adversarial flagged=False while twin flagged=True), split by confidence; compare with adjudication (APPLIED 30/1/6/2, PRE 31/0/6/2, STAGED 31/0/6/2, PROSEFIX 20/11/2/6).
5. Worker-035 battery: read worker035_controls.json; run each arm; compare pass counts (APPLIED 13/23, PRE 11/23, PROSEFIX 23/23). Need to inspect the file format first.
6. Corpus B frozen map: load snapshot (f344ed2aaea5), count findings per arm over claims; compare to 19/24/25/1 (and the APPLIED labeled 17 + 2 unlabeled at claims[327],[336]).
7. Adoption bar application: using my measured values, determine adoptable arms; confirm decision (c) follows.
8. Fifth-arm adversarial: W098 v3 (6f1a24c441fb) measured on corpora A, C, D, B → report whether it would change the decision. Also maybe worker-049's other arms? No, keep to v3.
9. No-write / no-self-pass check: canonical detector hash unchanged (a8c04fc3) vs current; schemas hashes; G-AUDIT verdict in current map still pending; adjudication contains no gate-verdict field; check mtime window of canonical detector vs round window (01:03:24-01:05:17) to corroborate "detectors_moved_during_round == {}".
10. Live map growth note: current map claims=414, hash 5ab4bed18107; census binds snapshot only.

Then emit events.

Important: corpus C fixtures are 16 rows; the "adoption bar" says sensitivity >=5/6 (6 genuine assertions A1-A6) and specificity >=9/10 (10 mention fixtures M1-M10). Good.

Let me inspect worker035_controls.json format and corpus C's fixture structure and corpus D's structure (need field names). Also check how `findings_for_text` is called (signature). Let me grep the class_separation module for def signatures.

Then write the pre-registration and harness. To keep the context manageable I'll write files with the write tool, then run.

Let me inspect the data formats.
dsh: reasoning:
I have all formats. Now let me write the pre-registration and the harness.

Details:
- Corpus C fixtures: tuples (id, expect_assertion_bool, text).
- Corpus D: fixtures with id, category (ADVERSARIAL_ASSERTION, TWIN_CONTROL, MENTION_CONTROL?), expected_findings (1/0), confidence, twin_of, text.
- W035 controls: list of dicts control_id, canonical_flags, classifier_verdict, expect (ASSERTION/MENTION?), pass, reasons, text. Their "pass" is relative to the classifier (prosefix). To reproduce the battery per arm independently, I need the expectation semantics: expect == "ASSERTION" → detector should fire; expect == "MENTION" (or "NONE"?) → should not fire. Let me check the distinct expect values and pass rule. `classifier_verdict` suggests the w035 battery was run with a classifier that returns ASSERTION/MENTION. For detector arms, the equivalent is flags>0 vs 0. I'll compute per-arm pass = (expect=="ASSERTION") == bool(findings). And compare count to 13/23 for APPLIED etc. Let me check distinct expect values quickly in the harness; if there are e.g. "META"/"MENTION", the rule is expect=="ASSERTION" iff fire.

- Detector module API: `findings_for_map(map_dict)` returns list of findings (strings); `findings_for_text(text, label)` returns list. Let me verify signatures in class_separation.py.

- Corpus A runner semantics (from runtime/bin/classsep_regression.py): for each fixture in results.json: load fixture map JSON at ROOT/fx['fixture_path']; detected = findings_for_map(m); plus for each group/node artifact path that exists, detected += findings_for_text(file text, f"artifact {art}"). got=bool(detected); truth=bool(fx["is_class_merge"]). I'll replicate exactly, and ALSO note the registered runner's own semantics is what the adjudication used. Since I replicate the registered semantics, fine.

- Corpus B frozen snapshot: load JSON; claims list; for each claim index, findings_for_map? The live census in cal.live_census(mod) apparently scans the whole map and then labels findings by claim index. Let me look at live_census in classsep_calibration.py lines 175-221 to understand claim indexing and how findings are attributed (probably findings_for_text(claim['statement'], f"claims[{i}].statement")). For independence, I'll implement: hard findings per claim = findings_for_text(claim.get('statement',''), f"claims[{i}].statement") — but need to match exactly the way the project counts "CLASSSEP findings" on the map (maybe also scans other fields like conclusion). Let me read cal.live_census.

Let me read lines 117-260 of classsep_calibration.py.
dsh: reasoning:
I now understand the semantics precisely. Key: `mod.findings_for_map(m)` is what generates claim-indexed findings; `findings_for_text` for fixtures. The live census counts `hard` = raw findings not starting with CLASSSEP-SOFT.

For my independent harness, I'll implement my own census logic (not import cal's functions), but read the same raw corpora. I need the fixture data from `cal.ASSERTION_MENTION_FIXTURES` and `cal.LIVE_LABELS` (these are data, in a hash-pinned file) — reading them as data is fine, I'll record the file hash. I will implement my own loop logic.

For corpus B, I'll load the frozen snapshot and run `mod.findings_for_map(snapshot)` (same call the adjudication makes, but on the frozen snapshot rather than the live map). This is the right semantics; my contribution is independent re-execution + counts. I'll also count per-claim and classify with LIVE_LABELS.

Now the harness. Also verify:
- `findings_for_map` signature exists in each arm. Let me check quickly.

Let me now write the pre-registration file. Directory: artifacts/worker-098/classsep_r3_adjudication_review/

Pre-registration contents: pins (all hashes), expectations E1..E12:
E1: all cited hashes match on disk (adjudication, snapshot, 4 arms, tool, w049 corpus, w035 battery, calibration module).
E2: corpus A: all four arms PASS 17/0/10/0.
E3: corpus C: APPLIED sens 4/6 spec 3/10; PRE and STAGED sens 5/6 spec 1/10 (need to confirm from adjudication per_arm; let me read the per_arm block); PROSEFIX sens 1/6 spec 10/10.
E4: corpus D: APPLIED 30/1/6/2 with 1 HIGH cue-FN (A04); PRE 31/0/6/2; STAGED 31/0/6/2; PROSEFIX 20/11/2/6 with 10 HIGH cue-FN.
E5: corpus B frozen snapshot: APPLIED hard 19 (17 labeled FP + 2 unlabeled at 327,336); PRE 24; STAGED 25; PROSEFIX 1.
E6: adoption bar → no arm passes (decision c supported).
E7: fifth arm W098 v3: measure; pre-register expectation = battery-clean on A/C/D and 0 hard on snapshot? I know from my liveness recheck: v3 on f344ed2aaea5 = 1 hard (claims[327]). So pre-register: v3 meets 27-fixture PASS, 0/8 clean fires, 12/12 genuine fires; on corpus C expect sens 6/6? spec maybe 10/10; on corpus D expect tp 31/fn 0/fp 6/tn 2 (similar to PRE); on frozen snapshot expect 1 hard (claims[327]) → fails live_metalinguistic=0 → decision (c) robust to adding v3 as a candidate. Good honest pre-registration.
E8: no canonical writes: detector unchanged a8c04fc3, map snapshot matches citation, adjudication blob 7714ffd5b467 matches outbox event; schemas unchanged vs FROZEN.
E9: adjudication sets no gate verdict: search JSON for gate verdict fields; G-AUDIT remains pending in the live map.
E10: current map has grown to ≥414 claims (5ab4bed18107 at review start), so all live counts are snapshot-bound.
E11: worker-049 harness-suppression attribution: PROSEFIX is the arm with 10/12 HIGH cue-FN, e2d24b92 has 0 cue-FN — confirm by measurement.
E12: any discrepancy between my counts and the adjudication's is recorded, and if any material count differs the verdict is revise.

Calibration module hash: artifacts/audit/classsep_calibration.py — compute and pin.

Let me get the per_arm values from the adjudication's decision block to pre-register exactly. Let me print decision.per_arm.
dsh: reasoning:
Note the discrepancy: adjudication `per_arm` says PRE sensitivity 4/6, but the earlier corpus_c_assertion_mention block said sensitivity "4/6" for APPLIED. Let me check the full corpus_c block per arm. And PROSEFIX sensitivity 4/6? The review event said PROSEFIX spec 10/10, but per_arm says sensitivity 4/6. Hmm, wait: PROSEFIX suppresses genuine assertions (A5 "should be merged" maybe not detected?) — per_arm says PROSEFIX sensitivity 4/6, spec 10/10. But PROSEFIX is supposed to be good on mentions but bad on FN. Its FN problem shows on corpus D (adversarial cue-carrying), not corpus C. OK.

Important: adjudication `decision.per_arm.PRE.sensitivity = 4/6`, and the review event text said "STAGED e2d24b92 reaches sensitivity 5/6", "APPLIED sens 4/6". Let me get the full per-arm corpus C numbers from the file.

Also, the module API: no `findings_for_map`/`findings_for_text` in the grep output (only `findings`). Let me check: the arms define `findings(obj, where, mode)` and maybe wrapper functions `findings_for_map`, `findings_for_text` further down. My grep for "^def findings_for" showed nothing but the head cut at 8 lines. Let me grep specifically.
dsh: reasoning:
Now I have all the pre-registered expectations. Let me write the pre-registration JSON and the harness.

Harness structure (`run_review.py`):
- Deterministic, no network, read-only.
- Loads arms via importlib from explicit paths.
- Computes:
  1. hash verification vs claimed values (from adjudication JSON + outbox events hardcoded? Better: read the adjudication's detectors block and compare; also compute the current canonical hashes and compare with outbox artifact events by reading comms/outbox/astra-lead-audit.jsonl for events with those paths — that's a nice independent cross-check of the citation chain).
  2. corpus A census (my own implementation).
  3. corpus C census (my own implementation over the 16 fixtures loaded as data from cal module — but to avoid importing their census function, I'll `import classsep_calibration` and use only ASSERTION_MENTION_FIXTURES and LIVE_LABELS data; record its hash).
  4. corpus D census (my own implementation over worker-049 corpus.json; plus cue-induced FN pairing).
  5. worker-035 battery (my own implementation).
  6. corpus B frozen snapshot census (my own); classify with LIVE_LABELS; count labeled FP + unlabeled.
  7. adoption bar evaluation.
  8. fifth arm v3 on all corpora.
  9. no-write check: current hashes of canonical detector/schemas vs FROZEN.json and vs adjudication pins; current map hash/claims; G-AUDIT verdict from the current map; presence/absence of a gate verdict claim in the adjudication.
  10. Compare measured vs adjudicated and produce discrepancies list.

Outputs: raw JSON with everything, report.json with verdict + findings.

One concern: `findings_for_map` on the snapshot might take a while (414 claims). Fine.

Corpus D cue-FN detection: worker-049's harness logic — let me quickly check `run_fn_audit_049.py` to replicate cue-induced FN semantics exactly (adversarial vs twin: fn if adversarial not flagged AND twin flagged). I'll implement that straightforwardly:
for each adversarial fixture A with twin_of null and category ADVERSARIAL_ASSERTION: find its twin T (fixture with twin_of == A.id). cue_fn = (not fired(A)) and fired(T). Confidence from A.confidence.
Also plain_positive_fn = adversarial plain? There's `plain_positive_fn` in adjudication = [] for APPLIED. Probably fixtures with expected_findings=1 whose text has no cue... Actually the corpus has categories: ADVERSARIAL_ASSERTION, TWIN_CONTROL, and maybe PLAIN_ASSERTION, MENTION_CONTROL. Let me list categories. Then implement:
- tp/fn/fp/tn over all 39 by expected_findings.
- cue_induced_fn over adversarial/twin pairs.
- mention_fp = fixtures with expected_findings=0 that fired.

Let me check categories and counts quickly, then write files. Also W035 `expect` distinct values.

Let me now write the pre-registration. I'll generate it with a small python script for exact hashes (so pins are real), or write it by hand and fill hashes via script. Better: write a `pin_and_prereg.py` that computes hashes and writes pre_registration.json with expectations. Actually simpler: run a bash command to compute hashes, then write the JSON with the write tool including those hashes. But the hashes change? No, files are stable (except map). Let me compute all now.

Hash list:
- reviews/CLASSSEP-calibration-adjudication.json = 7714ffd5b467c506bc8a8736ba1626a9f8a9211092e5313e74c77a4ccb51cec1
- artifacts/audit/classsep_r3_map_snapshot_20260912T010324.json = f344ed2aaea58e4d21c46c1d919e2476b860da4b757b9fbc948d3649bac7c749
- artifacts/audit/classsep_r3_adjudication.py = fc92f4eac503d4d493e80e03ac63f7688e3e580fe71f3684d46de923e6f67f07
- research_map/class_separation.py = a8c04fc31e4afa1b691cd6bfb6bf8b4f953a0adc925939a8351bab9cf453c5bd
- artifacts/worker-049/classsep_fn_audit/pinned/class_separation_c266_recovered.py = c266dbceca87fb996bd76a774145ef511cbf2aae190d9f423167d3200783a920
- proposed/class_separation.py = e2d24b927ee81c45996f8a4853d2f4b6899e8a3ea405c9e68b1ba5bb37448819
- artifacts/worker-049/classsep_prose_fix/class_separation_prosefix.py = dc8aa0de386931cd0de48e9e755bc9b0bf33a12ce1c464f9911f4e9469f12470
- artifacts/worker-07/class_separation_falsification/results.json = d69ad58468be... (full needed)
- artifacts/worker-049/classsep_fn_audit/corpus.json = 9eb2ea9e2743... (full)
- artifacts/worker-049/classsep_prose_fix/worker035_controls.json = ?
- artifacts/audit/classsep_calibration.py = ?
- artifacts/worker-098/classsep_mention_scope/candidate_class_separation.v3.py = 6f1a24c441fb...
- research_map/research_map.json = 5ab4bed18107... (moving)

Let me compute these and save to a scratch. Then write pre-registration with the write tool.

Actually, to minimize tool calls: write a single python script `prereg.py` that computes the pins from disk and writes `pre_registration.json` including expectations embedded in the script. That's clean and self-documenting. Then run it. Then `run_review.py`.

Let me create the directory and write prereg.py.

Note file writing: I'm in workspace-write, /data3/guoshaoyang is the session workspace — allowed.

Let me write pre-registration generator.
dsh: reasoning:
WAIT. Critical: `arm_APPLIED` / `canonical_detector` hash is now **e36b0d644ca75b1e**, not a8c04fc31e4a! The canonical detector moved between my earlier `sha256sum` (01:05, a8c04fc3) and now. Someone (controller or audit lead) applied a detector fix after the adjudication — despite the freeze. This is a major finding for the review: the adjudication's citation `a8c04fc31e4a` no longer matches the live bytes; the detector moved.

Let me verify: earlier in this session at ~01:05 I ran `sha256sum research_map/class_separation.py` → a8c04fc31e4a... Then I read the adjudication. Now prereg computes e36b0d644ca75b1e. Let me check mtime and the diff. This is exactly the kind of drift the review must catch. It also means my E9 expectation (detector unchanged) is falsified — but note E9 says "changed by the adjudication"; here it changed *after* the adjudication (post-census), which is a different actor. The audit lead already emitted a blocker `audit-l07-b7-map-moved-post-census` at 01:05:48 about map growth; now the detector itself has moved too.

Let me investigate immediately: mtime of research_map/class_separation.py, its diff vs c266 recovered and vs the adjudication's cited a8c04fc3 (do I have a8c04fc3 bytes anywhere? The adjudication's tool imports APPLIED from research_map; no pinned copy. But I have git: the repo may have the a8c04fc3 version in git history or in artifacts. My own drift_recheck snapshot? artifacts/worker-098/classsep_prose_shadow/snapshot/ may contain a copy of the detector. Let me check. Also worker-085/tokenizer_window? The staged copy? Let me find any pinned copy of a8c04fc3.

Also check git status/log in the swarm repo.

This changes the review's measurement surface: my pre-registration pinned arm_APPLIED to whatever was live at prereg time (e36b0d64). I must be careful: my pre-registered E1 says hashes match the adjudication — now fails for APPLIED. But that's a *finding*, not a flaw of my harness. I should record it and measure BOTH:
- The adjudication's cited APPLIED bytes (a8c04fc3) — need to recover a copy. Do I have one? Let me search artifact snapshots for class_separation.py copies with that hash.
- The current live bytes e36b0d64 — what changed and does it affect the bar?

This is now an even more valuable review: post-decision detector drift. Let me check whether a8c04fc3 bytes survive somewhere:
- artifacts/worker-085/candidate_diff/snapshot/class_separation.canonical.py
- artifacts/worker-049/classsep_prose_fix/... 
- artifacts/worker-035/classsep_hardfail_adjudication/pinned/
- my artifacts/worker-098/classsep_prose_shadow/snapshot/? 
- tmp dirs.

Let me search for files named *class_separation* and hash them.
dsh: reasoning:
Big development:
- `research_map/class_separation.py` mtime 2026-09-12 01:06:12, sha256 e36b0d644ca75b1e. It moved from a8c04fc31e4a to e36b0d644ca7 at 01:06:12 — after the r3 adjudication (01:03-01:05).
- There are worker-073, worker-045 pinned copies of e36b0d64 — meaning other workers are already auditing the new live arm. So the controller applied a new fix at ~01:06, and workers 073/045 have taken tasks about it.

This is now a fast-moving situation. My pre-registration pinned arm_APPLIED = e36b0d64 (the live bytes at prereg time), but the adjudication cites a8c04fc31e4a. The original a8c04fc3 bytes: is there a pinned copy? Looking at the list, I don't see a8c04fc3 anywhere. Copies: ff585633, faa35f89, e36b0d64, e2d24b92, dc8aa0de, d88eb425, d6f419e4, c5d157d2, c266dbec. No a8c04fc3. So the a8c04fc3 bytes are NOT recoverable from the repo tree — unless in .git (research_map/class_separation.py is tracked? `git diff --stat` produced nothing for it, meaning either it's unchanged vs HEAD or untracked... Actually git status showed only 3 modified files: ASTRA_HANDOFF.md, astra_lifecycle.py, research_map.json. So research_map/class_separation.py is not tracked in git (or is in .gitignore). Let me check `git ls-files research_map/class_separation.py`.

If a8c04fc3 is unrecoverable, then the adjudication's APPLIED arm is not independently re-runnable at the cited hash — a significant integrity finding: the artifact the adjudication measured was overwritten 3 minutes after the census, and no pinned copy of a8c04fc3 exists. That said, worker-073/045 pinned e36b0d64.

Hold on. Let me reconsider: maybe a8c04fc3 IS recoverable from some other snapshot: my own `artifacts/worker-098/classsep_prose_shadow/snapshot/MANIFEST.json` referenced a pinned map snapshot, and I had a snapshot of class_separation? The listing shows `artifacts/worker-098/classsep_prose_shadow/snapshot/class_separation.canonical.py` = c266dbec (that's the pre-change). My drift_recheck.py may have copied a8c04fc3 somewhere. Let me search all files by hash a8c04fc3 (not just files named class_separation*). Use `find . -name '*.py' | xargs sha256sum | grep ^a8c04fc3`. That's expensive but the tree is large; let me restrict to artifact dirs and tmp. Actually the previous find already covered all `*class_separation*.py`. The drift copy might have a different name. Let me grep for "a8c04fc3" in artifact manifests to find a path.

Also, check what the controller did: search for events mentioning e36b0d64 / the applied fix. Let me grep comms/outbox and events for e36b0d64.

This review task is becoming even more relevant: the review must record that the adjudication's APPLIED citation no longer resolves to live bytes, and that the controller/lead applied a *new* fix (e36b0d64) during/after the review window without the adjudication's adoption. But careful — I need to check whether e36b0d64 is a new fix or something else (e.g. worker-073's). Let me diff e36b0d64 against c266dbec and inspect its header. `diff <(cat c266...) research_map/class_separation.py | head -60`.

Also my prereg pinned "arm_APPLIED" e36b0d64 and "canonical_detector" e36b0d64 — consistent with each other, but E1/E9 expectations about the adjudication's cited a8c04fc3 will fail. I should not rewrite the pre-registration after measurement (that would violate pre-registration). But my E1/E9 phrasing: E1 says "every cited path exists and its sha256 matches the adjudication's detectors block" — a8c04fc3 is no longer on disk, and I have no copy. I'll report E1 as FALSIFIED with the drift explanation. E9 says "no canonical file was written by the adjudication: detector a8c04fc3 ... unchanged" — the adjudication itself didn't write it, but the detector has since moved; I'll report the timeline: mtime 01:06:12 is after adjudication created_at 01:03:24 and after its emission 01:05:17. So the adjudication's no-write claim held *through its round* (detectors_moved_during_round {}), but the bytes are no longer verifiable now.

The review remains valuable and bounded. I need to:
1. Recover a8c04fc3 if possible; if not, state non-recoverability. Check my own drift_recheck implementation — I created `shadow_class_separation.py` from canonical bytes c266dbec + insertions; not a8c04fc3. My drift_recheck.py imported live module directly, no copy. Did I save any a8c04fc3 copy? Let me search.
2. Measure the five arms: PRE c266dbec, STAGED e2d24b92, PROSEFIX dc8aa0de, W098 v3 6f1a24c4, and the NEW LIVE e36b0d64. Also try a8c04fc3 via recovery.
3. Compare the new live arm against the bar.

Given the new file e36b0d64 is already being analyzed by worker-073 (`classsep_union_separability`) and worker-045 (`classsep_e36_arm`), I should avoid deep duplication: my review's core deliverable is about the adjudication artifact; the fifth/sixth arm measurement is a bounded extension. I'll measure e36b0d64 on the same five corpora for completeness (cheap) and note it's separately owned by 073/045.

Let me check:
- `git ls-files research_map/class_separation.py`
- grep for a8c04fc3 in the tree
- diff of e36b0d64 vs c266dbec (and vs e2d24b92) header/comments
- events around 01:06 mentioning detector fix / e36b0d64
dsh: reasoning:
The diff shows live e36b0d64 vs c266dbec has the same 3-line insertion as a8c04fc3 (the context-scoped skip) — wait, is e36b0d64 the same as a8c04fc3? The diff here is vs c266dbec and shows the "Do not treat explicit detector/meta-audit quotations as declarations" block, which is the fix that a8c04fc3 had. But e36b0d64 may differ from a8c04fc3 by more lines further down. Let me diff against a8c04fc3... I don't have a8c04fc3 bytes. Hmm.

Wait — maybe I do: `artifacts/worker-073/classsep_union_separability/pinned/class_separation.c266dbceca87...` no. Let me grep the tree for any file whose sha256 starts with a8c04fc3 (all extensions).

Actually, let me check what worker-045/073 know: their pinned copies of e36b0d64 exist, and their outbox may describe the change and whether e36b0d64 == a8c04fc3 + more. Let me also check the full diff vs c266 to see all changes, and compare with the known a8c04fc3 change (3 added lines per my drift notice: context-scoped skip). The ADJUDICATION said a8c04fc3 = "unadopted drift" with specificity 3/10, sens 4/6, 1 HIGH cue-FN (A04 clause overreach). If e36b0d64 is a *further* fix (e.g., clause-scope fix for A04), then it's newer.

Let me count diff lines: `diff c266 live | grep -c '^+'` etc. Also `diff e2d24b92 live` and inspect all added blocks.

And search whole tree for a8c04fc3 by hashing all .py files (maybe ~thousands; let's restrict to artifacts + research_map + proposed). It's worth it.

Let me also read worker-045 and worker-073 outboxes for e36b0d64 context — they may already have characterized it. Being efficient: read last 3 events of each.
dsh: reasoning:
Excellent! a8c04fc3 bytes ARE recoverable at:
- artifacts/worker-032/classsep-prose-01/pinned/class_separation.a8c04fc31e4a.py
- artifacts/worker-073/classsep_union_separability/pinned/class_separation.live.a8c04fc31e4a.py
- etc.

And the current live e36b0d64 = c266dbec + 3 added lines... wait, that's exactly the a8c04fc3 change? The diff shows c266 → live adds 3 lines (the meta skip). But a8c04fc3 was described as "3 added lines, 0 removed: a context-scoped skip for false-positive / non-merge / not-a-merge / no-genuine-composite-merge / detector-finding / quoted-detector phrasing". That matches the added regex exactly! So e36b0d64 likely differs from a8c04fc3 only cosmetically? Let me diff a8c04fc3 copy vs live e36b0d64.

Actually there's `artifacts/worker-031/classsep_e36_delta/pinned/class_separation.applied.a8c04fc31e4a.py` — worker-031 is doing an "e36 delta" task, i.e. exactly the diff a8c04fc3 → e36b0d64. So workers are on it.

Let me diff them now to understand. If e36b0d64 differs from a8c04fc3 by, e.g., the clause-scope fix for A04, that's the post-adjudication fix.
dsh: reasoning:
Now I understand:
- a8c04fc3 → e36b0d64 is a **one-line regex extension** (added `|0\s+genuine\s+assertions?` and made `the` optional with `(?:or describes? the)?`). This is the controller's fix at 01:06:12, apparently in response to the adjudication's residual findings (M7 "0 genuine assertions..." and M10 "quoting the detector output..." — a8c04fc3 already had `quote(?:d|s)?\s+(?:the\s+)?detector`).
- So e36b0d64 is the post-adjudication applied drift — a second drift beyond the one the adjudication ruled on (a8c04fc3).

This is highly relevant to my review: the adjudication's decision (c) says "no adoption, pin stays c266dbec, a8c04fc3 an unadopted drift" — but the live detector has now moved again to e36b0d64 (a further unadopted drift), which may change the counts. My review should measure e36b0d64 too and report the cascade.

Given workers 031 (e36 delta), 073, 045 are already on e36b0d64, I should keep my e36 measurement brief (mention it as a post-adjudication drift and note ownership), focusing on the review of the adjudication at its cited hashes. But it's cheap to run my harness on e36 too. I'll include it as arm "LIVE_NOW" with a clear note that its cells are provisional and separately owned.

Now, about my pre-registration: it pinned arm_APPLIED to e36b0d64 (live at prereg time) — I intended a8c04fc3. This is a record-keeping mismatch I must not hide. The pre-registration is already written and hashed; I will not edit it. Instead, in the report I'll record: "prereg pinned arm_APPLIED=live bytes e36b0d64 at 01:07; the adjudication's cited APPLIED a8c04fc3 is recovered from worker-032's pinned copy (hash verified) and used for the citation-conformance census; E1/E9 are reported against the cited hash with the drift timeline." That's honest and the pre-registration remains intact.

Actually, cleaner: the review harness will measure these six arms:
1. APPLIED_CITED = a8c04fc3 (recovered pinned copy, hash-verified)
2. PRE = c266dbec
3. STAGED = e2d24b92
4. PROSEFIX = dc8aa0de
5. W098_V3 = 6f1a24c4
6. LIVE_NOW = e36b0d64 (post-decision drift)

Plus for corpus B (live snapshot f344ed2aaea5) same arms.

Now write `run_review.py`. Design:

```python
#!/usr/bin/env python3
# independent review harness
import importlib.util, json, hashlib, re, sys
from pathlib import Path
from datetime import datetime

ROOT = ...
HERE = ...
ARMS = {name: relpath}
def load(path,name): spec=...
def sha(p): ...

# data loaders
w07 = json.loads((ROOT/'artifacts/worker-07/.../results.json').read_text())
snapshot = json.loads(...)
amf = json.loads? no - it's a Python module constant. To avoid importing cal (their census functions), I'll parse ASSERTION_MENTION_FIXTURES from the file with ast.literal_eval of the assignment block. Simpler and more independent: use `ast` to parse the module and find the assignment for ASSERTION_MENTION_FIXTURES and LIVE_LABELS. That's genuinely independent of their code paths. Let me do that: `tree=ast.parse(src)`, walk Assign nodes, get targets names, `ast.literal_eval(node.value)` for the two constants. LIVE_LABELS keys are ints - literal fine.

w049 = json.loads(corpus.json)
w035 = json.loads(worker035_controls.json)

# census functions (mine)
def corpus_a(mod): ...
def corpus_c(mod, amf): ...
def corpus_d(mod, w049): ... returns per-arm dict with tp/fn/fp/tn, per_fixture, cue_induced_fn, mention_fp, twin flags
def corpus_e_battery(mod, w035): per-arm pass counts; rule: pass = (expect=='ASSERTION') == bool(findings)
def corpus_b(mod, snap, labels): count hard findings = [x for x in mod.findings_for_map(snap) if not x.startswith('CLASSSEP-SOFT:')]; per_claim indices; labeled verdict via labels; labeled FP count, unlabeled indices; also count art_hard? The adjudication's live census counts `hard_total = len(hard)` from findings_for_map only (the art_hard is in non_claim_findings). I'll compute both but compare hard_total.
```

Wait, in `live_census` (cal), hard_total = len(hard) where hard excludes SOFT findings from findings_for_map. And per_claim from raw (all findings, including soft?). Let me re-read: raw = findings_for_map(m); per_claim from raw (so includes soft); hard = non-soft; return hard_total=len(hard), claim_findings=len(raw), tp/fp over per_claim... So hard_total counts all non-soft findings, including non-claim ones (other). For the frozen snapshot: APPLIED hard_total 19, fp labeled 17, unlabeled 2 → 19 = 17+2. But `hard` includes `other` (non-claim findings) too; apparently none here (non_claim_findings: [] in corpus_b_live). So 19 = claim findings.

My corpus_b implementation: raw=mod.findings_for_map(snap); hard=[x for x in raw if not startswith SOFT]; per_claim via regex `claims\[(\d+)\]`; apply labels; tp = number labeled TP; fp = labeled FP + unlabeled. Compare with adjudication.

- For corpus D cue-FN: implement pairing:
  ```
  by_id = {f['id']: f for f in fixtures}
  for f in fixtures if f['category']=='ADVERSARIAL_ASSERTION':
      twin = next((t for t in fixtures if t.get('twin_of')==f['id']), None)
      fired = bool(mod.findings_for_text(f['text'], 'fixture '+f['id']))
      twin_fired = bool(mod.findings_for_text(twin['text'], ...)) if twin else None
      cue_fn = (not fired) and twin_fired
  ```
  aggregate counts by confidence HIGH.
  Also `mention_fp` = non-adversarial with expected_findings==0 that fired.
  
  But I must check worker-049's actual harness semantics for correctness. Let me quickly grep run_fn_audit_049.py for cue_induced logic. It matters for matching 10 vs 11. Let me read it.

- Corpus E battery: check expect values; rule.

Then comparison: adjudicated values (hardcoded from the adjudication JSON read at runtime — better: read the adjudication and compare dynamically, so my report is exact). I'll load `reviews/CLASSSEP-calibration-adjudication.json`, extract expected values, compare. For arms where adjudication has no entry (W098_V3, LIVE_NOW), no comparison.

Discrepancy list: hash matches, per-corpus diffs.

Also: verify outbox event hashes: parse comms/outbox/astra-lead-audit.jsonl for artifact events with path=reviews/... and compare sha256 to on-disk; same for snapshot and tool. Nice independent citation check.

No-gate check: search adjudication JSON for keys ('gate_verdict','verdict') at top-level; the adjudication has 'no_gate_self_pass'. And load current research_map.json gates → G-AUDIT verdict.

Now the "fifth arm" W098 v3: my expectation E8 says frozen-snapshot hard=1 at claims[327]. Let's measure.

Output: report.json containing:
- meta (task, pins with hashes at measurement time, timestamps)
- hash_conformance: per cited path → on-disk hash (or recovered copy), matches_claimed bool
- timeline: detector mtime, adjudication created_at
- per-arm per-corpus measured values
- adjudicated values + discrepancies
- adoption_bar evaluation (my measured numbers)
- fifth_arm result and effect on decision
- no_write_check
- expectations E1-E12 status (PASS/FALSIFIED/INFO + note)
- verdict + score + hard_failures + findings
- falsifier

The review verdict: Given the adjudication's census reproduces exactly and decision (c) follows, I'd say **accept with findings**? The project's review types: accept/revise/reject/inconclusive. The adjudication needs one independent review "at the chosen hash". If my census matches, verdict accept (score ~4.0-4.5). But there's a substantive issue: the adjudication's decision binds the frozen snapshot and says "no adoption"; meanwhile the live detector has *already* moved to e36b0d64 (post-decision), and the decision text says "REC-22 pin ruling stands (recorded pin c266dbec, a8c04fc3 an unadopted drift)" — that ruling is now superseded by a second unadopted drift. That's not the adjudication's error (the drift happened after), so it's a finding for the controller, not a reason to revise the adjudication. I'll verdict accept 4.5 if everything reproduces, with hard_failures = [] and findings including the post-decision drift + non-recoverability of a8c04fc3 in-place (recovered only via worker-032's copy) + the observation that the 27-fixture corpus cannot discriminate arms (already their finding) + my v3 result.

Wait: E1 as pre-registered will be FALSIFIED (live bytes ≠ cited APPLIED). But E1's falsification is due to post-adjudication drift, which is exactly E12's domain. The review verdict should be accept on the adjudication artifact with a controller-addressed finding. I'll be precise in the report so the ingest doesn't misread it as "adjudication wrong".

Hmm, but consider: should the verdict be "revise" because the adjudication's cited APPLIED hash no longer resolves on disk? The adjudication itself can't fix that; the artifact is a snapshot of a moment. The project convention: "invalidate verdicts on any hash drift" per OVERNIGHT_PLAN item 2 (audit: dispatch two blind reviewers per final frozen hash; invalidate verdicts on any hash drift). That's about *reviewer verdicts* on formulation hashes. For this adjudication, the cited hashes are the review's basis. The APPLIED citation no longer resolves; but the adjudication's own `detectors_moved_during_round: {}` was true during its round, and the bytes are preserved in worker-032's pinned copy (so it's verifiable, not lost). I'll verdict accept (4.5) with the explicit condition/note that the live APPLIED bytes have since moved to e36b0d64 and the pin ruling must be refreshed by the controller; the adjudication's factual content is reproducible at the preserved copy.

Let me now check worker-049's harness cue-FN semantics before writing mine. Let me grep relevant parts.
dsh: reasoning:
Corpus D semantics confirmed:
- 12 ADVERSARIAL_ASSERTION, 12 TWIN_CONTROL (twin_of set), 8 MENTION, 7 PLAIN_POSITIVE = 39.
- cue_induced for each adversarial whose twin flags while adversarial doesn't.
- mention_fp = MENTION with flags.
- plain_positive_fn = PLAIN_POSITIVE not flagged.
- Per-fixture classes: probably truth = expected_findings==1 for adversarial, twin, plain_positive; truth=0 for mention.

W035 expectations: "ASSERTION" (9) vs all "NON_ASSERTIVE/*" (14) → pass rule: fire iff expect=="ASSERTION"; 23 total. Adjudication said APPLIED 13/23, PRE 11/23, STAGED 11/23, PROSEFIX 23/23. Note: `all_pass: true` in the file refers to the prose classifier's own verdict.

Now, note the adjudication's `corpus_d_worker049_cue_fn` reported APPLIED `cue_induced_fn_total: 1` (A04), and `corpus_d_fixture_classes` APPLIED tp 30/fn 1/fp 6/tn 2 = 39. Great.

Now let me write the review harness. I'll be careful with:
- loading arm modules: importlib with unique names; my v3 module might import class_separation? Let me check it doesn't import relative stuff (it's standalone, built from canonical by insertions). Fine.
- `findings_for_map` signature.
- AST extraction of ASSERTION_MENTION_FIXTURES and LIVE_LABELS from calibration module source (hash-pinned by prereg calibration_module). This makes my corpus C independent of their census code.
- For corpus A: results.json fixture_path entries; replicate registered runner semantics.
- Deterministic time: record timestamp.

Output raw JSON: raw/measurements.json; report.json.

Let me write the harness now. It's long but straightforward. I'll include the expectations evaluation in the same script (reading pre_registration.json for expectations, and hardcoding comparison logic per E#).

For E1 comparison: claimed hashes from adjudication['detectors'] + frozen_map_snapshot; on-disk: for APPLIED use recovered pinned copy (a8c04fc3) and live (e36b0d64). Compare.
For E9: canonical detector live hash vs cited. Mark FALSIFIED with timeline note (post-round drift), plus check FROZEN.json unchanged and schemas unchanged.
For E10: adjudication gate verdict check + current map G-AUDIT verdict.
For E12: live map hash != snapshot.

The report's verdict on the adjudication = accept 4.5 (if all reproduces).

Let me also verify the outbox citation chain: parse astra-lead-audit.jsonl, find artifact events with path in {reviews/CLASSSEP-calibration-adjudication.json, artifacts/audit/classsep_r3_map_snapshot_*.json, artifacts/audit/classsep_r3_adjudication.py}, compare sha256.

Now write run_review.py.
dsh: reasoning:
Excellent, it ran fast. All four cited arms reproduce exactly (corpus_a_match, c, d, d_cue, b all true). But wait — 0.244s seems too fast for loading the map snapshot (414 claims) — maybe findings_for_map on snapshot is fast. Fine.

Interesting: W098_V3 measured on the frozen snapshot gives B=1 (presumably claims[327]), corpus C 4/6 sens, 9/10 spec, corpus D 24/7/3/5, battery 21/23. Hmm, my earlier v3 battery reported 12/12 genuine merges fire on my own adversarial corpus and 0/8 clean; but on worker-049's corpus D it's 24/7/3/5 with 7 FNs. That's fine — different corpora. My E8 expectation said "corpus D ~31/0/6/2" which was wrong; v3 has 7 FNs on corpus D (mostly cue-carrying adversarial) → E8 still PASS (v3 fails the bar), but my note should be updated. Also v3's corpus C is 4/6.

Wait, but earlier my v3 claim said "12/12 genuine-merge adversarial controls fire" on my own corpus; worker-049's corpus D ADVERSARIAL_ASSERTION fixtures are different. OK.

Let me see the full output top part (expectations statuses). The tail cut off the beginning. Let me print the report's expectations + conformance + no_write + conclusion.

Also note: my E3/E4/E5/E6 expect APPLIED_CITED — those pass. E1 will be FALSIFIED (live APPLIED path moved). E9 falsified likewise. E12 pass.

Let me inspect the key blocks.
dsh: reasoning:
Whoa — the detector hash is back to a8c04fc31e4a! It moved again: at 01:07 (prereg) it was e36b0d64, now at 01:08:14 it's a8c04fc3 again. So the controller **rolled back** the e36b0d64 drift to a8c04fc3 (or the file was rewritten to a8c04fc3 = the ruling's unadopted drift state). That means:
- E1 now PASSES because the live path matches the cited a8c04fc3.
- E9: my check `live == cited` → PASS, but the note is wrong ("post-decision drift") — the mtime 01:08:14 shows the file was rewritten after the adjudication even though content returned to a8c04fc3. The file's mtime moved and the content passed through e36b0d64 and back. This is a fascinating artifact churn (possibly a controller repair: REC-22 pin ruling = pin stays c266dbec... wait, but now the live is a8c04fc3, not c266dbec).

Hold on. Earlier:
- Before 01:05: a8c04fc3.
- At 01:06:12: e36b0d64 (one-line extension).
- At 01:08:14: a8c04fc3 again? Let me verify current hash now and check again. My prereg ran at ~01:07 and saw e36b0d64; run_review at ~01:08-01:09 sees a8c04fc3 with mtime 01:08:14.

So the detector content churned e36b0d64 → a8c04fc3 at 01:08:14. Perhaps the controller reverted the extra drift after seeing worker-031's e36 delta analysis, or the write was a revert. This is a live churn event during my review. Also possible: some worker wrote a pinned copy back (frowned upon) — but whatever, I must record the observed timeline.

Important: my review's E9 note logic gave PASS but the note says "post-decision drift" while live_now == cited. I should not ship a misleading note; but the measurements JSON is raw evidence. The report (which I'll write next) must state the churn timeline precisely:
  - 01:03:24 adjudication created (cites APPLIED a8c04fc3)
  - 01:05:17 adjudication emitted (sha 7714ffd5)
  - 01:06:12 research_map/class_separation.py = e36b0d64 (one-line regex extension)
  - 01:08:14 research_map/class_separation.py rewritten; content = a8c04fc3 again (mtime changed)
  - review measurement window ~01:08-01:10: live = a8c04fc3, matching the citation.
This means during my *pre-registration* (01:07:5x) the pinned arm_APPLIED was e36b0d64 and the pre-registration pins record that. The review's census of "LIVE_NOW" (measured at ~01:09) is a8c04fc3 → matches APPLIED_CITED exactly. Indeed measured LIVE_NOW: A PASS, C 4/6/3/10, D 30/1/6/2, E 13/23, B 19 — identical to APPLIED_CITED. Good.

Also potential issue: the `sha()` of MAP is 5ab4bed18107 claims=414 still (not moved since prereg) — good, quiescent during the measurement window.

Now, one more thing to verify: is the a8c04fc3 file now *byte-identical* to the recovered copy? measured LIVE_NOW results equal APPLIED_CITED results, and hash conformance says exact=True (claimed a8c04fc3, disk a8c04fc3) — yes.

Another check: my E9 logic should have compared `detectors_moved_during_round == {}` and live==cited → PASS. Fine. But the "note" is misleading: it hardcodes "(post-decision drift)" for the failure branch, which didn't trigger; the note shows mtime. It says live=a8c04fc3 cited=a8c04fc3 mtime=01:08:14 (post-decision drift). Slightly confusing but factually defensible: there WAS post-decision drift (mtime proves churn). I'll clarify in the report.

Also E12's note printed the snapshot's 'claims' key wrongly: snap.get('claims', ...) returned a list (the snapshot is the full map JSON with a 'claims' list). `snap.get('claims', len(snap['claims']))` — since 'claims' exists, it returned the list. Minor: the note is garbage. I'll fix the note/message generation and re-run after adjusting? Careful: the pre-registration is fixed, but the harness can be fixed (it's my instrument; measurement logic unchanged). Fixing a display bug is fine as long as I don't change semantics. I'll fix the snapshot claims count to `len(snap.get('claims', []))`, and improve the E9 note. Also fix the conclusion's post_decision_drift.live_now to reflect the churn history rather than just current.

Additionally, I realize I should double check the "unlabeled" claims[327],[336] and hard finding details for APPLIED_CITED on the frozen snapshot, plus verify the labeled 17 FP list matches the adjudication. The census_b_detail has all of that. Let me spot check: claims_flagged count 14, fp=17, tp=0, unlabeled [327,336]. The adjudication said claims_flagged 14, fp 17, unlabeled_count 2, non_claim_findings []. Good.

Also should verify the "17 labeled FP" count: 14 claims, one claim (112) has 2 findings → 14+3 = 17. Yes.

Now, my review verdict: accept. Score? Let me think about what could be improved in the adjudication. My findings:
1. All four cited arms reproduce exactly on corpora A–E and the frozen map; decision (c) follows from the measured census; adoption bar correctly applied.
2. Non-recoverability avoided: APPLIED a8c04fc3 was preserved only in third-party pinned copies (worker-032/056/073/031/...) — at review time the live file churned a8c04fc3 → e36b0d64 → a8c04fc3 within 5 minutes (01:06:12, 01:08:14). The adjudication's `detectors_moved_during_round: {}` held for its round but the detector has no controller-side pin against post-round writes; the only durable copy is worker-owned.
3. Fifth arm W098 v3 fails the bar too (spec 9/10 on corpus C, but hard=1 on the frozen snapshot and 5 HIGH cue-FN on corpus D) → decision (c) robust to candidate-pool expansion on the frozen corpora. Note: v3's advantage over APPLIED on corpus D is fewer mention FPs (3 vs 6) but it suppresses 5 HIGH genuine assertions; it fails the cue-FN clause. Good honest note.
4. The 27-fixture corpus cannot discriminate any of the six arms (all PASS) — already adjudication's finding; my review confirms on six arms; the corpus is a necessary-not-sufficient gate.
5. The attribution correction is confirmed (PROSEFIX 10 HIGH cue-FN; STAGED 0).
6. Live map is at 414 claims, hash 5ab4bed18107, so residual counts are snapshot-bound (adjudication's addendum already says this; I confirm the detector reverted to the cited bytes while the map remained 5ab4bed18107 during my window).
7. One nuance: the adjudication's `decision.text` says "REC-22 pin ruling stands (recorded pin c266dbec, a8c04fc3 an unadopted drift)" — but the live bytes are a8c04fc3 (the unadopted drift), not c266dbec. The pin ruling is a policy statement, not enforcement; the live tree does not enforce it. Worth flagging as a controller finding (no canonical enforcement of REC-22). Also astra assigned the audit lead to *write* a detector fix (human-pi-detector-fix / astra-detector-fix-0105) — audit refused (author conflict). The churn at 01:06/01:08 suggests someone did write. I should check who/why: look for events after 01:05 mentioning e36b0d64 or "revert". Let me grep the outbox for e36b0d64 and "rollback"/"revert" to characterize the churn accurately. This matters for the report's factual accuracy.

Let me do that quickly, then fix the harness display bugs, re-run, then write report.json + README + checkpoint + emit events.

Also: check map updated_at still 01:05:09 → stable. Good.

One more possible check for E9: FROZEN.json pin for the detector? FROZEN.json is the formulation frozen manifest — likely includes schemas, not the detector. Fine.

Let me grep for e36b0d64 events and detector writes in the last few minutes.
dsh: reasoning:
No direct event about the e36b0d64 apply/revert. The detector churn (01:06:12 write to e36b0d64; 01:08:14 write back to a8c04fc3) has no traceable comm event in outbox within the window — possibly the controller's own astra lifecycle script did it, or a worker wrote directly without emitting. Let me check the map's `controller_repairs` / `controller_repairs_log` (empty earlier) and `applied_event_ids` growth; and search the map's `controller_repairs` content. Also `research_map/ASTRA_HANDOFF.md` may describe detector policy. But careful about scope: my task is bounded; I've already found the material fact. A quick check of controller_repairs and whether any event declares a detector write would strengthen the report.

Let me check:
- map.controller_repairs entries
- any event in events.jsonl at 01:06-01:08 with artifact path research_map/class_separation.py
- worker-031/045/073 latest events (they pin e36b0d64 and may state "the live detector moved to e36b0d64" plus who did it).

Let me grep events.jsonl (accepted stream) for class_separation.py since 01:05.
dsh: reasoning:
There's an astra-lifecycle-07. Let me check what it says (controller_lifecycles entries lack those keys — let me print one full). Also check `runtime/state/controller_verification/astra-lifecycle-07*` and the astra lifecycle script events. The detector churn at 01:06:12 and 01:08:14 might correspond to an astra repair that writes a "narrowest context-aware fix" then reverts based on the audit blocker. Let me look at the most recent controller lifecycle file and any astra_lifecycle events around 01:06-01:08.

Actually, let me check the astra.jsonl inbox (downward) for events after 01:05 — earlier it was empty. And look at `runtime/state/controller_verification/` listing, plus grep the lifecycle script log for "class_separation".

Let me be quick: `ls -t runtime/state/controller_verification/ | head`, then grep recent files for class_separation/e36b0d64. Also grep `dsh-logs`? No, out of scope.

Actually the key question for my review: was the e36b0d64 write an authorized repair or an uncontrolled write? For the report I can state: observed churn, no matching comm event / controller_repair record in the accepted stream within the window; the audit lead explicitly declared a write freeze and an author conflict; the churn's provenance is untraced in the event stream at review close. That's an honest, verifiable statement. But let me make one more targeted check: astra_lifecycle.py (modified, per git status) may have logic that applies/reverts; check mtime of research_map/astra_lifecycle.py and whether lifecycle-07 events exist in the map's applied_event_ids with detector writes.

Simplest: grep the whole comms/outbox for "01:06" & "artifact" & class_separation path. And check `comms/outbox/astra-lifecycle*`? The outbox has astra-lead-*.jsonl. The controller writes map directly.

Let me check the controller's own logs: `runtime/logs/` — list recent.
dsh: reasoning:
There's a file `runtime/state/controller_verification/cf29-detector-write-forensics.json` and `class_separation.e36b0d644ca.evidence.py` and `lifecycle_20260912-010849.json` — the controller has already done detector-write forensics! Let me read cf29-detector-write-forensics.json. This likely explains the churn and who did it. Also lifecycle_20260912-010849.json is the newest checkpoint.

This is directly relevant to my review: the controller already forensically recorded the write. I must cite it, not re-derive. Let me read it.
dsh: reasoning:
The controller already recorded CF-29: unauthorized instrument write, and restored a8c04fc3 from worker-073's pinned copy so "the independent review runs at unchanged hashes". So the churn is fully explained and my review is exactly the independent review they restored the bytes for. 

Now, my review's E9 status: PASS but note mentions post-decision drift. I should incorporate CF-29 into the report and cite it. Also note: my pre-registration pinned arm_APPLIED = e36b0d64 because at prereg time (01:07:5x) the unauthorized write was live; the review harness later measured APPLIED_CITED from the recovered a8c04fc3 copy (worker-032's), and LIVE_NOW at review time = a8c04fc3. So the pre-registration pin for "arm_APPLIED" is stale relative to the review's measurement; I must disclose this clearly. Both hashes' measurements are present: LIVE_NOW's first measurement at prereg? No — my harness only ran once, at 01:08-01:09, when live was a8c04fc3. The e36b0d64 measurement exists in my earlier ad-hoc diff, and workers 031/045/073 own it. My measured LIVE_NOW = a8c04fc3 = APPLIED_CITED.

But wait: the prereg's pin for arm_APPLIED says e36b0d64. In the report, "pins_at_review" is copied from prereg. I'll add an explicit note in the report: "prereg arm_APPLIED pin was taken during the CF-29 window and records the unauthorized e36b0d64; the review's adjudication-conformance arm is the recovered a8c04fc3 copy; live bytes at measurement were restored to a8c04fc3 (CF-29 ruling)". That's honest.

Should I re-run the measurement to capture e36b0d64 for completeness? I have its bytes pinned by worker-031/045/073. A quick extra arm measurement would quantify the CF-29 delta, which is useful and cheap. I can add it as an optional "CF29_UNAUTHORIZED" arm: path artifacts/worker-031/classsep_e36_delta/pinned/class_separation.applied.a8c04fc31e4a.py is a8c04fc3; the e36 copy: artifacts/worker-073/classsep_union_separability/pinned/class_separation.live.e36b0d644ca7.py. Let me add it to the harness as a seventh arm and note ownership. That strengthens the review: quantifying what the unauthorized write would have done (does it meet the bar? presumably corpus C spec improves: M7/M10 covered → maybe spec 5/10? or 6/10? and hard maybe 17?). Hmm — this could be directly relevant to "should the controller adopt e36b0d64?" but that's worker-031's task. I'll include the measurement but keep the review focused.

Also fix the display bugs:
- E12 note snapshot claims.
- E9 note wording.
- conclusion.post_decision_drift: reflect the CF-29 forensics: cited a8c04fc3, unauthorized e36b0d64, restored a8c04fc3; cite cf29 file path+hash.
- Add cf29 to pins? The pre-registration is fixed (can't add pins post hoc — well, I can add "observed_during_review" evidence, not modify pins). I'll include cf29 in the report as evidence discovered during the review.

Let me also double-check the CF-29 before_sha256 == unauthorized_sha256 == e36b0d64 (yes, before == unauthorized per the record; weird but fine: the "before" is the e36 bytes captured before restore).

Additionally, I should verify the quarantine refs exist and hash-match, plus verify the restored bytes' provenance (worker-073 pinned copy = a8c04fc3, confirmed by my hash conformance). Add to report.

Let me also verify the frozen snapshot claims count: len(snap['claims']) should be 383. In E12 note it printed the list; fix.

One more check: report should include the per-arm hard counts and the bar clause for LIVE_NOW (=APPLIED_CITED) — fine.

Now update the harness:
1. Add CF29 arm.
2. Fix E9/E12 notes.
3. Add cf29 + quarantine verification block.
4. Re-run.

Then write report.json (the review verdict artifact) + README.md, worker checkpoint, and emit events.

Let me edit run_review.py. I'll use targeted edits.

Edit 1: ARMS dict add "CF29_UNAUTHORIZED".
Edit 2: E9 note.
Edit 3: E12 note.
Edit 4: conclusion block.
Edit 5: add cf29 evidence.

Let me do these.
dsh: reasoning:
Now update the conclusion to reflect CF-29 accurately and include cf29_check in the report dict. Let me edit the conclusion block and add "cf29_forensics" to the report.
dsh: reasoning:
All 12 expectations PASS. All measured arms reproduce the adjudication exactly. The CF-29 unauthorized arm measured: corpus C spec 4/10, hard 16 — still fails the bar (sens 4/6, spec 4/10, cue-FN 1). Good.

Now let me inspect the final report details: cf29_check, outbox chain, and craft the review verdict + findings. Then write:
1. `report.json` — the review artifact (verdict accept, score, hard_failures, findings, falsifier, evidence_refs).
2. `README.md` — one page.
3. Worker checkpoint: `runtime/state/w098_classsep_r3_adjudication_review_checkpoint_1.json`.
4. Emit events to `comms/outbox/worker-098.jsonl` (artifact events with hashes, review, claim, status checkpoint, completion).

I need to compute hashes for the emitted artifacts and use them in evidence_refs (#prefix). The pattern: artifact events declare sha256 of each file; review references them by prefix.

The emit step: I'll write `emit_events.py` that computes hashes and appends JSON lines to comms/outbox/worker-098.jsonl with event_ids (w098-car-20260912T01xx-...). Also write the checkpoint with hashes.

First, let me look at cf29_check in the updated report and the timestamps, then draft the review verdict content.

Verdict reasoning:
- accept (score 4.5). 12/12 pre-registered expectations pass; 4 cited arms reproduce on 5 corpora + frozen map; decision (c) supported; attribution correction confirmed; no gate self-pass.
- Findings:
  - F1: census fully reproduced (all 20 cell comparisons).
  - F2: decision (c) is forced by the measured bar; 27-fixture corpus all-PASS for 6 arms → cannot discriminate.
  - F3: fifth arm W098 v3 also fails (spec 9/10, hard 1, 5 HIGH cue-FN on corpus D) → candidate-pool expansion doesn't defeat (c).
  - F4: CF-29 detector churn (a8c04fc3 → e36b0d64 → a8c04fc3) during the REC-22 freeze; unauthorized arm also fails the bar; controller's forensics + quarantine verified (hash matches); review ran on restored bytes exactly as CF-29 intends.
  - F5: non-durability: the only copies of the adjudicated APPLIED a8c04fc3 bytes were worker-owned pins (worker-032/056/073/...); the live file was written twice in the 5 minutes after the adjudication. Recommend a controller-side read-only pin of any reviewed instrument hash, since the adjudication's no-write claim is not enforceable by the artifact itself.
  - F6: attribution correction confirmed; PROSEFIX 10 HIGH cue-FN; STAGED 0.
  - F7: live residual: 19 hard on the frozen snapshot (17 labeled FP + 2 unlabeled DETECTOR_SELF meta-claims at 327/336); live map at review close 414 claims / 5ab4bed18107 → snapshot-bound.
  - INFO: pin ruling mismatch: decision text says "pin stays c266dbec" while live bytes at measurement are a8c04fc3 (the r3 APPLIED). That's the controller's REC-22 policy vs the restored bytes. Worth flagging to the controller: after CF-29's restore, the live tree now carries a8c04fc3, which the adjudication called an unadopted drift; "pin stays c266dbec" is not enforced by the bytes. My review measures the restored a8c04fc3 and treats it as APPLIED per the adjudication citation. This is a controller decision, not an adjudication defect. Include as finding F5/INFO.

Hard failures: none for the adjudication artifact (empty list).
Score: 4.5.

Falsifier for my review: "Re-run run_review.py at the pinned hashes: falsified if any cited-arm cell differs from the adjudication, if any of the 12 expectations flips, or if a further detector write changes research_map/class_separation.py off a8c04fc3 before the review is ingested."

Evidence refs: my report.json, raw/measurements.json, pre_registration.json, run_review.py, adjudication#7714ffd5b467, snapshot#f344ed2aaea5, cf29#<hash>, outbox events, gate audit.

Let me check cf29 hash and the quarantine verification result in the report. Then write report.json via a script (to embed measured data) — better: extend run_review.py to also write report.json with verdict; but the review verdict is my judgment, not automatic. I'll write a separate `write_report.py` that loads measurements.json and writes report.json + README.md. That keeps the harness pure and the verdict explicit.

Actually simpler: write report.json by hand using the measured numbers (I have them all), then verify. But the report must embed exact per-arm numbers; I have them. Let me write `write_report.py` that reads raw/measurements.json and produces report.json with the verdict fields + a compact summary. That avoids transcription errors.

Let me check the cf29 hash quickly and then write write_report.py.
dsh: reasoning:
Note: my census labels claim 192 as UNLABELED (because LIVE_LABELS[192] has 1 entry but claim 192 has 2 findings — the second gets UNLABELED fallback in my code? Let me check: LIVE_LABELS[192] = [("FP","DETECTOR_SELF","quotes ...")] — one label; claim 192 has 2 findings, so my code labels the 2nd "UNLABELED". In cal.live_census, the same logic applies (labs[k] if k<len else last label), so their code would label the *second* finding as the last label = FP, not UNLABELED? Let me re-read:

```
lab = labels[k] if k < len(labels) else (labels[-1] if labels else ("UNLABELED","",""))
```
So for k >= len(labels), it uses labels[-1], i.e. FP for claim 192. Wait, that means the second finding of 192 gets FP too. And for claims not in LIVE_LABELS at all: labels = [("UNLABELED","UNLABELED","")], so lab = labels[-1] = UNLABELED. So claims 327, 336 → UNLABELED, but claim 192's second finding → FP. Total labeled FP = 17 = 14 claims*1 + (112 has 2 → +1) + (192 has 2 → +1) = 16... hmm, let's count: claims flagged 14: 36,94,96,97,101,112,127,144,152,180,187,192,276,306 (14 claims). Findings total 19 minus unlabeled 2 (327,336) = 17 findings on 12 labeled claims (the 14 listed minus 327/336... wait 14 flagged total including 327 and 336? The b_detail claims_flagged = 14 total? It listed [36,94,96,97,101,112,127,144,152,180,192,276,306,327,336] = 15. Hmm the print shows 15 entries. Let me recount: 36,94,96,97,101,112,127,144,152,180,192,276,306 = 13, plus 327,336 = 15. But the adjudication said claims_flagged 14. Discrepancy? The adjudication corpus_b_live APPLIED: claims_flagged: 14, labeled_claims: [36,94,96,97,101,112,127,144,152,180,187,192,276,306] = 14 (includes 187!). My measured claims_flagged from hard findings lacks 187 and has 327/336 → 15? Let me recount my printed dict: 36,94,96,97,101,112,127,144,152,180,192,276,306,327,336 = 15 entries. Hmm, but my census_b counted `per_claim` from **hard** findings (non-SOFT). The adjudication's `claims_flagged` = len(per_claim) where per_claim is built from **raw** findings (including SOFT). Claim 187's finding is maybe a SOFT finding ("do not split: C0 or C2" — the review event mentioned "fires once on claims[187]'s 'do not split: C0 or C2'"). Wait no, that was in a different context. The adjudication's per-claim uses raw (soft included) → claim 187 flagged by a SOFT finding (CLASSSEP-SOFT). My hard-only census excludes it → 187 absent, but then why do I have 15 vs their 14? Because they have 187 (soft) and not 327/336? No — their labeled_claims list is the LIVE_LABELS keys, not the flagged set. Their claims_flagged=14 comes from len(per_claim) over raw findings. If raw includes 187 via soft and also 327,336, then len would be 16. Let me actually verify by computing both raw and hard per-claim sets for APPLIED.

My reproduction check `corpus_b_match` only compared hard_total (19 == 19) — which passed. But claims_flagged differs: mine (hard) 15 vs theirs 14 (raw). Not necessarily an inconsistency, because they count raw; I count hard. Let me verify quickly: compute raw per-claim for APPLIED_CITED on snapshot: indices and soft/hard classification. This is a detail worth getting right in the report: the adjudication's `claims_flagged: 14` counts claims with any finding (soft or hard?) while my harness's `claims_flagged` counts hard-only → 15. Which is right? Let me check `live_census`: raw = findings_for_map(m); per_claim from raw; `hard = [x for x in raw if not SOFT]`; hard_total = len(hard). So yes, claims_flagged is raw-based.

Let me compute raw per-claim indices for APPLIED on the snapshot and see. Also count hard findings per claim. If raw includes 187 (soft) and excludes none, per_claim size might be 15 or 16. The adjudication says 14. Hmm, that's a potential discrepancy in their `claims_flagged` field... but maybe out of the 15 hard-flagged claims, two (327,336) have soft findings only? No, they're hard (unlabeled hard findings). Let me just measure.

Also their `labeled_claims` list = sorted(LIVE_LABELS) = 14 keys, unrelated to claims_flagged.

Let me run a quick check: raw = mod.findings_for_map(snap); per_claim indices; hard per_claim indices; soft-only indices.
dsh: reasoning:
My census is right: 14 claims flagged (my earlier printed dict had 15 entries? Let me recount the printed labels dict: 36,94,96,97,101,112,144,152,180,192,276,306,327,336 = 14. Plus 187 appeared in the print? Yes it did: "{36: 'FP', 94: 'FP', 96: 'FP', 97: 'FP', 101: 'FP', 112: 'FP', 144: 'FP', 152: 'FP', 180: 'FP', 192: 'UNLABELED', 276: 'UNLABELED', 306: 'FP', 327: 'UNLABELED', 336: 'UNLABELED'}" — I miscounted; there's no 187. Good: 14 claims, 19 findings. And 192's 2nd/3rd findings got UNLABELED in my classification while the adjudication labels them FP (fallback to labels[-1]). So labeled_fp in my census: 17 findings total minus unlabeled. My unlabeled count: claims 192 (2 extra) + 276 (2 extra) + 327 + 336 = 6? Wait, my census_b labels: for idx in per_claim, labs=labels.get(idx, UNLABELED). For claim 192, labels has 1 entry → k=0 FP, k=1,2 → lab = ("UNLABELED","",""), so 2 unlabeled. For 276: labels has 1 entry → 2 unlabeled. Plus 327,336 → 2 unlabeled. Total unlabeled = 6, labeled_fp = 19-6-0 = 13.

But the adjudication reports `unlabeled_count: 2` (claims 327,336) and `labeled_claims` (the 14 keys, with 112/192/276 multi-finding counts fully labeled via last-label fallback). My reproduction compared only hard_total, not the label attribution. So my "labeled_fp" = 13 vs their fp = 17. This is a harness-semantics difference on multi-finding claims (their fallback repeats the last label; mine treats extras as unlabeled). Not a contradiction of the adjudication — my classifier is stricter (doesn't claim a label for findings beyond the recorded label list). I should note this in the report as a definitional difference, or better: align my census to the *stated criterion* "unlabeled = outside LIVE_LABELS" (claims 327,336) — i.e., extra findings on a labeled claim are still labeled FP by the claim-level label. I'll adjust my census_b to mark extras on labeled claims with the last label (matching the adjudication's semantics) so the comparison is apples-to-apples, and keep an explicit note. Let me quantify both: with fallback, labeled_fp=17, unlabeled claims=2. That matches the adjudication's 17+2.

Actually cleaner: report both:
- `labeled_fp_claim_level` = 17 (extras inherit last label)
- `unlabeled_claims` = [327,336]
- `findings_on_unlabeled_claims` = 2
- `strict_extra_unlabeled` = 6 (my first-pass conservative reading)

I'll update census_b to compute both and compare to adjudication's 17/2. This is a real review nuance worth recording (INFO finding): the adjudication's 17 FP count depends on a fallback that assigns multi-finding claims' extra findings the last recorded label; the claim-level ground truth is 14 claims (13 labeled FP + 2 unlabeled = 15? no: 14 flagged claims = 12 labeled + 2 unlabeled; findings: 17 on labeled claims + 2 on unlabeled). Let me be precise:
- Flagged claims: 14; labeled-claim indices: 12 (all except 327,336); unlabeled-claim indices: 2.
- Findings: 19 = 17 on labeled claims + 2 on unlabeled claims.
- Claim 112 has 2 findings, 192 has 3, 276 has 3 → extras are on labeled claims.
So the adjudication's 17 labeled FP + 2 unlabeled is finding-level and consistent. My first-pass strict classifier gave 13/6 due to not inheriting labels for extras. Align to finding-level with inheritance and note it. Good.

Let me update census_b to compute labeled_fp with last-label fallback, plus keep strict count as informational. Then re-run and finalize.

Edit census_b:

```
labeled_fp = labeled_tp = 0
unlabeled_findings = 0
for idx in sorted(per_claim):
    if idx in labels:
        labs = labels[idx]
        for k,f in enumerate(per_claim[idx]):
            lab = labs[k] if k < len(labs) else labs[-1]
            ...
    else:
        for f in per_claim[idx]: unlabeled_findings += 1; detail label UNLABELED
```
And report `unlabeled` = claim indices not in labels, `unlabeled_findings`.

Then E6's check on unlabeled [327,336] still works.

Let me edit.
dsh: reasoning:
Now it matches: 19 hard = 17 labeled FP + 2 unlabeled; claims_flagged 14; labels [327,336]. Strict extra findings on labeled claims = 4 (112 extra 1, 192 extra 2, 276 extra 2 → that's 5? Let me see: 112 has 2 findings, labels len 1 → 1 extra; 192 has 3 → 2 extra; 276 has 3 → 2 extra; total 5. But strict_extra says 4. Hmm, maybe 276's LIVE_LABELS has ... the label list for 276 was [("FP","QUOTATION","quotes ... / 'no C0/C2 merge'")] = 1 entry. 192: 1 entry. 112: 2 entries! LIVE_LABELS[112] had two labels (DETECTOR_DESCRIPTION and QUOTATION). So extras: 112:0, 192:2, 276:2 → 4. Correct.

Now write the final review report + README + checkpoint + events.

Report contents (report.json):
```
{
  schema, task_id, actor, node_id, gate, class_id, created_at, review_completed_at,
  artifact: {path: reviews/CLASSSEP-calibration-adjudication.json, sha256: 7714ffd5..., revision: r3-life06},
  verdict: "accept", score: 4.5,
  counts_as_full_schema_verdict: false, counts_as_independent: true,
  hard_failures: [],
  findings: [ ... ],
  expectations: 12/12 PASS,
  census: compact per-arm table (all six/seven arms),
  reproduction: all cells match (list),
  evidence_refs: [...],
  falsifier: "...",
  no_gate_self_pass: "...",
  artifacts: {report.json, raw/measurements.json, pre_registration.json, run_review.py, README.md} hashes
}
```

Note: the report itself will be hashed after writing; I can't include its own hash. The emit script computes hashes and posts artifact events.

Findings text (numbered):
- W098-ADJ-01 (info): 12/12 pre-registered expectations pass; all four cited arms reproduce exactly across corpora A(27), B(frozen map), C(16), D(39), E(23) — 20/20 comparison cells.
- W098-ADJ-02 (info): decision (c) is forced by the measured bar: no arm meets 27-fixture PASS + sens>=5/6 + spec>=9/10 + 0 HIGH cue-FN + 0 live metalinguistic. The 27-fixture corpus PASSes for all six arms measured (incl. W098 v3 and the CF-29 arm), so it cannot license adoption.
- W098-ADJ-03 (info): confirmation of the attribution correction: PROSEFIX dc8aa0de = 10 HIGH cue-induced FN (20/11/2/6); STAGED e2d24b92 = 0 (31/0/6/2). The card's 10/10 attribution to e2d24b92 is wrong as stated; the adjudication's correction is measured.
- W098-ADJ-04 (info): candidate-pool expansion does not defeat (c): W098 v3 6f1a24c4 passes the 27-fixture corpus and beats APPLIED on corpus C specificity (9/10 vs 3/10) but fails 5 HIGH cue-FN on corpus D and has 1 hard on the frozen snapshot (claims[327]); it is not adoptable under the same bar.
- W098-ADJ-05 (info/hard-note for controller): CF-29 churn during the REC-22 freeze: a8c04fc3 → e36b0d64 (01:06:12, one-line regex widening) → a8c04fc3 (01:08:14, restored from worker-073's pin). The review ran at the restored cited hash, as CF-29 intends. The unauthorized arm was measured: C spec 4/10, hard 16, 1 HIGH cue-FN → also fails the bar; CF-29 quarantine hashes verify.
- W098-ADJ-06 (info/hygiene): reviewed-instrument durability: the adjudicated APPLIED bytes survived the churn only because worker-owned pinned copies existed; no controller-side readonly pin of the reviewed instrument hash. Controller may want a durable pin for any reviewed detector hash (the live path was rewritten twice within 5 minutes of the adjudication).
- W098-ADJ-07 (info): label semantics: the 17 labeled-FP count assumes claim-level label inheritance for multi-finding claims 112/192/276 (4 extra findings); 327/336 are unlabeled and correctly reported as such. State this in the ledger so classsep_hard_calibrated stays reproducible.
- W098-ADJ-08 (info): live-surface status at review close: map 5ab4bed18107 / 414 claims (moved +31 after the frozen snapshot); detector at cited a8c04fc3; G-AUDIT pending; adjudication carries no gate verdict. All live counts are snapshot-bound as the adjudication states.

Verdict accept 4.5: the artifact does what it claims, the decision is supported, and the remaining issues are controller/ledger actions rather than defects in the adjudication. Hard failures empty.

Hmm — should the verdict be "accept" given hard_failures must reference the target artifact? Yes: accept. Score 4.5 rather than 5 because: (a) the cited APPLIED bytes became non-resolvable at the live path minutes later and only worker pins preserved them (fragility, not error); (b) the FP label inheritance for multi-finding claims isn't stated explicitly in the artifact (a reader would compute 13/6 with a strict reading); both are findings that don't overturn the decision. That justifies 4.5.

Now, the report writing. I'll write `write_report.py` that loads raw/measurements.json and writes report.json + README.md. Then `emit_events.py` that:
- computes hashes of report.json, README.md, raw/measurements.json, pre_registration.json, run_review.py, prereg.py, write_report.py
- writes checkpoint runtime/state/w098_classsep_r3_adjudication_review_checkpoint_1.json (with pins + status)
- appends JSON lines to comms/outbox/worker-098.jsonl:
  1. artifact (review_report) path report.json sha
  2. artifact (review_instrument) run_review.py sha
  3. artifact (pre_registration) pre_registration.json sha
  4. artifact (raw_measurements) raw/measurements.json sha
  5. artifact (readme) README.md sha
  6. review event: target_id reviews/CLASSSEP-calibration-adjudication.json, reviewer worker-098, verdict accept, score 4.5, counts_as_independent true, counts_as_full_schema_verdict false, hard_failures [], findings [...], evidence_refs [...], reviewed_sha256 7714ffd5..., gate G-AUDIT, node_id A1, class_id ...
  7. claim event: class_id, statement (the measured summary), conclusion_type "instrument_finding" or "review_measurement"? My prior used "instrument_finding" / "numerical_evidence". Use "numerical_evidence" with assumptions, falsifier, evidence_refs, artifact_refs (required only for theorem). I'll include artifact_refs anyway.
  8. status checkpoint event (worker-local checkpoint path + hash).
  9. status complete event (completion_claim true, hours, next_falsifier).
- validates each line by json.loads and re-reads hashes.
- prints confirmation.

The event schema requires: event_id, event_type, created_at, actor. Plus per-type fields. I'll follow my prior event shapes (they were ingested fine).

Timestamps: use a fixed created_at string computed at emit time (e.g., 2026-09-12T01:1x:00+08:00). Use actual now.

Let me write write_report.py first.

For README: concise one-pager.

Let me get the current time to label events. date showed 01:05 earlier but that was 10 min ago; now ~01:11. I'll use datetime.now in scripts.

Let me write write_report.py.
dsh: reasoning:
Now the checkpoint and event emission. Let me write emit_events.py that:
1. Computes hashes of all deliverables.
2. Writes worker checkpoint `runtime/state/w098_classsep_r3_adjudication_review_checkpoint_1.json`.
3. Appends events to comms/outbox/worker-098.jsonl.
4. Validates what it wrote.

Event IDs: use `w098-car-20260912T01NN-<tag>`. Let me compute a timestamp tag from now.

The review event schema (PROTOCOL): target_id, reviewer, verdict, score, hard_failures, findings. I'll add evidence_refs, reviewed_sha256, class_id, node_id, gate, counts_as_*.

Claim event: class_id, statement, conclusion_type, assumptions, falsifier, evidence_refs, artifact_refs. My statement: summary of the review measurement.

Status events: node_id, status, hours, summary, evidence_refs, next_falsifier. Plus completion_claim.

Checkpoint: worker-local path + hash. Also a checkpoint event referencing it.

Important: checkpoint file must be written before the checkpoint event, and its hash included in the event. Then the completion event references it.

Let me also ensure I don't violate "no canonical writes": I'm only writing my artifacts + outbox + runtime/state worker checkpoint. That matches prior behavior (my previous checkpoints were "worker-local checkpoint written (controller runtime checkpoint untouched)").

Let me write emit_events.py.

Details for hashes in evidence_refs: use format `path#sha-prefix` (12 hex chars).

Files to pin:
- artifacts/worker-098/classsep_r3_adjudication_review/report.json (7c8880a6267f)
- .../raw/measurements.json
- .../pre_registration.json
- .../run_review.py
- .../README.md
- .../prereg.py, write_report.py (instruments)
- runtime/state/w098_classsep_r3_adjudication_review_checkpoint_1.json

External refs: adjudication 7714ffd5b467, snapshot f344ed2aaea5, cf29 b573dcfdcc20, detector a8c04fc31e4a, map 5ab4bed18107.

Let me write the script.
dsh: reasoning:
Before emitting, update the todo list, and double-check the liveness at emit time: detector hash and map hash should be re-read (the emit script reads them fresh). Also verify no canonical writes during my task: check detector hash now.

One issue: `emit_events.py` also hashes `report_writer` (write_report.py) and `prereg.py` — those are fine to pin.

Another: the claim statement says "CF-29 unauthorized bytes e36b0d64 also fail the bar (spec 4/10, hard 16...)" — measured CF29_UNAUTHORIZED: C 4/6/4/10 → spec 4/10, hard 16, cue 1. Correct.

Let me run emit_events.py, then validate the outbox lines by re-parsing and checking hashes (do a small verification loop), then also verify that the events are well-formed per protocol (event_id/event_type/created_at/actor present). Also confirm the detector/map state at emit.

Then final response: summary + exit. But before that, I should re-run run_review.py one final time? The report is written from raw measurements and expectations. The pins in evidence: adjudication 7714ffd5b467 — did the adjudication file change since? It's at 7714ffd5 (verified by write_report). Map 5ab4bed18107 — emit reads fresh; if changed, the claim's "live map at close" could be stale. Let me have emit print the fresh hashes, and I'll adjust the claim if the map moved (it shouldn't; updated_at 01:05:09). If the map moved, I'd need to re-run the harness/report (accounting for drift). Let me check first before emitting: run a quick hash check. Actually emit prints them; if map != 5ab4bed18, I'll fix. Let me just run and see.
dsh: reasoning:
The map hash changed at emit time: a5e5ec532371 (was 5ab4bed18107 at review measurement). The map moved during my review window! My claim statement says "live map at close 5ab4bed18107/414 claims" — that's now stale/wrong at emission. The review measurement itself was at 5ab4bed18107 (quiescent during the census), and the map moved after. Per the project's convention, I must record the movement honestly rather than claim a stable surface. Options:

1. Re-run the review harness now (map moved) to refresh the liveness block; but the census binds the frozen snapshot (unaffected); only E12 and the "live map at close" line change. The detector hash a8c04fc3 unchanged and adjudication unchanged.
2. Add a drift addendum event correcting the live-map hash at emission: "map moved 5ab4bed18107 -> a5e5ec5 after the measurement window; all census results bind the frozen snapshot and are unaffected; live counts require a fresh tick."

The cleanest: re-run run_review.py + write_report.py now to record the fresh live map (a5e5ec5), then emit a correction. But I already emitted events referencing the report hash; if I rewrite report.json, its hash changes and the emitted artifact event's sha256 becomes stale → the artifact audit would flag it. Better to keep the emitted artifacts frozen and add a **drift addendum artifact** (new file) + correction status event that:
- records live map moved 5ab4bed18107 (414 claims) → a5e5ec5 (claims count?)
- states that the census is snapshot-bound and unaffected; E12 still holds (live != snapshot)
- updates the liveness line.

Also my pre-registration E12 expectation is global ("at review time it is a different hash/more claims than the frozen snapshot") — still PASS regardless.

Let me check the new map's claims count and updated_at. Then write `drift_addendum.json` + README note, and emit correction events with hashes. This follows my earlier pattern (attribution correction).

Also, I should double check whether the map movement invalidates the "no gate verdict" check: G-AUDIT pending should still hold; re-read quickly.

Then validate the full event stream and finish. Note: each emission adds events; the correction events need a new event_id with the same stamp or a new one. I'll write a small addendum script or just do it inline with python (heredoc) computing hashes and appending. Better: a proper `emit_addendum.py` for reproducibility. But time/bounded: I'll write a compact addendum script.

Let me first inspect the new map: claims count, updated_at, G-AUDIT verdict.
dsh: reasoning:
The map moved to 483 claims (+69 from 414) at 01:10:29, i.e. during my review/emission (the controller ingested a new cycle). G-AUDIT still pending. The detector is still a8c04fc3.

I'll write a drift addendum:
- File: artifacts/worker-098/classsep_r3_adjudication_review/drift_addendum.json
- Content: measurement-window map hash/claims, close map hash/claims, detector unchanged, adjudication unchanged, G-AUDIT pending, census unaffected (snapshot-bound), expected effect: live hard count on the new map is NOT measured by this review; the adjudication's addendum already covers post-census growth; E12 remains PASS.
- Then emit correction events: artifact (drift_addendum), status correction, and a claim-liveness note? The claim event's statement already binds the frozen snapshot; I'll emit a status event with the liveness correction (like my earlier attribution-correction pattern), and reference the addendum. I won't modify the claim.

Also update report.json? That would invalidate the emitted artifact hash. No — keep the report frozen; the addendum supersedes the liveness line. But the report says in finding W098-ADJ-08 "live map at review close: 5ab4bed18107 with 414 claims". That was true at review close (01:10:41 measurement window); the map moved after close (01:10:29 updated_at? Hmm — updated_at 01:10:29 is actually *before* my emit at 01:10:41 but after the harness run at ~01:09). Wait, the harness ran at ~01:09-01:10 and read map hash 5ab4bed18; the emit ran at 01:10:41 and read a5e5ec5 with updated_at 01:10:29. So the map moved at 01:10:29, i.e. during my measurement window, between the harness run and the emit. My report says "at review close ... 414 claims" — the harness's read. The addendum corrects it: at emission (01:10:41) the map is a5e5ec5/483.

This is exactly the project's "map is a moving surface" issue. Let me write the addendum and emit correction events. Then verify all my events parse and the hashes match, then finish.

Let me write emit_addendum.py.
dsh: reasoning:
All emitted. Now final verification:
1. All 13 new events reference on-disk files with matching hashes (artifact events).
2. Checkpoint file exists and is referenced.
3. The outbox stream for worker-098 is valid JSONL (done: 79 lines, 0 malformed; though those 79 include earlier events).
4. Verify my emitted artifact hashes match on disk.
5. Verify no canonical writes by me: my writes were only under artifacts/worker-098, runtime/state/w098_*, comms/outbox/worker-098.jsonl. Good.
6. Update todos and finish with a summary.

Let me run the verification: for each event I emitted with path+sha256, check on-disk hash. Also confirm the review event's reviewed_sha256 matches the adjudication file, and the checkpoint's detector pin a8c04fc3 still matches at this moment. Also check the map/detector state one last time for the exit statement.

Let me write a quick inline verification.
dsh: reasoning:
Everything verified. Now update the todo list to complete and give the final summary. The task said: "Read handoff/map and comms. Take one class-bound task, emit valid JSON with IDs evidence hash falsifier, checkpoint, then exit. worker=098"

I did:
- Read HANDOFF.md, research_map (structure, gates, lock), comms (PROTOCOL, inbox/outbox).
- Took one class-bound task: W098-CLASSSEP-ADJ-REVIEW-01.
- Emitted valid JSON events (13) with IDs, evidence refs + hashes, falsifier.
- Checkpointed.
- Now exit.

Final answer should be concise: what task, key results, artifacts/hashes, events, and explicit "stopping". No gate verdict claims. Mention the map moved after the window (addendum).

Update todos first.
