dsh: reasoning:
I need to understand the task. I'm a worker named 071, asked to read handoff/map and comms, take one class-bound task, emit valid JSON with IDs, evidence, hash, falsifier, checkpoint, then exit.

Let me explore the workspace.
dsh: reasoning:
The task mentions `handoff/map` and `comms`. Let me look for those directories. Likely in workdir or the swarm tarball. Let me check `workdir`, `launch_swarm.sh`, `supervise_swarm.sh`.
dsh: reasoning:
The swarm directory is at /data3/guoshaoyang/workdir/ai4math-swarm. Let's inspect it.
dsh: reasoning:
This is the ai4math-swarm. Let me read the HANDOFF.md, README.md, comms/PROTOCOL.md, and check the inbox. This is a bounded execution worker task: "Read handoff/map and comms. Take one class-bound task, emit valid JSON with IDs evidence hash falsifier, checkpoint, then exit. worker=071".

Let me read key files.
dsh: reasoning:
Now let me look at the inbox for worker assignments. Worker=071 — but agent ids listed are deepseek-flash-01..20 and astra leads. Hmm, the task says "worker=071". Let me check the inbox directory and outbox, runtime, and the general instructions. Maybe there's an inbox file named for worker 071 or a general assignment file.

Let me look at comms/inbox, comms/outbox, and research_map/runtime.
dsh: reasoning:
Now, this is a swarm. Worker-071 has an inbox file. Let me read it — it likely contains assignments. Also the instances dir for worker-071.
dsh: reasoning:
So worker-071 is assigned a blind independent review task: F1 review of `AF-WCC-VAC-GEN`. It must write `reviews/F1-review-rev27-a.json`, emit a `review` event to own outbox, write a checkpoint under `runtime/state/worker-071_<target>_checkpoint.json`, then exit.

But wait — I'm the worker 071 presumably. Actually the previous instance worker-071-20260912T003008 already ran (exit_code exists) and produced `reviews/F1-review-rev27-a.json`? Let me check the reviews directory. Also note the prompt.txt for that instance. But the current task given to me: "You are a bounded execution worker. Read handoff/map and comms. Take one class-bound task, emit valid JSON with IDs evidence hash falsifier, checkpoint, then exit. worker=071".

So I need to act as worker-071. The instance dir may be leftover from a previous worker-071 run (which might have failed/exit_code nonzero). Let me check the reviews dir, existing F1 review files, and the instance's stdout/exit_code to see whether the previous run completed.

Let me look at:
- reviews/ contents
- runtime/state
- the assignment event in full (truncated at 2000 chars) — read via python to get full line.
- research_map/research_map.json (huge, 3MB) — need relevant node F1.
- schemas/af_wcc_vacuum.yaml, af_scc_c2_vacuum.yaml, af_scc_c0_vacuum.yaml
- artifacts/formulation/FROZEN.json
- schemas/f1_falsifier_tests.jsonl
- research_map/ASTRA_HANDOFF.md

Let me first check what's already done by prior worker-071 instance.
dsh: reasoning:
A previous worker-071 instance exited rc=0 but apparently did nothing? The prompt was identical, and it started and exited at the same second. Let me check the stdout.log — maybe it didn't run. Anyway, the current session is presumably a fresh worker-071 (or a manual invocation). I should complete the assignment.

Important: The assignment has a blind-review requirement: "You may NOT be an author of the artifact and you may NOT read any other reviewer's verdict for this target before writing yours (reviews/*F1* are off-limits until your file is written)."

So I must not read reviews/F1-* files. Note reviews/ listing showed F1-review-009.json etc. I must avoid reading those. I need to check whether `reviews/F1-review-rev27-a.json` already exists (it might have been written by another worker). Let me list reviews/F1* names without reading contents — that's fine? The instruction says reviews/*F1* are off-limits until my file is written — meaning don't read verdicts. To check whether my target file exists, I can use ls (name only). Hmm, but if it exists, it would have been written by another worker with the same assignment name... Actually the assignment names the file `reviews/F1-review-rev27-a.json` for worker-071. If it exists, someone already wrote it. Let's check existence via ls. That's a file listing, not reading. I think it's acceptable and necessary to determine whether to write.

Wait — but also the second assignment (addendum) says "Fold into the single verdict file already assigned; then exit."

So this session should:
1. Read the map (research_map.json) for F1 node context and the class AF-WCC-VAC-GEN.
2. Read schemas/af_wcc_vacuum.yaml, af_scc_c2_vacuum.yaml, af_scc_c0_vacuum.yaml, artifacts/formulation/FROZEN.json, schemas/f1_falsifier_tests.jsonl, research_map/ASTRA_HANDOFF.md.
3. sha256 the artifact reviews/F1-review-rev27-a.json? Wait no — the artifact under review... Hmm. The assignment says "artifact": "reviews/F1-review-rev27-a.json" — that's the file I'm to write. But the acceptance text says "(1) sha256 the file yourself immediately before and after reading; if either differs from the pin below, STOP and emit a blocker". What is "the artifact" being reviewed? The evidence_refs point at schemas/af_wcc_vacuum.yaml#hash, artifacts/formulation/FROZEN.json. The event line was truncated at 2000 chars. I need to read the full JSON line of the assignment to get all fields (e.g. "artifact_refs", "sha256 pin", etc.).

Let me parse the inbox worker-071.jsonl fully with python (json) to print keys and full values. That's reading comms — allowed.

Also, what's the "pin below"? Probably `reviewed_sha256`? The truncated line cut off after "expected_informa...". Let me get full.

Also check research_map/ASTRA_HANDOFF.md lines 36-48, schemas, FROZEN.json.

Let me be systematic. Use todo_write to track. First, gather full assignment.

Also, I need to think about what "class-bound task" means: class_id AF-WCC-VAC-GEN. This is about "WCC" (weakly connected components?) vacuous/generic class in the formulation taxonomy. The F1 node is a formulation gate. The review is of a schema (af_wcc_vacuum.yaml) presumably with class separation C0/C2 and f0_binding hash chain.

Let me read the full assignment first.
dsh: reasoning:
The target file `reviews/F1-review-rev27-a.json` does not exist. Good — I need to write it.

Pin: sha256 of schemas/af_wcc_vacuum.yaml = cce9c60146d6a907082ade91c67c8ac658bd796d1241f9bb8965c3d2aa69daa3.

I must:
1. sha256 the artifact (schemas/af_wcc_vacuum.yaml) before and after reading. If either differs from pin → emit blocker instead of verdict.
2. Read the artifact from disk and check: class leakage (C2 statement in C0, or C0/C2 merge), conclusion inflation (theorem/counterexample promoted from model/calibration), assumption completeness, decidable falsifier, any field two careful readers would disagree on.
3. Also check: 26 acceptance fields, exact quantifiers, D0 binder typing, topology/data-class/genericity/I+/visibility clauses, conclusion_type, falsifier rows in schemas/f1_falsifier_tests.jsonl (each must carry binding_sha256 == pin), no WCC statement entails SCC.
4. Addendum: verify f0_binding hash chain — declared_f0_sha256, consistency_evidence_sha256, and any pointer/evidence hash. Measure referenced files on disk, state resolved|mismatch with both hashes. State whether schema's own refresh rule satisfied at current bytes.
5. Write reviews/F1-review-rev27-a.json (ONLY this JSON verdict file).
6. Emit ONE review event to comms/outbox/worker-071.jsonl.
7. Write one checkpoint under runtime/state/worker-071_<target>_checkpoint.json.
8. Exit. Do not set gate verdicts.

Also note: "G-FORM acceptance needs exactly two independent full-schema verdicts per class at the rev27 pin" — I'm one of them (the "-a" suffix suggests reviewer a; there may be a "-b" assigned to another worker).

Caution: I must not read other reviewers' verdicts for this target (reviews/*F1* off-limits until my file is written). There are many F1 files in reviews/. I must avoid reading any of them. That includes F1-review-009.json, F1-machine-verify-worker-082.json, F1-quantifier-adjudication-078.json, F1-rev12-closure-090.json, etc. I can list names but not read contents. OK.

Also I need "read handoff/map". The map = research_map/research_map.json (3MB). I should extract the F1 node and class AF-WCC-VAC-GEN entries, plus G-FORM gate state. Use python to parse and print relevant slices. That's fine.

Let me set up a todo list and start.

First, hash the pinned schema before reading. Note: I must sha256 before AND after reading. I'll do that carefully. Let me first gather all files' hashes.

Let me look at the directory structures: schemas/, artifacts/formulation/, research_map/ASTRA_HANDOFF.md.

Important subtlety: the pinned artifact is schemas/af_wcc_vacuum.yaml. The "artifact" field in the event says reviews/F1-review-rev27-a.json (that's my output). The "pin" is the schema hash. The instruction "(1) sha256 the file yourself immediately before and after reading" refers to the artifact under review = the schema.

Let me start. First hash, then read schema, hash again.

Let me also inspect the schemas directory listing.
dsh: reasoning:
The pin matches: cce9c60146d6a907082ade91c67c8ac658bd796d1241f9bb8965c3d2aa69daa3 == sha256 of schemas/af_wcc_vacuum.yaml. Good (pre-read).

Note schemas/af_scc_c0_vacuum.yaml has a .sha256 file. Let me read that too later for the bind chain.

Now read the artifact. 36KB YAML. Let me read it with the read tool. Also need to compute hash after reading.

Note the instruction "sha256 the file yourself immediately before and after reading" — I did before. I'll do after.

Let me read the schema file. 36KB, maybe ~900 lines. Read fully.
dsh: reasoning:
Now hash after read.

Wait — the file says revision: 12 but the pin's revision_history says index 10 at 00:31:41 "rev12 delta". Hmm, there's something odd: revision_history indexes 8 and 9 have `unused: true` and timestamps EARLIER (23:32:53 and 23:30:35) than index 7 (00:30:00). That's a possible finding: revision_history order is not chronological; index 8 (rev11) has timestamp 23:32:53 which precedes index 7 (rev10) at 00:30:00, and index 9 (rev3) at 23:30:35. Also revision_history has 10 entries but `revision: 12`. Hmm, indexes 1..10 with 2 unused. Actually rev index 10 = rev12? The mapping is index vs revision label: index 10 notes say "rev12 delta". So index N corresponds to rev N+2? Let's see: index 1 notes no label; index 2 "rev4 delta"; index 3 "rev5 delta"; index 4 "rev6 delta"; index 5 "rev7 delta"; index 6 "rev9 delta"; index 7 "rev10 delta"; index 8 "rev11 delta" (unused: true); index 9 "rev3 delta" (unused: true); index 10 "rev12 delta". So rev8 is missing from history, and index 8 is rev11 marked unused: true, and index 9 is rev3 marked unused: true. Confusing. That's a plausible finding for "any field two careful readers would disagree on" — the revision_history has out-of-order timestamps and inconsistent index/revision labels, and `unused: true` entries. But is it a hard failure? Perhaps "revision_history is not a monotone timestamp sequence: index 10 (rev12) at 00:31:41, index 7 (rev10) at 00:30:00, index 8 (rev11) at 23:32:53 (earlier), index 9 (rev3) at 23:30:35; two entries flagged unused:true; no entry for rev8". This is a documentation/provenance issue, maybe soft.

Also line 304: f0_binding declares `declared_f0_sha256: 0abb9ed8...` for research_map/formulation_taxonomy.yaml. The revision_history line 16 says "f0_binding refreshed to the rev4 declared-F0 hash 565a6e50 (was 66bf917b)" and line 19 says rev12 closes findings. But the binding note says "rev12: refreshed to the rev5 declared-F0 hash after the F0 scalar-class conclusion repair". So there are conflicting claims: rev10 note says refreshed to rev4 declared-F0 hash 565a6e50; rev12 binding_note says refreshed to rev5 declared-F0 hash. Current declared hash is 0abb9ed8. This needs verification against disk (the addendum).

Let me measure:
- research_map/formulation_taxonomy.yaml sha256 vs 0abb9ed8...
- artifacts/formulation/formulation_taxonomy.yaml sha256
- artifacts/formulation/evidence/taxonomy_consistency.json sha256 vs 675a99d0...
- Also the class_contract_pointer: research_map/formulation_taxonomy.yaml#classes.AF-WCC-VAC-GEN — check that key exists.
- class_contract_supplement_pointer artifact exists with key class_contracts.AF-WCC-VAC-GEN.
- Check consistency_evidence content: what does it say about the declared F0 hash? Does it reference the hash? The "schema's own refresh rule": if declared F0 artifact changes hash, binding must be refreshed and consistency re-run. So need the current sha of research_map/formulation_taxonomy.yaml compared to declared_f0_sha256.

Also line 176: `worker_sha256: 7a3e1f93...` for the draft—an evidence hash? "harvested_from ... worker_sha256" — that's a declared sha256 of the worker draft. The addendum says "any pointer/evidence hash". I need to resolve that too if the referenced file exists. Let me find the referenced file (deepseek-flash-03 draft r3). Where? Maybe artifacts/formulation/... Let's search.

Also line 193 references F1-review-090 HF and F1-review-19 HF-06 — that's citing reviewer verdicts (not reading them). Fine.

Let me now hash after read, and gather:
1. research_map/formulation_taxonomy.yaml + check key classes.AF-WCC-VAC-GEN
2. artifacts/formulation/formulation_taxonomy.yaml + class_contracts key
3. artifacts/formulation/evidence/taxonomy_consistency.json
4. schemas/f1_falsifier_tests.jsonl rows for AF-WCC-VAC-GEN (binding_sha256 == pin)
5. schemas/af_scc_c2_vacuum.yaml, af_scc_c0_vacuum.yaml for leakage check (they're large; I can read relevant parts)
6. artifacts/formulation/FROZEN.json for the 26 acceptance fields

"Check the 26 acceptance fields" — probably FROZEN.json has an acceptance checklist with 26 fields for class AF-WCC-VAC-GEN. Let me inspect.

And "D0 binder typing" — D0 defined as tagged disjoint union r = smooth or (sobolev,s,delta), but the ordered quantifier says domain_id: D0 for binder "r", and D1 is "comeager subsets..." So D0 is the regularity index. "D0 binder typing" check: binder r ranges over exactly D0; D0 typed as tagged disjoint union; no 'suitable regularity'. In the ordered list, binders are r→D0, G_r→D1, (Sigma,h,K)→D2, (Mtilde,gtilde,Omega)→D3, gamma→D4, (q,t0)→D5. Wait the formal statement line 41-47 says "exists G_r subset X^r_vac(AF) with G_r comeager" then "forall (Sigma,h,K) in G_r". But in ordered, the forall (Sigma,h,K) has domain_id D2 where D2 definition is "one-ended asymptotically flat vacuum initial data..." while the formal says (Sigma,h,K) in G_r. D2 is the data class, not G_r. The `ordered` list's domain_id for the (Sigma,h,K) binder is D2 but the formal binds it to G_r. Is that an inconsistency? Domains are named: D2 = data class; but the quantifier ranges over G_r ⊂ X^r_vac(AF) ∩ D2. A careful reader might flag that ordered[2].domain_id = D2 does not encode the restriction to G_r. Hmm, many reviewers flagged things; the acceptance asks "exact quantifiers" and "D0 binder typing". The ordered list is presumably the quantifier structure; domain_id D2 for data is fine as the base domain, with membership in G_r expressed in `formal`. But a strict reading: the ordered array should reflect the actual quantification "forall (Sigma,h,K) in G_r", so domain_id should be D1-restricted or the array's domain_id should be D2 with membership in G_r. Since order_matters: true and the array is the machine-readable quantifier sequence, the domain_id mismatch could be a finding. Actually wait: D1 is "comeager (residual) subsets of X^r_vac(AF)" - the domain of G_r. So G_r ∈ D1. And (Sigma,h,K) ∈ G_r ⊆ D2. The ordered array's domain_id: D2 is thus "the data part of the domain" — ambiguous. This is the kind of thing to check. Let me think about whether to flag as hard failure. The instruction says check "exact quantifiers, D0 binder typing". Maybe the intended defect is elsewhere.

Let me now also check "no WCC statement entails SCC": conclusion.forbidden_strengthenings includes "C2 or C0 inextendibility of the maximal development (SCC content)"; anti_scope lists SCC classes; must_not_conflate mentions MGHD maximality ≠ inextendibility. Good.

Also check "class leakage (a C2 statement smuggled into C0, or a C0/C2 merge)". The file under review is the WCC class; leakage would be C2/C0 content entering its conclusion. Need to check conclusion block and evidence refs. It seems clean on the surface. But maybe compare with the SCC schemas and FROZEN.json.

Let me gather the FROZEN.json — 22KB. It likely holds the "26 acceptance fields". Let me read it.

Also schemas/f1_falsifier_tests.jsonl is 145KB — I need to filter rows for class AF-WCC-VAC-GEN and check binding_sha256 == pin.

Let me do hash-after-read first, then run checks.
dsh: reasoning:
Key findings so far:

1. Post-read hash matches pin. Good.
2. F0 binding chain:
   - declared_f0_artifact: research_map/formulation_taxonomy.yaml → measured sha256 = 0abb9ed8a96135c99e28500535f07f013b95d678aca2e1f5514344c6279094e3 = declared_f0_sha256 ✓ RESOLVED.
   - consistency_evidence: artifacts/formulation/evidence/taxonomy_consistency.json → measured sha256 = 9e335e9ba1bfcf777dc9e81816fcf1eda43ce37cef38db754a74649ea6c6fb9b, but declared consistency_evidence_sha256 = 675a99d0d25b2b37c9b9e9b965aec1c1ff0e388d2665fd9247b58c04733eba48 → MISMATCH!
   
Wait — the file mtime is 00:47, and the binding was checked_at 00:31:41. So the consistency evidence file changed after the binding. The refresh rule: "if the declared F0 artifact changes hash, this binding must be refreshed and the consistency check re-run before any gate verdict". The F0 artifact hash (research_map/formulation_taxonomy.yaml) still matches. But the consistency evidence file hash changed → declared evidence sha mismatch. That's a hash-bound hard failure per the addendum: "for every sha256 the schema declares (declared_f0_sha256, consistency_evidence_sha256, and any pointer/evidence hash), measure the referenced file on disk and state resolved|mismatch with both hashes. ... Report a mismatch as a hash-bound hard failure."

Hmm, but wait: is `consistency_evidence_sha256` a "declared hash of a referenced file"? Yes, explicitly named in the addendum. Measured 9e335e9b vs declared 675a99d0 → mismatch. Let me double check by computing again and looking at the file content — it may be that the evidence file was regenerated (mtime 00:47:57, after assignment at 00:44/00:47). This is exactly the kind of moving-target situation. Let me inspect the consistency evidence file content to see what it says (it may declare the F0 hash itself).

Also there may be other hashes in the schema: `worker_sha256: 7a3e1f93f77c382195224a27e701f30d9e40032ce1ab4ea43c01b38c404fe9c4` (adjudication_queue.provenance.worker_sha256). Need to find the referenced worker draft file and resolve. The addendum says "and any pointer/evidence hash". Let me search for that hash in artifacts, or find the worker draft. Possibly `artifacts/formulation/...` Let me grep.

Also entry_hashes.json / artifact_hashes.json in runtime/state may have pinned hashes for artifacts.

Additional hashes: evidence_refs in the assignment: schemas/af_wcc_vacuum.yaml#cce9... (pin itself). The review file's own hash is mine to report as reviewed_sha256.

Let me now:
- cat taxonomy_consistency.json (495 bytes).
- grep for 7a3e1f93 in the repo.
- read FROZEN.json.
- check f1_falsifier_tests.jsonl rows for AF-WCC-VAC-GEN.

Also check "the schema's own refresh rule is satisfied at the current bytes": refresh rule says if declared F0 artifact changes hash → refresh + re-run consistency. The declared F0 artifact's current hash equals declared_f0_sha256, so that half is satisfied. But is the consistency check re-run at current bytes? The evidence file at declared sha 675a... is gone; the current evidence file has a different hash, and its content presumably records the F0 hash. If the current evidence content is consistent and re-run, then the binding needs refresh (its declared evidence sha is stale). So refresh-rule status: the binding is stale w.r.t. the evidence file → NOT satisfied as written (the declared evidence hash does not match current bytes), even though the F0 artifact hash itself is unchanged.

Careful: the refresh rule triggers on the declared F0 artifact changing hash. It didn't change. But the evidence file changed, so the declared consistency_evidence_sha256 no longer resolves. Under the addendum: report mismatch as hash-bound hard failure.

Let me check taxonomy_consistency.json content and mtime, plus whether there's a newer version somewhere. Also check artifact_hashes.json for entries.

Let me also look at the gate state (G-FORM) in the map, and the F1 node. And check whether some event already flagged the consistency evidence mismatch (careful: not reading other reviewers' verdicts for this target; but reading map events is fine? The instruction says reviews/*F1* off-limits. Map events include reviews by others potentially. To stay safe, I'll avoid reading review events about F1 in the map. I'll extract only node/gate/class info).

Let me proceed.
dsh: reasoning:
Interesting: there's a `runtime/instances/worker-071-20260912T004823-968807/` — a newer instance of worker-071 that is running right now (or ran). Wait, that's likely ME — the current session. Its stderr.log contains the worker hash because I grepped... no wait, grep found it in `./runtime/instances/worker-071-20260912T004823-968807/stderr.log` — hmm, that would be from my own bash commands? The stderr.log is the log of my session's stderr. Since I ran the read tool on the schema (which contains that hash), the read tool output may have been echoed to stderr.log? Actually no — the stderr.log contains harness logs. Hmm, but the grep matched the string in my own session's stderr.log, which likely captured... Let me not worry.

Wait, actually there are possibly TWO worker-071 instances running: `worker-071-20260912T003008` (exited rc=0 instantly) and `worker-071-20260912T004823` (the current one, created at 00:48:23). Let me check it. Actually careful: if another worker-071 is concurrently running with the same assignment, that could produce duplicate work. But my session is likely `worker-071-20260912T004823-968807`. Let me check meta.json of that instance.

Also important: the previous instance 003008 exited instantly rc=0. The current one started 00:48:23.

Also note grep matched `reviews/F1-review-16.json` and `reviews/F1-review-16-r2.json`, `reviews/F1-review-lead-audit.json` etc. — I must NOT read those (F1 review verdicts). I only grepped for a hash, and the tool printed filenames, not contents. Fine. But I should be careful: grep output itself is metadata. OK.

Now the `worker_sha256: 7a3e1f93...` — which file does it refer to? The schema says provenance: harvested_from schemas/af_wcc_vacuum.yaml, authored_by deepseek-flash-03 (draft r3) + flash-04 ambiguity suite, worker_sha256: 7a3e1f93... This is the hash of the worker draft r3. Where is that draft? Perhaps in `tmp/` or in events. I need to find a file whose sha256 = 7a3e1f93. Let me search candidate dirs for files with that hash. It's an "evidence hash" declared in the schema — the addendum says resolve "any pointer/evidence hash". Let me find it.

Candidates: tmp/ dirs, artifacts/formulation/schemas/ maybe. Let me compute sha256 of likely files. Search for files named like *wcc*draft*, *flash-03*, etc. Also `artifacts/formulation/schemas/` exists? Let me list artifacts/formulation/schemas, tmp/, and check outbox messages from deepseek-flash-03/04 for the draft path (those aren't F1 reviews; flash-03 is the author of the draft, and its outbox may declare artifact path + sha). Reading author's own outbox is allowed (only other reviewers' verdicts for this target are off-limits). But careful: deepseek-flash-03 outbox might contain its own review? It's the draft author, so it wouldn't be a reviewer of F1 at rev27... but could be F1-related verdict. I'll avoid reading full content of reviewer verdicts; to find a path, I can grep for the hash and extract the file path from matching JSON lines. Hmm, grep prints the matching line content, which might include verdict text from F1 reviewers. The earlier grep with -l (files only) was safe. To find the artifact path for the draft, I can grep for "7a3e1f93" in outbox files with "artifact" context... risky if it's a review.

Better: use `grep -l` and then selectively parse only lines in files authored by flash-03/flash-04 (not reviews/*F1*). outbox/deepseek-flash-03.jsonl and deepseek-flash-04.jsonl are the draft author's messages. Those are not other reviewers' verdicts for this target (well, flash-04 did ambiguity suite; not a reviewer verdict file). Hmm, deepseek-flash-04 could have reviewed F1 too. But the acceptance forbids reading "any other reviewer's verdict for this target". I'll parse out only the fields artifact/path/sha256 from flash-03/04 outbox lines that contain the hash, not the verdict body. Actually simplest: extract JSON, print only keys event_type, artifact, path, sha256, node_id. That's metadata, not verdict content.

Also, /tmp sandbox copies match. The real draft file might be under artifacts/formulation/... Let me look at `artifacts/formulation/schemas/` dir listing and `tmp/w031_f2a_preflight/sandbox/...`. Also `entry_hashes.json` and `runtime/state/artifact_hashes.json` may map hashes to paths. Let me search artifact_hashes.json for 7a3e1f93 (it's a JSON mapping path→hash). That's the cleanest.

Let me also check the current instance meta.

Then FROZEN.json "files" (44 entries) — likely the 26 acceptance fields? Hmm "Check the 26 acceptance fields" may refer to a list in FROZEN or in the taxonomy. Let me inspect FROZEN.json files dict and the rev27_delta.

Let me batch several commands.
dsh: reasoning:
Very important findings:

1. FROZEN.json rev28 manifest lists `artifacts/formulation/evidence/taxonomy_consistency.json` with sha256 = 9e335e9b... which matches the CURRENT bytes on disk (9e335e9b...). So the FROZEN manifest (rev28, frozen 00:35:08... wait, frozen_at 00:35:08 but the consistency file mtime is 00:47:25? Hmm, manifest says taxonomy_consistency.json 9e335e9b, 495 bytes; current file is 495 bytes with hash 9e335e9b. So the manifest was perhaps regenerated later? frozen_at 00:35:08, file mtime 00:47:25. If the file was rewritten at 00:47:25 with identical content, the hash stays the same. Let's check: was the content identical to what was frozen? The declared consistency_evidence_sha256 in the schema = 675a99d0, which does NOT match current = 9e335e9b. So at the time of the schema's binding (checked_at 00:31:41), the evidence file had hash 675a99d0. Later it was regenerated (at 00:47:25) with different content → 9e335e9b.

What changed? Possibly `classes_compared` order or notes. Let me look at git history for that file to see. The repo is a git repo; `git log`/`git diff` might show. That would give evidence. Let me check `git log --oneline -5` and `git log -p -- artifacts/formulation/evidence/taxonomy_consistency.json`.

2. entry_hashes.json lists different (stale) hashes: schemas/af_wcc_vacuum.yaml → 9a8bd4c9... — that's a stale registry (different revision). It also lists research_map/formulation_taxonomy.yaml → 276009f4, artifacts/formulation/formulation_taxonomy.yaml → c8e979a1, FROZEN.json → af24e9c3. These don't match current. But entry_hashes.json is not part of the schema's declared binding. Hmm — is entry_hashes.json referenced by the class schema? No. It's in repo root, probably a controller artifact. Not my concern except as evidence of staleness elsewhere. Actually careful: `entry_hashes.json` may be the "entry" pin file used by the supervisor. But my acceptance says check "the falsifier rows in schemas/f1_falsifier_tests.jsonl (each must carry binding_sha256 == the pin)". Let me check those.

3. Current instance is worker-071-20260912T004823-968807 = me.

Now, the addendum: "Verify the f0_binding hash chain yourself: for every sha256 the schema declares (declared_f0_sha256, consistency_evidence_sha256, and any pointer/evidence hash), measure the referenced file on disk and state resolved|mismatch with both hashes."

Declared hashes in af_wcc_vacuum.yaml:
- declared_f0_sha256: 0abb9ed8... → research_map/formulation_taxonomy.yaml = 0abb9ed8... → RESOLVED.
- consistency_evidence_sha256: 675a99d0... → artifacts/formulation/evidence/taxonomy_consistency.json = 9e335e9b... → MISMATCH.
- adjudication_queue.provenance.worker_sha256: 7a3e1f93... → need to find the referenced file. The provenance says harvested_from: schemas/af_wcc_vacuum.yaml (i.e., its own path, a self-reference!). "worker_sha256" presumably hashes the worker draft r3 that was harvested — but no path is given other than the current schema path. The current schema hash ≠ 7a3e1f93. So the declared worker_sha256 is dangling/unresolvable: no file with that hash is identified by any path in the schema. That's a second hash-bound issue: a declared sha256 with no resolvable path. Hmm. Let me search the repo for a file with hash 7a3e1f93 (maybe the draft still exists in tmp/ or artifacts). Let me compute hashes of candidate files rather than grep contents. Candidates: tmp/w031_f2a_preflight/sandbox/schemas/af_wcc_vacuum.yaml (probably current), tmp/w023_* snapshots. Let me just find files named af_wcc_vacuum.yaml across tmp and hash them. Also artifacts/formulation/schemas/af_wcc_vacuum.yaml. Also maybe an older revision in git history: `git log --all --oneline -- schemas/af_wcc_vacuum.yaml` then `git cat-file` each blob and hash. That could resolve 7a3e1f93 to a git blob! Since the repo has .git. Let me check git log.

Also line 304 has "declared_f0_artifact: research_map/formulation_taxonomy.yaml" and the class_contract_supplement: artifacts/formulation/formulation_taxonomy.yaml — the supplement is declared but no sha256 declared for it (only pointer). The addendum says "any pointer/evidence hash" — the supplement has no hash. Should note: supplement file hash is NOT declared, so cannot be resolved/mismatched; however FROZEN rev28 pins it to d7419b4e = current measured → consistent with manifest. Similarly the class_contract_pointer to research_map/formulation_taxonomy.yaml#classes.AF-WCC-VAC-GEN — check the key exists and points right.

4. "Also state whether the schema's own refresh rule is satisfied at the current bytes." The rule: "if the declared F0 artifact changes hash, this binding must be refreshed and the consistency check re-run before any gate verdict". The declared F0 artifact (research_map/formulation_taxonomy.yaml) currently hashes to 0abb9ed8 = declared_f0_sha256 → F0 artifact hash unchanged → the trigger condition is not met on the F0 artifact. But the binding's consistency_evidence_sha256 no longer matches the evidence file on disk, so the binding as written is stale w.r.t. its own evidence pointer, and the check re-run produced a new evidence file (mtime 00:47:25) that the binding does not reference. Plus the schema's revision is 12, revised_at 00:31:41, while the evidence file was regenerated at 00:47:25 — after the schema's last revision. So at current bytes, the binding is NOT fully satisfied: declared evidence hash does not resolve to the on-disk evidence file. The correct reading: the refresh rule is triggered by declared-F0 hash change, which has NOT occurred; nevertheless the declared evidence hash is stale → mismatch hard failure.

Wait, actually, let me re-read the rule: "if the declared F0 artifact changes hash, this binding must be refreshed and the consistency check re-run before any gate verdict". The declared F0 artifact = research_map/formulation_taxonomy.yaml. Its current hash = 0abb9ed8 = declared_f0_sha256 → no change → rule not triggered → "satisfied at current bytes" in that narrow sense. But the consistency_evidence file changed after the binding, so the binding's declared evidence sha no longer resolves. I'll state both precisely: F0-artifact trigger not tripped (declared F0 hash resolves); binding's evidence pointer is stale/mismatched (hard failure). This is the key finding.

Now let me verify taxonomy_consistency.json is genuinely different from the pinned 675a99d0 version. Can I find the older content? The declared hash 675a99d0 of a 495-byte file. Current content is 495 bytes. Maybe only a whitespace/newline or a field order changed? Let's look for the older version: git history. Let me check git.

Also, the earlier `entry_hashes.json` had different hashes for research_map taxonomy (276009f4) and schemas (9a8bd4c9) — that's probably an older pin snapshot, not authoritative.

Now, F1 falsifier tests: schemas/f1_falsifier_tests.jsonl — need rows with class AF-WCC-VAC-GEN and binding_sha256 == pin cce9c601. Let me inspect structure and count.

Also FROZEN rev27_delta/rev28_delta: check what rev27 said (the "rev27 pin" mentioned in acceptance: "G-FORM acceptance needs exactly two independent full-schema verdicts per class at the rev27 pin"). Hmm, but the pin given is cce9c601 (the current schema file). FROZEN revision 28. The round-2 assignment says "rev27 pin". Let me look at rev27_delta and rev28_delta in FROZEN. Let's print those list entries. Also close_findings_rev27_report.json and evidence/acceptance_pipeline_report.json may show what's blocking.

Let me now check git for the evidence file history and the schema history to resolve 7a3e1f93.

Then read the falsifier tests.

Also check the class schema tools: artifacts/formulation/tools/check_class_schema.py may define the 26 acceptance fields. "Check the 26 acceptance fields" — likely the 26-field checklist in the taxonomy/KEY_MANIFEST or check_class_schema.py. Let me grep for "26" or "acceptance_fields". Let me look at KEY_MANIFEST.json — it's 6.5KB, maybe lists keys with hashes. And run_acceptance.py. Let me read KEY_MANIFEST.json.

Let me batch:
- git log for taxonomy_consistency.json and af_wcc_vacuum.yaml
- python print rev27_delta, rev28_delta, caveat, self_reference, independent_replication
- inspect f1_falsifier_tests.jsonl structure
- read KEY_MANIFEST.json

Careful about output size. Let me do it.
dsh: reasoning:
The git repo doesn't track these files (untracked artifacts/ and comms/). So no git history for the evidence file.

Interesting: FROZEN logical_artifacts pins research_map/formulation_taxonomy.yaml at 0abb9ed8 (= declared) and artifacts/formulation/formulation_taxonomy.yaml at d7419b4e (= measured). FROZEN is rev28, frozen_at 00:35:08.

The taxonomy_consistency.json on disk is 9e335e9b (matching FROZEN rev28 files map), mtime 00:47:25. But the schema's f0_binding declares 675a99d0. So between rev12 schema stamp (00:31:41) and now, the evidence was regenerated at least once. The declared evidence hash is stale.

Question: was taxonomy_consistency.json regenerated at 00:47:25 with different bytes, or did it keep the same content? Its content has 495 bytes matching FROZEN's bytes for 9e335e9b; FROZEN frozen_at is 00:35:08 and FROZEN's files map includes 9e335e9b. So the 9e335e9b version existed at/before 00:35:08. The mtime 00:47:25 just means it was rewritten (same content, e.g. by a re-run of the consistency check that writes deterministic JSON) at 00:47:25. So at 00:35:08 the file was already 9e335e9b.

So the schema (revised 00:31:41) declared 675a99d0, and by 00:35:08 the file was 9e335e9b. The mismatch is not a "moving target" in the last minutes; it's been stale since before rev28 freeze. Unless... 675a99d0 was the hash of a different file version at 00:31:41, and the rewrite happened between 00:31:41 and 00:35:08. Either way: mismatch at current bytes.

Can I reconstruct what 675a99d0 was? Maybe the close_findings tool wrote it. Check artifacts/formulation/tools/close_findings_rev27.py (21KB) for writing taxonomy_consistency.json. And close_findings_rev27_report.json. Also check evidence/acceptance_pipeline_report.json, KEY_MANIFEST, and events.jsonl for the declared hash 675a99d0. Let me grep for 675a99d0 across the repo (file names only first, then targeted).

Note: reading files that mention the hash is fine (except reviews/*F1*). events.jsonl might contain review events; grep -l gives names. Let me grep -l for 675a99d0. And also grep for 9e335e9b.

Then, for the 26 acceptance fields: let me read KEY_MANIFEST.json (6.5KB) — likely has the list of keys. And check_class_schema.py may implement field checks. Let me grep for "acceptance" in artifacts/formulation/tools and KEY_MANIFEST.

Let me also inspect the f1_falsifier_tests.jsonl structure now.

Also need to check "no WCC statement entails SCC" — I can test logically by reading the SCC schemas' conclusion statements and the WCC conclusion; ensure WCC conclusion does not imply C0/C2 inextendibility. The WCC file itself has forbidden_strengthenings and anti_scope; looks clean. But maybe the leakage is subtle: WCC's `regularity.must_not_conflate` says "C^infinity or C^2 extensions of the development are permitted by WCC in principle". Good.

"class leakage (a C2 statement smuggled into C0, or a C0/C2 merge)" — the artifact under review is WCC; leakage would be SCC content in the WCC class. Let me grep the WCC schema for C0/C2/inextendibility. Lines: 138 "these are different properties owned by the SCC classes", 252 forbidden strengthening, 277 schema falsifier, 282-285 anti_scope. Seems fine.

But careful: the review scope might include the three schemas? No—artifact is af_wcc_vacuum.yaml only. But acceptance says check class leakage "(a C2 statement smuggled into C0, or a C0/C2 merge)" — this is a general class-separation check. Since my class is WCC, the relevant leakage is WCC↔SCC. Also check that the schema isn't mis-declaring `regularity_token: none` etc.

Let me now:
1. grep -l 675a99d0 and 9e335e9b.
2. Read KEY_MANIFEST.json.
3. Inspect f1_falsifier_tests.jsonl.
4. Check taxonomy YAML classes key for AF-WCC-VAC-GEN and compare with schema (class contract) — for quantifier/consistency, conclusion_type. This is part of "check the class id match" and the F0 binding. Let me extract the canonical taxonomy entry for AF-WCC-VAC-GEN from research_map/formulation_taxonomy.yaml (36372 bytes) — grep -n with context, or python yaml parse (needs pyyaml). Let me check python3 -c "import yaml". Probably available.

Let me batch.
dsh: reasoning:
All 25 rows have binding_sha256 = cce9c601... = pin. Good — that check passes.

Note row 25 is literally "declared_f0_binding_staleness" — the corpus already anticipated this. I should check row 25's details to see what it says (this is a falsifier test, not a reviewer verdict; allowed). Let me print row 25 fully, plus maybe row 16 (conclusion_type name collision) and a few relevant ones. These are test rows authored by deepseek-flash-04, in schemas/ (not reviews/). Reading them is fine and directly relevant.

But careful: the f1_falsifier_tests is bound at rev27 pin; it's part of the acceptance check. Let me print the full row 25 and rows relevant to my findings (e.g., 1 vacuous, 3 nakedness wording, 16 conclusion_type collision, 17 set vs point, 19 wcc_scc_extension_slot_conflation, 23 variant vs class).

Also check the other two schemas' f0_binding declared consistency hash (both C0 and C2 also declare 675a99d0 per the grep). But my review is F1 only. Still, the mismatch is systemic.

Now, importantly: is the consistency_evidence_sha256 declared value 675a99d0 perhaps of a DIFFERENT declared path? Let me look at the current taxonomy_consistency.json content vs. the declared one. We can't recover 675a99d0's bytes unless there's a copy. But perhaps the declared hash corresponds to the same content except a trailing newline? Current file ends with newline? Let me check: 495 bytes. Check if there's a 494-byte variant with sha 675a99d0 — e.g., removing the trailing newline. Let me compute sha256 of the file with trailing newline stripped, and other trivial variants. If one matches 675a99d0, that's a precise diagnosis (e.g., missing final newline). That would be strong evidence. Let me try variants: strip trailing \n, add \n, CRLF, sorted keys... Actually the declared hash was made when the file was written by a previous version of the tool. Let me test the trailing-newline hypothesis.

Let me also check the writer tool: close_findings_rev27.py or check_taxonomy_consistency.py — see how it writes JSON (json.dump with sort_keys? indent?). Then I can test whether current content differs from what the tool at rev27 produced. Actually FROZEN rev28's files map already contains the 9e335e9b hash, and the close_findings_rev27_report might state the re-run result. Let me read close_findings_rev27_report.json and check_taxonomy_consistency.py's write logic.

Plan for remaining checks:
A. Acceptance/26 fields + quantifiers + D0 binder typing + clauses: I'll parse the schema mechanically and cross-check against the canonical taxonomy entry and the check_class_schema.py requirements. Let me read check_class_schema.py header to see the 26 fields (grep "FIELDS" or "REQUIRED").
B. Class leakage WCC→SCC: read relevant parts of af_scc_c0/c2 (conclusion blocks) to confirm no entailment; also check WCC schema's conclusion and anti_scope. Can test by scanning the WCC conclusion statement_formal for SCC tokens.
C. Falsifier decidability: tier_1/tier_2 witness protocol; check decidable.
D. Taxonomy consistency: canonical taxonomy entry for AF-WCC-VAC-GEN vs schema (quantifiers, conclusion_type, visibility wording single-q tail, class_components). Since F0 declared hash resolves, I should verify the schema's claims against the taxonomy at that hash (the binding's purpose).

Let me print the canonical taxonomy's AF-WCC-VAC-GEN class entry and the supplement's class_contracts entry.

Use yaml.safe_load on research_map/formulation_taxonomy.yaml and artifacts/formulation/formulation_taxonomy.yaml.

Careful: research_map/formulation_taxonomy.yaml might have duplicate keys (the certificate mentions duplicate YAML key checks). yaml.safe_load silently overwrites duplicates; to detect duplicates I need a custom loader. Let me write a loader that flags duplicate keys. That's a good check for "duplicate YAML key" (mentioned in the falsifier: "an accept that ignores a duplicate YAML key"). Also check af_wcc_vacuum.yaml itself for duplicate keys — I should run a duplicate-key detector on the pinned schema! That's explicitly in the falsifier line: "an accept that ignores a duplicate YAML key / ill-typed binder / dangling pointer."

Let me write a quick duplicate-key detector for the artifact and the taxonomies.

Also check for dangling pointers in the schema:
- definition_ref values: regularity.data_regularity, genericity, data_class, i_plus, visibility → all exist as top-level keys. Check.
- class_contract_pointer: research_map/formulation_taxonomy.yaml#classes.AF-WCC-VAC-GEN → check key path.
- class_contract_supplement_pointer: artifacts/formulation/formulation_taxonomy.yaml#class_contracts.AF-WCC-VAC-GEN → check.
- vocab aliases ref exists.
- adjudication_ref exists.
- evidence refs exist.
- f0_binding paths exist.
- l1_ledger_refs source: ledger/theorems.jsonl — check exists and entries D-001, T-204, T-208, T-209 exist with matching statuses.
- variants pointer: artifacts/formulation/variants/AF-WCC-VAC-GEN.variant-SET.delta.json exists.
- VARIANT_REGISTRY.json has variant SET with parent_class AF-WCC-VAC-GEN.

Let me do all of this systematically with a Python script. Also extract the taxonomy class entry.

Let me first print row 25 and the conclusion/quantifier-related rows.
dsh: reasoning:
The falsifier tests are internally consistent with the pin and generally reference stale hashes in historical blocks (documented as historical). Row 25's cross_artifact sha256 is 276009f4 (stale relative to current 0abb9ed8) but its deciding_field_status says decided_by_cross_artifact_hash_equality; the row's cross_artifact is stale. Hmm — the row's `falsifier` explicitly says "an F0 amendment that changes research_map/formulation_taxonomy.yaml without refreshing f0_binding.declared_f0_sha256, or a schema whose declared F0 hash does not equal the on-disk F0 artifact". The schema's declared F0 hash DOES equal the on-disk F0 artifact (0abb9ed8 = current). So the schema side passes; the test row's cross_artifact sha is stale (276009f4 vs 0abb9ed8 — that's the rev4 taxonomy hash perhaps). But the acceptance says check "the falsifier rows in schemas/f1_falsifier_tests.jsonl (each must carry binding_sha256 == the pin)" → all 25 carry the pin. It doesn't require cross_artifact to be current... but row 25's own deciding status is "decided_by_cross_artifact_hash_equality" and its cross_artifact no longer equals the on-disk F0. Hmm. The row's cross_artifact sha256 is 276009f4, which is the same value in `entry_hashes.json` (stale). So that's another staleness finding, though perhaps secondary: the corpus row F1-AMB-25's cross_artifact pointer does not resolve to the current F0 bytes. But careful: the constraint I'm given is "each must carry binding_sha256 == the pin" — that holds. The cross_artifact staleness may be intentional historical (rebind_note says delta_vs_* historical but cross_artifact isn't delta_vs_*).

Now let me check the canonical taxonomy and the consistency check tool. Also the "26 acceptance fields". Let me look at KEY_MANIFEST.json and check_class_schema.py.

Also I should verify whether the 675a99d0 hash could be recovered. Let me look at the tool that writes taxonomy_consistency.json (check_taxonomy_consistency.py) and whether JSON has a trailing newline. Test variants. Also check close_findings_rev27_report.json (evidence, not a review verdict — it's a report by lead-formulation? It's in artifacts/formulation/evidence/, likely authored by the lead; reading is fine).

Wait, careful: reviews/closefind-verify-094.json contains 675a99d0 — that's a review verdict file (not F1-review, but I should avoid F1 review verdicts). It's probably about the close-findings verification; reading it might reveal another reviewer's verdict on F1 (target). Better avoid.

The files containing 675a99d0 include af_scc_c0/c2 and af_wcc schemas (all declare it), plus many review files. So the declared evidence hash is in all three class schemas.

Can I find the actual 675a99d0 bytes? Maybe in tmp snapshots. Let me search for files named taxonomy_consistency.json across the tree and hash them. Also `_out/` dir? Let me glob for taxonomy_consistency*.

Then compute whether current file minus trailing newline = 675a99d0 etc.

Let me do that now.
dsh: reasoning:
Excellent! There are pinned copies:
- `artifacts/worker-022/evbind_guard/pinned/taxonomy_consistency.675a99d0d25b.json`
- `artifacts/worker-092/evbind/pinned/taxonomy_consistency.675a99d0.json`
- `artifacts/worker-047/d0_repair_accept/snapshot_rev12/taxonomy_consistency.json.9e335e9ba1bf`
- `artifacts/worker-090/f1_rev12_closure/snapshot/taxonomy_consistency.9e335e9ba1bfcf77.json`

Let me hash those pinned copies to confirm 675a99d0 bytes exist and diff them against the current file. This gives precise evidence of what changed.

Also close_findings_rev27_report.json says at 00:31:41 the consistency file changed and had hash **f3c119a8825dc89b35ee43c3391cf8e89945dfb22bcc7a40ebbaa916b97e90cb** — which is neither 675a99d0 nor 9e335e9b! That's the hash written by close_findings_rev27.py "apply" phase. Then the schema rev12 declared 675a99d0, not f3c119a8. So ordering:
- 00:31:41 apply wrote taxonomy_consistency.json = f3c119a8 and af_wcc_vacuum.yaml = b474fbc4 (rev12).
- Schema revision 12 (current bytes, cce9c601) declares consistency_evidence_sha256 = 675a99d0 — which matches NEITHER the apply-time f3c119a8 NOR the current 9e335e9b.
- Later, closefind-verify / repin runs produced 9e335e9b (FROZEN rev28 files map has it).

So the declared 675a99d0 is likely the hash of the consistency evidence at some point after a re-run (maybe an intermediate). Let me recover all three versions from the pinned copies:
- worker-022 pinned 675a99d0 → confirm it's the declared version.
- worker-092 pinned 675a99d0.
- worker-047 snapshot .9e335e9b.
- worker-090 snapshot .9e335e9b.
- Also worker-092 pinned/live.

Then diff 675a99d0 vs 9e335e9b to see what changed. If the only difference is e.g. `notes` or `contract_divergences`, I can characterize it.

This is decisive evidence for the addendum: the declared evidence hash resolves to a real historical artifact (so it's not a typo), but it does NOT resolve to the current on-disk bytes; the current bytes are 9e335e9b. And the schema's refresh rule: the declared F0 artifact (research_map/formulation_taxonomy.yaml) still hashes 0abb9ed8 == declared → no F0 change trigger; but the binding's evidence hash is stale → under the addendum this is a hash-bound mismatch (hard failure), because at rev27/28 the gate requires the binding to resolve at current bytes.

Hmm — wait. Maybe the intended reading is subtler: the binding was refreshed to the rev5 taxonomy hash 0abb9ed8 (per binding_note) and consistency was re-run. The re-run at that time produced 675a99d0? But close_findings report (00:31:41) says f3c119a8. Then maybe another re-run produced 675a99d0 and the schema was updated to declare it, and a later re-run (00:35-00:47) produced 9e335e9b. Let's check mtimes of the pinned copies and any report associating 675a99d0 with a time.

Let me diff:
- pinned 675a99d0 (from worker-022) vs current.
- f3c119a8 version — is there a pinned copy? Search for f3c119a8 in filenames/contents. Recovering it would map the sequence.

Let me also check the worker-022 and worker-092 dirs. Interesting: worker-022's evbind_guard "pinned" has both taxonomy_consistency.json and taxonomy_consistency.675a99d0d25b.json; worker-092 evbind pinned has live + 675a99d0. These are previous workers' artifacts, not reviewer verdicts. Reading their JSON is fine (they're not reviews/F1*; but wait — worker-092's evbind might include review content? The dir is artifacts/worker-092/evbind/... which may contain evidence. To be safe, I'll only hash and diff the pinned consistency files themselves, not other workers' verdicts. I'll avoid reading worker-092's review JSONs.)

Let me hash and diff.
dsh: reasoning:
Now the picture is crystal clear:

The declared consistency_evidence_sha256 = 675a99d0 corresponds to a version of taxonomy_consistency.json that DOES contain the three fields:
```
"map_taxonomy_sha256": "0abb9ed8..." (current F0 hash),
"lead_contract_sha256": "d7419b4e..." (current supplement hash),
"measured_at": "2026-09-12T00:32:02+08:00"
```
The current on-disk file 9e335e9b LACKS those three fields (`map_taxonomy_sha256`, `lead_contract_sha256`, `measured_at`). Diff shows lines 14-17 of pinned version replaced by line 14 of current (just alias_policy). So the current evidence file dropped the hash-anchoring fields.

So the F0 binding declares an evidence hash whose artifact (the 675a99d0 version) exists only in worker snapshots; the live evidence file was later rewritten WITHOUT the hash fields. That's a genuine hash-bound mismatch at current bytes, and moreover the current evidence is *weaker* (no embedded hash fields) — which undermines the binding chain. This is a real hard failure for the addendum.

Sequence:
- close_findings apply at 00:31:41 wrote f3c119a8 (per report) — maybe a version between.
- 675a99d0 measured_at 00:32:02 — the version with hash fields.
- current 9e335e9b — lacks hash fields. FROZEN rev28 (frozen_at 00:35:08) pins 9e335e9b.

So the schema rev12 (revised_at 00:31:41, presumably the file bytes cce9a601) declared 675a99d0; the consistency evidence was re-run at 00:32:02 producing 675a99d0; then by 00:35:08 it was replaced by 9e335e9b (removing hash fields) and FROZEN rev28 re-pinned to it. The schema's f0_binding was never refreshed to 9e335e9b.

Hmm wait: revised_at = 00:31:41 but the declared hash corresponds to measured_at 00:32:02. So the schema bytes must have been written after 00:32:02 (or declared hash added in a later edit without updating revised_at). The revision_history says index 10 at 00:31:41 (rev12 delta). And the mtime of schemas/af_wcc_vacuum.yaml? Let me check. If mtime > 00:32:02, then the declared hash could have been written later. Let me stat it. Not crucial but good for the timeline.

Key acceptance questions:
1. "state whether the schema's own refresh rule is satisfied at the current bytes" → The rule triggers on declared F0 artifact hash change; research_map/formulation_taxonomy.yaml still hashes 0abb9ed8 = declared → F0 artifact unchanged, so the *trigger* is not tripped. BUT the binding's declared consistency_evidence_sha256 does NOT resolve at current bytes (675a99d0 vs 9e335e9b measured), and the live evidence file is not the declared one — so the binding is not self-consistent at current bytes. Also the live evidence no longer contains map_taxonomy_sha256/lead_contract_sha256, so the consistency check at current bytes no longer anchors either hash — the binding is a dangling hash pointer. I will report: F0 declared hash RESOLVED; consistency evidence hash MISMATCH (hard failure); supplement path has no declared hash (pointer resolves, content matches FROZEN rev28 but the schema declares no hash → cannot resolve); worker_sha256 (adjudication provenance) — need to resolve. Let me find where 7a3e1f93 lives. Maybe in worker-003 draft? Let me search for files whose sha256 = 7a3e1f93. Candidate: `artifacts/formulation/schemas/af_wcc_vacuum.yaml`? No, that's the same as current (FROZEN says schemas/ and artifacts/formulation/schemas/ are mirrors, same sha cce9a601). Maybe the worker draft r3 is in tmp or in artifacts/worker-003/. Let me hash candidate files: search for filenames matching *r3* or *draft* around wcc. Also `sandbox_patched` in tmp/w023_hf02_integration.

Efficient approach: find all files under the swarm dir with size <= 200KB that are .yaml/.yml/.json/.jsonl and hash-match 7a3e1f93. That could be expensive but the tree has many files. Use `find -type f -size -200k` then sha256sum; that could be tens of thousands of files. Limit to likely dirs: tmp/, artifacts/worker-003*, artifacts/formulation, comms/outbox (no, those contain hash mention), sandbox dirs with af_wcc_vacuum.yaml. Let me find files named 'af_wcc_vacuum*' across the tree and hash them.

Also the schema says `harvested_from: schemas/af_wcc_vacuum.yaml` + `worker_sha256: 7a3e...`. Perhaps worker_sha256 is the hash of the *draft r3 content as quoted in the flash-03 outbox message*? Could be the sha of a code block? Hard. Search outbox/deepseek-flash-03.jsonl for "worker_sha256" and artifact path (metadata extraction only). Let me grep that file for "7a3e1f93" and print line truncated to relevant fields via python. deepseek-flash-03 is the draft author; its outbox is not a reviewer verdict for the current target (it authored the draft, cannot be a blind reviewer). But it might include a review event... The acceptance says don't read other reviewers' verdicts for this target. flash-03 authored the draft → not an eligible reviewer ("You may NOT be an author of the artifact"), so it can't have a valid review verdict for it. Safe to read its outbox metadata.

Let me search for candidate files with hash 7a3e1f93. First find files named af_wcc_vacuum.yaml and hash them.

2. Also verify pointers:
   - definition_refs exist.
   - class_contract_pointer resolves in research_map/formulation_taxonomy.yaml under key `classes` → class AF-WCC-VAC-GEN.
   - supplement pointer resolves under `class_contracts`.
   - ledger/theorems.jsonl entries.
   - VARIANT_REGISTRY variant SET.
   - VOCAB_ALIASES.json exists.
   - ADJUDICATION_flash04_ambiguity.md exists.
   - l1 source ledger exists.

3. 26 acceptance fields: Let me check check_class_schema.py for the list. It's 32KB. Let me grep for 'REQUIRED' / 'acceptance' / '26'. Also the KEY_MANIFEST allowed_keys list is long (R22). "Check the 26 acceptance fields" likely refers to a specific list in the gate test tool or the F1 acceptance schema. Let me grep the tools for "acceptance".

Let me run these checks with a script.

Also for leakage: read the SCC C0/C2 conclusion blocks to confirm no WCC-entails-SCC. Let me parse those files with yaml (duplicate-key-safe) and print conclusion.conclusion_type, statement_formal, and anti_scope entries; also check WCC schema doesn't entail SCC.

Let me write a comprehensive check script now. Output should be compact but complete. I'll collect raw evidence values to embed in the verdict JSON.

First: duplicate key detection + pointer resolution + quantifier/D0 checks + taxonomy comparison. Let me do it in one script with clear PASS/FAIL output.
dsh: reasoning:
Findings so far:

- No duplicate keys in the pinned schema.
- definition_refs: D4 → 'visibility' resolves; D5 → 'visibility' resolves; but `all resolve: False`. Which one fails? refs = ['regularity.data_regularity', 'genericity', 'data_class', 'i_plus', 'visibility', 'visibility'] — all top-level keys present. My check was `r in art`, so 'regularity.data_regularity' is not a top-level key → False. Need dotted-path resolution: regularity.data_regularity exists (art['regularity']['data_regularity']). Fine. So a dangling-pointer check should use dotted paths: all resolve. Let me confirm with a proper resolver. Also check `definition_ref` values are paths relative to the schema root; "i_plus" exists. OK.

- Pointers all exist. 
- F0 declared hash resolves; consistency evidence mismatch confirmed with a concrete historical version (675a99d0 bytes exist in worker snapshots and differ from live by the presence of map_taxonomy_sha256/lead_contract_sha256/measured_at).

Now, "26 acceptance fields": let me find the acceptance schema. Grep in artifacts/formulation/tools/check_class_schema.py for field lists. Also maybe `artifacts/formulation/schemas/` mirrors. Let me grep for "acceptance" and count fields.

Also I need to check canonical taxonomy class entry vs schema (F0 contract) for quantifiers/visibility/conclusion_type. Let me print the taxonomy entry for AF-WCC-VAC-GEN and the supplement's class_contracts entry, then compare key semantic fields.

Also check ledger/theorems.jsonl for D-001, T-204, T-208, T-209 statuses (schema claims l1_status accepted/etc.). Let me verify those.

Also verify VARIANT_REGISTRY's variant SET entry and the delta file's parent_class.

Also check that no WCC statement entails SCC: compare WCC conclusion statement_formal with SCC statements. Let me read the SCC conclusion blocks (yaml parse, print conclusion + anti_scope) and reason.

Let me also extract the 26 acceptance fields from check_class_schema.py.
dsh: reasoning:
The canonical taxonomy entry for AF-WCC-VAC-GEN is consistent with the schema: conclusion type weak_cosmic_censorship, single-q tail predicate, variant SET not a class, no SCC content, genericity owned by F1.

Now "the 26 acceptance fields" — check_class_schema.py has R26 (extensions key), R27 (quantifier order). Hmm, "26 acceptance fields" might refer to something else. Let me search for a list of acceptance criteria in ASTRA_HANDOFF.md or the F1 gate criteria. Let me read research_map/ASTRA_HANDOFF.md lines 36-48 (the evidence ref). Also grep for "acceptance field" or "fields" in ASTRA_HANDOFF. And grep events for "26 fields".

Let me read ASTRA_HANDOFF.md.
dsh: reasoning:
The ASTRA_HANDOFF mentions measured hashes as of pass-04: F1 cce9a60146d6 etc. Good. It also says F0 declared taxonomy 0abb9ed8 (rev5), supplement d7419b4e (rev9). And "All five gates are pending... coverage at the measured hashes is now zero-to-low everywhere because the rev27 closure voided every rev11 verdict: F0 0 accepts, F1 0..."

The acceptance text says "G-FORM acceptance needs exactly two independent full-schema verdicts per class at the rev27 pin."

Now let me find "the 26 acceptance fields". Maybe it's in the map's assignment for the gate, or in research_map/schemas.py, or in the F1 node's acceptance criteria. Let me grep research_map/ for "26" near "field", and read the map's node F1 and gate G-FORM entries. Let me extract from research_map.json: gates, nodes F1, classes. Use python. Careful not to read review verdict bodies. The map has 'reviews' dict; I'll extract only node/gate/class structures and skip reviews.

Let me look at the map structure and print F1 node and G-FORM gate. Also search for "acceptance" key in map.
dsh: reasoning:
Interesting! The G-FORM gate's `unmet` says "F1 at 7a3e1f93 has revise verdicts (flash-16 r2, lead-audit); no accept at the current hash". Hmm, so "7a3e1f93" is a schema hash (an earlier F1 revision), and the adjudication_queue.provenance.worker_sha256: 7a3e1f93... is likely the hash of an earlier revision of af_wcc_vacuum.yaml (the worker draft r3 / rev?). So the declared worker_sha256 = hash of an earlier schema revision — not a dangling pointer per se, but a declared hash of a historical revision whose file is not referenced by path. Since the schema only says harvested_from the current path, the hash doesn't resolve at current bytes; it resolves to a historical revision that may exist in snapshots. Let me find a file with that hash: tmp/w031_f2a_preflight/sandbox/schemas/af_wcc_vacuum.yaml matched the grep for the string (it quotes the value). Let me hash actual candidate files: find all files named af_wcc_vacuum.yaml and hash them.

Also note G-FORM unmet mentions "F1 at 7a3e1f93 has revise verdicts (flash-16 r2, lead-audit); no accept at the current hash" — this is stale text referencing an old hash (7a3e1f93), which might be why the worker_sha256 appears in provenance. Hmm, but also the unmet says "no accept at the current hash" — the gate audit probably measures at cce9a601.

Let me now print the rest of G-FORM unmet and controller_gate_audit for F1 (careful: avoid review verdict bodies; gate audit is controller state, fine).

Also "the 26 acceptance fields" — maybe in the gate criteria: "all three schemas exist with exact quantifiers/topology/regularity/genericity/I+/visibility/conclusion_type; no C0/C2 merge". The assignment says "Check the 26 acceptance fields". Hmm, 26 might be from research_map/schemas.py or from a checklist in the F1 assignment. Let me grep the map's assignments for a task with "26". Or maybe `check_class_schema.py` has a list of 26 field checks (R1..R30-ish). Let me count its fail rule ids: R1..R30. Hmm.

Let me grep for "acceptance_fields" or "26 field" across the repo (names only, exclude reviews). Actually let me grep -rn for "26 acceptance" and "acceptance fields".
dsh: reasoning:
The list was truncated at 40 lines (head -40). I still need to find the file with hash 7a3e1f93. Let me hash all and grep for 7a3e1f93 specifically.

Note "26 acceptance fields" comes from `artifacts/formulation/tools/check_class_schema.py` presumably: a check emits `required_fields_missing`. Let me find the required field list in check_class_schema.py. Grep for "required_fields" and the list.

Let me run:
1. all af_wcc_vacuum.yaml hashes | grep 7a3e1f93
2. grep -n "required_fields\|REQUIRED_FIELDS\|acceptance" check_class_schema.py with context.

Also I should run the actual structural checker against the pinned schema: `python3 artifacts/formulation/tools/check_class_schema.py schemas/af_wcc_vacuum.yaml` maybe. Let me check its usage (argparse/main). Running it is the strongest evidence for "26 acceptance fields" and structural pass. Let me view the file's main and the required fields list.
dsh: reasoning:
No copy of 7a3e1f93 as af_wcc_vacuum.yaml. It might be a JSON in flash-16's artifacts or a tmp snapshot with a different name. Let me search more broadly for a file with that sha. Candidates may include `artifacts/.../af_wcc_vacuum.rev11.yaml` etc. Let me do a broader search: find all files named *wcc* and hash; plus check tmp/w023_hf02_integration/sandbox_patched/research_map/... Wait the grep earlier found the *string* 7a3e1f93 in tmp sandbox copies of the schema — because the schema contains it. But no file hashes to it in the af_wcc name set.

Approach: search for any file under the repo whose name contains 'wcc' and hash-match; then broader: use find -type f -size -400k in likely dirs (artifacts/, tmp/, comms/, _out/, research_map/) and hash all; grep for the prefix. That's potentially many files (~100k?). Let's count. Maybe limit to *.yaml/*.yml (schema revisions would be YAML). Let me try: find . -name '*.yaml' -o -name '*.yml' -not -path ./.git | wc -l, then hash and grep. Could be thousands but fine (each < 100KB).

Actually, is resolving 7a3e1f93 required? The addendum names specifically "declared_f0_sha256, consistency_evidence_sha256, and any pointer/evidence hash". `worker_sha256` in adjudication_queue.provenance is an evidence hash that points at "the worker draft" harvested. Its path is `harvested_from: schemas/af_wcc_vacuum.yaml` — which is the schema itself, i.e., a self-reference wrong at current bytes. I can report: worker_sha256 declared 7a3e1f93; no path in the schema identifies the referenced bytes; the only named path (harvested_from: schemas/af_wcc_vacuum.yaml) currently hashes to cce9a601 ≠ 7a3e1f93; and no on-disk copy of af_wcc_vacuum.yaml under that name hashes to 7a3e1f93 → unresolved/dangling (mismatch). It may be the historical draft revision. Let me also check the map's F1 node artifact_sha256_measured / declared_hash_matches_measured (mentioned in ASTRA_HANDOFF: per-node artifact_sha256_measured). Let me extract from map for F1. The map may say F1 at 7a3e1f93 → this could be `artifact_sha256_measured` recorded for an earlier node state, or an old hash in gate evidence. Let me look at the map's gate audit / frozen_artifacts for F1.

Let me first run the structural checker (exit code + JSON report) on the pinned schema — the strongest evidence for the "26 acceptance fields". Then look for 7a3e1f93 in map's F1-related fields and in tmp snapshots.

Also let me check the "check the class id match the file" from PROTOCOL rule 5 — class_id in schema matches file name/pin, class_contract_pointer key etc. ✓.

Let me run the checker.
dsh: reasoning:
The structural checker passes with rc=0, failed_rules=[]. Good — but the checker's JSON report doesn't list the 26 fields. To check "the 26 acceptance fields", let me find in check_class_schema.py where required fields are defined (maybe R01..R16 list with required keys). Let me grep the rule_spec.json for required fields, or look at the checker's R01-R16 implementation. The map's earlier finding mentions "required_fields_missing=[]" — that's likely from a *semantic* checker (worker-06/spec_conformance_audit.py) or from the map's expected fields. Let me grep for "required_fields_missing" (names only, excluding reviews).

Also fix the controller_gate_audit extraction (it's a dict of strings?). Let me print its structure.

Let me do both.
dsh: reasoning:
Very important context:
- G-FORM controller audit at 00:49:19: F1 has 1 distinct accept reviewer (worker-088), F2a 0, F2b 1 (worker-098). Needs 2 per class. My verdict is the second F1 accept if I accept (worker-085 is doing -b... wait, the map says audit-r2-F1-b assigns worker-085 with artifact reviews/F1-review-rev27-b.json. And the bindchain addendum cards for both worker-071 and worker-085 both name `reviews/F1-review-rev27-a.json` — hmm, worker-085's addendum says artifact reviews/F1-review-rev27-a.json too, maybe a card copy/paste bug. Not my problem; my card says write F1-review-rev27-a.json.

- The gate scan already counts worker-088's accept at the current hash. So F1 needs one more accept at the pin: mine (or worker-085's). If I find a hard failure (hash mismatch in f0_binding), then the correct verdict may be "revise" with a hard failure, which would block G-FORM — significant. I must be careful and rigorous: is the consistency_evidence mismatch genuinely a hard failure per the addendum? The addendum explicitly says: "Report a mismatch as a hash-bound hard failure". The measured consistency file hash (9e335e9b) ≠ declared (675a99d0). So yes: hard failure HF: f0_binding.consistency_evidence_sha256 does not resolve to the on-disk evidence file at current bytes.

But wait — need to be careful about "the current bytes" and whether some other copy is canonical. The f0_binding's `consistency_evidence` path is `artifacts/formulation/evidence/taxonomy_consistency.json`. Measured: 9e335e9b. Declared: 675a99d0. So mismatch. The declared-hash version exists as a snapshot in worker dirs (worker-022/worker-092 pins) with the extra fields map_taxonomy_sha256/lead_contract_sha256/measured_at. So the declaration is not arbitrary; it's stale.

However — hold on. Is it possible that the *declared* 675a99d0 was superseded deliberately (the live evidence was rewritten without the hash fields as part of F0 mirror disposition REC-1, and the schema's f0_binding was supposed to be refreshed)? The FROZEN rev28 files map has 9e335e9b. The schema is rev12 at 00:31:41; the evidence 9e335e9b existed by 00:35:08 (FROZEN rev28 frozen_at). The close_findings report at 00:31:41 says the apply phase wrote f3c119a8. Then 675a99d0 was measured_at 00:32:02. So the schema's declared value (675a99d0) matched evidence as of 00:32:02 — after the schema's revised_at timestamp. Then the live evidence changed to 9e335e9b (dropping the hash fields). When? worker-047 snapshot at 00:36:53 was 9e33; FROZEN rev28 frozen_at 00:35:08 pinned 9e33, so it existed by 00:35:08. So the change happened between 00:32:02 and 00:35:08. The schema was never refreshed — its declared evidence hash is stale. Also, the removal of map_taxonomy_sha256/lead_contract_sha256 from the evidence file means the live evidence no longer anchors the F0 hashes; the binding chain now relies solely on the schema's declaration (which itself is stale).

This is exactly the kind of hash-bound hard failure the addendum asks me to report. And the falsifier for my card: "A verdict that never resolves the f0_binding hash chain, or an accept with a declared sha256 that does not equal the measured file." So an ACCEPT with a declared sha256 that doesn't equal the measured file is explicitly the failure mode. Therefore my verdict must be **revise** (not accept) with the hard failure. Score maybe 2-3.

Wait, but be careful: the verdict "revise" means the artifact needs revision to fix the stale binding. That seems right. The review is of F1 (the schema). The schema's f0_binding declares a stale consistency_evidence_sha256. Hard failure HF-071-01 (hash-bound).

Are there other hard failures? Let me carefully complete the remaining checks before deciding the full findings list:

1. 26 acceptance fields: need to verify they're all present. The structural checker passes (failed_rules=[]), which covers R01-R16 + R26-R30. But "required_fields_missing" appears in a semantic audit (worker-06/spec_conformance_audit.py). The map's earlier finding says "All 26 acceptance-axis fields are present (required_fields_missing=[])" for F2a. Let me find where the 26 fields are defined — probably in `research_map/schemas.py` (validator) or `research_map/validate_map.py`. Let me grep for "required" in research_map/*.py and count fields. Actually, PROTOCOL says comms.py ingest validates events. The 26 acceptance fields likely belong to the *schema* class contract: e.g., a list of required slots in `research_map/schemas.py`. Let me grep for "acceptance" in research_map/.

Let me also check `runtime/state/w04_checkpoint_f1_postrebind_recheck.json` — it has "acceptance_fields_complete": true. That's a checkpoint from another worker (w04) but states completeness at some hash. Let me read it (not an F1 review verdict? it's a checkpoint in runtime/state; may contain review-ish content, but it's a checkpoint by worker-004; the acceptance forbids reading other reviewers' verdicts for this target before writing mine. A checkpoint with acceptance_fields_complete is arguably a prior review artifact. To be safe, I can note the field count from the map/events (not the checkpoint). Hmm.

Actually, the safest interpretation: I must not read reviews/*F1* verdict files for this target. runtime/state checkpoints and map events are shared state, but they may paraphrase verdicts. The rule's purpose is independence of my judgement. I've already seen the map's gate audit (counts only) — that's fine. I'll avoid reading verdict bodies.

To verify the 26 fields myself, I should find the field list in the tooling and check programmatically. Let me grep research_map/*.py for "acceptance" and for a list of 26 keys.

2. D0 binder typing: D0 is defined as tagged disjoint union; ordered binder r → D0; formal says "forall r in D0". ✓. Potential issue: `domains.D0.definition` says "X^r_vac(AF)" while formal uses X^r_vac(AF) — consistent. But the canonical taxonomy H4 says "For every admissible (s,delta)" while the schema quantifies over r ∈ D0 with r = smooth OR (sobolev,s,delta). The taxonomy text says "For every admissible (s,delta) there is a comeager set G_{s,delta}". The schema's r covers smooth too. Is that a divergence? The taxonomy H4 says "Data is generic in a named topology on the weighted Sobolev data space; the topology and the weighted spaces (s, delta) are owned by F1 and are unresolved here." The schema resolves it with a tagged union including the smooth branch. The taxonomy conclusion says "For every admissible (s,delta)". The supplement (class_contract) may be the F0-relevant contract. This is a potential F0↔F1 divergence on quantifier domain: taxonomy's conclusion quantifies over (s,delta) only, schema's over r ∈ D0 = {smooth} ∪ {(sobolev,s,delta)}. Is that a "class_contract_pointer resolves but semantic divergence"? The taxonomy says genericity_value_status: provisional_owned_by_F1 — so F1 owns resolving it. Hmm, the taxonomy explicitly defers the weighted spaces to F1 ("owned by F1 and unresolved here"). So no hard failure; but a careful reader could flag that the canonical F0 conclusion says "For every admissible (s,delta)" whereas F1 rev12's D0 adds a smooth branch not present in F0's phrasing, and the F0 text was rev5 which "replaced scalar-class set-based wording with single-q tail" — the rev5 F0 may not have updated H4/conclusion. This is a real potential "field two careful readers would disagree on" finding (soft). But given the F0 taxonomy explicitly delegates to F1, I'd label it soft finding, not hard failure.

Let me check the supplement's class contract for WCC to see the exact frozen conclusion. Let me print `class_contracts.AF-WCC-VAC-GEN` from the supplement.

3. Topology/data-class/genericity/I+/visibility clauses: check presence and consistency. The schema has all. Data class: one-ended AF vacuum; regularity smooth default or H^s_delta; decay rates; parity not imposed. Genericity: comeager in subspace topology; Baire. I+: conformal completion C^k, null R×S². Visibility: single-q tail predicate. All present.

Potential issue: `genericity.ambient_space` says "the constraint manifold X^r_vac(AF) ... carrying the topology induced from the weighted Sobolev product H^s_delta x H^{s-1}_{delta+1}" — but for the smooth branch the ambient space is Fréchet via smooth-with-decay, mentioned in topology_or_measure. OK.

Potential issue: `quantifiers.domains.D1.definition` says "comeager (residual) subsets of X^r_vac(AF): G_r = intersection over n >= 1 of U_n with each U_n open and dense in the named topology". Fine.

Potential issue: D2 definition says "one-ended asymptotically flat vacuum initial data satisfying both constraint equations in the declared regularity class" — good; binder (Sigma,h,K) domain_id D2 while formal requires (Sigma,h,K) ∈ G_r. As noted, the ordered array's domain_id D2 omits the G_r restriction. The gate checker R27 checks quantifier order (comeager-set quantifier precedes data quantifier) and passed. Would two careful readers disagree? Possibly, but it's the kind of thing that the tool resolves via `formal`. I'll note it as a soft finding (ordered[] domain_id for the data binder is D2, while the formal statement restricts the binder to G_r ⊂ D2; the machine-readable quantifier array does not itself carry the G_r restriction — the restriction is only in `formal`/`order_note`). Hmm, is this a "dangling pointer / ill-typed binder"? The `ordered` list is a machine-readable structure that gate tests may consume. Let me check whether check_class_schema.py validates that `ordered` and `formal` agree. Let me look at the R27 implementation (lines ~435-460) and see what it checks. It passed, so whatever it checks is satisfied.

Is the ordered-domain issue a hard failure? The card's falsifier mentions "an accept that ignores a duplicate YAML key / ill-typed binder / dangling pointer". The binder (Sigma,h,K) with domain_id D2 is not ill-typed per se: D2 is the data class; membership in G_r is a subset restriction. But a strict machine consumer reading `ordered` alone would quantify over all of D2, i.e., "for all data" instead of "for all data in G_r" — which is a *strictly stronger* statement, not equivalent. Hmm, wait: the ordered list is:
1. forall r ∈ D0
2. exists G_r ∈ D1
3. forall (Sigma,h,K) ∈ D2
4. exists completion ∈ D3
5. forall gamma ∈ D4
6. not_exists (q,t0) ∈ D5

If the machine-readable reading is exactly this, then it says: for all data (not just G_r), the conclusion holds. That entails the intended statement (stronger). Since `conclusion.forbidden_strengthenings` forbids "the statement for ALL data rather than for generic data", the ordered array as literally read is the forbidden strengthening. But the `formal` field says "forall (Sigma,h,K) in G_r". And `order_note` says "the generic set is chosen before and independently of the data". The domain D2's `definition_ref: data_class` doesn't include "∩ G_r". So the ordered array and formal disagree in domain restriction. Two careful readers could disagree about whether the quantifier array is authoritative. Given the G-FORM criteria require "exact quantifiers", and the assignment says "Check ... exact quantifiers, D0 binder typing", I think this is a legitimate finding. Is it hard? The gate's structural checker passes, so the binding gate does not treat it as failure. But a reviewer can flag it as a hard failure if it can lead to the forbidden strengthening... Hmm.

Let me think about what's most defensible. The artifact has multiple representations of the quantifier structure: `formal` (with ∈ G_r) and `ordered` (domain_id D2 without G_r). The `domains.D2.definition` doesn't mention G_r, and `ordered[2]` binds to D2. A machine consumer that uses `ordered` without parsing `formal` would read "for all data" — a strictly stronger, forbidden statement. But is any tool consuming `ordered`? Let me grep for `ordered` in tools/map. If the gate checker reads `ordered` for R27 only (order), it's not used to reconstruct semantics. The canonical statement is `formal`/`statement_formal`. The taxonomy and the conclusion statement_formal say "forall D in G_r". So the schema is not ambiguous about the intended statement; `ordered` is a coarse skeleton with domain_id pointing at the base domain. Calling this a hard failure may be overreach; but as a soft finding it's solid.

Hmm. But the task requires an accept/revise verdict for gate purposes. The bind-chain mismatch already forces "revise" with a hard failure. I can also include the ordered/domain_id mismatch as a second hard failure or as a finding with severity. Let me be careful: the addendum explicitly says report mismatch as a hash-bound hard failure. That's HF-1. For the quantifier thing, I'd call it a finding (soft, "needs clarification/repair") rather than hard failure, unless I can show it actually causes the forbidden strengthening. Given `quantifiers.formal` is authoritative and `ordered` is described as ordered structure, I'll flag it as a high-severity finding but not a hard failure. Hmm, but wait: "ill-typed binder" is in the card's falsifier. Is (Sigma,h,K) → D2 ill-typed? No, it's typed to the data class. The restriction is a subset. Fine — soft.

Actually, let me check the other two schemas (SCC) for how they encode the ordered array — if they also use domain_id D2 for the data binder and carry the G_r restriction in `formal`, then this is the established convention and not a finding. Consistency across the three schemas matters. Let me check af_scc_c2_vacuum.yaml's quantifiers.ordered and formal. If identical convention, then it's a convention, and I'd downgrade to a note. Let me look.

4. Conclusion inflation: check that no theorem/counterexample is promoted. `conclusion.claim_promotion` and `promotion_rule`, `epistemic_status: open_problem`, `known_status.counterexample_status` correctly scoped. Looks fine. The L1 ledger refs claim statuses (accepted/provisional) — verify against ledger/theorems.jsonl. Let me check D-001, T-204, T-208, T-209 exist with matching l1_status. If the ledger says something different from the schema's claims, that's a finding (citation scope). Let me check the ledger.

5. Assumption completeness: non_vacuity, unresolved items, i_plus regularity as assumption. Fine.

6. Decidable falsifier: tier_1 requires non-meagerness (not machine-checkable, declared explicitly); tier_2 decidable. The falsifier section explicitly separates machine-checkable steps and non-machine-checkable step. "Decidable falsifier" — the schema falsifiers are decidable in principle (two readers disagree, etc.). OK.

7. No WCC statement entails SCC: check conclusion block, scope_statement, forbidden_strengthenings, anti_scope. The scope_statement says "The class asserts hiddenness of singularities, not their absence." Not SCC. Let me also verify mechanically: does WCC conclusion entail C0/C2 inextendibility? No. And check the three SCC schemas' statements to confirm distinctness. I'll read their conclusion blocks (not other reviewers' verdicts; these are artifacts under G-FORM, and I'm reviewing F1 but cross-artifact checks are allowed — card -b mentions cross-artifact consistency for worker-085).

8. F1 falsifier tests: 25 rows, all binding_sha256 == pin. But row F1-AMB-25's cross_artifact sha256 (276009f4) does not equal the current F0 artifact (0abb9ed8). Is that in scope? The card says "the falsifier rows in schemas/f1_falsifier_tests.jsonl (each must carry binding_sha256 == the pin)" → satisfied. The cross_artifact staleness is a separate observation: I can include it as a finding tied to the same hash-chain theme. Let me verify how many rows carry cross_artifact (only row 25) and whether the value matches any on-disk file. 276009f4 appears in entry_hashes.json for research_map/formulation_taxonomy.yaml — that's the OLD F0 hash (pre-rev5). So the row's cross_artifact is stale relative to current F0. But note that row 25 also has binding_at_authoring 9a8bd4c9 (old schema) and rebind_note says the binding moved; the cross_artifact field wasn't updated. Since the row is a test row bound at the pin, and its own semantics is "decided_by_cross_artifact_hash_equality", a stale cross_artifact is a real inconsistency in the test corpus, though the row's deciding_field_status refers to the schema's f0_binding, not the row. I'll report it as a finding (soft/medium) — actually it's a hash that doesn't resolve to current bytes, in a file that the acceptance asks me to check. But the acceptance's explicit criterion is only binding_sha256 == pin. I'll note it as a finding, not a hard failure (the F1 schema's own declared F0 hash does resolve).

Hmm, wait. Let me reconsider. The addendum says "for every sha256 the schema declares (declared_f0_sha256, consistency_evidence_sha256, and any pointer/evidence hash), measure the referenced file on disk". The f1_falsifier_tests.jsonl is a schema file (schemas/) but the hashes are in the test rows, not the schema. The accepted criterion for rows is binding_sha256 == pin. So the row's cross_artifact is out of the addendum's explicit scope but worth a finding.

9. "any pointer/evidence hash" in the schema:
   - f0_binding: declared_f0_sha256 (resolved), consistency_evidence_sha256 (mismatch), plus declared_f0_artifact + class_contract_supplement paths with no hashes.
   - adjudication_queue.provenance.worker_sha256 7a3e1f93 → path unclear; no on-disk file found with that hash among af_wcc_vacuum.yaml copies; likely an old schema revision. Mismatch/unresolved.
   - Are there other sha-like strings in the schema? Let me grep for 64-hex strings in the file and check each. Let me do that programmatically: regex [0-9a-f]{64} → list with surrounding key.
   
   Also `l1_ledger_refs` cite theorem ids; no hashes. `class_identity_variants` mentions variant registry/delta paths (no hashes). `vocabulary_aliases_ref` no hash.

Let me extract all 64-hex hashes from the schema and identify their keys:
- cce9... appears? No, the schema doesn't contain its own hash.
- 7a3e1f93... worker_sha256
- 0abb9ed8... declared_f0_sha256
- 675a99d0... consistency_evidence_sha256
Maybe also hashes inside revision notes ("565a6e50", "66bf917b" are 8-hex prefixes, not full).
Let me check exactly.

Also the `entry_hashes.json` contains a stale F1 hash (9a8bd4c9) but that's not referenced by the schema. Not in scope; could be noted as evidence that stale hash registries exist, but I shouldn't overload.

10. Check "D0 binder typing" more carefully: `ordered[0]` binder r, domain D0. D0's definition is a string with a tagged disjoint union. Is D0 *machine-readable* as a tagged union? It's prose ("r = smooth ... or r = (sobolev,s,delta)"). A gate checker can't parse it; but the requirement was to fix "the smooth branch is no longer typed as a pair". The rev12 note says D0 retyped as tagged regularity index r. There's no separate machine-readable `tag` field. Hmm, "D0 binder typing" check: binder "r" typed against domain D0 which is a tagged disjoint union. It's prose but explicit. The structural checker passed. I'll treat as OK, with a note that the union is prose-only (no machine-readable tag structure), but that's likely acceptable at this revision.

Let me now do the remaining evidence gathering:
(a) grep all 64-hex in schema with keys;
(b) SCC schemas' quantifier convention + conclusion blocks (leakage check);
(c) ledger/theorems.jsonl entries D-001/T-204/T-208/T-209;
(d) supplement class_contracts.AF-WCC-VAC-GEN;
(e) find the "26 acceptance fields" definition (grep research_map/*.py for required fields list);
(f) check the 64-hex 7a3e1f93 in any file by hashing all candidate yaml/json in tmp and artifacts (maybe skip if not found; report unresolved).
(g) Check refresh rule semantics: compare mtimes/hashes.

Let me batch (a)-(d) now.
dsh: reasoning:
Good: the domain_id D2 convention for the data binder (with membership in G_r only in `formal`) is used identically in both SCC schemas. So that's the established convention — I'll note it as a low-severity observation at most, not a finding against F1 alone. Actually, since all three use the same convention and the gate checker (R27) accepts it, I should NOT flag it as a problem (it would be inconsistent to flag F1 for a shared convention). I can mention it as a residual ambiguity note in findings — but findings should be meaningful. Let me keep it as a minor note ("ordered[] carries base domains; restriction to G_r lives in formal/statement_formal — consistent across F1/F2a/F2b; no class divergence").

The three classes are cleanly separated; SCC statements don't entail WCC and vice versa. WCC conclusion doesn't entail C0/C2 inextendibility.

Now:
- (c) ledger entries check.
- (d) supplement class contract.
- (e) 26 acceptance fields definition.
- (f) 7a3e1f93 resolution attempt.

Let me look at ledger/theorems.jsonl (L0 node; hash a1674f...) and find D-001, T-204, T-208, T-209. Also the "26 acceptance fields" — let me grep research_map/*.py for "acceptance" and "required". Let me check research_map/schemas.py (4KB) and validate_map.py. Actually PROTOCOL says schemas.py has event schema. The 26 acceptance fields might be defined in `artifacts/formulation/tools/run_acceptance.py` or `check_class_schema.py` as required_rules list. Let me grep for lists of field names like "topology" "data_class" in the checker. Let me read the checker's fail-rule section (R01-R16) quickly to count required slots.

Let me also compute: maybe the "26 acceptance fields" is from `research_map/astra_lifecycle.py` or `apply_events.py` checking assignment acceptance? Let me grep for "acceptance" in research_map/*.py.
dsh: reasoning:
The ledger extraction lost the l1_status because keys differ. Let me look at a full record for D-001/T-204/T-208/T-209 to compare statuses. Let me print the raw lines with limited keys.

Also, still need the "26 acceptance fields". The map's finding snippet said "All 26 acceptance-axis fields are present (required_fields_missing=[])". That likely comes from `research_map/research_map.json`'s `controller_gate_audit` or a semantic audit finding. Let me search the map for "acceptance-axis" context and see which tool produced it. Let me grep events.jsonl for "required_fields_missing" and look at surrounding JSON (print keys only, and the section that lists the 26 fields maybe). Also `artifacts/worker-088/f2a_review/f2a_check.rev12.v2.json` has required_fields_missing (worker-088 is the F1 accept reviewer per gate audit; its f2a check is about F2a — reading a check tool output for F2a is not an F1 verdict for my target... but worker-088 also wrote F1 verdict. I'll avoid worker-088 dirs entirely to be safe).

Where does required_fields_missing come from? Maybe `research_map/astra_lifecycle.py` audit or `artifacts/formulation/tools/run_acceptance.py`. Let me grep the tools dir and research_map dir for "required_fields" - I did grep research_map/*.py: no hits. Let me grep the whole repo excluding reviews/tmp: `grep -rln required_fields_missing artifacts/formulation/ research_map/ schemas/`.

Actually earlier grep -rln listed only map snapshots and outbox/events plus checkpoints. No tool file. So the 26-field check was likely done by a worker's ad-hoc script (e.g., worker-088's f2a_check) or the map auditor. Hmm.

Maybe "the 26 acceptance fields" refers to the fields enumerated in the F1 acceptance card of an earlier round: e.g., the F1 node's `acceptance_fields` in the map for a gate. Let me grep the map JSON around "acceptance-axis" to see the finding's full text and the list of 26 fields, if present. The finding itself says required_fields_missing=[] — the list may not be in the map. Let me search events.jsonl for "required_fields_missing" lines and print them.

Alternative: the structural checker `check_class_schema.py` implements R01–R16 rules; each rule covers required slots. Let me count the rules and required slots to see if it sums to 26. Let me grep for `self.fail("R` occurrences and the list of `need(` calls. Let me read the middle of the checker (lines 200-540) to understand. Actually, a simpler approach: the checker passed with failed_rules=[], which is the binding structural gate; I can state that the canonical structural gate (R01–R30 incl. the 26 acceptance-axis fields as implemented) passes. But I'd like to verify the exact 26.

Let me grep the map's events for the finding that mentions 26 fields — the surrounding JSON might include a `details` dict listing them. Let me extract that specific event from events.jsonl by searching for "acceptance-axis" and printing keys + any list.

Let me also check `artifacts/formulation/tools/run_acceptance.py` (6KB) — maybe it defines acceptance axis fields.
dsh: reasoning:
Very informative. Worker-088's probe report at rev12 cce9c601: required_fields_missing=[], binders resolve, binding gate PASS, class-separation clean, f0_binding resolves to the new canonical F0. Note: it says "f0_binding resolves to the new canonical F0" — that's the declared_f0_sha256 (resolves). It doesn't mention the consistency_evidence_sha256. The "26 acceptance-axis fields" are in worker-088's check script (artifacts/worker-088/f2a_review + f1_review?). I should not read worker-088's F1 verdict file. But the *script* that defines the 26 fields may be readable — it's a tool, not a verdict. However, running/reading worker-088's F1 probe script might expose me to its findings... The independence rule is about not reading another reviewer's verdict before writing mine. Reading a checker script is not a verdict. Still, to be safe and independent, I can define the 26 acceptance fields myself: likely the union of the field groups in check_class_schema.py's R01-R16. Let me read the checker's rule list to enumerate the fields it requires. Actually worker-088's "F1 acceptance-axis matrix" is its own construct. The card says "Check the 26 acceptance fields" — the map/finding says "All 26 acceptance-axis fields are present (required_fields_missing=[])".

Maybe the 26 acceptance fields are documented in the F1 node's acceptance matrix in the map — e.g., `artifacts/worker-088/.../probe_report`. Hmm.

Alternative: `runtime/state/w04_checkpoint_f1_postrebind_recheck.json` has "acceptance_fields_complete": true, maybe listing the 26 fields. That's a checkpoint by worker-004 (not a reviewer of F1 at rev27? it's a checkpoint). Reading it is probably fine, but it might reference verdicts. Let me look at just the keys of that checkpoint (metadata) and search for a list of fields. Actually, let me instead grep for the phrase "acceptance-axis" in tool scripts under artifacts/ (names only), and find the script that computes required_fields_missing. Worker-088's probe reports it; the script is likely `artifacts/worker-088/f1_review/check_f1.py` or similar. If I run that script myself, I'd be using another reviewer's tool — that's acceptable? It's a deterministic probe, not a verdict. The card wants me to check the 26 fields; using the canonical probe would be reasonable, but the blind-review spirit says my judgement should be my own. I can do my own field check using the canonical `check_class_schema.py` rules plus a self-constructed list from the schema. Let me read check_class_schema.py's rules R01–R16 and see which required slots they check; then verify each field exists myself. That's independent enough and rigorous.

Let me read the checker body (lines 200-540) to enumerate the checks.
dsh: reasoning:
R01–R16 plus R26–R30. The "26 acceptance-axis fields" from worker-088's probe: likely a list of 26 checks. Since I can't find the list in shared tooling, I'll define the check as: all acceptance-axis slots required by the canonical structural gate (R01–R16, R26–R30) plus the schema's own declared contract. The structural gate passes with failed_rules=[] → all required slots present. But the card explicitly says "Check the 26 acceptance fields" — I should be able to state which 26 and that all are present.

Let me check worker-088's probe script for the field list — but is that "reading another reviewer's verdict"? A script is not a verdict. However, worker-088 is the first accept reviewer; its probe report has findings. The card says don't read "any other reviewer's verdict for this target". A checker script's field list isn't a verdict. But to be conservative, I can avoid it. There may be a neutral source: the map's F1 acceptance matrix or an earlier worker's checkpoint. Let me try `runtime/state/w04_checkpoint_f1_postrebind_recheck.json` — a checkpoint, not a verdict. Let me view just its structure/keys and any field list. Hmm, risk: it may contain w04's verdict summary.

Alternatively, look at the F1 probe tool that worker-088 wrote, but only extract the list of 26 axes via grep (field names, not findings). The tool likely lives at artifacts/worker-088/f1_review/check_f1.py. Let me grep for "acceptance" and "axis" in artifacts/worker-088/*/*.py, printing only the lines defining the field list. That's extracting a checklist, not a verdict. I think that's acceptable and within the spirit (the card explicitly asks to check the 26 fields; the canonical list should be shared).

Actually — wait. Cardinality: maybe the 26 acceptance fields are defined in the class schema contract in `artifacts/formulation/rule_spec.json` (rules + fixture_requirements). Let me look at rule_spec.json "rules" — it lists R01..R16 with required fields. Counting slots might give 26. Let me print the rules summary and fixture_requirements. That's canonical (authored by lead-formulation, not a reviewer). Let me do that.

Also I want to check the map's G-FORM meeting: gate audit says F1 has 1 accept (worker-088) at cce9a601... wait, actually worker-088's accept may have been at the current hash cce9a601 (the artifact event at 00:37:35 is a probe report at rev12 cce9a601). Fine.

Let me enumerate rules from rule_spec.json.
dsh: reasoning:
The grep for ACCEPTANCE in worker-088's scripts returned nothing with those patterns. Let me look at check_f1.py's acceptance field matrix definition via grep for "required" or a list of field names — but careful: I decided to avoid worker-088's review materials. However, using a field-list constant from a checker script is not reading a verdict. Still, the cleanest independent approach: I'll construct the 26 acceptance fields from the schema contract as required by FORM-RULE-SPEC R01–R16 mapped onto the schema's slots. But "26" specifically suggests a list. Let me grep check_f1.py for the list (just the constant). I'll print only lines that look like field definitions, and avoid reading its findings/verdict functions. Actually `grep -n "acceptance" check_f1.py` returned nothing because the pattern was ACCEPTANCE/axis_fields/FIELDS =/AXES — hmm, nothing matched, so maybe the field list is inline in a function.

Let me just grep for 'required_fields' in that file:
`grep -n "required_fields" artifacts/worker-088/f1_review/check_f1.py` and show the surrounding 30 lines. That reveals the list. I judge this acceptable: it's a checklist definition, and the card instructs me to check those 26 fields; using the same list improves comparability. But to protect independence, I will not read its verdict JSONs (F1-review-088*).

Hmm, actually there's a subtlety: the card says reviews/*F1* are off-limits until my file is written. check_f1.py is under artifacts/worker-088/f1_review/, not reviews/. The prohibition is specifically "any other reviewer's verdict for this target" and "reviews/*F1*". A checker script's field list is not a verdict. I'll proceed but only to extract the list of 26 field names.

Let me do that. Then I'll verify each of the 26 fields exists in the pinned schema myself (presence, and basic type/quantifier semantics).

After that, finalize the verdict and write the files.

Let me also verify the 7a3e1f93 hash question: I searched copies named af_wcc_vacuum.yaml; none matched. Maybe the old revision exists as a JSON-embedded snapshot (e.g., `artifacts/flash-11/f1_aux_class_binding/corpus/canonical/af_wcc_vacuum.yaml` = b65fcc0f, not it). 7a3e1f93 might be a hash of a *draft* that no longer exists on disk, or of the schema as embedded in an outbox message. Let me check whether "7a3e1f93" appears in deepseek-flash-03/04 outbox lines with artifact metadata. Earlier grep showed those outbox files contain the string. Let me extract from deepseek-flash-03.jsonl / deepseek-flash-04.jsonl the JSON fields `artifact_refs` or `sha256` around that hash (metadata only). Actually the string 7a3e1f93 appears in the schema (line 176) and in many reviews quoting it. The outbox files may just quote the schema content. Let me check if any line in deepseek-flash-03.jsonl has event_type=artifact with sha256=7a3e1f93. I'll parse and print only event_type + artifact/path/sha256 fields, skipping text/notes (metadata extraction).

Let me do both now.
dsh: reasoning:
Now I can resolve worker_sha256 = 7a3e1f93: it's the sha256 of `schemas/af_wcc_vacuum.yaml` at the F1 r3 draft as published by flash-03 (event flash-03-artifact-F1-r3-20260911T2330). So it's a historical revision hash, correctly attributed to the draft r3 provenance. The file path referenced is the same path as the current schema but at an older revision. So `worker_sha256` is not dangling — it identifies the r3 draft revision (whose bytes no longer exist at that path; a snapshot may exist elsewhere). The addendum asks to measure "the referenced file on disk" — the referenced file (schemas/af_wcc_vacuum.yaml) currently hashes cce9a601, not 7a3e1f93. Since the hash is provenance for a historical draft (r3), not a live binding, I'd report it as: worker_sha256 resolves to the historical r3 draft revision per flash-03's artifact event; it does NOT equal the current file bytes (expected; provenance-only, not a live binding). Not a hard failure, but note that it cannot be re-measured from disk (no copy at that hash found under that name). Actually, let me check whether any on-disk file hashes to 7a3e1f93 — I only checked files named af_wcc_vacuum.yaml. Let me do a broader search limited to YAML files. If found, I can say it resolves. Let me try hashing all *.yaml/*.yml under the repo (excluding .git). Count first; if < 20k, do it.

Now the 26 required fields from check_f1.py line 120-608. Let me extract lines 115-200 (the `required` dict construction). I'll read that region — it's the acceptance-axis matrix (field names + predicates). This is a checker, not a verdict. Let me read lines 115-260 of check_f1.py.

Actually, the required dict at line ~608 is built via `required = {...}` presumably around line 120? Line 608 `"required_fields": required`. Let me grep -n "required = {" in that file. Then read that block. Let me do it.
dsh: reasoning:
The list is actually 39 items, not 26. But the finding said "All 26 acceptance-axis fields are present". Hmm, maybe an older version of the probe had 26. Whatever — the card's "26 acceptance fields" likely refers to this matrix (possibly an earlier count). I can report: the acceptance-axis field matrix (as defined in the deterministic F1 probe; 38 checks at the current revision — I could say "the matrix includes 38 named slots" and all present). Hmm, to avoid confusion, better to say: "All acceptance-axis slots required by the canonical contract are present; the structural gate check_class_schema.py reports failed_rules=[]; the F1 acceptance-axis matrix reports required_fields_missing=[]." I verified the latter from the map's event note (from worker-088's artifact event, not its verdict). Hmm — that event is worker-088's artifact note. I referenced it as metadata. It's fine.

But careful about independence: my verdict should be my own. I have independently verified:
- structural gate pass (ran it myself),
- all slots present via my own yaml parse (I can check the 38 slots quickly myself using that list? That would be using worker-088's list — but the list is just a restatement of the schema's required fields from the spec. I can construct the same checks myself; many I've already done).

Let me do my own check of the full matrix (using my own copy of the field paths from the spec) to say "I verified each". I'll write a quick script listing the 38 acceptance slots and whether present. Then the count I report is 38; but the card says 26. I can note: "the acceptance-axis matrix (39 slots in the rev12 probe; the '26' in the card is the older count) — all present". Hmm, maybe I'm overthinking. Let me count precisely: the dict has 39 entries? Let me count: lines 122-159 = 38 entries. Let me count from the output: I'll trust a quick count. Actually, better to run a script counting them. But it's not central; the key deliverable is the verdict with hard failures.

Wait — maybe the "26 acceptance fields" refers to something else: the F1 acceptance fields in the *assignment* dispatched by `runtime/bin/dispatch_audit_r2.py`. Let me grep that file around line 57 for the list. It's the dispatcher; it may define the 26 fields. Let me check.

Also, I should decide the verdict now. Evidence so far:

Hard failure HF-071-01 (hash-bound): f0_binding.consistency_evidence_sha256 = 675a99d0... does not equal the measured sha256 of artifacts/formulation/evidence/taxonomy_consistency.json at current bytes = 9e335e9b.... The declared-hash version exists only as snapshots under artifacts/worker-022/evbind_guard/pinned/ and artifacts/worker-092/evbind/pinned/ (hash-verified: both 675a99d0...), and differs from the live file by the presence of `map_taxonomy_sha256`, `lead_contract_sha256`, `measured_at` (diff evidence). The declared evidence is thus stale and the live evidence no longer anchors either F0 hash.

Soft/major findings:
- F-071-02: f1_falsifier_tests.jsonl row F1-AMB-25 carries cross_artifact.sha256 = 276009f4... for research_map/formulation_taxonomy.yaml, but the current declared F0 artifact hashes 0abb9ed8... (and the schema's declared_f0_sha256 = 0abb9ed8...). The row's self-declared deciding status is "decided_by_cross_artifact_hash_equality"; at current bytes that equality fails for the row's own cross_artifact pointer (the row's binding_sha256 == pin, which passes). Severity: major (test-corpus staleness), not a hash-bound failure of the schema's binding itself.
- F-071-03: revision_history ordering/labels: indexes 8 (rev11, at 23:32:53, unused:true) and 9 (rev3, at 23:30:35, unused:true) have timestamps earlier than index 7 (rev10, 00:30:00) and index 10 (rev12, 00:31:41); there is no rev8 entry; `revision: 12` vs 10 history entries (2 flagged unused). Two careful readers could disagree about which revision is authoritative; machine consumers keyed to monotone revision_history may mis-order. Severity: minor.
- F-071-04: revision_history L16 (rev10) claims f0_binding refreshed to "rev4 declared-F0 hash 565a6e50 (was 66bf917b)" while f0_binding.binding_note (rev12) says "refreshed to the rev5 declared-F0 hash"; the current declared value is 0abb9ed8 (=rev5 F0). The rev10 note is historical but left in a non-unused entry; a reader could think the binding is at 565a6e50. Severity: minor/documentation.
- F-071-05 (quantifier representation): ordered[] binds (Sigma,h,K) to D2 (data class) while formal/statement_formal restrict to G_r ⊂ D2; the array alone reads as the forbidden for-all-data strengthening. Same convention in F2a/F2b and the structural gate accepts, so this is a cross-artifact readability risk, not an F1-local defect. Severity: minor/note.
- F-071-06: adjudication_queue.provenance.worker_sha256 = 7a3e1f93... resolves to the flash-03 r3 draft revision (flash-03-artifact-F1-r3-20260911T2330 event), not to current bytes; no file at that hash found under the referenced path. Provenance-only; the schema labels status "input to the canonical revision, not authority". Severity: info; explicitly resolved (historical), not a live binding.
- F-071-07: class_contract_supplement has no declared sha256 in the schema (only a pointer); measured d7419b4e... matches FROZEN rev28 logical_artifacts, so the pointer content resolves to the frozen supplement, but the schema itself does not bind it by hash. Info/minor.

Also positive verifications to record:
- pin matches before and after read (cce9a601...).
- declared_f0_sha256 resolves (0abb9ed8 == measured).
- class_contract_pointer resolves: key `classes.AF-WCC-VAC-GEN` exists; target canonical F0 per worker-088's probe; my own yaml check confirms.
- supplement pointer resolves: `class_contracts.AF-WCC-VAC-GEN` exists.
- no duplicate YAML keys in the artifact (duplicate-key loader).
- all domain_id binders resolve; D0 typed as tagged disjoint union with smooth branch no longer a pair.
- no C0/C2 leakage; conclusion_type weak_cosmic_censorship; forbidden SCC strengthenings present; anti_scope names SCC classes; no WCC statement entails SCC (WCC statement is visibility/completeness; SCC statements are inextendibility; explicitly disjoint).
- falsifier rows: 25/25 binding_sha256 == pin.
- structural gate PASS (rc=0, failed_rules=[]).
- class contract & canonical taxonomy consistent (conclusion_type, single-q tail predicate, variant SET not this class, no SCC content).
- taxonomy_consistency.json currently says consistent:true, classes_compared includes all 4.

Now: the verdict. Given a hash-bound hard failure per the addendum's explicit instruction, the verdict should be **revise** with score maybe 2 or 3. The artifact is otherwise strong. But an accept with a stale declared evidence hash is explicitly the failure mode in my card's falsifier: "or an accept with a declared sha256 that does not equal the measured file". So revise.

Wait — one more consideration. Is the consistency evidence hash mismatch really attributable to the artifact, or is the live evidence file the thing that got clobbered? The schema's declared hash corresponded to a real version (00:32:02) that had the hash fields. The live file was later rewritten (dropping fields) and FROZEN rev28 re-pinned to it. Either way, at current bytes the schema's binding does not resolve, and the refresh rule says the binding must be refreshed and the consistency check re-run *before any gate verdict*. The condition in the rule (declared F0 artifact changes hash) was not triggered, but the evidence artifact changed, which is a weaker trigger not covered explicitly. The addendum says report mismatch as hash-bound hard failure. So HF stands. I should phrase it precisely, including the direction: the declared evidence hash is stale relative to the live evidence file; the live evidence file also lost the two embedded hash anchors; repair = either restore/point to the 675a99d0 evidence version or refresh f0_binding.consistency_evidence_sha256 to 9e335e9b (and, preferably, restore map_taxonomy_sha256/lead_contract_sha256/measured_at so the check re-anchors the F0 hash at current bytes).

Also, "state whether the schema's own refresh rule is satisfied at the current bytes": Rule = "if the declared F0 artifact changes hash, this binding must be refreshed and the consistency check re-run before any gate verdict". The declared F0 artifact (research_map/formulation_taxonomy.yaml) currently hashes 0abb9ed8 = declared_f0_sha256 → the F0-artifact trigger is NOT tripped. So the rule's literal trigger is satisfied (no F0 change → no mandatory refresh on that account). BUT the binding's declared consistency evidence hash does not resolve at current bytes, so the binding is not in a gate-verdict-ready state; the consistency evidence was re-run (00:32:02 → later) and the binding was not refreshed, so the re-run half of the rule is unmet in substance. I'll state both explicitly.

Now let me also double check "no WCC statement entails SCC" more rigorously. WCC statement: ∃/∀... AF_{I+}(M) ∧ complete(I+) ∧ ¬∃ visible singular end. SCC C2 statement: ¬∃ proper future C2 extension. Does WCC's conclusion entail C2 inextendibility? No — no logical relation asserted; WCC explicitly permits extensions (regularity.must_not_conflate #2, conclusion.forbidden_strengthenings includes C2/C0 inextendibility, anti_scope). And conversely SCC does not entail visibility. Mechanical lexical scan: run the structural checker (R12/R13) — passed, which includes foreign-token scan over assertive paths. Good evidence.

One more check: "conclusion inflation (a theorem/counterexample promoted from a model or calibration)". The schema says epistemic_status open_problem; known_status.counterexample_status scopes T-208/T-209 to the for-all strengthening only; claim_promotion requires artifact_refs. L1 ledger has entries with conclusion_type theorem etc., but the schema's l1_ledger_refs marks T-209 provisional and says not usable as tier_1 evidence. Check ledger's l1_status field values. Let me print full ledger entries for these ids to confirm statuses align. Let me look at the raw records fully (they're L0/L1 artifacts, not F1 verdicts). Let me print the four records.

Then finalize. Also need to check whether a `review` event schema requires particular fields. Let me read research_map/comms.py or schemas.py for the review event required fields: target_id, reviewer, verdict, score, hard_failures, findings, reviewed_sha256 (per card). PROTOCOL says every event needs event_id, event_type, created_at, actor. Plus for review: target_id, reviewer, verdict, score 0-5, hard_failures, findings. I'll include class_id, node_id, gate, reviewed_sha256, reviewed_path, created_at, event_id, actor=worker-071.

Note the outbox may already have a worker-071.jsonl file? Earlier listing showed comms/outbox/... let me check if comms/outbox/worker-071.jsonl exists (the inbox has worker-071; outbox listing didn't show it in the head). I must APPEND one line (or create). Let me check.

Also checkpoint: runtime/state/worker-071_<target>_checkpoint.json. Target = F1 or the artifact name? The card says "runtime/state/<you>_<target>_checkpoint.json". I'll use `worker-071_F1-rev27_af_wcc_vacuum_checkpoint.json` or more exactly `<you>_<target>`: target could be "F1". The examples in state: `flash-13_checkpoint_classbind_rev28.json`, `w002_rebind_r2_checkpoint.json`. The card for others: "runtime/state/<you>_<target>_checkpoint.json". I'll name it `worker-071_F1_af_wcc_vacuum_checkpoint.json`. Hmm, to maximize matchability maybe `worker-071_F1-review-rev27-a_checkpoint.json`? The instruction "Write one checkpoint under runtime/state/<you>_<target>_checkpoint.json" where target_id is F1 (node_id). The review event's target_id should be... For a review of a schema, target_id = artifact path or node id? In events, review target_id likely refers to the reviewed artifact or claim. Let me check existing review events in map/events for structure (I can look at events from other classes — F2b reviews — but not F1 verdicts. Hmm, to avoid reading F1 review verdicts, let me look at a review event for a different target, e.g. `reviews/N0-review-lead-audit.json` event or F2a... F2a is a sibling but not my target — still a "review for a different target" is fine. Actually the rule is only about F1 verdicts. Let me grep events.jsonl for event_type=review with target_id fields and pick one non-F1.

Better: read research_map/schemas.py to see the review event schema. Let me do that.

Let me now:
1. Print ledger full records for D-001, T-204, T-208, T-209.
2. Read research_map/schemas.py (4KB) for event schema.
3. Check comms/outbox/worker-071.jsonl existence.
4. Check the dispatcher's 26 fields at runtime/bin/dispatch_audit_r2.py:50-70.
5. Broader hash search for 7a3e1f93 (optional).

Then compose JSON verdict + event + checkpoint.
dsh: reasoning:
Interesting: `comms/outbox/worker-071.jsonl` already exists (37KB, modified 00:47). That's from previous worker-071 instances (there were 6 instances). Let me check whether a review event for F1 was already emitted by a previous worker-071 instance. The review event for this target from worker-071 would be a conflict if it exists (and would mean a prior instance already reviewed). Let me check the outbox for event_type=review entries with target F1. That's MY OWN outbox (worker-071), so reading it is not reading "another reviewer's verdict" — it's the same agent id. Hmm, but previous worker-071 instances might have written a verdict. The target file F1-review-rev27-a.json doesn't exist, so they didn't complete. Let me check my outbox for what previous instances did (only metadata: event types, and whether any review of F1 exists). This is critical: if a previous worker-071 already emitted a review event for F1 with different content, I need to know.

Let me parse comms/outbox/worker-071.jsonl: print event_id, event_type, target_id, verdict, score, reviewed_sha256, created_at — metadata only. Since it's my own agent identity, it's fine.

Also, the ledger check: T-204's evidence_level is "preprint", but the schema's l1_ledger_refs says T-204 citation_status "verified_by_L1" and role "rigorous positive WCC-type result". Schema says l1_status accepted. The ledger has `content_status: verified`, `review_status: not_independently_reviewed`, `evidence_level: preprint`. The schema's claim "verified_by_L1" is consistent with the L1 ledger ownership (content_status verified) but note that the ledger says evidence_level preprint and not independently reviewed; the schema says T-204 role "rigorous positive WCC-type result for near-Schwarzschild data", scope_use "attainable on a codimension-3 restricted data set; does NOT cover generic data", citation_status: verified_by_L1. That's accurate.

T-209: ledger content_status provisional; schema says "preprint interior + gluing for T-208, l1_status: provisional, scope_use: ... not usable as tier_1 evidence". Accurate.

D-001: ledger entry_kind conjecture, conclusion_type open_problem, review_status not_independently_reviewed; schema says l1_status accepted, role "statement of record", scope_use "definition of the class conclusion, not evidence for it". "accepted" here likely means L1 accepted into ledger, and the scope_use excludes using it as evidence. Fine. Hmm, potential nit: schema's `l1_status: accepted` for D-001 while ledger says review_status not_independently_reviewed. But "accepted" refers to L1 ledger acceptance, not independent review. The schema's scope_use handles it. Not a finding.

Now, "conclusion inflation (a theorem/counterexample promoted from a model or calibration)": none. Good.

Let me now check my own outbox metadata and then check if there are any other worker-071 artifacts/reviews to avoid clobbering (e.g., maybe a previous instance wrote a checkpoint). Also check runtime/state for worker-071 checkpoints.

Then write the three files.

One more consideration on independence: The card says write ONLY the JSON verdict file, then emit ONE review event, then one checkpoint. The verdict file must be `reviews/F1-review-rev27-a.json`. I must ensure it doesn't exist (verified earlier). Good.

Let me check my outbox.
dsh: reasoning:
No review events in worker-071's outbox for F1 (the filter matched none — output only "total lines 32"). Good: no prior verdict emitted. Previous instances did other work (N0 rev3 verify, rev12 closure, t1 guard eval).

Wait: w071_rev12_closure_checkpoint_20260912T003946.json — a previous worker-071 did a "rev12 closure" verification. That might be a review-ish artifact. I should not read it now (it could contain verdict-like content on F1). Fine, I haven't.

Now let me do the final comprehensive verification pass in one script and capture exact numbers for the verdict:

1. pin before/after (done: both cce9a601...).
2. no duplicate keys (done).
3. 38 acceptance slots present (I'll compute using my own list derived from the schema contract; but to align with the "26 acceptance fields" phrasing, I'll report the canonical acceptance-axis matrix result = required_fields_missing=[] — I verified all listed slots present by parsing. Let me actually run the 38 checks myself with a script so I can say "verified each".
4. Binders: all 6 domain_ids resolve; D0 tagged union.
5. Topology/data-class/genericity/I+/visibility clauses present.
6. conclusion_type weak_cosmic_censorship == spec vocabulary for class.
7. f1_falsifier_tests: 25 rows, all class AF-WCC-VAC-GEN, binding_sha256 == pin (25/25); row F1-AMB-25 cross_artifact stale.
8. No WCC entails SCC: structural leakage scan pass (R12/R13), statement-level check.
9. f0 chain: declared_f0 resolved; consistency mismatch; worker_sha256 historical.
10. refresh rule state.

Let me get the exact sha256 of the F0 supplement and FROZEN, and run a final script printing a compact evidence block that I can paste into the JSON verdict.

Also let me double check the spec vocabulary for conclusion type: rule_spec.vocabularies.class_conclusion_type['AF-WCC-VAC-GEN'] should be weak_cosmic_censorship.

Let me run the final evidence script.
dsh: reasoning:
All checks done. Now let me finalize the verdict.

Decision: verdict = "revise", score = 3 (or 2). Rationale: hash-bound hard failure on the consistency evidence pointer per the explicit addendum. Everything else passes, including structural gate, acceptance-axis slots, no leakage, no inflation, falsifier rows bound to pin.

Wait — should the score be lower, like 2? The scoring is 0-5. Given one hard failure but otherwise a clean, well-constructed schema, 3 seems right ("accept with required repair" is not an option; revise with a single hash-bound fix). I'll use 3.

Hmm, but I want to double-check the direction of the mismatch once more, because it's the pivotal decision that could block G-FORM. Could it be that `consistency_evidence_sha256` is intended to pin the evidence *as of the binding run* and the live file being different is fine because the FROZEN manifest re-pinned it? The addendum's acceptance is unambiguous: "for every sha256 the schema declares (declared_f0_sha256, consistency_evidence_sha256, ...), measure the referenced file on disk and state resolved|mismatch with both hashes... Report a mismatch as a hash-bound hard failure." So a mismatch must be reported as a hash-bound hard failure, full stop. And the card's falsifier says "an accept with a declared sha256 that does not equal the measured file" is a failed verdict. So revise is mandatory. Good — my judgment aligns with the card's explicit instruction, not an overreach.

I'll also record the supplementary finding that the live evidence file dropped the `map_taxonomy_sha256`/`lead_contract_sha256`/`measured_at` fields present in the declared version, so even after refreshing the pointer to 9e335e9b, the evidence would no longer embed the F0 anchor — recommending restore of those fields or a re-run that re-emits them at current bytes.

Severity/classification of hard failure: HF-071-01 hash-bound (f0_binding.consistency_evidence_sha256 stale/mismatch).

Findings (non-hard):
- F-071-02 (major): f1_falsifier_tests row F1-AMB-25 cross_artifact points at 276009f4 for research_map/formulation_taxonomy.yaml; current F0 is 0abb9ed8. Row's declared decision basis is cross-artifact hash equality → at current bytes that probe is stale. (binding_sha256==pin holds for all 25 rows.)
- F-071-03 (minor): revision_history non-monotone/duplicated: index 8 (rev11, 23:32:53, unused:true) and index 9 (rev3, 23:30:35, unused:true) precede index 7 (rev10, 00:30:00); no rev8; 10 entries vs revision:12.
- F-071-04 (minor): rev10 note in revision_history says "refreshed to the rev4 declared-F0 hash 565a6e50", f0_binding.binding_note says rev5 hash; current declared 0abb9ed8 matches neither prefix mentioned (565a6e50/66bf917b) — the notes are historical, but the non-unused entry can mislead; recommend collapsing to revision_history with explicit supersession.
- F-071-05 (info/note): ordered[] types the data binder to D2 without the G_r restriction (restriction only in formal/statement_formal); identical convention in F2a/F2b and accepted by the structural gate; machine consumers reading ordered[] alone would read a forbidden all-data strengthening. Recommend adding `restriction: in G_r` to ordered[2] or noting it.
- F-071-06 (info): adjudication_queue.provenance.worker_sha256=7a3e1f93 resolves (per flash-03-artifact-F1-r3-20260911T2330) to the historical r3 draft, not to the current file; provenance-only, correctly labelled "input to the canonical revision, not authority". No on-disk file at that hash found under schemas/af_wcc_vacuum.yaml.
- F-071-07 (info): class_contract_supplement declared by pointer without a sha256; measured d7419b4e matches FROZEN rev28 logical_artifacts, so content resolves through FROZEN, but the schema itself does not hash-bind the supplement.

Also record the positive verifications.

The verdict file format: JSON. The card says "Write ONLY the JSON verdict file named below". I'll design a rich, machine-readable JSON with:
- schema/version fields
- reviewer, role, assignment ids, node_id, class_id, gate
- target: path, pin, sha256_before, sha256_after, match
- verdict, score
- hard_failures: array of objects {id, axis, severity:"hard", finding, evidence, falsifier, repair}
- findings: array of {id, axis, severity, finding, evidence, falsifier_or_repair}
- acceptance_checks: object with each check + result
- f0_binding_chain: resolved/mismatch details
- refresh_rule_status
- evidence_refs with hashes
- created_at, event_id
- independence declaration: not an author; no other F1 verdict read before writing.
- reviewed_sha256

Then outbox event: one JSON line with required fields: event_id, event_type="review", created_at, actor="worker-071", target_id, reviewer="worker-071", verdict, score, hard_failures, findings, reviewed_sha256 + extras (node_id, class_id, gate, reviewed_path, artifact). Append to comms/outbox/worker-071.jsonl.

Checkpoint: runtime/state/worker-071_F1_af_wcc_vacuum_checkpoint.json. The card says `<you>_<target>_checkpoint.json`. I'll name it `worker-071_F1-review-rev27-a_checkpoint.json`? Hmm. "one checkpoint under runtime/state/<you>_<target>_checkpoint.json". target likely = F1 (node_id/target in the card). Previous convention: w071_rev12_closure_checkpoint_..., w002_rebind_r2_checkpoint.json, flash-13_checkpoint_classbind_rev28.json. I'll use `worker-071_F1_rev27_checkpoint.json` — contains both <you> and <target>. Hmm, "<you>_<target>_checkpoint.json" literally: worker-071_F1_checkpoint.json. I'll go with `worker-071_F1_checkpoint.json` to match the literal pattern most closely. Wait, but maybe target should be the artifact name so it's unique: worker-071_F1-review-rev27-a_checkpoint.json. The card: "Write one checkpoint under runtime/state/<you>_<target>_checkpoint.json" and later "one verdict file + one review event + one checkpoint". target_id in the review event is what? For review events, target_id should identify the reviewed artifact — probably "schemas/af_wcc_vacuum.yaml" or "F1". The card's field is `target_id`; the assignment's node_id is F1. Existing review events: let me check one non-F1 review event to see what target_id convention is used. E.g., the N0 review event or worker-16's review events (node A1). Reading worker-16's review event fields (not F1? worker-16 reviewed F1 too — event w16-...-review-f1). Hmm. Let me check a review event in outbox from a different target: reviews/... Let me grep the outbox for review events with target_id and print metadata for a few, excluding F1-related (to avoid reading F1 verdicts). Actually metadata only (target_id, verdict, score) is safe, but let me avoid even that for F1. Let me look at reviews of F2a in outbox e.g. worker-046's outbox (F2a assignment) — I can read metadata. Or check `comms/outbox/astra-lead-audit.jsonl` for a review event.

Let me grep for '"event_type": "review"' in outbox files with target_id containing F2 or N0, print metadata only. Quick.

Then write the files. Let me also make sure the JSON I write is valid and that I use write tool for the verdict file and checkpoint file, and append to outbox via bash (echo >>). The instruction says use write tool to create files; for appending a line to an existing JSONL, bash append is appropriate (edit tool would also work but the file is 37KB; I can append via a small python script, which is fine — but "Write one JSON object per line" to outbox; I'll use python to append atomically and validate the event against research_map/schemas.py validate_event).

Actually, I can validate my event with `research_map/schemas.py`'s validate_event before appending. Good idea.

Let me check review event target_id convention.
dsh: reasoning:
target_id convention = node id, e.g. "F2b", "F0". So my review event: target_id = "F1", reviewer = "worker-071", verdict = "revise", score = 3, hard_failures = [...], findings = [...], reviewed_sha256 = pin. Plus node_id F1, class_id AF-WCC-VAC-GEN, gate G-FORM, reviewed_path schemas/af_wcc_vacuum.yaml, assignment_event_id audit-r2-F1-a, reviewed_artifact path.

Checkpoint name: target = F1 → `worker-071_F1_checkpoint.json`.

Now compose the verdict JSON. Let me write it with the write tool. It must be valid JSON. I'll build it programmatically via Python to avoid escaping errors? The instruction says use write tool to create files. But writing a large JSON by hand in the write tool is fine as long as it's valid. Then validate with python json.tool and verify hash.

Actually, a cleaner approach: write the JSON content via the write tool, then run a validation script. Let me construct the content carefully.

Verdict JSON structure:

{
  "schema_version": "1.0",
  "artifact_kind": "independent_review_verdict",
  "review_id": "F1-review-rev27-a",
  "assignment_event_id": "audit-r2-F1-a",
  "addendum_event_id": "audit-r2-F1-bindchain-worker-071",
  "node_id": "F1",
  "class_id": "AF-WCC-VAC-GEN",
  "gate": "G-FORM",
  "reviewer": "worker-071",
  "role": "independent_blind_reviewer",
  "created_at": "2026-09-12T00:5x:xx+08:00",
  "target": {
    "path": "schemas/af_wcc_vacuum.yaml",
    "pin_sha256": "cce9...",
    "sha256_before_read": "cce9...",
    "sha256_after_read": "cce9...",
    "pin_match": true,
    "moving_target": false,
    "bytes": 36014,
    "revision": 12,
    "revised_at": "2026-09-12T00:31:41+08:00"
  },
  "reviewed_sha256": "cce9...",
  "verdict": "revise",
  "score": 3,
  "independence": {
    "is_artifact_author": false,
    "read_other_f1_verdicts_before_write": false,
    "note": "..."
  },
  "hard_failures": [
    {
      "id": "HF-071-01",
      "axis": "f0_binding hash chain / consistency evidence binding (hash-bound)",
      "finding": "...",
      "evidence": [...],
      "falsifier": "...",
      "required_repair": "..."
    }
  ],
  "findings": [ ... ],
  "acceptance_checks": { ... },
  "f0_binding_chain": { ... },
  "refresh_rule_status": { ... },
  "falsifier_suite": {...},
  "class_separation": {...},
  "evidence_refs": [...],
  "self_check": {...}
}

Let me now decide exact content for hard failure and findings, with hashes.

HF-071-01:
- finding: "f0_binding.consistency_evidence_sha256 is 675a99d0... but artifacts/formulation/evidence/taxonomy_consistency.json at current bytes measures 9e335e9b.... The declared bytes exist only in pinned snapshots (artifacts/worker-022/evbind_guard/pinned/taxonomy_consistency.675a99d0d25b.json and artifacts/worker-092/evbind/pinned/taxonomy_consistency.675a99d0.json, both measured 675a99d0...), and differ from the live file by carrying 'map_taxonomy_sha256': 0abb9ed8..., 'lead_contract_sha256': d7419b4e..., 'measured_at': 2026-09-12T00:32:02+08:00, which the live file no longer contains."
- evidence: paths + hashes; diff summary.
- falsifier (to test the finding): "Restore/point the binding at bytes hashing to 675a99d0..., or refresh consistency_evidence_sha256 to 9e335e9b... and re-run the consistency check so the live evidence re-anchors the F0 hash; then this hard failure is falsified."
- required_repair.

Findings:
F-071-02 (major): AMB-25 cross_artifact stale.
F-071-03 (minor): revision_history ordering.
F-071-04 (minor): rev10 note vs binding_note discrepancy.
F-071-05 (note): ordered[] D2 vs G_r restriction (shared convention).
F-071-06 (info): worker_sha256 historical r3 draft.
F-071-07 (info): supplement not hash-bound in the schema (resolves only via FROZEN).

acceptance_checks:
- pin_before_after_match: true
- duplicate_yaml_keys: []
- structural_gate: {"tool": "artifacts/formulation/tools/check_class_schema.py", "rc": 0, "verdict": "pass", "failed_rules": []}
- acceptance_field_matrix: {"slots_checked": 37, "missing": []} — note card says 26; I'll add note that the current rev12 acceptance-axis matrix has 37 named slots (the "26 fields" phrasing corresponds to an earlier revision) and all are present. Hmm, risky to editorialize. Maybe say: "acceptance-axis matrix as reconstructed from FORM-RULE-SPEC R01-R16 plus the frozen acceptance axes: 37 slots checked, 0 missing; required_fields_missing=[] also reported by the deterministic F1 probe at this pin (map event w088-20260912T003306-artifact-f1-probe/...rev12 note)." That's accurate. But careful: am I allowed to cite worker-088's artifact event note? It's map metadata; fine. But for independence maybe just state my own 37-slot result and the structural gate. I'll include a small note that the card's "26 fields" maps to the acceptance-axis matrix, all present.
- quantifiers: ordered list with 6 rungs; domain_ids resolve; order_matters true; D0 tagged union true; negation + negation_normal_form present; quantifier_class present.
- D0 binder typing: binder r; D0 tagged disjoint union; smooth branch no longer typed as pair; per-branch ambient (Frechet / weighted Sobolev) declared; d0_ill_typed=false (matches worker-088 probe at rev12; my own reading).
- topology clause: dim 4, R^3 one-ended, I+ R×S², forbidden list present.
- data_class: vacuum, Lambda=0, both constraints, smooth/H^s_delta, decay rates; adm_mass unresolved citation flagged.
- genericity: residual_comeager, Baire subspace, excluded_set unresolved, transfer_failures 4 + transfers 2, class_change_warning.
- I+ clause: role conclusion, in_conclusion true, completeness_definition present, k is class parameter.
- visibility clause: role conclusion, single-q tail predicate; variant SET is_this_class false; negation_conclusion present.
- conclusion_type: weak_cosmic_censorship == vocabulary; epistemic_status open_problem; forbidden_strengthenings include C2/C0 inextendibility and all-data; claim_promotion stated.
- conclusion_inflation: none found.
- class_leakage: none; R12/R13 pass; no WCC statement entails SCC (statements disjoint; anti_scope lists SCC; SCC schemas' anti_scope lists WCC).
- assumption_completeness: non_vacuity present with status UNVERIFIED; unresolved_items 4; i_plus k ctor; diffeo quotient gap.
- decidable_falsifier: tier_1 with genericity requirement + machine_checkable_steps + explicit non_machine_checkable_step; tier_2 labelled refutes_strengthening_only.
- falsifier_rows: 25 rows; 25/25 binding_sha256==pin; class all WCC; row 25 cross_artifact stale (finding F-071-02).
- pointers: all resolve (list).
- ledger scope: D-001/T-204/T-208/T-209 match ledger content_status/evidence_level and scope caveats.

f0_binding_chain:
- declared_f0_artifact path + declared hash = 0abb9ed8; measured = 0abb9ed8; status resolved.
- supplement pointer (no declared hash): measured d7419b4e; FROZEN rev28 logical_artifacts pin matches; status "resolved_via_frozen (no schema-declared hash)".
- consistency_evidence: declared 675a99d0; measured 9e335e9b; status mismatch; declared bytes found in 2 pinned snapshots.
- worker_sha256: declared 7a3e1f93; current file cce9a601; status "historical_draft_revision (not a live binding)"; flash-03 artifact event id.
- any other 64-hex hashes in the artifact: none (regex scan found exactly 3).

refresh_rule_status:
- rule text.
- trigger: declared F0 artifact hash change → research_map/formulation_taxonomy.yaml measured 0abb9ed8 == declared_f0_sha256 → trigger NOT tripped.
- consistency re-run status: the live evidence file's mtime is 00:47:25 and its bytes (9e335e9b) were already pinned by FROZEN rev28 (frozen_at 00:35:08); the declared binding was checked_at 00:31:41 and declares the 00:32:02 bytes (675a99d0) → the binding was not refreshed after the evidence re-run → not gate-verdict-ready at current bytes.
- satisfied_at_current_bytes: false (because declared evidence pointer does not resolve), with the nuance that the literal F0-change trigger is not tripped.

Also note: the falsifier rows' binding_sha256 == pin.

Let me get the current timestamp for created_at: use date. Also compute nothing else.

Let me now write the verdict file. I'll write it as a Python dict via a heredoc to ensure valid JSON — but the instructions say use write tool for creating files. I could use the write tool with the full JSON text. To avoid JSON syntax errors, I'll write it carefully and then validate. Given the size (~10KB), the write tool is fine.

Actually, a hybrid: use the write tool to create a Python script that emits the JSON, then run it? That would leave an extra file (not allowed: "Write ONLY the JSON verdict file named below"). Extra scratch files in /tmp are fine (outside repo). I could write a generator script to /tmp and run it to produce the verdict file. But the instruction "Write ONLY the JSON verdict file named below" refers to repo artifacts; a /tmp scratch script is acceptable but unnecessary. However, using the write tool directly for JSON risks typos; validation catches them and I can fix. Let me use the write tool directly with well-formed JSON, then validate with python -m json.tool and re-verify the file hash.

One concern: the write tool path. Use absolute path /data3/guoshaoyang/workdir/ai4math-swarm/reviews/F1-review-rev27-a.json.

Let me get the timestamp first and then write.
dsh: reasoning:
Now write the verdict JSON. Let me compose carefully. I'll use unicode-free ASCII where possible (the repo contains ≥ etc., but JSON handles UTF-8 fine). Keep it valid.

Let me draft:

{
  "schema_version": "1.0",
  "artifact_kind": "independent_review_verdict",
  "review_id": "F1-review-rev27-a",
  "assignment_event_id": "audit-r2-F1-a",
  "addendum_event_id": "audit-r2-F1-bindchain-worker-071",
  "node_id": "F1",
  "class_id": "AF-WCC-VAC-GEN",
  "gate": "G-FORM",
  "reviewer": "worker-071",
  "role": "independent_blind_reviewer",
  "created_at": "2026-09-12T00:53:20+08:00",
  "target": {...},
  "reviewed_sha256": "cce9...",
  "verdict": "revise",
  "score": 3,
  "independence": {...},
  "hard_failures": [...],
  "findings": [...],
  "acceptance_checks": {...},
  "f0_binding_chain": {...},
  "refresh_rule_status": {...},
  "falsifier_suite": {...},
  "evidence_refs": [...],
  "self_check": {...}
}

Let me write it now in full. I need to be precise with hashes:
- PIN cce9c60146d6a907082ade91c67c8ac658bd796d1241f9bb8965c3d2aa69daa3
- declared_f0 0abb9ed8a96135c99e28500535f07f013b95d678aca2e1f5514344c6279094e3
- declared_ev 675a99d0d25b2b37c9b9e9b965aec1c1ff0e388d2665fd9247b58c04733eba48
- measured_ev 9e335e9ba1bfcf777dc9e81816fcf1eda43ce37cef38db754a74649ea6c6fb9b
- supplement d7419b4e8963cb713dd437940466e3f658f9cd4638df46fffaded80227dd3bb1
- FROZEN 2f358f6722d920621a66c0259cb48d35a5e3c1b706f28adf37ed467325fcedf1
- worker_sha256 7a3e1f93f77c382195224a27e701f30d9e40032ce1ab4ea43c01b38c404fe9c4
- AMB25 cross_artifact 276009f4f63dbf838f32f368eed982f5e353d69970ca3227090aed14d26006dc
- falsifier tests file 56bcb4b3234bc86c324bec6e38f142c5ef39517f20d823b6a333f578b7d0851e
- taxonomy_consistency pinned snapshot paths.

Note: I read reviews? No. Independence statement: "I am not an author of schemas/af_wcc_vacuum.yaml; before writing this file I read no reviews/F1* verdict file and no other reviewer verdict for target F1. The only prior-review information seen was the map's gate-audit count (F1: 1 distinct accept reviewer) and a worker-088 artifact-event note about field presence at this pin; no verdict text or finding list was read."

Hmm — I did see worker-088's findings via the events.jsonl extraction (event w088-...review-f2a was F2a, and the f1 probe artifact notes). The F2a review findings are not F1 verdicts. And the worker-088 artifact event note for F1 listed probe results at a previous hash and rev12 status. I'll phrase carefully: "I did not read any F1 verdict file (reviews/*F1*) or any other reviewer's verdict for target F1 before writing this file. Incidental map metadata seen: controller gate-audit coverage counts for G-FORM." I should not claim more than true. The worker-088 f1 artifact event note did appear in my grep output ("Probe report at rev12 cce9c601: all four prior hash-bound findings fixed..."). That's arguably a verdict-adjacent note. But I did not use it to form findings; my checks were independent. To be honest in the JSON, I'll say: "No reviews/*F1* file was read. Two prior-review-derived data points were visible in shared map/event metadata before this file was written: (i) the controller gate-audit coverage counts for G-FORM (F1: 1 distinct accept reviewer at this hash), and (ii) an artifact-event note that the deterministic F1 probe reported required_fields_missing=[] at this pin. Neither contains a verdict text or a findings list for F1." That's accurate — the note did mention "all four prior hash-bound findings fixed" which is a summary. Hmm. Let me phrase: "(ii) an artifact-event note summarising a deterministic F1 probe at this pin (field-presence and prior-fix status). No verdict body, hard-failure list, or findings text for F1 was read." Accurate enough: the note is a summary of findings though. Let me be conservative: "...summarising a deterministic F1 probe at this pin". Fine.

The score: 3.

Now acceptance_checks detail. Let me write compact JSON objects.

Also I must ensure the JSON is the only file written in reviews/. Good.

Then the review event: I'll build it to match the schema: required target_id, reviewer, verdict, score, hard_failures, findings + event_id, event_type, created_at, actor. I'll set hard_failures to a list of objects (schema doesn't constrain types). findings likewise. Also add reviewed_sha256, class_id, node_id, gate, reviewed_path, artifact_refs.

Checkpoint content: standard checkpoint with worker, assignment, target, pin, verdict, score, files written with hashes, evidence summary, next actions, stop rule.

Let me write the verdict now.
dsh: reasoning:
Now validate the JSON, confirm it's the only new file, and record its sha256. Then write the review event and checkpoint.

Note: the acceptance said "Write ONLY the JSON verdict file named below" — I've written only that file to reviews/. Good.

Let me validate and hash.
dsh: reasoning:
The verdict file is valid. Note: F1-review-rev27-b.json also now exists (worker-085 wrote it concurrently at 00:53). I must not read it (blind review rule — though my file is now written, the rule said off-limits until my file is written; it's written now, so technically I could read it, but I don't need to and shouldn't). I will not touch it.

Now emit the review event. I'll construct it and validate against research_map/schemas.py validate_event, then append to comms/outbox/worker-071.jsonl.

Event content:
{
 "event_id": "w071-review-F1-rev27-a-20260912T0054",
 "event_type": "review",
 "created_at": "2026-09-12T00:54:00+08:00" (use actual time),
 "actor": "worker-071",
 "node_id": "F1",
 "class_id": "AF-WCC-VAC-GEN",
 "gate": "G-FORM",
 "target_id": "F1",
 "reviewer": "worker-071",
 "verdict": "revise",
 "score": 3,
 "reviewed_sha256": "cce9...",
 "reviewed_path": "schemas/af_wcc_vacuum.yaml",
 "verdict_file": "reviews/F1-review-rev27-a.json",
 "verdict_file_sha256": "ecc995ec...",
 "hard_failures": [{"id":"HF-071-01","axis":"f0_binding consistency-evidence hash mismatch","severity":"hard","finding":"declared 675a99d0... vs measured 9e335e9b...","falsifier":"...","repair":"..."}],
 "findings": [ {...shorts...} ],
 "assignment_event_ids": ["audit-r2-F1-a","audit-r2-F1-bindchain-worker-071"],
 "evidence_refs": [...]
}

The schema requires target_id, reviewer, verdict, score, hard_failures, findings. Good.

Keep hard_failures/findings objects concise but informative.

Then checkpoint: runtime/state/worker-071_F1_checkpoint.json.

Let me write both programmatically with a python heredoc (append for outbox; write for checkpoint) — but the instruction says use write tool for files. For the checkpoint I'll use the write tool. For the JSONL append, edit/write tools would replace the whole 37KB file; better to append via python -c. That's acceptable (it's a log append, not a file creation).

Actually, let me build the event JSON in a python heredoc and append, validating first. Then write the checkpoint with the write tool.

Let me get the current time.
dsh: reasoning:
Now write the checkpoint: runtime/state/worker-071_F1_checkpoint.json. Content: worker, assignment, target, pin, verdict, score, files/hashes, evidence summary, f0 chain, stop rule, created_at.

Use write tool. Then verify the three deliverables and exit.

Also update todos.
dsh: reasoning:
The pinned schema file hash CHANGED at the final re-check: now d9cebb9404b2e79ef9dab7df7b13113dd3fbd9900848a810eb8d78bd357c5d3d, whereas the pin was cce9c601. The artifact moved after my review was written (someone edited it — likely the lead-formulation or another worker). This is critical.

What should I do? The card's acceptance says: "(1) sha256 the file yourself immediately before and after reading; if either differs from the pin below, STOP and emit a `blocker` (moving target) instead of a verdict." I did check before and after reading — both were the pin. My verdict was written against the pinned bytes cce9c601. The file has now changed (presumably after my verdict and event were emitted).

Options:
1. Leave as is: my review was valid for the pin at the time; the artifact has since moved. The map's gate audit binds verdicts to hashes: "verdicts bound to superseded hashes are advisory only." My reviewed_sha256 = pin, so the controller will treat it as bound to cce9c601 (which is what the assignment asked for). The moving target is now a fact for the controller to handle.
2. Emit a blocker event (moving target) — but the acceptance says emit a blocker INSTEAD of a verdict only if the hash differs before/after *reading*. It didn't at read time. The verdict file already exists and is bound to the pin. Adding a blocker might be appropriate to flag the post-review drift? My stop rule says "1 verdict file + 1 review event + 1 checkpoint, then exit." The card says emit ONE review event. I already did. Writing an extra blocker would violate the bounded task ("one review event ... then exit") — and "Do not set gate verdicts: worker events cannot move gates or status". However, the PROTOCOL allows blocker messages.

Hmm. The safest, most useful action: the situation is important for the controller. But the acceptance explicitly scoped my output: ONE verdict file, ONE review event, one checkpoint, then exit. Adding a blocker event is a second upward message and may conflict with the card.

Let me first check what changed and when — was it modified before I wrote the verdict (i.e., did I review the wrong bytes)? The verdict file was created at 00:53 (write tool output timestamp), and my post-read hash was taken at ~00:45 before writing. The checkpoint was written at 00:54. Let me check the mtime of schemas/af_wcc_vacuum.yaml now and what its new hash is, plus whether a copy of cce9... still exists (artifacts/formulation/schemas/af_wcc_vacuum.yaml mirror). If the canonical schema changed at ~00:54+, my review remains valid for the pin, and the controller's hash-bound scan will see my reviewed_sha256 = cce9c601 (the rev27 pin).

Actually, wait: it's possible that the schema was changed by worker-085 or by lead-formulation right after my read, between 00:45 and now (00:54). Let me check mtime and compare with the mirror. Let me also check if the new hash corresponds to a fix of my HF-071-01 (someone refreshing f0_binding) — that would be an interesting development: my hard failure may have just been repaired. Let me diff to see.

I'll investigate quickly. If the change is a post-review drift, I should record it. Given the bounded-task constraint, the cleanest is to note it in my final report and NOT append more events... but the harness/controller may not read my chat. Hmm. The role is a bounded execution worker whose outputs are the files. The acceptance's moving-target rule was about the read window. My outputs are correct for the pin.

However, PROTOCOL rule: a "blocker" event is legitimate for "moving target" situations. The card said "STOP and emit a blocker (moving target) instead of a verdict" — that's specifically for the read window. Since the file moved after my verdict, the more accurate classification is that the pin is now superseded, not that my verdict is invalid. The controller's gate audit already handles "verdicts bound to superseded hashes are advisory only".

I think the best course:
- Verify precisely when the change happened and what changed.
- If the change happened after my verdict file (e.g., mtime > 00:53), my review stands at the pin; report it clearly in my final message.
- Optionally append a single short `blocker` event? The card says "then emit ONE review event" — I'd rather not add extra traffic beyond the scope. But the drift is material: the schema changed *while my assignment was still executing*, and my checkpoint says the reviewed pin is cce9c601. A controller ingesting my outbox will see the review bound to the pin. That's honest and sufficient.

Hmm, but wait: there's a risk the change happened BETWEEN my before-read hash and my verdict write, meaning I read cce9 bytes (verified), wrote the verdict citing cce9, and the file changed at some point. Either way my review is against cce9 bytes which I verified twice and whose content I read. Fine.

Let me check: mtime of schemas/af_wcc_vacuum.yaml, the new hash, the mirror hash, and diff the new file vs the pinned snapshot (artifacts/worker-022/evbind_guard/pinned/af_wcc_vacuum.yaml is cce9c601). This tells me what changed. If the change is exactly the f0_binding refresh, my HF may now be resolved at the new hash, and I can mention that in the final report (but my verdict remains for the pin it was assigned).

Let me investigate.
dsh: reasoning:
The schema was revised to rev13 at 00:53:20/00:53:40 (mtime 00:53:40), which is right around when I wrote my verdict (00:53:5x). The new revision explicitly fixes exactly my HF-071-01: `consistency_evidence_sha256` refreshed from 675a99d0 to 9e335e9b, checked_at 00:53:41 — "rev13 delta (astra-life05-evidence-binding-repair)". It also corrects the visibility strictness direction (variant SET relation) and D5 equivalences.

Key question: did I review the pinned bytes at cce9c601? Yes — before/after read hashes were both cce9c601, and my verdict/event are bound to `reviewed_sha256 = cce9c601...` (the assignment pin). The file changed after my read (mtime 00:53:40; my verdict was written at 00:53:5x — actually the write completed around 00:53:5x, but the schema mtime 00:53:40 suggests it changed just before/while I was writing). My reviewed content was the cce9 version (I read it earlier, ~00:45-00:50), and the pin check before/after read was satisfied. Importantly, my HF-071-01 is now moot at the new rev13 hash (they refreshed it), but my verdict remains correctly bound to the rev27 pin cce9c601 — which is exactly what the card required ("blind G-FORM review of F1 ... at pin cce9c601...").

Also note: my verdict is "revise" at the pin, and the artifact has already been revised to rev13 (d9cebb94) — consistent with a revise verdict. The controller will treat the cce9 verdict as advisory/superseded if the pin moved.

Should I do anything else? The task said emit valid JSON with IDs evidence hash falsifier, checkpoint, then exit. I have done:
1. reviews/F1-review-rev27-a.json (verdict, revise, 3, hard failure + findings with evidence/hashes/falsifiers) ✓
2. one review event appended to comms/outbox/worker-071.jsonl ✓ (validated against schemas.py)
3. checkpoint runtime/state/worker-071_F1_checkpoint.json ✓

Now, the drift is material. Options:
(a) Append a short `blocker` event noting the post-review move (cce9 → d9cebb94 at 00:53:40) so the controller doesn't apply the cce9-bound revise to the new rev13 hash. The card said ONE review event; a blocker would be a second event. But PROTOCOL defines blocker as a legitimate upward message type and the moving-target condition is real (post-read). The card's stop_rule says one verdict + one review event + one checkpoint then exit. Hmm.
(b) Update the checkpoint to record the observed post-review drift (the checkpoint is mine; updating it keeps a single checkpoint file and records the drift). The card says "Write one checkpoint" — I already wrote it; updating the same file is still one checkpoint. This seems within scope and valuable: the checkpoint should reflect the final state. But the checkpoint currently says the reviewed pin is cce9 (correct) — adding a "post_review_drift" block is accurate and helpful.
(c) Do nothing beyond reporting in my final message.

I think (b) is best: update the checkpoint with a post_review_state note (file moved to d9cebb94/rev13 at 00:53:40, and the rev13 delta explicitly refreshes the consistency evidence hash — i.e., HF-071-01 is addressed at the new hash; the cce9-bound verdict is advisory for the new hash). This keeps to "one checkpoint" while capturing the drift.

Should I also emit a blocker event? The controller's gate audit already handles superseded-hash verdicts ("verdicts bound to superseded hashes are advisory only"), and the lead-formulation clearly made the rev13 change deliberately (astra-life05-evidence-binding-repair). A blocker would add noise and violate the card's "ONE review event then exit". I'll not append a second event. I'll note it in the checkpoint and final message.

Hmm, but there's a nuance: my review event in the outbox is bound to cce9. If the controller ingests it now, it binds to cce9 — correct per the pin. The rev13 change came after the assignment. Fine.

Let me update the checkpoint (edit tool) to add a `post_review_state` block and adjust the summary slightly. I need to be careful: the checkpoint is mine, just created; editing is allowed.

Also note: is it possible that the schema changed BETWEEN my before-read and after-read hash? No — I verified both were cce9. The file changed at 00:53:40, after my after-read check (which was done at ~00:45-00:47). Wait, actually let me reconstruct: my post-read hash was taken in the command after reading the schema — that was well before 00:53. The schema mtime is 00:53:40. My verdict file was created at 00:53 (ls shows 00:53). Hmm, the write tool call happened after several more commands. Let me think: the write tool output said "Created file" without a timestamp, but `ls -la` showed 00:53. The schema mtime 00:53:40. So both happened within the same minute; order uncertain but my read/hash-time was earlier (the "POST-READ HASHES" command ran maybe 5-8 minutes prior). Either way, the bytes I read and cite were cce9c601 (verified twice).

Actually — wait. There's a possibility I should consider: could the write of my verdict have been at 00:53:5x and the schema changed at 00:53:40, i.e. before my verdict was finalized? The content I wrote describes cce9 bytes, which is what I read. The verdict remains a valid review of the pinned revision. Good.

Let me update the checkpoint with the drift note, then finish with a concise final report.

Also update the todo list to completed.
dsh: reasoning:
Done. Final report, concise. Include:
- assignment id, pin, verdict, score
- files written with hashes
- hard failure + findings summary
- the post-review drift note
- note that no gate verdict was set, one review event only, exiting.
