dsh: reasoning:
I'm a worker agent. I need to read handoff/map and comms, take one class-bound task, emit valid JSON with IDs evidence hash falsifier, checkpoint, then exit. Let me start by exploring the workspace.

Let me look at the directory structure first.
dsh: reasoning:
No `handoff` directory at the top level. Let me search for "handoff" and "comms" directories. Maybe in workdir or in agents directories.
dsh: reasoning:
Found it: `/data3/guoshaoyang/workdir/ai4math-swarm`. Let me look at it. There's a `comms` directory, and possibly a `handoff` directory. Also `.agents` directory inside. Let's explore.
dsh: reasoning:
Let me read HANDOFF.md, README.md, comms/PROTOCOL.md, and check the research_map and inbox/outbox.
dsh: reasoning:
Now let me check the research_map, comms/inbox, and see the tasks. My worker id is 068. But agent ids are `deepseek-flash-01` … `deepseek-flash-20`. Hmm. "worker=068" might refer to a different naming. Let me check the runtime directory, research_map, and inbox.

Let me look for assignments for worker 068. Let's list comms/inbox and research_map.
dsh: reasoning:
I'm worker=068. There's no inbox for worker-068 yet. The task says "Read handoff/map and comms. Take one class-bound task, emit valid JSON with IDs evidence hash falsifier, checkpoint, then exit."

There may be a worker-068 inbox file appearing. Let me check for worker-068 specifically, the runtime/instances, and look at what "class-bound task" means. There's a `class_separation.py` and `formulation_taxonomy.yaml` that defines classes. Let's check some recent worker inboxes (e.g., worker-071, worker-085) to understand the pattern, and look at the runtime state/control for assignments.

Let me check:
1. `comms/inbox/worker-068.jsonl` (may not exist)
2. `runtime/instances/` for worker-068
3. `runtime/control/`
4. `research_map/ASTRA_HANDOFF.md`
5. schemas

Let me do that in parallel.
dsh: reasoning:
I am worker=068. There's a `comms/outbox/worker-068.jsonl` already, and `runtime/state/w068_checkpoints.jsonl`, `w068_checkpoint_1.json`, etc. Also `artifacts/worker-068`. So worker-068 has done previous work. Let me read the outbox for worker-068, the artifacts directory, and the checkpoint files. Also look at runtime/control/OVERNIGHT_HANDOFF.md and OVERNIGHT_PLAN.md, since this appears to be an overnight run.

Also, per the protocol, my assignment should be in `comms/inbox/worker-068.jsonl` but that doesn't exist. Hmm — maybe the assignment is delivered via `comms/inbox/astra.jsonl` or there's a "class-bound task" in a queue. Let me check for inbox of worker-068 and the supervisor log for mentions of worker-068.

Let me read the key files.
dsh: reasoning:
I see. worker-068 has been doing a series of tasks:
1. W068-FORM-HELDOUT-09 - class-binding held-out mutants
2. W068-FORM-HELDOUT-09-REPL - replication
3. W068-FORM-POLARITY-10 - polarity probes
4. W068-FORM-POLARITY-11 - WCC arm polarity

Now I'm the next instance of worker-068. My instructions: "Read handoff/map and comms. Take one class-bound task, emit valid JSON with IDs evidence hash falsifier, checkpoint, then exit. worker=068".

So I need to:
1. Read handoff/map and comms ✓ (partially done)
2. Take ONE class-bound task
3. Emit valid JSON with IDs, evidence, hash, falsifier
4. Checkpoint
5. Exit

I should look at what's most valuable now. There are open blockers:
- w068-pol11-10-blocker-wcc-content: content blind spot class-general across all three classes
- w068-pol10-10/11/12: pipeline obstructions

Let me look at the latest state: what has other workers done since? Check the research map for recent assignments and see if any of the polarity findings have been picked up. Also, the key open item is: "an independent executor (not worker-068) re-runs this pinned shadow and reproduces the per-probe verdicts". But I AM worker-068, so I can't be the independent executor. But maybe the most valuable next task is different.

Important consideration: "Take one class-bound task" — a task bound to a class (class_id like AF-WCC-VAC-GEN). I should pick a bounded measurement task that adds new information.

Let me check the current map state, recent events (last ~30 min), and what's still open. Since worker-068 already did POLARITY-11 (WCC), and POLARITY-10 (C2/C0), the natural next step is a *repair verification* or a *different class-bound question*.

Options:
1. Test whether a proposed fix (a content-comparison rule) would catch the probes — i.e., demonstrate a repair candidate. But that's proposing a gate change; controller work.
2. Check other class schemas (there are more classes in the taxonomy, e.g., AF-SCC-C0-VAC-GEN etc.) — maybe check the L-classes or N-classes? "class-bound task" means bound to a class.
3. Run an independent re-measurement with a *different* fixture family: e.g., the F2b class schema wasn't in the earlier corpora (F2a/F2b are "C2" and "C0" — actually F2a = AF-SCC-C2-VAC-GEN, F2b = AF-SCC-C0-VAC-GEN). So all three formulation classes were covered.

Wait — what about the companion supplement F0-R and the new rev27? Let me check the live state. Also the F1 rev12 stage-B R03 base rejection defect (w068-pol10-12). Maybe the highest-value bounded task is to verify whether a fix landed and re-measure, or to produce a *repair candidate* with a falsifier: e.g., a pin-aware content-comparison rule, applied to the existing escape corpus, demonstrating it catches all 12 escapes with 0 false positives on the 12 conforming controls. That's a concrete "verifier design" contribution, class-bound, and it directly addresses the blocker `needed_to_unblock`: "either add a stage-A rule (or stage-B check) that compares conclusion.statement_formal / statement_natural_language against the frozen class conclusion (negation-aware), or record the conclusion-content axis as an explicit machine-unchecked blind spot".

But the worker must be careful: authority rules say worker events cannot set gate verdicts. A repair *candidate* artifact + measurement is fine.

However, there's a risk of duplicating other workers' work. Let me check the map for recent assignments/tasks to see if someone is already doing this. Let me grep the map for "content" / "polarity" / "negation" recent claims, and check what's assigned.

Also, I need to emit events into `comms/outbox/worker-068.jsonl` (append), write artifacts, and checkpoint (per PROTOCOL: `python3 research_map/checkpoint.py`? Actually checkpoint via research_map/checkpoint.py is a full snapshot; but worker-068 previously wrote `artifacts/worker-068/polarity11/checkpoint.json` and a status event. Also `runtime/state/w068_*` checkpoint files exist).

Let me check the map for current assignments and any task addressed to worker-068 or related to polarity. Also check the newest events.

Let me first look at the research_map.json structure and query recent events. It's 3MB. Let me use python to query.

Also I should check `research_map/events.jsonl` tail to see latest state and check whether main node/class assignments reference worker-068.

Let me run a python script to summarize the map: gates, assignments, and recent claims/blockers mentioning polarity/content.
dsh: reasoning:
Let me look at recent assignments and any that are unassigned/queued that I could take, and check the latest events mentioning polarity/content. Also check what other workers have been doing in the last ~10 min. Let me query events.jsonl for recent events (last 15 min) and look for tasks related to the content blind spot.

Also let me check if there's a task queue with "class-bound task" for me. The instruction says "Take one class-bound task" — meaning I choose one, as previous instances did (no inbox card). Let me check `comms/inbox/worker-068.jsonl` again — it doesn't exist. Check research_map/events.jsonl for pending/queued assignments to worker-068.

Let me search the events and map for references to polarity11 / content blind spot to see whether someone already picked it up (e.g., a "repair candidate" task).
dsh: reasoning:
There's a large fleet of workers doing independent class-bound tasks. All workers self-select a task. I'm worker-068, and should take one bounded class-bound task that isn't a duplicate of someone else's in-flight work.

Key open items from worker-068's own prior pass:
1. `w068-pol11-10-blocker-wcc-content`: conclusion-content blind spot across all three class schemas; needed: either add a stage-A rule (or stage-B check) comparing conclusion.statement_formal / statement_natural_language against the frozen class conclusion (negation-aware), or record the conclusion-content axis as an explicit machine-unchecked blind spot.
2. `w068-pol10-10`, `w068-pol10-11`, `w068-pol10-12`: 
   - unpinned KEY_MANIFEST drift (HELDOUT-09 reference masked)
   - WCC base stage B R03 rejection (live rev12 fails)
   - polarity blind spot
3. `w068-hel09r-13-blocker`: FROZEN rev25 -> rev26 moving target.

The natural next step for worker-068: **propose and measure a repair candidate** — a pin-aware conclusion-content comparison check — against the existing escape corpus (from polarity10/polarity11/heldout3), showing catch rate and false-positive rate on conforming controls. That directly addresses "either add a stage-A rule (or stage-B check) that compares conclusion... (negation-aware)" and is a concrete verifier-design contribution. It's class-bound (all three class schemas: AF-WCC, AF-SCC-C2, AF-SCC-C0), measurement only, no gate verdict.

But wait — "worker=068" is the same worker ID. Previous worker-068 events ended with POLARITY-11 and said "worker exits for recycling". The blocker `needed_to_unblock` says "An independent executor (not worker-068) re-runs this pinned shadow..." — for the *replication* aspect. But the primary needed action is "either add a stage-A rule ... or record the conclusion-content axis as an explicit machine-unchecked blind spot". A worker-068 successor could legitimately build a repair *candidate* (a proposed rule + measurement of its behavior on the corpus) without claiming it's the gate verdict. The artifact would be a candidate patch, not a gate change; controller/lead adjudicates. That's within worker authority as long as we clearly label it as a proposal, not a validated gate.

Alternatively, maybe I should take a fresh task: something that's independently valuable and class-bound, e.g., test the *other direction*: are there false *rejections* of conforming variants beyond the one R03 issue? Or test the class-binding pipeline on a different held-out family — e.g., F1/F2 "class leakage" mutant families (transfer across classes) — but heldout3 already did 35 mutants.

Let me check what's already in flight from other workers around the content/polarity axis, to avoid duplication. Search events for "polarity", "content blind spot", "negation", "repair" in the last ~30 min. Also check whether any worker is building a "content comparison rule".

Let me grep events and map for "statement_formal" and "negation" and "pin-aware".
dsh: reasoning:
Now I understand the landscape. Key related work:

- worker-003 did `W003-C0-POLARITY-ADJUDICATION-01` at fixture 1e8898ac7bad — independent adjudication of the C0 polarity fixture. So that's a partial answer to the "independent reviewer adjudicates c0_03_conclusion_negated" item.
- worker-004 did `w004-semct-blocker-f1-r03` — the live F1 rev12 stage-B R03 base rejection. So the F1 R03 defect is confirmed at rev12.
- worker-016, worker-064, worker-080 did semct rebase/staleness work.
- deepseek-flash-13 says at FROZEN rev28 the three rev12 canonical class schemas pass all R01-R16 checks of FORM-... Hmm, interesting: at rev28 schemas pass; at the earlier stage the F1 rev12 failed stage B R03. Possibly the stage B tool / KEY_MANIFEST changed.
- worker-073, worker-076 etc. on F0.

For worker-068 (successor), the natural task continuing its own line: The blocker w068-pol11-10 asked for either a content-comparison check or a documented blind spot entry. What hasn't been done: a **repair candidate / detection rule** for the conclusion-content axis, evaluated on the full corpus (heldout3 + polarity10 + polarity11), at pinned hashes, with false-positive measurement on conforming controls and liveness on known-rejected. This is a concrete verifier-design contribution, class-bound to all three classes, and it's the "add a stage-A rule (or stage-B check) that compares conclusion..." branch.

But caution: the live state moved: rev12 canonicals (F1 cce9c60146d6, F2a 5476a3f2c6bc, F2b 55d0a1ea9bda), FROZEN rev28 (2f358f6722d9?), KEY_MANIFEST maybe changed. The polarity10/polarity11 corpora were built at rev11/rev9 hashes and shadow-key manifests. A repair candidate should be measured at the current live hashes (rev12) if possible. Since worker-004 found live F1 rev12 fails stage B R03, the base rejection issue may persist; but deepseek-flash-13 says rev28 passes R01-R16. Need to measure.

Alternative task: **A "conclusion-content equality/negation-aware checker" reference implementation plus measurement of what it would catch** — i.e., a candidate rule R17: parse conclusion.statement_formal from the fixture and compare with the frozen class canonical's conclusion statement (normalizing whitespace/comments), flag if not equivalent, with negation detection. Measure on:
- The known escapes (c0_03_conclusion_negated; polarity10 C2/C0 escapes; polarity11 WCC escapes) → expected catch.
- The conforming controls + identity controls → expected no false positives.
- Known-rejected liveness controls → no regression (they're already rejected; rule shouldn't *accept* anything).

This is bounded, deterministic, and directly unblocks a decision. But there's a subtlety: statement_formal is a formal text; determining "equivalent" or "negation" is not trivially decidable in general. A candidate could do token-level comparison (normalized) plus explicit negation-marker detection. The honest framing: measure a *conservative* checker (exact/normalized equality against frozen statement, plus negation patterns) and report catch/FP rates. That's exactly the kind of verifier-design work the HANDOFF says is the leverage.

Actually, wait. Let me reconsider. Maybe a better target: worker-068's earlier blockers include `w068-pol10-11-blocker-unpinned-input` (stage A reads KEY_MANIFEST which no stage hash pins). That is a real methodological hole: measurement pipelines not fully pinned. A fix candidate: an input-dependency manifest / pinning shim that records and validates every file the stages read. But worker-068 already measured it.

Given time-boxing (bounded, then exit), I think the "repair candidate for the conclusion-content blind spot" is the highest-value single task. It follows directly from the worker's own blockers and worker-003's adjudication (which likely confirmed c0_03 is a genuine class leak — let me check worker-003's verdict to be consistent).

Let me check worker-003's review/claim, worker-004's R03 finding, and the latest FROZEN rev28 state + KEY_MANIFEST + stage tool hashes. Then decide the pinned pipeline for the repair-candidate measurement.

Let me query the map for those specific events and check current live file hashes.
dsh: reasoning:
Now I have a clear picture. The current live situation:
- F1 rev12 (cce9c60146d6) fails stage B R03 (measured). 
- KEY_MANIFEST rev28 (014e2d301978) causes structural R22 rejections of everything, so the pipeline is currently not calibration-valid at rev28; rev27 (fce91948ba3a) works.
- worker-003 built a candidate R11+ polarity check for the C0 arm (lexical polarity on statements), and it flagged exactly c0_03 in the 49-fixture corpus — but its scope: "decides only statements that mention extension/extendibility vocabulary". It's C0-only. worker-003's blindspot_entry is a proposal.

Now what can worker-068 do that is new, bounded, class-bound, and valuable?

Candidate task W068-FORM-POLARITY-12: **A class-general conclusion-content check (negation-aware) evaluated against the full three-class escape corpus at pinned hashes, with measured catch rate and false-positive rate** — i.e., generalize worker-003's C0-specific four-criterion lexical polarity check to all three classes (WCC, C2, C0), on the union corpus (heldout3 35 mutants + polarity10 15 probes + polarity11 14 fixtures), measuring:
- Catch: which previously-escaping fixtures does the candidate check flag?
- Specificity: which conforming control fixtures does it wrongly flag?
- Liveness: known-rejected still rejected by the base stages (i.e., the check is additive).
- Report per class + per operation.

This directly addresses the open `needed_to_unblock` of w068-pol11-10 and w068-pol10-10: "either add a stage-A rule (or stage-B check) that compares conclusion statements against the frozen class conclusion (negation-aware), or record the conclusion-content axis as an explicit machine-unchecked blind spot". worker-003 did the C0 arm only (and its check is C0-vocabulary-specific). The general checker + cross-class measurement is still open and is exactly the same worker's line of work.

Design of the candidate check: A deterministic, stdlib-only (PyYAML) checker that, given a fixture YAML and the frozen class base YAML, compares `conclusion.statement_formal` and `conclusion.statement_natural_language` against the base:
1. Normalize whitespace/comments.
2. If normalized string differs at all → flag? That would be too strict: it would flag legitimate semantic-preserving edits. The conforming controls are presentational (comments, blank lines, renames) — normalization handles them. But there may be conforming controls with paraphrase/repair? worker-003 mentions "negation-preserving paraphrases" silent. Hmm. In heldout3, the conforming controls are 4 + diagnostics. Need to check what "conforming controls" exist: ctrl_c0_variant_registered, ctrl_w_comment_only, etc. Let me inspect the corpora.

A safer design: flag when the *polarity/content* of the conclusion statement differs from the base, using a lexical negation-aware classifier; report separately:
- `content_differs` = normalized token multiset difference beyond a threshold?
- `polarity_flipped` = presence/absence of negation markers, or antonym pairs (exists/does not exist, extends/does not extend, non-existence).

Actually, worker-003's four criteria are worth looking at to reuse (with attribution) — but I should build independently. Let me read worker-003's adjudicator to understand the four criteria, and then build a class-general version.

However, wait. There's an important consideration: Is it better to do an *independent* measurement that answers a live open question rather than building on worker-003? The instruction says take ONE class-bound task. The repair-candidate measurement is one bounded task. It's within worker authority: a worker may propose a candidate rule and measure it; not apply it to canonical paths. Good.

Also must include: IDs, evidence, hash, falsifier, checkpoint, then exit. So the deliverable:
- `artifacts/worker-068/polarity12/` with: manifest.json (pins before), build/run scripts, report.json, raw_verdicts.json, checkpoint.json, README.md, candidate rule spec (rule_r17_candidate.json or .py).
- Events appended to `comms/outbox/worker-068.jsonl` with valid schema (event_id, event_type, created_at, actor + required fields per type).
- Checkpoint: write `runtime/state/w068_polarity12_checkpoint.json` and emit a status event; maybe also call `research_map/checkpoint.py`? Let's check what checkpoint.py does and whether workers use it. worker-003 referenced `runtime/state/checkpoints/ckpt-...json` — probably created by `research_map/checkpoint.py`. Let me check if it's safe to run (it might be heavy/locking). The protocol says `python3 research_map/checkpoint.py  # full 15-min checkpoint snapshot`. Workers have used it. But careful: running the controller's checkpoint could interfere with the live controller (map.lock). Let me read checkpoint.py before running. Actually, previous worker-068 instances wrote worker-local checkpoints (runtime/state/w068_*.json) and referenced the global checkpoint only when the controller ran it. worker-003 ran the global checkpoint itself. Hmm.

Safer: write a worker-local checkpoint artifact + optionally run checkpoint.py if it's read-only-ish. Let me read checkpoint.py.

Also need to validate my events against `research_map/schemas.py` (worker-068's emitter did that: "validates every event against research_map/schemas.py"). I'll write an emitter that validates events, then appends them idempotently to the outbox.

Let me now:
1. Read `research_map/schemas.py` to know required fields per event type.
2. Read `research_map/checkpoint.py` to see what it does.
3. Inspect the corpora: `artifacts/worker-068/heldout3/`, `polarity10/`, `polarity11/`, and worker-003's adjudicator + report for context.
4. Check current live hashes: schemas/af_wcc_vacuum.yaml, af_scc_c2_vacuum.yaml, af_scc_c0_vacuum.yaml, frozen bases in heldout3/bases, stage tools, KEY_MANIFEST current + rev27 copy, rule_spec.

Let me do these reads efficiently. First read schemas.py and checkpoint.py.
dsh: reasoning:
`checkpoint.py` ingests comms (mutates events.jsonl / rejected.jsonl) and writes state snapshots — it does not mutate research_map.json. Running it is what the controller does; workers have run it (worker-003). But running it concurrently with the live controller could race. The `map.lock` exists, but checkpoint.py doesn't take the lock. Hmm. Actually the ingest is the risky part. Let me be careful: I can emit my events to the outbox, and write a worker-local checkpoint artifact. Then optionally run `checkpoint.py` with my label — previous workers did. Given the "checkpoint" instruction in my task, I should do a checkpoint. I'll run `python3 research_map/checkpoint.py --label worker-068-FORM-POLARITY-12` at the end, which ingests my outbox events and snapshots state. That matches what worker-003 did and it's the documented controller command. There is a risk of racing the live controller process, but checkpoint.py is designed to be idempotent and ingest is line-based; the controller also runs it every 15 min. Workers have been doing it. I'll do it once at the end after emitting events.

Now, let me inspect the corpora and the pipeline to design the task concretely.

Key inputs:
- Heldout3 corpus: `artifacts/worker-068/heldout3/` — bases/, mutants/, controls/, manifest.json, raw_verdicts.json, report.json.
- Polarity10: `artifacts/worker-068/polarity10/` — 15 probes, etc.
- Polarity11: `artifacts/worker-068/polarity11/` — 14 fixtures, pinned shadow inputs.
- worker-003's check: `artifacts/worker-003/c0_polarity_adjudication/adjudicate_c0_polarity.py` and report.json. It flags exactly c0_03 among 49 fixtures using four lexical criteria. I can use this as a reference (not copy) and generalize.

Let me look at directory listings and manifests first. Also check the current live hashes and FROZEN.
dsh: reasoning:
Let me look at the polarity10 and polarity11 manifests/reports to understand fixture naming and results, plus the heldout3 report. Then look at worker-003's checker to know what "four criteria" means, so my generalized candidate is genuinely different/general (or extends it).

Let me read:
- artifacts/worker-068/polarity10/report.json (small?)
- artifacts/worker-068/polarity11/report.json
- artifacts/worker-068/heldout3/report.json
- artifacts/worker-003/c0_polarity_adjudication/report.json
- worker-003's adjudicator code (to see the four criteria)

Let me check sizes first.
dsh: reasoning:
Now let me look at the polarity10/11 fixtures and the reports' escape lists, plus worker-003's four criteria. Let me read worker-003's adjudicator header (docstring + criteria) and report findings summary. And read polarity10 report's `escaped_probes_informative`, `per_op_informative`, and polarity11's measurement.

Then design the check.

Actually, let me step back and think about what's the *best* bounded task.

Given the current live state (rev12, FROZEN rev28, KEY_MANIFEST rev28 broken for stage A R22, F1 R03), a class-general content check evaluated on the union corpus is valuable but might be seen as "continuing worker-068's own work". That's fine — the fleet model has workers iterating on the same problem; the deliverable must be new information, not a re-run.

New information candidate: **A class-general (all three classes) conclusion-content invariance check with measured discrimination**:
- Inputs: 35 heldout3 mutants + 15 polarity10 probes + 14 polarity11 fixtures + 4+5+4+3 conforming controls across corpora, all at pinned hashes.
- The check (R-CAND): compare `conclusion.statement_formal` and `conclusion.statement_natural_language` between fixture and its class base, after a *normalization* that preserves content but ignores formatting (strip comments, whitespace collapse, YAML round-trip equivalence, token case?), then compute:
  - `exact_normalized_equality` → conforming if equal.
  - if different: classify as content change; then negation-aware sub-check: detect polarity markers (negation tokens like "no ", "not ", "does not", "non-", "¬", "never", "fails to", "impossible") and antonym/role swaps specific to each class conclusion vocabulary (existence vs non-existence of extension; completeness/visibility conjuncts).
- Measure: how many of the 35+15+14 fixtures flagged; of which are labeled escapes; how many conforming controls flagged (false positives); how many known-rejected are unchanged in the base stages (they're rejected anyway; the check is additive).
- Report per-class and per-op catch rates; identify remaining blind spots (e.g., ops that change content but not via normalization-detectable ways, like quantifier domain swap).

Wait, but is "flag if normalized statement text differs from base" too strong? For the heldout3 mutants, many mutations change other fields (class_id, conclusion_type...), and conclusion statements may be unchanged. For conforming controls, the conclusion statements might legitimately differ (e.g., ctrl_c0_variant_registered — a variant registered; ctrl_c0_variant_registered might have different statement but still conforming? Let me check). Worker-003's check flagged exactly 1/49 in the heldout3 corpus: c0_03. That corpus includes 4 conforming controls and 35 mutants + 10 known-leaks? "49-fixture specificity sweep". So a pure equality check would probably flag most of the 35 mutants? No wait — most mutants mutate other fields, leaving conclusion statements equal to base; only the conclusion-content family (c0_03, c2_03, w02?, etc.) changes statements. Hmm, c0_02_extension_regularity_c2, c2_02_extension_regularity_c0 etc. might change statements too.

Let me look at what the mutants actually change. I can compute a quick diff of each mutant vs its base to see which change conclusion.statement_formal/natural_language. That tells me the target set for the content check. Let me do that with PyYAML now (is PyYAML available? worker-068 used it; yes).

Also, importantly: I should check whether there is an even more pressing open task. Let me quickly scan the ASTRA_HANDOFF pass-04 open assignments: `astra-life04-n0-stoprule` (worker-067 did), `astra-life03-heldout-09` (open until 02:30) — "heldout-09" is exactly the held-out corpus task from worker-068's line! The assignment `astra-life03-heldout-09` is still open (per ASTRA_HANDOFF line 45-46: "Older ... are superseded; `astra-life03-repin-claims` (01:30) and `astra-life03-heldout-09` (02:30) stay open"). Wait — it says astra-life03-heldout-09 stays open. That's the heldout corpus assignment. Let me check the map assignment for `astra-life03-heldout-09` to see the acceptance/falsifier/stop rule, and whether it's assigned to worker-068 or deepseek-flash-XX. That would be the canonical "class-bound task" for me to take! Let me look.

Also check `astra-life04-*` cards. Let me query assignments in the map with details.
dsh: reasoning:
I found the key open assignment: `astra-life03-heldout-09` — assigned to `astra-lead-formulation` (a lead, not a worker), deadline 02:30, and it's the re-dispatch of FORM-HELDOUT-08's measurement as FORM-HELDOUT-09. Worker-068 already did a version of HELDOUT-09 (W068-FORM-HELDOUT-09 at rev25), and it's open. Its acceptance criteria:
- fresh corpus built against the frozen bytes
- manifest hashed BEFORE any stage run
- >=20 mutants across >=10 leak families
- >=7 controls that must pass both stages
- one fresh independent executor who did NOT build the R26-R31 rules and is not worker-16
- aggregates {structural_escape, semantic_escape, union_escape} + union escape family list
- an independent replication of the frozen result

The worker-068 HELDOUT-09 has 35 mutants, 4 controls (+3 in replication), and a replication by worker-068 (not independent). The "second and third problem" etc.

The blocker w068-hel09r-13 says the corpus binds rev25 content but FROZEN moved. Also, the live pipeline is currently broken at rev28 (KEY_MANIFEST R22) and F1 rev12 R03.

Given all this, what can I, worker-068, do in one bounded task that is genuinely new and useful? Some options:

(A) **W068-FORM-POLARITY-12: class-general conclusion-content invariance checker (candidate R-CAND) measured on the union corpus.** Extends the confirmed blind spot (C0 adjudicated by worker-003; C2/C0 by pol10; WCC by pol11) into a *repair candidate with measured catch/FP rates across all three classes*. This is the direct successor to worker-068's own blockers and worker-003's C0-only candidate. Concrete new info: per-class catch rate of a generalized checker, false-positive behavior on all conforming controls from all corpora, and a comparison to worker-003's C0-only check. It also produces a candidate rule spec + reference implementation (verifier design).

(B) **A re-pinned HELDOUT-09 at the current frozen bytes** — but that's a lead card and requires the pipeline to be valid; the pipeline is currently broken (KEY_MANIFEST rev28 rejects everything, F1 rev12 fails R03). Building a fresh corpus against bytes that the pipeline can't accept would be format-dominated → INVALID per the falsifier. So (B) is not viable right now, though I could document the obstruction (already documented by others).

(C) **Independent adjudication of the pol10/pol11 escapes** — but worker-068 probing its own corpus isn't independent.

(D) **Test the checker against a *new* probe family not yet covered** — e.g., quantifier-domain swap / hypothesis substitution content changes (mentioned as a limitation: "they do not cover every content-inversion family (e.g. hypothesis substitution, quantifier-domain change)"). Extending the corpus with new content-change families and measuring both stages would be incremental new information, but again author-built.

I think (A) is the best: it's a *verifier-design* contribution (the strategic leverage per HANDOFF §1a/§1b), it directly addresses the open `needed_to_unblock` in three separate blockers, it's measurement-only, and it's class-general. It also has a crisp falsifier and produces valid JSON artifacts.

One concern: the task should be "class-bound". All three class ids are bound. Good.

Now let me design the deliverable precisely:

**Task ID:** W068-FORM-POLARITY-12 (successor to POLARITY-11).
**Question:** Does a class-general, negation-aware conclusion-content invariance check (candidate rule R-CAND) detect the conclusion-content/polarity escapes previously measured across AF-WCC-VAC-GEN / AF-SCC-C2-VAC-GEN / AF-SCC-C0-VAC-GEN, and what is its false-positive rate on all conforming controls in the three corpora, at pinned bytes?

**Method:**
1. Build a union fixture index from pinned corpora:
   - heldout3: 35 mutants (labeled escapes/non-escapes via raw_verdicts union), 4 controls, known_leaks (6?), bases (3).
   - polarity10: 15 probes, controls (identity + conforming), known_leaks, bases.
   - polarity11: 14 fixtures, controls, known_leaks, shadow bases.
   All pinned by their manifest sha256, verified before/after.
2. Implement `conclusion_invariance_check.py`: a deterministic, stdlib+PyYAML reference implementation of candidate rule R-CAND that, for a fixture with class_id C and its base B:
   - extracts conclusion.statement_formal and conclusion.statement_natural_language;
   - normalizes (strip YAML comments, collapse whitespace, strip trailing punctuation? careful);
   - flags `CONTENT_DIFF` if normalized text differs from base;
   - if CONTENT_DIFF, classify polarity with negation-aware criteria:
     * presence/absence of explicit negation markers/antonyms relative to base (e.g., "no ", "not ", "does not", "fails", "non-existence", "never", "¬", "impossible")
     * per-class antonym/predicate pairs: existence ↔ non-existence of extension; complete ↔ incomplete (I+); contained ↔ not contained (visibility); etc.
     * word-level polarity shift count.
   - Decision: FLAG if CONTENT_DIFF and (negation-count delta != 0 OR antonym-pair swap detected OR normalized content edit distance above threshold?) — the safest is FLAG if CONTENT_DIFF (treat any conclusion statement content change as a review flag), and additionally *classify* why. Actually that's the cleanest: a rule "conclusion statement content must be invariant up to formatting" flags any content change → catches all content-inversion escapes; false positives then depend on whether conforming controls alter statements. We measure that. Then a second, narrower "polarity-only" variant flags only polarity flips; measure both variants. This gives a proper 2-point ROC: strict (any content change) vs polarity-aware. Good measurement design: report catch rate and FP for both variants.

   Wait — a strict equality check could be criticized: legitimate conforming variants might paraphrase the conclusion. In the corpora, do any conforming controls change the conclusion statements? Let me check. In heldout3, `ctrl_c0_variant_registered` — probably a registered variant with a different conclusion statement? Let me inspect the controls. If any conforming control legitimately changes statement content, strict equality flags it (FP) but the polarity variant may not. That's exactly the useful measurement.

3. Run the checker over every fixture (one stage: the check is independent of stage A/B), using each fixture's own class base and *also* a cross-class base to detect class mismatch? Hmm — an important subtlety: the escape `c0_03` keeps class_id=C0 but inverts the statement. Cross-class comparison: comparing the C0 fixture's conclusion to the WCC/C2 base conclusions might also catch it. Keep it simple: compare against the fixture's declared class base, plus a cross-class "wrong conclusion" check (does the fixture's conclusion match a *different* class's conclusion better?). That may be over-engineering. Keep the core: same-class base comparison, two variants (strict content, polarity-aware), per-class and per-op results, controls FP, known-leak liveness (the checker is additive: base stages already reject those; report that the checker also flags or not, but not claim detection).

4. Expected labels: from the frozen corpora raw_verdicts (escape = accepted by both stages). For fixtures that were caught by stages, the content check's flag is still measured but labeled separately. The primary metric is on the *escape* subset: of N previously-escaping fixtures whose label family is conclusion content/polarity, how many does R-CAND flag? Secondary: FP on conforming controls (must be 0 for a good rule).

5. Validate: internal consistency checks (all input hashes match manifest; all fixtures parsed; counts reproducible); fail-closed on drift.

6. Artifacts: manifest.json (pins + fixture index hashed before run), conclusion_invariance_check.py, run_polarity12.py, report.json, raw_results.json, candidate_rule.json (rule spec proposal), checkpoint.json, README.md.
7. Events: artifact events for each artifact, claim, blocker (if any), status checkpoint, status complete. Plus maybe a review event? No — a worker can't review its own artifact.

Now, I must also handle the question of *which* pinned corpus inputs to use, and whether to fix the "unpinned KEY_MANIFEST" issue. For the content check, the stage tools are not needed at all! The check is purely a lexical/structural comparison against the base YAML. That's a strength: it's independent of the broken stage pipeline and can be evaluated on the live rev12 bytes directly. But wait: F1 rev12 is live, and the bases in heldout3 are rev11 copies. For a *proposed rule*, the natural target is live canonical bytes: compare each live canonical schema's conclusion.statement_formal/natural_language against... itself? No. The rule would be applied to *candidate artifacts submitted against a frozen class*, i.e., a fixture vs its class base. The existing corpora provide the fixtures.

But there's an important live-application option: run R-CAND on the live rev12 canonical schemas to check whether their own conclusions are consistent with their class contract? Not applicable.

Better: evaluate R-CAND on the union corpus (pinned archived bases + fixtures), clearly scoped. Also run it on the live rev12 canonicals as a *calibration*: R-CAND vs its own base? No.

Hmm, one more consideration: the rule should be *deterministic and cheap* (verifier design). Good.

Now, is this "one class-bound task"? Yes: class_ids = all three.

Before writing code, let me examine the corpora in detail: manifests, fixture lists, controls, raw verdicts, and worker-003's criteria. Let me read the polarity10 & 11 raw verdicts and manifests, and check what the conforming controls look like (do any change conclusion statements?).

Let me write a quick inspection script.
dsh: reasoning:
Let me get the full fixture lists with labels from both corpora plus heldout3 manifest, and the raw verdicts escape sets. Let me dump a compact table.
dsh: reasoning:
Now let me check the raw verdicts for which probes escaped (accepted by both) in each corpus, and the heldout3 verdicts. Also check whether conforming controls change conclusion statements (so strict equality FP behavior).

Let me write a script that, for each fixture in the three corpora, diffs the conclusion fields against its base. This will tell me the landscape, and also serve as a prototype for the checker.
dsh: reasoning:
The heldout3 manifest fixtures have `expectation` values. Let me now compute conclusion diffs for all fixtures across the three corpora, with their base files, and cross-reference with raw verdicts (escape = accepted by both).

Let me find base paths:
- heldout3 bases: artifacts/worker-068/heldout3/bases/*.yaml (W→af_wcc_vacuum, C2→af_scc_c2_vacuum, C0→af_scc_c0_vacuum)
- polarity10 bases: artifacts/worker-068/polarity10/bases/
- polarity11: shadow bases under artifacts/worker-068/polarity11/shadow/schemas/, and fixtures reference base by letter W/C2/C0.

Let me inspect one base's conclusion structure and one probe to see the fields.
dsh: reasoning:
Now let me compute the conclusion diffs for all fixtures in the three corpora, cross-referenced with their labels (escape vs caught, conforming control, known-rejected, known-escape reference). This informs the checker design and expected results.

Let me write the analysis script carefully. For base lookup:
- heldout3: bases/af_wcc_vacuum.yaml, af_scc_c2_vacuum.yaml, af_scc_c0_vacuum.yaml; fixture manifest has "base": W/C2/C0 and "fixture" path relative to repo root.
- polarity10: bases/ has same three names presumably; fixtures under probes/controls/known_leaks.
- polarity11: shadow/schemas/ for W; C2/C0 bases? polarity11 manifest shadow_pins only lists W. Let me check polarity11/build_corpus11.py to see where C2/C0 bases came from. Actually polarity11 is WCC-only (6 probes, all W), and the known_rejected controls are C0-based (from heldout3 controls?). Let me check.

Let me write a generic resolver: parse fixture's class_id → base file from the corpus's own bases dir or shadow; for polarity11 known_rejected, they may have their own base copies under known_leaks/.

Let me just check the directory listings of bases/known_leaks for each corpus.
dsh: reasoning:
Now let me run the diff analysis: for each fixture across the three corpora, compare conclusion.statement_formal and statement_natural_language (normalized) to its class base. Also gather the verdict labels from raw_verdicts.json.

For base resolution:
- heldout3 and polarity10 each have their own bases/ (three files).
- polarity11 W base = shadow/schemas/af_wcc_vacuum.yaml; C2/C0 bases needed for known_rejected controls (C0) — maybe polarity11 has copies? Not in bases/. The known_rejected fixtures are C0 class. I can use heldout3/bases for the C2/C0 base when comparing polarity11 known_rejected... but those are shared corpus fixtures with identical bytes? Let me check hashes. Actually for R-CAND evaluation on known_rejected controls, base comparison isn't essential (they're already rejected). But for completeness I can resolve the base via polarity10/bases.

Let me check polarity11/build_corpus11.py to see what base it used for known_leaks. Quick grep.

Let me now do the analysis.
dsh: reasoning:
Excellent. This is very informative:

- In heldout3, all conforming controls and caught mutants have identical conclusion statements (formal_same, nl_same) → strict equality check would have 0 FPs on those.
- The known_rejected/known_escape fixtures (from FORM-HELDOUT-07/08) all have FORMAL_DIFF + NL_DIFF vs their base (but they may be based on different revisions — their manifest base is None, so my comparison used heldout3 base; they may be built on a different revision → not necessarily meaningful).
- In polarity10/11, all probes change either formal or NL (except p4 token flip), and conforming controls/identity are identical. So strict content equality catches all probes with 0 FP among conforming controls.

So a content-invariance rule (compare normalized conclusion statements against the class base) catches:
- heldout3: c0_03 (1/1 escape) — and x03 (caught anyway).
- polarity10 escapes (C2/C0): p1,p2,p3,p5? wait p5/p6 are W-only; C2 escapes: c2_p1, c2_p2, c2_p3 (3 escapes), C0 escapes: c0_p1,c0_p2,c0_p3,c0_p7 (4 escapes) → all FORMAL/NL DIFF. Total 7 escapes, all caught by strict equality.
- polarity11 W escapes (5): all DIFF. Caught.
So strict equality catches 1 + 7 + 5 = 13/13 known conclusion-content escapes, with FP = 0 on all conforming controls (4+3+5 = 12 conforming controls, plus identity 3 in pol10, 1 in pol11).

But wait: what about the heldout3 "escaped" set from the frozen report: union escape 1/35 (only c0_03). So the strict rule catches the single union escape. Good.

However, there's a subtlety: the p4 token-flip probe doesn't change statements (caught by R11 token check). That's fine.

The interesting measurement: is the strict content-equality rule *sufficient and safe*? Potential issues to measure:
1. False positives on the *canonical/witness* set beyond conforming controls: e.g., are there fixtures with legitimate conclusion *content* differences that should be accepted? In the corpora, all must_be_accepted controls have identical statements. So no FP observed. But there's a scope caveat: the corpora don't contain a "paraphrase" control (worker-003 mentioned "negation-preserving paraphrases" silent). Hmm — worker-003's README said its check was "silent on ... negation-preserving paraphrases" — meaning it had paraphrase controls that don't get flagged. Those were its own controls, not in the shared corpus.

2. The rule needs the *class base* to compare against. In the live pipeline, stage A has the frozen schema; the rule could be implemented in stage A/B as "the submitted schema's conclusion statements must be identical (up to formatting) to the frozen class conclusion". That's actually how the class contract works: the class schema IS the frozen artifact; a "binding" of a result to the class uses the class's conclusion. But the heldout mutants are *modified schemas*, which is the attack model (an agent submitting a mutated class contract). So the rule is plausible.

3. Robustness: an attacker could change the conclusion while also adding a comment containing the original text; normalization strips comments → fine. Could use Unicode homoglyphs; YAML anchors/aliases; different but equivalent formatting. The strict check uses parsed YAML values, not raw text → robust to formatting, anchors, key order.

4. What about changing *other* fields that alter the conclusion semantically (e.g., quantifiers, visibility definitions, i_plus.role=assumption, data_class) while keeping the statement text? Those are caught by the existing rules (w01 etc. are caught). The content check doesn't need to catch them. But could a fixture keep statement text identical while inverting meaning via definitions? E.g., redefine `visible_singularity_from_I_plus` in another field? That's the "definition-site" class of attack (worker-057 raised symbol-definition issues). I could measure: does the strict content check need *definitional* invariance too (i.e., the symbols used in the conclusion must have the frozen definitions)? That's an extension: R-CAND-2 could check that conclusion-referenced symbols resolve to the same definitions as the base. That might be more work.

A meaningful, bounded deliverable:
- **Candidate rule R-CAND ("conclusion freeze check")**: For a class-bound candidate schema, extract the conclusion's `statement_formal`, `statement_natural_language`, `conclusion_type`, `family`, and `epistemic_status`; compare each against the frozen class base after canonical normalization (parsed YAML equality / whitespace-collapsed text). Flag on any mismatch. Reference implementation as a standalone checker that takes (fixture, base) and emits a deterministic verdict + reasons.
- **Evaluation on the union corpus**: 3 corpora, N fixtures, at pinned hashes. Metrics: 
  - catch: of the previously-escaping conclusion-content fixtures, how many flagged (13/13 expected);
  - FP: of the must-be-accepted conforming controls, how many flagged (0/12+4 identity);
  - coverage across classes and op families;
  - additive check: all caught/liveness fixtures unaffected.
  Also measure the *narrower* polarity-only variant to compare (flags only when negation markers change) → catches fewer (maybe misses complete(I+_D) negation and visibility conjunct inversion?), demonstrating that polarity-only is insufficient and content-freeze is the right level. That's a nice result: quantify that polarity-only catches X/13 vs content-freeze 13/13.
- **Cross-check with worker-003's independent C0 candidate**: apply R-CAND to the same 49-fixture heldout3 corpus and compare its flags to worker-003's 1/49. R-CAND should flag c0_03 plus the 4 known_escape references and 6 known_rejected (they have content diffs vs base). Hmm! Wait: the known_rejected/known_escape fixtures have FORMAL_DIFF vs heldout3 base. If R-CAND flags them, that's not a false positive because they're not conforming controls — they're known leaks (rejected by stage A) and known escapes. The heldout3 report's FP metric counts only conforming controls. So flags there are fine. But careful: the known_rejected fixtures came from FORM-HELDOUT-07 with their own bases; my base resolution used heldout3 base which may be a different revision → content diffs could be base-revision artifacts, not probe ops. I must be honest: for those, either resolve their original base (from worker-06's or worker-16's corpus) or exclude them from the FP denominator and label the flags as "not adjudicable against this base". Let me check whether the known_leaks fixtures are byte-copies from worker-06/16 corpora and find their bases.

Actually, for the primary measurement, the cleanest evaluation set is:
- **Conforming controls** (must be accepted): heldout3 4 + polarity10 3 (identity) + polarity11 5 = 12; plus maybe identity 3 (in pol10 those are the same 3 identity controls? pol10 has ctrl_w_identity, ctrl_c2_identity, ctrl_c0_identity; pol11 has ctrl_w_identity_roundtrip etc.). Note pol10's identity controls for W/C2/C0 are accepcted (C2/C0) but W rejected by stage B R03 at that time (masked). For R-CAND evaluation, the W identity still has identical statements → not flagged. Good.
- **Conclusion-content probes/escapes**: heldout3 c0_03; pol10 C2/C0 probes (7 escapes + 2 caught? p1-p3, p7 escapes; p5/p6 are W-only); pol11 W probes (5 escapes + 1 caught). Also heldout3 x03 (caught by stages, formal diff) — include as "flagged by R-CAND, already caught".

For precision on the "escape" set, define: fixture is an *escape under test* if the frozen raw verdicts say accepted_by_both (union escape) AND its label family/op is conclusion content. That gives 1 (heldout3 c0_03) + 7 (pol10 C2/C0) + 5 (pol11 W) = 13.

Also note: the pol10 `escape_reference_c0_03_conclusion_negated.yaml` had `escaped_union=False` because stage A failed (KEY_MANIFEST drift) — masked. But it's the same fixture as c0_03. Include as reference with its original heldout3 verdict.

Now, the FP measurement on conforming controls requires the base comparison to be meaningful for each corpus: for pol11 W controls, base = shadow W (pre-rev12 archived base), identical statements. For pol10 C2/C0 identity, base = pol10 bases. For heldout3 controls, heldout3 bases. All good — I verified formal_same/nl_same.

Additional important check: **live rev12 canonical vs FROZEN rev11/rev12 base** — does the live F1 rev12 conclusion differ from the archived base? Not relevant to R-CAND.

Now, an even better idea to make the deliverable stronger: R-CAND as an **executable candidate patch** in the same style as other workers' "ready-to-apply candidate" artifacts (worker-080 produced a patch). But a patch to stage A/B involves editing worker-06's or the formulation tools — not allowed for a worker on canonical paths, but a *candidate patch file* (diff) is allowed. I could include `candidate_rule.json` + a reference implementation + a diff sketch, clearly marked "proposal; owner = lead-formulation / lead-audit; not applied". That's valuable and bounded.

Let me also double-check the p5/p6 ops for WCC: in pol10 W arm, p5/p6 exist (w_p5, w_p6) but stage B rejected the base (R03), so they're non-informative. Strict equality flags them anyway (formal diff). In pol11 the shadow pipeline accepted base, so those escapes are informative. Good.

One more design consideration: R-CAND strictness. Comparing `statement_formal` by exact normalized string equality is brittle across *legitimate* revision updates (e.g., rev11→rev12 changed the F1 formal sentence). The rule must compare a candidate binding schema against the *frozen class contract at the binding revision*, so revision drift is handled by re-freezing. But there's a real FP risk: a legitimate variant registered in `class_identity_variants` (e.g., ctrl_c0_variant_registered) — it might register a variant with a different conclusion statement? I measured ctrl_c0_variant_registered as formal_same/nl_same, so no.

What about the canonical F0/F1/F2 schema themselves passing R-CAND against their own frozen copy? Trivially yes (self-comparison).

I should also measure R-CAND on the **live canonical rev12 schemas vs the FROZEN rev27/28 pinned copies** — this tells whether the live tree currently satisfies the conclusion-freeze invariant relative to the frozen manifest. That's directly gate-relevant (and cheap): compare schemas/af_wcc_vacuum.yaml rev12 vs the FROZEN.json entry for F1 (hash cce9c60146d6?) — FROZEN pins the same hash, so self-consistent. Better: compare the canonical vs the *authoring mirror* or the prior revision to quantify that rev12 changed statement content? Hmm — rev12 was a legitimate repair, not relevant.

I think the deliverable is solid. Let me also consider whether to include the **worker-003 comparison**: R-CAND vs their four-criterion lexical polarity check on the same 49-fixture heldout3 corpus. Both flag exactly c0_03 among *conforming* fixtures; R-CAND additionally flags the known-escape references. The interesting difference: worker-003's check is C0-vocabulary-specific and lexical (may miss C2/WCC ops or mis-fire), while R-CAND is class-general and structural. But I can't easily re-run worker-003's checker? Actually I can — it's deterministic and on disk. That would be a strong independent cross-check: run worker-003's checker on the same corpus, and compare flag sets. But it's C0-specific; running it on C2/WCC fixtures may error or return undecided. It could be valuable to measure its cross-class behavior: does worker-003's candidate generalize? If it silently accepts WCC/C2 probes → evidence that the C0-specific lexical rule does not generalize, while R-CAND does. That's a nice, concrete finding for the "does verifier design generalise" strategic question! And it's cheap (run their script read-only as a subprocess).

But careful with time and complexity. The bounded task should be doable in ~0.4-0.6 hours. Running their checker may require its expected inputs; let me read its CLI/README quickly.

Let me read worker-003's adjudicator docstring/CLI and the README. Then decide.

Also, I should check the `research_map/class_separation.py` and `audit_evidence.py` — the CLASSSEP hard findings mentioned "negation-blind hits" (worker-035/021/050 adjudicated). Not directly relevant.

Let me read worker-003's README (small) and the checker's argparse/entry.
dsh: reasoning:
Good. worker-003's checker is C0-specific (it pins the C0 base and only applies the four criteria with a C0 vocabulary). It won't generalize directly. I could reuse its *idea* but build a class-general structural check. Comparing against it would require calling its internal `criteria_for` with different bases and a class-appropriate polarity classifier — that's modifying their code (not clean). Better: I'll cite its result (1/49, C0-only) in my README and focus on my new class-general measurement. I can note that generalizing the lexical classifier to C2/WCC vocabulary is left as a design question; my structural freeze check avoids per-class vocabulary entirely.

Now let me finalize the task and implement. Design details:

**Task W068-FORM-POLARITY-12** — "Class-general conclusion-freeze check (candidate R-CAND): catch-rate and false-positive measurement on the union of the three pinned class-binding corpora."

Deliverable files under `artifacts/worker-068/polarity12/`:
1. `manifest.json` — hashed before the run: list of all fixture inputs with disk sha256, corpus, class, role, and the frozen verdict labels; the pinned base files; the pins of the check itself.
2. `conclusion_freeze_check.py` — deterministic reference implementation of two candidate variants:
   - `freeze` (R-CAND-F): flag iff any of conclusion.{statement_formal, statement_natural_language, conclusion_type, family} differs (after canonicalization) from the class base.
   - `polarity` (R-CAND-P): flag iff the *negation-aware polarity signature* of the statement text differs from the base (token-based negation markers + per-class antonym pairs), regardless of other content changes.
   Both return structured reasons. Canonicalization: parse YAML (comments/anchors resolved), normalize unicode (NFKC), collapse whitespace, casefold? Hmm, casefold could hide changes (e.g., "No" vs "no" trivial). Use exact text after whitespace/format normalization, not casefold, to stay strict. Report normalized diff summary.
   Also a "blind" function for polarity: count negation markers, detect candidate antonym pairs per class.
3. `build_index.py` or fold into runner: resolve base per fixture and verify hashes.
4. `run_polarity12.py` — runs both variants on all fixtures; validates against manifest; computes metrics:
   - escape set E = fixtures with frozen union escape true (from raw_verdicts of their corpus) and family indicating conclusion content/polarity;
   - catch_F, catch_P;
   - conforming set C (all `must_be_accepted` controls) → FP_F, FP_P;
   - class coverage;
   - per-op catches;
   - cross-check vs worker-003 (cited, not re-run).
   - fail-closed on drift; write report.json, raw_results.json, checkpoint.json.
5. `candidate_rule.json` — proposed rule spec addendum (R-CAND) with precise semantics, placement options (stage A rule / stage B semantic check / preflight), FP/catch evidence, and owner note. Explicitly a proposal, not applied.
6. `README.md` — question, method, binding table, results, findings with falsifiers, non-claims, reproduction.
7. `emit_events.py` — validates events against research_map/schemas.py and appends idempotently to comms/outbox/worker-068.jsonl.
8. `checkpoint.json` — worker-local checkpoint (and I'll run the global `research_map/checkpoint.py --label ...` after events are emitted).
9. `runtime/state/w068_polarity12_checkpoint.json` — copy of worker checkpoint? Previous instance wrote `runtime/state/w068_polarity11_checkpoint.json`. I'll do the same.

**Event plan** (respecting schema + protocol):
- status `w068-pol12-01-task-claim` (active, hours 0.1, node A1, gate G-CLASSBIND, next_falsifier)
- artifact events for each file (validation_status unverified)
- claim `w068-pol12-...` (class_id "AF-WCC-VAC-GEN;AF-SCC-C2-VAC-GEN;AF-SCC-C0-VAC-GEN"? For the schema, `class_id` is a required string; previous worker-068 events used class_id "AF-WCC-VAC-GEN;AF-SCC-C2-VAC-GEN;AF-SCC-C0-VAC-GEN" in one claim and lists in class_ids. I'll set class_id to the WCC one (primary) and class_ids list all three, as previous instances did (hel09r-12 used a semicolon string).
- blocker for any residual gap (e.g., the rule is a proposal not applied; the corpus lacks paraphrase controls; known_rejected base-revision caveat).
- status checkpoint `w068-pol12-...-checkpoint` with hours and summary.
- status complete `w068-pol12-...-complete`.

Also, the worker must not claim done/passed/gate verdict. Keep `claims_completion: false`.

**Metrics to report precisely:**
- Union corpus: 49 + 22 + 14 = 85 fixture instances, but with duplicates across corpora (same fixture text copied). I'll count per-corpus instances and also a deduplicated view. Honest reporting: "85 fixture instances (49+22+14) across 3 corpora; 12 conforming control instances (4+3+5); 13 conclusion-content escape instances (1+7+5)".

Wait: pol10 has 15 probes; escapes in informative arms = 7 (C2 3 + C0 4). pol11 6 probes; escapes 5 (W). heldout3 union escape = 1 (c0_03). Total 13.

- Conforming controls: heldout3 4 (`ctrl_*`), pol10 3 identity, pol11 5. That's 12 instances. Identity controls in pol10: ctrl_w rejected at corpus time due to stage B R03 (base rejection) — but for R-CAND they're conforming by construction (identity round-trip). pol10's identity fixtures might be byte-identical to the base or PyYAML round-trip. Let me check they're identical normalized — yes formal_same/nl_same.
- Also `ctrl_w_identity` in pol10: stage B rejected the base (R03) - the identity is not accepted at corpus time, but it is a *conforming control* by role. For FP measurement of R-CAND, what matters is whether R-CAND flags it. It won't.
- Known-rejected liveness controls: 6 (heldout3) + 3 + 3 (dup) — R-CAND may flag many due to base-revision differences. I'll report them separately as "liveness/reference set, not in FP denominator" with a caveat.

Additionally, a stronger, more useful measurement: **precision on all fixtures that must not be flagged for this reason** — including mutants whose conclusion statements are unchanged (they're caught by other rules). R-CAND should not flag those either (it shouldn't add noise): e.g., heldout3 w01..w10, c2_01..., etc. all formal_same/nl_same → not flagged. So R-CAND's flag set on the whole corpus should be exactly the conclusion-content fixtures. Let me measure: flagged set vs "conclusion-content" label set (probes with statement diffs). That gives precision = 1.0 on this corpus. Report this as "no collateral flags on 47 non-conclusion-content fixtures in heldout3", etc.

Wait, careful: x03_wcc_asserts_scc has FORMAL_DIFF and is caught by stage A. R-CAND flags it; it's a content change → correct behavior (it IS a class-contract violation), so a true positive (already caught by R03?). Fine — report as "flagged, and already caught by the base stages" (no regression risk since R-CAND only adds flags).

Now the polarity-only variant: let me define it carefully. Token-based:
- Negation markers: `not`, `no`, `non`, `never`, `without`, `absent`, `impossible`, `fails`, `¬`, `~`, `-`? Too many false triggers. Use word-boundary regex set: `not`, `no`, `non-`, `never`, `un`, `in`? no. Let me use an explicit list: ["not", "no", "none", "never", "without", "absent", "non-existence", "nonexistence", "does not", "do not", "cannot", "can not", "fails", "forbidden", "impossible", "¬"]. Count occurrences.
- Antonym pairs per class (from the base's own vocabulary): e.g. pairs like ("complete", "incomplete"), ("exists", "not exists"?), ("contained", "not contained"), ("existence", "non-existence"), ("future-inextendible", "extendible")... Hmm, generic antonym detection is fragile. Simpler: polarity signature = sorted multiset of negation markers + count of each; plus detect *negation scope shift* by comparing the base's number of negations vs fixture's. If |neg_count_fixture - neg_count_base| > 0 → polarity differs. Plus detect the marker "existence"/"exists" flipping with a negation in the same clause? Let me just implement:
  - `neg_count(text)`: number of negation marker matches.
  - `polarity_flip = neg_count(fix) != neg_count(base)`.
  - Additionally antonym pair swaps: a small class-independent list of antonym pairs from the base text: for each pair (a,b) in a fixed list, if base contains a and not b, and fixture contains b and not a (or vice versa) → flip. Fixed list: [("exist","nonexist"),("exists","does not exist"),("complete","incomplete"),("contained","not contained"),("inextendible","extendible"),("finite","infinite"),("nonempty","empty"),("full","partial"),("all","some"),("forall","exists"),("visible","invisible")]... This is where it's easy to overfit. Since the point is a *comparison* ("polarity-only is insufficient; content-freeze is the right level"), the variant's exact performance will show it catches fewer. Honest framing: "an explicitly coded, declarative polarity-only variant (negation-count delta + a fixed antonym-pair list)".

Let me quickly predict: for the 13 escapes:
- p1 inner-negation flip: base has "not exists visible..." → probe "exists ..." → neg count differs (1→0) → caught.
- p2 outer negation: probe wraps "not (...)" → neg count +1 → caught.
- p3 NL negation: probe adds "no"/"not" → caught.
- p5 iplus completeness flip: "and complete(I+_D)" → "and not complete(I+_D)"? or "incomplete" → caught if "not complete"/"incomplete".
- p6 visibility conjunct inversion: "and not exists visible..." → "and exists ..."? Similar to p1 maybe → caught.
- p7 heldout09 rebuild: same as c0_03 → caught.
- c0_03: asserts existence instead of non-existence → caught.
Then polarity-only might catch most/all of these 13 too! Because all probes are polarity ops. Hmm. Then polarity-only isn't worse on the escape set. But it will likely miss *content changes that are not negation-based* — in these corpora there may be none among the 13. Then the value of freeze over polarity is: freeze catches all content changes; polarity-only catches only negation-lexical ones. The measurement would show them tied on this corpus. That's still an honest, useful result: on this corpus polarity-only suffices for the 13 escapes, but the corpus contains no non-negation content inversion (e.g., substituting "vacuum" for "scalar matter", or "asymptotically flat" for "asymptotically AdS", or "future" for "past"), so the freeze variant's extra coverage is unmeasured — declare as a coverage gap and falsifier.

Hmm, but I could *add* such probes: a small "content-substitution" family (non-negation content changes with unchanged statements? No — content substitution changes the statement text without changing negation count: e.g., replace "asymptotically flat" with "asymptotically anti-de Sitter" in statement_formal and NL, or "future null infinity" with "past null infinity", or "vacuum" with "scalar field"). These are legitimate class-contract violations (data class / topology changes) that should be caught. Do the existing stages catch them if made in the conclusion only (keeping other fields)? Probably not (the blind spot). If I add such probes, the measurement becomes: R-CAND-F catches 5/5 substitutions; R-CAND-P catches 0/5 (negation count unchanged); and the existing stages accept them (escape). That's a genuinely new and valuable measurement: it extends the known blind spot from "polarity" to "arbitrary conclusion content substitution", showing polarity-only rules (like worker-003's candidate) are insufficient.

That's a strong deliverable: **R-CAND-F (conclusion freeze) catches 100% of the conclusion-content escape family, including non-negation substitutions that polarity-only checks cannot see; FP 0 on 12 conforming controls.** And the new substitution probes are directly in the spirit of the existing corpus methodology (ops applied to conclusion fields only, based on pinned shadow inputs). But building new probes means running them through the stages to establish they escape — which requires a working pipeline. The polarity11 shadow pipeline is fully pinned and works (stage A 000e09e46b2f, stage B c79d8ab8440a, KEY_MANIFEST rev27, archived WCC base 9a8bd4c96800). I can reuse it for WCC substitution probes. For C2/C0, the pol10 runs used live canonical rev12 + live KEY_MANIFEST which have since drifted (stage A R22 under rev28). Hmm. Could I build a fully pinned shadow for C2/C0 too? The pol10 harness pinned bases (bases/ dir) and used live stage tools; the KEY_MANIFEST at pol10 build time was 014e2d301978 (live), and it drifted during/after. For a reproducible new measurement I need pinned stage inputs. Options: reuse polarity11's shadow (which contains stage A, stage B, KEY_MANIFEST rev27 fce91948ba3a, WCC base) and extend it with C2/C0 archived bases + registered allowlist entries? The KEY_MANIFEST rev27 might contain entries for the C2/C0 rev11 bases (they were in the rev27 frozen set: b6123750b37d and 1bb78ce9b357). Let me check the shadow KEY_MANIFEST contents. If it has all three, I can build a fully pinned shadow for all three classes: stage A + KEY_MANIFEST rev27 + archived bases, stage B. That's exactly what pol11 did for WCC. Extending to C2/C0 with the *archived rev11 bases* should work if the manifest lists them.

This would let me build **FORM-POLARITY-12 = class-general content-substitution + polarity probes measured on a fully pinned three-class shadow pipeline**, plus the R-CAND candidate rule measurement on all of it. That's a coherent single task:
1. Pinned shadow for all three classes (extend pol11's shadow with C2/C0 bases; verify stage behavior: identity accepted for all three).
2. New probe family: content substitution (non-negation) + re-include the polarity ops, across W/C2/C0 → measure escape rate (expected: all escapes because neither stage compares conclusion content).
3. R-CAND-F and R-CAND-P applied to all fixtures (new probes + union of prior corpora) → catch/FP table.
4. Candidate rule spec + evidence.

Hmm, but this is getting big. Time-box: ~0.5-0.7 agent-hours per previous instances. The runner must be robust. Building 3-class shadow + probes + checker + report is doable with a single deterministic script if I'm careful. But risk: scope creep and bugs. Let me simplify: 

Core measurement (must have):
- R-CAND-F/P evaluated on the **union of already-existing pinned corpora** (85 fixture instances): catch on 13 escapes, FP on 12 conforming controls, collateral on the rest. This needs no stage runs → robust, no dependency on the broken live pipeline.
- Optional add-on (nice to have): new non-negation content-substitution probes run through the pinned pol11 WCC shadow to establish they escape the stages. This adds the *new information* that the blind spot is not just polarity. If time/complexity allows, do it for WCC only (shadow already exists and works) and clearly scope it. For C2/C0 substitutions, measure R-CAND only (no stage run) and declare the stage-escape status as unmeasured/expected from the same structural gap — better to not claim escape without a run. Hmm, but then the headline "non-negation substitutions escape the stages" is only measured for WCC. That's fine: one class measured, other two checked by R-CAND only, with a falsifier.

Actually, wait. Let me reconsider: I can run the *live* stages on C2/C0 substitutions to check escape — but live stage A under KEY_MANIFEST rev28 rejects even the base (R22), so results would be masked. The pinned pol10 harness used the *live* canonical rev12 C2/C0 bases — under rev28 stage A, those bases are rejected, so the shadow would be non-informative. To be reproducible I'd need KEY_MANIFEST rev27 (pin) which accepted rev11 bases b6123750b37d/1bb78ce9b357. Does the pol11 shadow KEY_MANIFEST rev27 include them? Let me check. If yes, I can extend the shadow to C2/C0 with the archived rev11 bases and get a fully pinned 3-class pipeline. Let me check now.

Let me look at the shadow KEY_MANIFEST and try running stage A + stage B on the archived C2/C0 bases with the shadow. Quick empirical check.
dsh: reasoning:
The KEY_MANIFEST contains `allowed_keys` — the R22 check verifies keys against the allowlist, not a hash list. Let me inspect it: allowed_keys, rule, escape_hatch, caveat. The rev27 vs rev28 difference (worker-004): rev28 dropped 'revised_at_unused' while adding 'at', 'class_contract_supplement_pointer', 'consistency_evidence_sha256', 'index', 'notes', 'predicate_abbreviation', 'revision_history', 'unused'. So rev27's allowed_keys suits rev11/rev12 schemas; rev28's suits something else.

So with the pol11 shadow (rev27 allowlist) + archived C2/C0 rev11 bases, stage A should accept all three bases (as it did historically under rev27). Stage B (spec_conformance_audit c79d8ab8440a) accepted the archived rev11 WCC base; presumably also C2/C0 rev11 bases (pol10's C2/C0 arm was informative at corpus time with the then-live rev12 + live manifest 014e2d301978... hmm, actually pol10's C2/C0 identity controls were accepted; the WCC one hit R03). Let me just empirically test: run the shadow stage A and stage B on the archived C2/C0 bases from pol10/bases (or heldout3/bases) and see if both accept. If yes, I have a fully pinned 3-class shadow.

Let me check the exact invocation used by pol11's runner (`run_polarity11.py`) so I can reuse the interface. Let me read the runner (it's mine/worker-068's code, so no independence issue for reuse; I'll write my own runner but reuse the invocation patterns).
dsh: reasoning:
I see the runner structure. Now let me empirically test whether the shadow pipeline accepts the archived C2/C0 rev11 bases (identity). If yes, I have a pinned 3-class shadow.

Let me quick-run:
- stage A: shadow/.../check_class_schema.py --json <base>
- stage B: shadow/.../spec_conformance_audit.py <base> --spec shadow/.../rule_spec.json

on:
- shadow W base (control)
- artifacts/worker-068/polarity10/bases/af_scc_c2_vacuum.yaml
- artifacts/worker-068/polarity10/bases/af_scc_c0_vacuum.yaml

Also check whether those base files are byte-identical to heldout3 bases (rev11 frozen): hashes. Let me run.
dsh: reasoning:
Important discovery:
- heldout3 bases are rev11: W=9a8bd4c96800, C2=b6123750b37d, C0=1bb78ce9b357. Those are the archived rev11 frozen bases (from FORM-HELDOUT-09).
- polarity10 bases are the live rev12 canonicals at corpus build time (W=cce9c60146d6, C2=5476a3f2c6bc, C0=55d0a1ea9bda).
- With the pol11 shadow (rev27 KEY_MANIFEST + stage tools), stage A rejects the rev12 C2/C0 bases with R22 (rev12 has keys not in the rev27 allowlist: e.g., 'at', 'revision_history', ...). But stage A *accepts* the archived rev11 C2/C0 bases? I didn't test those! Let me test held3_C2/held3_C0 with the shadow. Likely accepted (rev27 allowlist matches rev11/rev12? rev12 introduced new keys → R22; rev11 should be fine).

Let me test. If held3 C2/C0 (rev11) are accepted by stage A and stage B, I have a fully pinned 3-class shadow at the rev11 bases. Then I can build content probes on all three classes and measure escapes in a fully pinned pipeline. 

Then the deliverable:
- Extend polarity11's shadow to a 3-class pinned shadow (copies of rev11 C2/C0 bases into shadow/schemas/, plus maybe reuse; no edits to existing shadow inputs! I must not modify the existing shadow dir because polarity11's manifest pins those bytes. Instead create a NEW shadow directory `polarity12/shadow/` with copies (byte-identical) of: stage A, stage B, rule_spec, KEY_MANIFEST rev27, and the three rev11 bases (W from pol11 shadow = heldout3 W; C2/C0 from heldout3 bases). All hashes pinned in my new manifest.
- Probes: new content-substitution family (non-negation) across W/C2/C0 + carry-over polarity ops (p1,p2,p3,p5/p6 as applicable) to confirm the escape on rev11 bases for all three classes. Wait — pol10 measured C2/C0 escapes against rev12 bases; on rev11 bases the statements differ slightly? The rev12 revision changed the conclusion statements (rev11→rev12 repairs). The probe ops from pol10 apply to the rev12 base text. Applying them to rev11 base text may not be verbatim. Hmm.

Simpler and cleaner: build ALL probes fresh against the three rev11 bases (the pinned shadow bases), with ops defined generically:
  - polarity ops: p1..p3, p5, p6 (negation flips) per class where applicable.
  - content-substitution ops (new): e.g., swap "vacuum"→"scalar field" (W: data_class? conclusion says "vacuum initial data"), "asymptotically flat"→"asymptotically AdS" (topology/geometry), "future null infinity"→"past null infinity" (I+→I-), "maximal development"→"Cauchy development"? A substitution that is a *conclusion content change* but not a negation.
  
  The point: these modify only conclusion.statement_formal/statement_natural_language (and maybe nothing else), keeping the mutation minimal and cleanly attributable.

- Run both stages → all should escape (accepted by both) if the blind spot is general. Identity controls must be accepted → arm informative for each class.
- Apply R-CAND-F and R-CAND-P to all probes + identity controls + the union corpus from before → catch/FP.

This is a coherent, genuinely new, class-general measurement. It does require the runner to invoke stages for ~20-30 fixtures ×2 stages. Each stage run takes maybe 0.5-2 s. Fine.

Risk: stage B might reject some substitution probes for unrelated reasons (e.g., R03 binder checks). Then those probes don't escape but are still R-CAND flagged — reported honestly. Identity controls for all three classes must be accepted by both stages for the arm to be informative. Need to verify C2/C0 rev11 bases pass both stages (stage A: test now; stage B probably accepts).

Let me test the rev11 C2/C0 bases with the shadow pipeline.
dsh: reasoning:
Excellent! The rev11 C2/C0 bases are accepted by both stages in the pol11 shadow (rev27 KEY_MANIFEST). So I can build a **fully pinned 3-class shadow** using byte-identical copies:
- stage A: `artifacts/formulation/tools/check_class_schema.py` 000e09e46b2f
- stage B: `artifacts/worker-06/spec_conformance_audit.py` c79d8ab8440a
- rule spec: `artifacts/formulation/rule_spec.json` 40f9bb9e657b
- KEY_MANIFEST rev27: fce91948ba3a
- bases rev11: W 9a8bd4c96800, C2 b6123750b37d, C0 1bb78ce9b357

Identity accepted for all three. 

Now the task design is solid. Let me lock it:

**W068-FORM-POLARITY-12** — Class-general conclusion-content freeze check: measure whether conclusion content substitution (non-negation) escapes the two-stage pipeline on a fully pinned three-class shadow, and measure a candidate conclusion-freeze rule's catch/FP across all three classes and the union of the pinned corpora.

Sub-parts:
- **S1 (new measurement)**: 3-class pinned shadow; probes = polarity family (carried over per class where the op exists for that class) + new content-substitution family (non-negation semantic substitutions in the conclusion statements) + identity + known-rejected liveness controls. Run both stages. Expected: identity accepted (informative arm), substitutions escape (blind spot general), known-rejected rejected.
- **S2 (candidate rule)**: R-CAND-F (freeze) and R-CAND-P (polarity-only) applied to (a) the new probe corpus, (b) the union of heldout3/polarity10/polarity11 fixtures. Catch on the union escape set, FP on conforming controls, collateral flags.
- **S3**: candidate rule spec + measured table + explicit coverage gaps/falsifiers.

Now, the "one class-bound task" should stay bounded. I'll implement it as a single deterministic pipeline with clear stages, and time-box to ~0.5h of execution.

Concrete implementation plan:

Directory: `artifacts/worker-068/polarity12/`
- `shadow/` (copies):
  - `shadow/artifacts/formulation/tools/check_class_schema.py`
  - `shadow/artifacts/worker-06/spec_conformance_audit.py`
  - `shadow/artifacts/formulation/rule_spec.json`
  - `shadow/artifacts/formulation/KEY_MANIFEST.json`
  - `shadow/schemas/af_wcc_vacuum.yaml` (copy of heldout3/bases W, rev11)
  - `shadow/schemas/af_scc_c2_vacuum.yaml`
  - `shadow/schemas/af_scc_c0_vacuum.yaml`
- `build_corpus12.py`: deterministic builder. For each class base:
  - identity control (deep copy, unchanged bytes through yaml round-trip? must be byte-identical bytes → just copy).
  - polarity probes: p1 (inner negated existence flip), p2 (outer negation), p3 (NL negation) — these ops were defined in pol10 (`ops` list). Reuse the *op definitions* from pol10's manifest where possible, but apply to rev11 base text. The ops are text transformations on the statement strings. I need to inspect the pol10 ops definitions to reuse them faithfully. Let me read the `ops` list from pol10 manifest.
  - content-substitution probes (new): define 2 per class, e.g.:
    - W: "asymptotically flat" → "asymptotically anti-de Sitter" (geometry/topology), "vacuum" → "scalar field" (data class), maybe "future null infinity" → "past null infinity".
    - C2: "C2" → "C0"? no, that overlaps the class token; better: "vacuous"→"non-vacuous"? Hmm. Substitution should change *content* without negation. Use class-appropriate tokens: for C2/C0 (SCC/inextendibility classes), substitute "future" → "past" (future-inextendibility → past-inextendibility), "C2"/"C0" regularity token → the other? That's cross-class leakage, a real violation. Or substitute the horizon/regularity term. Let me look at the C2/C0 conclusion statements first, then design substitutions that are clearly content-changing but not negation.
  - known-rejected liveness controls: reuse the 3 C0 ones from pol11 shadow corpus? They are C0-class fixtures; run them in the new shadow (they were rejected by stage A R?? — with C0 rev11 base they should still be rejected). I can copy the same three files (they're pinned inputs; copying is fine) and run. Note: they may be based on the C0 rev11 base (heldout3 known_leaks). Check.
- `run_polarity12.py`: 
  - verify shadow pins before/after; verify fixture hashes against manifest;
  - run stages on each fixture;
  - compute escapes;
  - run R-CAND check on each fixture (import from `conclusion_freeze_check.py`);
  - compute metrics vs the union corpus (load heldout3/pol10/pol11 manifests+raw verdicts, resolve bases, classify roles);
  - write `raw_verdicts.json`, `report.json`, `checkpoint.json`.
- `conclusion_freeze_check.py`: the candidate rule implementation (stdlib + PyYAML), CLI: `--fixture P --base P --variant freeze|polarity --json`.
- `candidate_rule.json`: proposed rule spec.
- `README.md`.
- `emit_events.py`: validate + append events idempotently.
- `manifest.json`: hashed before any stage run: shadow pins, new fixtures (with sha256), union corpus input pins, expectations.

Order: build_corpus12 → manifest → run → artifacts → report → README → candidate_rule → emit events → global checkpoint.

Let me first read the pol10 ops definitions and the C2/C0 conclusion statements so my probe ops are faithful.
dsh: reasoning:
The ops list only has the leak claims, not the actual text transformations. The transformations are in `build_corpus.py`. Let me read the relevant functions from `artifacts/worker-068/polarity10/build_corpus.py` — I wrote it (as worker-068), so reuse is fine. Let me look at the actual op implementations.
dsh: reasoning:
I now have everything needed. Note p7's statement_formal is a *fabricated* replacement (not a text op on the base) — for C0. Fine.

Now let me look at the three rev11 base conclusions to design content-substitution ops. Let me print each base's conclusion statement_formal and statement_natural_language.
dsh: reasoning:
Now I can design content-substitution ops that are clearly content-changing, non-negation, and class-bound:

For **W (AF-WCC-VAC-GEN)**:
- `s1_geometry_substitution`: NL "asymptotically flat" → "asymptotically anti-de Sitter"; formal: `AF_{I+}(M_D)` — can't substitute text easily without a token. Formal has "AF_{I+}" token; substitute "AF_{I+}" → "AF_de_Sitter_{I+}"? That changes the symbol to an undefined one; stages might catch R22/undefined? Better to substitute formal in a way that keeps structure: "complete(I+_D)" → "complete(I-_D)" (future→past null infinity: a content change, not a negation). And NL "future null infinity" → "past null infinity". This is a strong content substitution (changes the whole statement: past instead of future) and is non-negation (polarity markers unchanged).
- `s2_data_class_substitution`: NL "vacuum initial data" → "scalar field initial data"; formal: no "vacuum" token in formal (the vacuum-ness is in data_class, not the conclusion). So only NL changes. Hmm — to make the formal change too, substitute "AF_{I+}(M_D)" → ... no. Alternatively use "maximal development" → "Cauchy development" (NL only). Let me instead pick substitutions that hit both formal and NL where the formal has tokens:
  - W formal tokens: `D0`, `G_{s,delta}`, `comeager`, `AF_{I+}`, `complete(I+_D)`, `visible_singularity_from_I_plus`.
  - `s1`: `complete(I+_D)` → `complete(I-_D)`, NL "complete future null infinity" → "complete past null infinity" (and "no singularity visible from future null infinity" → "...from past null infinity"). Big content change.
  - `s2`: `visible_singularity_from_I_plus(M_D)` → `visible_singularity_from_I_minus(M_D)` plus NL "future null infinity" → "past null infinity"; or `comeager` → `meager` (that's arguably a polarity/content change but not a negation marker! "comeager" vs "meager" is an antonym; a strict freeze check catches it; polarity-only won't unless the antonym list has it; that's a great probe for showing polarity-only insufficiency). Let me use `s2_quantifier_strength_substitution`: `comeager` → `meager`, NL "Generic" → "Non-generic"? "Non-generic" contains "non" which a negation marker might catch; keep NL as "A meager set of asymptotically flat vacuum initial data..." Hmm, grammar. Simpler: NL "Generic asymptotically flat..." → "Every asymptotically flat..."? That's a quantifier change (generic → all), which is a forbidden strengthening listed in the conclusion metadata. Good content change, and it doesn't use negation markers.
  
For **C2/C0** (same formal statement; NL differs by "C2 vacuum solution" vs "continuous Lorentzian manifold"):
- `s1_regularity_substitution`: C2 NL "as a C2 vacuum solution" → "as a C1 vacuum solution"? Formal doesn't mention C2. Better formal op: `proper_future_extension_in_class(MGHD(D))` → `proper_past_extension_in_class(MGHD(D))` (future→past, non-negation) + NL "future-inextendible" → "past-inextendible".
- `s2_negation_normal_form-free content substitution`: `not exists proper_future_extension_in_class` → `not exists proper_future_C2_extension`? Hmm. For C2: NL "as a C2 vacuum solution" → "as a smooth vacuum solution" (regularity raise). For C0: NL "as a continuous Lorentzian manifold" → "as a topological manifold" (regularity change). Formal: for both, `MGHD(D)` → `MGHD(D)` unchanged... only NL changes. That's okay — a NL-only content substitution is still a content change (and the pipeline's blind spot includes NL, per p3 which changed NL only and escaped).
  Better formal op for both: `forall (s,delta) in D0` → `forall (s,delta) in D1` (domain substitution). Hmm, is that meaningful? Changing the quantifier domain from D0 to D1 is a data-class change; the stages might not catch it (R03 binder check absent? R03 only checks binders appear in formal). Good candidate: `s2_domain_substitution`: formal `in D0` → `in D1`, NL "initial data" → "initial data in D1" (awkward). Hmm.

Let me keep it clean and defensible with 2 substitutions per class:
1. `s1_future_to_past`: formal `proper_future_extension_in_class`/`complete(I+_D)`/`visible_singularity_from_I_plus` and all NL "future" → "past" and "I+" → "I-". Non-negation, content-inverting (temporal direction).
   - W: formal `complete(I+_D)` → `complete(I-_D)`; `visible_singularity_from_I_plus(M_D)` → `visible_singularity_from_I_minus(M_D)`; NL "future null infinity"→"past null infinity" (2 occurrences).
   - C2/C0: formal `proper_future_extension_in_class` → `proper_past_extension_in_class`; NL "future-inextendible" → "past-inextendible".
2. `s2_quantifier_strength`: W formal `comeager` → `meager`, NL "Generic" → "Every"; C2/C0 formal `comeager` → `meager`, NL "Generic" → "Every". Wait, "Every ... have" grammar: "Every asymptotically flat vacuum initial data have" is bad grammar but YAML text doesn't care; however stage rules might flag a malformed statement? Unlikely. To be safe, use "All asymptotically flat vacuum initial data have" — an "all data" quantifier (forbidden strengthening). Good.
   Also for C2/C0, `s2`: could additionally substitute the regularity token: C2 NL "C2 vacuum solution" → "smooth vacuum solution"; C0 NL "continuous Lorentzian manifold" → "topological manifold". But that changes only NL; fine, I'll include it as part of s2 for C2/C0 to make the substitution class-specific. Actually, let me make s2 a pure quantifier op across all three (uniform), and add a third class-specific op:
3. `s3_regularity_or_data_substitution`:
   - W: formal `AF_{I+}(M_D)` → `AF_{I+}(M_D)` unchanged; NL "vacuum initial data" → "scalar field initial data" (matter coupling smuggle, a forbidden content change per the class contract). NL-only.
   - C2: NL "C2 vacuum solution" → "smooth vacuum solution" (regularity raise) + formal `proper_future_extension_in_class` → `proper_future_extension_in_C3_class`? That could trigger undefined-symbol? Keep NL-only for safety.
   - C0: NL "continuous Lorentzian manifold" → "topological manifold" (regularity descope). NL-only.

Each substitution changes conclusion content only, keeps all class tokens (`class_id`, `conclusion_type`, `family`), and does not add/remove negation markers (except s2's "meager" vs "comeager" — no negation marker; "All" vs "Generic" — no negation marker). So R-CAND-P (negation-only) should catch none of the s-ops; R-CAND-F should catch all.

Also carry the polarity ops (p1,p2,p3) for all three classes, p5/p6 for W, p7 for C0 → these are known escapes. Keep the corpus bounded: per class:
- identity: 1
- p1,p2,p3: 3
- s1,s2,s3: 3
- W: +p5,p6; C0: +p7 → W 8 probes? Let me count: common probes 6 × 3 = 18; W-only +2; C0-only +1 = 21 probes + 3 identity = 24 fixtures. Plus 3 known-rejected liveness (C0) = 27. Stage runs 54 subprocess calls. Fine.

Hmm, do I include p4? It's caught by R11 and doesn't change statements; it's a useful "already caught" control for R-CAND-F (should NOT flag: statements unchanged; only conclusion_type changed → wait, R-CAND-F includes conclusion_type in the freeze set! Then it WOULD flag p4. Is that desirable? The rule would flag something already caught — no harm, but it inflates "catch" counts on non-content ops. To keep R-CAND focused on *content*, define the freeze set as: statement_formal, statement_natural_language (content), plus optionally family/conclusion_type as a separate "token" sub-check. Better design: R-CAND-F's primary variant compares only the two statement fields (content); a secondary variant R-CAND-FT also compares conclusion_type/family tokens (which overlaps R11). Keep it to statements for the headline, and report the token variant separately to show overlap with R11. Include p4 in the corpus as a liveness/overlap probe.

Now the union-corpus evaluation (S2): reuse the three existing corpora. The escape sets and control sets are known. R-CAND-F applied per fixture vs its own corpus base. Caveat: pol10 bases are rev12 while heldout3 bases are rev11; that's fine, each fixture is compared to its own corpus base (same corpus), preserving internal consistency.

Metrics:
- S1 (new, pinned 3-class shadow): identity accepted 3/3 (informative), polarity probes escape (expect 6/6 common + W2 + C0 1 = 9?), substitution probes escape (9/9 expected), p4 caught by R11 (3/3), known-rejected rejected 3/3.
- S2 (rule): 
  - On S1 corpus: R-CAND-F flags 100% of content probes (polarity+substitution) = 18; FP 0/3 identity; R-CAND-P flags polarity probes 9/9? (p1,p2,p3,p5,p6,p7 — all negation-based; p3 adds "It is not the case that" → negation marker; p1 removes "not" → delta; p2 adds "not"; p5 adds "not"; p6 removes "not"; p7 is a rewrite — its negation count vs base: base has "not exists", p7 has "exists" → delta) and substitution probes 0/9.
  - On union corpus: R-CAND-F catch 13/13 known conclusion-content escapes, FP 0/12 conforming controls; R-CAND-P catch ~13/13 (all existing escapes are polarity ops) but 0 on the new substitution family → demonstrates the distinction.
- Coverage gap: substitution ops in the *existing* corpora are absent; the new S1 measurement supplies them for the pinned rev11 pipeline.
- Falsifiers: any identity control rejected; any substitution probe rejected by a stage (escape claim falsified); any R-CAND flag on a conforming control; drift; R-CAND-P catching a substitution probe.

Wait: I need to double check the "polarity-only catches 13/13 union escapes" claim. The union escapes include heldout3 escape_m04/m16/m25/m29 (known escape references, 4) which are NOT polarity ops — they're the FORM-HELDOUT-08 escape families (adm-mass-erasure, containment-reversal, completeness-definition-swap, data-domain-contradiction). Those are content substitutions! In heldout3, the union escape set from the frozen 35-mutant corpus was just c0_03 (1/35); the 4 `escape_m*` are *known escape references* from HELDOUT-08 (not part of the 35). The pol10 report's escape count 7/9 included C2/C0 polarity probes. So define the union sets carefully:
- **conclusion-content escape instances in the three corpora** = fixtures with frozen union escape true AND a conclusion-content change:
  - heldout3: c0_03 (1)
  - pol10: c2_p1, c2_p2, c2_p3, c0_p1, c0_p2, c0_p3, c0_p7 (7)
  - pol11: w_p1,p2,p3,p5,p6 (5)
  = 13. R-CAND-F catches all 13; R-CAND-P catches all 13 too (all are negation ops). Good.
- **known escape references (heldout3)**: escape_m04/m16/m25/m29 (4) have union escape true and are content diffs too. Their families are non-negation content substitutions! So R-CAND-P likely catches 0/4 while R-CAND-F catches 4/4. That's evidence within the *existing* corpus that polarity-only is insufficient. Let me verify the negation-count behavior for those 4 by running the checker. If m04 etc. have no negation-marker delta, R-CAND-P misses them. This would make the story: on the 13 polarity-family escapes both catch; on the 4 HELDOUT-08 content-substitution escape references, freeze catches 4/4 and polarity-only 0/4. Combined 17/17 vs 13/17. Excellent — and my new S1 substitution probes add further class-general evidence (3 classes × 3 ops).

But caution: those 4 were built against FORM-HELDOUT-08's base (possibly worker-16's rev13 base), and their `base` in heldout3 manifest is None. Comparing them to heldout3's rev11 base could produce spurious diffs. Let me check: are m04/m16/m25/m29 byte-identical to worker-16's heldout2 corpus? Their leak claims mention WCC completeness swap etc. The escape is measured against the *frozen revision* used by HELDOUT-08 (maybe rev11 too?). Let me find their origin: grep worker-06/worker-16 corpora for the same filenames. If found with their own bases, I should resolve their base properly. Let me check.

Actually, heldout3's manifest fixtures include these 10 known_leaks with `origin` field maybe 'FORM-HELDOUT-07'/'08'. Let me inspect the manifest entries for them.
dsh: reasoning:
The escape references originate from `artifacts/worker-16/heldout2/mutants/` — which don't exist anymore in that path (only heldout3 copies). Their base would be worker-16's heldout2 base. Let me check if `artifacts/worker-16/heldout2/` still exists — the `find` showed only heldout3 copies, so worker-16's corpus is gone (or under a different name). Without the original base, comparing them to the heldout3 rev11 base is not reliable as a "substitution probe vs its own base" — but it IS still a valid comparison if their base was the same rev11 canonical. FORM-HELDOUT-08's task was "against the revision frozen by astra-life03-close-findings" — which was rev25? Hmm; HELDOUT-08 was measured at rev13 (per astra-life03-heldout-09 acceptance text: "Replaces the rev13 out-of-sample estimate"). So worker-16's heldout2 corpus was built at rev13, and the current heldout3 bases are rev11? That seems inconsistent. Actually, heldout3's frozen_revision_binding says FROZEN rev25; bases are rev11 hashes (9a8bd4c96800 etc.). Wait, rev25 FROZEN pinned F1=9a8bd4c96800 (rev11 content). So rev13 was a worker-16 corpus revision vs the frozen manifest revision numbers that don't correspond to schema `revision` fields. Whatever — the copy-forward in heldout3 re-ran them at rev25/rev11 bases and found: known_rejected are rejected by stage A but accepted by stage B (union false), and escapes accepted by both (union true). So the content diffs vs heldout3 base are the actual mutation deltas (the fixtures were rebased onto the heldout3 base by the builder? "Copied from FORM-HELDOUT-07 (rebased tree)" for known_rejected; for escape_m*, "Copied from a FORM-HELDOUT-08 escape family; re-checked at the current revision"). The heldout3 builder probably rebased the keys onto the rev25-compatible base. Let me check build_corpus.py of heldout3 for how known_leaks were produced.

Actually, let me not over-engineer. For the union-corpus R-CAND evaluation, I will use these role classes:
- "conforming controls" (must_be_accepted) → FP denominator (12 instances).
- "conclusion-content probes/escapes" (frozen union escape true AND content diff) → catch numerator (13 instances: 1+7+5).
- "known escape references" (4) → separate reference set (content-diff known escapes from HELDOUT-08; used as extra evidence that polar-only misses non-negation content, with the caveat that their base-of-origin is not on disk and the comparison base is the heldout3 rev11 base). Actually, since their union verdicts ARE recomputed in heldout3's raw_verdicts as accepted_by_both=True, the escape status is established at the heldout3 base. Their content diff vs heldout3 base is what I measure; the "reference" label just means they're carried-over references, not fresh mutants. So they're legitimately part of the escape evidence: 4 more content-diff escapes → catch 17/17 for R-CAND-F. And I can check R-CAND-P's behavior on them: if it misses all 4, that's strong evidence.
- "known-rejected liveness controls" (6) → excluded from FP; report flags separately (they may be content-diff; R-CAND flagging them is harmless/expected).
- "non-content mutants" (caught by stages, statements unchanged) → collateral check: R-CAND should flag none (0 collateral).

Great. Now, do I even need the new S1 measurement? Value:
1. It establishes the substitution-escape family on all three classes at a fully pinned pipeline (new information beyond the 4 HELDOUT-08 references which are C0/WCC-ish and of uncertain provenance).
2. It provides class-general evidence for R-CAND-F vs R-CAND-P (9 substitution probes where P=0).
3. It's a self-contained, reproducible corpus with identity controls per class.

Cost: moderate. I think it's worth it and it makes the task a genuine measurement rather than a re-analysis. Let me proceed.

But wait — time budget. I've spent a while reading. The actual implementation: build script (~150 lines), runner (~250 lines), checker (~120 lines), candidate rule + README + emitter (~250 lines). It's doable. Let me be efficient and write carefully to avoid debugging loops.

One more thing to verify: does stage B reject the *substitution* probes? If stage B has rules about statement content, it might catch some. We'll see empirically. If a substitution probe is rejected by a stage, then it's not an escape — I report it as "caught (unexpectedly)" and the R-CAND measurement still stands. But then my headline "substitutions escape" weakens. Given the confirmed blind spot (no rule compares statement content), they should all escape — except possibly for structural rules like R03 binder checks (if I change binder tokens). My substitutions keep binders intact:
- s1 future→past: `complete(I+_D)` → `complete(I-_D)` keeps binder name `D`; `visible_singularity_from_I_plus` → `visible_singularity_from_I_minus` is a predicate rename — could a rule check undefined predicates? worker-080 found F1 rev11 conclusion used an undefined predicate `sym...` (HF-06) → "undefined predicate" checks might exist in stage B (R-something). If stage B checks predicate definitions, a rename to an undefined predicate could be *caught*. Hmm! That would make s1 not escape. Let me instead avoid renaming predicates:
  - s1: `complete(I+_D)` → `complete(I-_D)` (binder D intact, predicate `complete` intact). NL: "complete future null infinity" → "complete past null infinity"; "no singularity visible from future null infinity" → "no singularity visible from past null infinity". This changes content via I+ → I- only. Safe from predicate checks.
  - For C2/C0: `proper_future_extension_in_class(MGHD(D))` → `proper_past_extension_in_class(MGHD(D))` renames a predicate → risk. Alternative non-negation content op that keeps predicate names: change the *argument/domain*: `MGHD(D)` → `MGHD(D0)`? Or `forall (s,delta) in D0` → `forall (s,delta) in D1`. s2 does the quantifier strength. Another: change `proper_future_extension_in_class` argument `MGHD(D)` → `D`? That is a content change (the object being extended). Hmm.
  - Simplest safe substitution across all three classes: **quantifier strength**: `comeager` → `meager` (one token, both C2/C0 and W formal have it; predicate unchanged), NL "Generic" → "All"/"Every". This is non-negation, content-changing (it replaces the generic quantifier with either a meager set or an all-data claim — actually "meager" is the negation-ish of comeager in measure terms, but lexically no negation marker; R-CAND-P won't catch it; a semantics-aware checker would).
    - Careful: is `meager` flagged by stage rules? There might be a rule checking "comeager" appears (R21 genericity?). The genericity rules (R21) check genericity fields, not the conclusion statement. The formal statement contains `comeager`; if a rule requires the conclusion to contain "comeager"... unknown. Empirically test.
  - **Domain substitution**: `in D0` → `in D1` (all three classes; unchanged predicates). NL: "initial data" → "initial data in the class D1"? awkward. Use NL "asymptotically flat" → "stationary" for W? Different vocabulary. Alternatively NL unchanged for s3 — a formal-only content change. That's fine and clean: "formal-only domain substitution".
  - **Data-class substitution (W only)**: NL "vacuum initial data" → "scalar field initial data"; formal unchanged → NL-only.
  - **Regularity substitution (C2/C0)**: NL "as a C2 vacuum solution" → "as a smooth vacuum solution" / "as a continuous Lorentzian manifold" → "as a topological manifold"... for C0 the latter drops structure (content change). Formal unchanged → NL-only.

So, per class:
- s1_direction_substitution: W: `complete(I+_D)`→`complete(I-_D)` + NL future→past (both NL occurrences). C2/C0: formal has no I+; use `proper_future_extension_in_class`... rename risk. Alternative for C2/C0: change `forall (s,delta) in D0 exists G_{s,delta} comeager` ordering? That's s2. Hmm. For C2/C0 s1, substitute `MGHD(D)` → `MGHD(D0)` (argument change; predicate names intact) + NL "maximal development" → "development" (drops maximality — a content change). Good, no predicate renames.
  Wait, for W I should also keep it uniform: `complete(I+_D)` → `complete(I-_D)` is an argument change of `complete` (I+_D → I-_D). Fine.
- s2_quantifier_strength: `comeager` → `meager` (formal) + NL "Generic" → "Every" (all three). Note "Every ... data have a maximal development" grammar; use "Each asymptotically flat vacuum initial data set has..."? Let me keep simple: replace leading "Generic " with "Every ". The NL text is a string, not parsed for grammar.
- s3_domain_substitution: formal `in D0` → `in D1` (all three); NL unchanged? For W, D0 appears? No, only formal. So s3 is formal-only.
- s4_data_or_regularity_substitution: NL-only: W "vacuum initial data" → "scalar field initial data"; C2 "C2 vacuum solution" → "smooth vacuum solution"; C0 "continuous Lorentzian manifold" → "topological manifold".

That's 4 substitution ops × 3 classes = 12 substitution probes, all non-negation. Plus polarity ops p1,p2,p3 ×3 = 9; W p5,p6 = 2; C0 p7 = 1; p4 ×3 = 3 (token; caught); identity ×3; known-rejected ×3. Total = 12+9+2+1+3+3+3 = 33 fixtures, 66 stage runs. That's a bit heavy but each run ~1s → ~1-2 min. Acceptable, but let me trim: drop p4 (or keep 1 per class — it's useful to show R-CAND-F statements-only doesn't flag token flips, i.e., it's not a replacement for R11; keep all 3, cheap). Keep all. Actually 33 fixtures × 2 stages × ~1.5s ≈ 100s. Fine.

Hmm, but wait: with 3 known-rejected C0 controls and the R03/R22 sensitivity, running stage A on C0 fixtures under the shadow (rev27 allowlist + rev11 C0 base) should reject them (they were rejected by stage A at corpus time). Fine.

Now let me also double check: does stage A read the KEY_MANIFEST relative to the fixture path or a fixed path? In pol11 shadow, stage A is a copy under shadow/artifacts/formulation/tools/check_class_schema.py and reads KEY_MANIFEST presumably relative to its own location (`ROOT` computed from __file__). That's why copying into the shadow worked. Good — I'll copy the four shadow files + three bases into my new `polarity12/shadow/` mirroring the same layout, keeping bytes identical.

One important detail: stage A/B may also read other files (rule_spec, manifest) via relative paths. In pol11 it worked with the shadow layout; I'll replicate the layout exactly (same relative structure). The only addition: C2/C0 bases in shadow/schemas/. Stage B takes `--spec`, fine.

Now the R-CAND checker design (deterministic, standalone):

```
check(fixture_doc, base_doc, variant) -> {
  verdict: "FLAG"|"PASS",
  variant, reasons: [...],
  fields: {formal: {...}, nl: {...}},
  polarity_signature: {...}
}
```
Freeze variant:
- For each of `statement_formal`, `statement_natural_language`:
  - `canon(text)`: NFKC normalize; replace non-breaking spaces; collapse whitespace; strip trailing whitespace. Do NOT strip comments (YAML parse already removes them). Do NOT casefold.
  - if canon differs → reason `content_changed:<field>`, with a short token-level diff (using difflib unified diff truncated to N chars).
- Also include `family` and `conclusion_type`? I'll make variant `freeze_statements` (statements only) and `freeze_full` (statements + conclusion_type + family); headline uses `freeze_statements` to isolate the content axis (and report `freeze_full` separately showing it also flags p4, overlapping R11).
Polarity variant:
- Signature of a text: `neg_count` (count of negation markers via regex word list), and a set of "direction/antonym tokens" from a fixed list with counts: e.g. `("future","past")`, `("complete","incomplete")`, `("comeager","meager")`, `("exists","nonexists")`? Careful: `comeager`/`meager` isn't in the negation list; polarity-only shouldn't catch it (that's the point).
  - Flag iff `neg_count(fixture) != neg_count(base)` for either statement field, OR direction-token swap detected (future↔past, I+↔I-, `not exists`↔`exists` is covered by neg_count).
  - Hmm, if I add future↔past to the polarity variant, then s1 would be caught by polarity-only too, weakening the "polarity-only misses substitutions" claim. But "future→past" IS arguably a polarity/direction flip. Let me keep polarity variant strictly negation-marker based (negation word list only). Then s1 (I+→I-, future→past) is NOT caught by polarity-only (no negation marker delta) → good demonstration that even direction flips escape a negation-only rule. Antonym pairs are a slippery slope; I'll define the variant as "negation-marker-only" and name it accordingly (R-CAND-N). Then:
    - R-CAND-N catches: p1 (not removed), p2 (not added), p3 (not added), p5 (not added), p6 (not removed), p7 (not removed). 
    - Misses: s1 (I+→I-), s2 (comeager→meager), s3 (D0→D1), s4 (NL-only vocabulary substitution), and the 4 HELDOUT-08 escapes likely (depends on markers).
  This gives a clean, interpretable comparison: R-CAND-F 33/33 content probes; R-CAND-N ~10/21 (polarity ops) + maybe some references.

Careful with p1: "not exists" → "exists": neg_count base=1 → fixture=0 → caught. But note the base C2/C0 statement is `not exists proper_future_extension_in_class` → p1 changes to `exists ...` → caught. W base has `not exists visible_singularity...` → caught. p2 outer: adds "not (" → caught. p3 NL: "It is not the case that" → caught. p5: "complete"→"not complete" + "incomplete" (contains "in"? no — my marker list should match whole words: "incomplete" won't match "complete"; but the formal has explicit "not complete" → +1 → caught; NL "incomplete" → no marker → but formal catches). p6: removes "not" → caught. p7: fabricated text with "exists" vs base "not exists" → caught.
Note: `not_exists` in the formal? The C2/C0 formal uses "not exists" (two words). Marker regex `\bnot\b` catches. Good.

Negation marker list (word-boundary, case-sensitive lowercase):
`not`, `no`, `never`, `without`, `absent`, `none`, `cannot`, `non`, `¬`, `fails`, `false`, `impossible`, `unless`, `neither`, `nor`, `nothing`, `non-existence`, `nonexistence`, `incomplete`, `inextendible`?? No — "inextendible" is a positive term in these classes (future-inextendible is the conclusion). Don't include. "incomplete" — p5 NL uses "incomplete"; including it helps R-CAND-N catch p5 even if formal didn't. But it also risks false triggers elsewhere. I'll include a conservative list: `not`, `no`, `never`, `without`, `absent`, `none`, `cannot`, `non`, `¬`, `fails`, `impossible`, `neither`, `nor`, `nothing`, `incomplete`. Note `\bno\b` matches "no singularity" (yes) but not "non" or "not" (separate). Fine.

Wait, careful about the W base NL: "no singularity visible" → neg_count includes "no" (1). p6 changes to "a singularity visible" → neg_count 0 → delta → caught. Good.

Now `canon` for statements: I'll use `yaml.safe_load` values, so comments/anchors/formatting are already resolved. Then `re.sub(r'\s+',' ', text).strip()` and NFKC. That means identity round-trips (PyYAML resort) pass; comment-only edits pass.

Metrics precisely:
- S1 shadow corpus (33 fixtures): arm informative if identity accepted by both for each class (3/3); escape rate per probe family and per class.
- R-CAND-F statements: flags = all probes whose statements changed (21 content probes: 9 polarity + 12 substitution); FP = 0/3 identity (plus 0 on known-rejected-liveness? they may have content diffs → flags there are expected, not FP; report separately).
- R-CAND-N: flags on 9 polarity probes; 0 on 12 substitution probes.
- S2 union corpora: per-fixture role table; catch/FP/collateral counts.

Now, one subtlety for S2: for pol10/pol11 the bases are rev12/shadow; for heldout3 rev11. Fine.

Another subtlety: heldout3's `ctrl_w_sorted_roundtrip.yaml` etc. — statements identical → R-CAND-F PASS. Good.

Implementation detail for R-CAND-F "flag all content changes": the base-vs-fixture comparison must use the *same class base* the fixture claims. For the S2 union, the known_leaks have `base: null` — I'll resolve by class_id to the corpus's corresponding base (C0/W) and record that as "resolved_base=class_default; base_of_origin unknown" in the report. Those are references/liveness, not the FP denominator.

Okay. Also the "collateral" measurement: on heldout3, 35 mutants, of which 33 have identical statements → R-CAND-F flags 2 (c0_03 + x03) — x03 is a content change (WCC asserts SCC) and is already caught by stage A. So "no flags on the 33 statement-identical mutants" → no collateral. In pol10: 9 informative probes+controls... p4 token flips have identical statements → R-CAND-F doesn't flag (good, R11's job). etc.

Now let me think about what could go wrong in stage runs: stage A output JSON parse; some fixtures may make stage A crash (exit non-zero, no JSON) → record as `error`, escape=false. The known-rejected C0 controls may produce exit 1 with JSON. Fine.

Time to implement. Plan of files (all under artifacts/worker-068/polarity12/):
1. `shadow/` copies.
2. `build_corpus12.py` — builds fixtures + `corpus.json` (fixture index with hashes) but NOT the manifest (manifest needs to be hashed before run; I'll have build write `corpus_index.json`, then a separate `make_manifest.py`... simpler: build_corpus writes `fixtures/` and `corpus_index.json`; then `run_polarity12.py` first hashes everything into `manifest.json` (if absent), then verifies against it and runs. But the protocol requires "manifest hashed BEFORE any stage run" — the runner writing the manifest at start of its own process before running stages satisfies that, as long as the manifest content is derived from disk state before any stage run. Even better: `build_corpus12.py` writes `manifest.json` (with fixture hashes + shadow pins + union-corpus pins) at build time; then the runner verifies and records `manifest_sha256_before_run`. If the runner is re-run after a failure, the manifest already exists and must match. I'll do: build writes manifest.json; runner asserts manifest exists and verifies hashes before running; records manifest hash before/after.
3. `conclusion_freeze_check.py` — checker with CLI.
4. `run_polarity12.py` — stages + R-CAND + metrics + report/raw/checkpoint.
5. `emit_events.py` — validates against research_map/schemas.py and appends idempotent events.
6. `candidate_rule.json`, `README.md` — written by me (not generated) after results; better to have `run_polarity12.py` write a draft `report.json` and I then write README/candidate_rule manually using actual numbers.

Let me start writing. First create the directory and copy shadow files. Then write build_corpus12.py.

Let me be careful about paths: HERE = artifacts/worker-068/polarity12; ROOT = HERE.parents[2]? artifacts/worker-068/polarity12 → parents[0]=polarity12, [1]=worker-068, [2]=artifacts, [3]=repo root. So ROOT = HERE.parents[3]. (pol11 runner used `HERE.parent.parent.parent` = parents[2]? Let me check: HERE=.../polarity11; HERE.parent = worker-068; .parent = artifacts; .parent = repo root. Yes, `HERE.parents[2]` = repo root. In pol11 runner code: `ROOT = HERE.parent.parent.parent` — three parents = repo root. Correct.)

Now, writing the build script. Key ops:

```python
def replace_once(text, old, new, where):
    if text.count(old) != 1: raise ValueError(...)
    return text.replace(old,new)
```

Base statements (rev11):
W formal: "forall (s,delta) in D0 exists G_{s,delta} comeager forall D in G_{s,delta}: AF_{I+}(M_D) and complete(I+_D) and not exists visible_singularity_from_I_plus(M_D)"
W NL: "Generic asymptotically flat vacuum initial data have a maximal development with complete future null infinity and no singularity visible from future null infinity."
C2 formal: "forall (s,delta) in D0 exists G_{s,delta} comeager forall D in G_{s,delta}: not exists proper_future_extension_in_class(MGHD(D))"
C2 NL: "Generic asymptotically flat vacuum initial data have a maximal development that is future-inextendible as a C2 vacuum solution."
C0 formal: same as C2.
C0 NL: "Generic asymptotically flat vacuum initial data have a maximal development that is future-inextendible as a continuous Lorentzian manifold."

Ops:
- p1: formal "not exists" → "exists" (all: W formal has "not exists visible..."; C2/C0 have "not exists proper...").
- p2: formal = "not ( " + formal + " )".
- p3: NL = "It is not the case that " + nl[0].lower()+nl[1:].
- p4: conclusion_type swap (as in pol10).
- p5: W only: formal "complete(I+_D)" → "not complete(I+_D)"; NL "complete future null infinity" → "incomplete future null infinity".
- p6: W only: formal "not exists visible_singularity_from_I_plus(M_D)" → "exists visible_singularity_from_I_plus(M_D)"; NL "and no singularity visible from future null infinity" → "and a singularity visible from future null infinity".
- p7: C0 only: replace formal with the fabricated C0 negation statement + NL.
- s1_direction_substitution:
  - W: formal "complete(I+_D)" → "complete(I-_D)"; NL "complete future null infinity" → "complete past null infinity"; NL "from future null infinity" → "from past null infinity".
  - C2/C0: formal "proper_future_extension_in_class(MGHD(D))" → "proper_future_extension_in_class(MGHD(D0))" — hmm, that's an argument change to D0 (the quantifier domain variable?). Is that content-changing? Yes, extension of MGHD(D0) vs MGHD(D). But subtle. Alternative: "proper_future_extension_in_class(MGHD(D))" → "proper_future_extension_in_class(D)" (extension of D rather than of the maximal development). Simpler and clearly content-changing. NL: "that is future-inextendible" → "that is past-inextendible"? That's a direction flip but NL-only; formal keeps "future". Hmm, inconsistent. Let me do:
    - C2/C0 s1: formal `MGHD(D)` → `D` (the object claimed inextendible is the data set, not its maximal development); NL "maximal development that is future-inextendible" → "initial data set that is future-inextendible". This is a content substitution, no negation, no predicate rename.
  - W s1 keeps I+→I-.
  Uniform family name: "conclusion-content-argument-substitution".
- s2_quantifier_strength: formal "comeager" → "meager"; NL "Generic " → "Every ". (all three)
- s3_domain_substitution: formal "in D0" → "in D1" (all three). NL unchanged. Family "conclusion-content-domain-substitution".
- s4_vocabulary_substitution (NL-only): W "vacuum initial data" → "scalar field initial data"; C2 "as a C2 vacuum solution" → "as a smooth vacuum solution"; C0 "as a continuous Lorentzian manifold" → "as a topological manifold". Family "conclusion-content-vocabulary-substitution". Also for W, formal unchanged. Hmm, but W's data class is in the formal too? W formal has no "vacuum". OK.

Wait, s3 "in D0" → "in D1": check stage B R03 requires ordered binders appear in formal; D0 appears in `quantifiers.ordered` presumably with domain_id D0 and the formal contains "in D0". Changing to D1 keeps the binder string? R03 checks binder tokens like '(s,delta)' — "forall (s,delta) in D1" keeps '(s,delta)'. Also `quantifiers.formal` (a separate field) is unchanged and still says D0 → the fixture now has an internal contradiction between quantifiers.formal and conclusion.statement_formal. That's exactly a content defect; the stages might catch it (R03? R27?). Good probe either way.

Let me now also double check the s1 W op: NL "complete future null infinity" appears once? "with complete future null infinity and no singularity visible from future null infinity" — "future null infinity" appears twice; replacing "complete future null infinity" → "complete past null infinity" handles the first; then replace "visible from future null infinity" → "visible from past null infinity". Fine.

For p5 W: NL replace "complete future null infinity" → "incomplete future null infinity" (once) — good.

Now the fixture set naming:
- controls: `ctrl_{w,c2,c0}_identity.yaml`
- probes: `{w,c2,c0}_{p1..p4,s1..s4}.yaml`, plus `w_p5`, `w_p6`, `c0_p7`
- known_leaks: copy the 3 rejected_h* files (C0) from heldout3/known_leaks into my corpus (byte-identical copies) — these are liveness controls for the shadow.

Total: 3 + 12 + 9 + 2 + 1 + 3 = 30 fixtures. (p1-p4 ×3 =12; s1-s4 ×3=12; wait: 3 identity + (p1..p4=4 + s1..s4=4)×3=24 + w_p5,w_p6 =2 + c0_p7=1 + 3 known = 33. Let me recount: 3 + 24 + 2 + 1 + 3 = 33. Yes.)

Stage runs: 66.

Expected escapes: p1,p2,p3 (9), p5,p6 (2), p7 (1), s1..s4 (12) = 24 content probes; p4 (3) caught by R11; identity accepted (3); known-rejected rejected (3).

Wait: are all 12 s-probes going to escape? Some may be caught by stage rules. We'll see. Report honestly.

Hypothesis: since neither stage compares conclusion statements, all 12 escape unless another rule incidentally touches them (e.g., R22 key check is unaffected; R03 binder check on `(s,delta)` intact; `D1` domain mismatch might be caught by a rule checking domain consistency? Let me check rule spec for rules mentioning conclusion... `grep` the rule_spec for "statement" to see which rules reference conclusion statements. Quick check before finalizing expectations. Let me grep rule_spec.json.

Let me look at the stage A checker's rules list and stage B rule list mentioning statement/conclusion. This is useful for the report too. I'll do it quickly, then write code.
dsh: reasoning:
R11 checks `conclusion.conclusion_type` equals the vocabulary and other conclusion metadata, but NOT statement content. R12 does a lexical leakage scan over `leakage_scan_blocks` only (not the conclusion statements) → foreign tokens in conclusion statements are not scanned unless the blocks include them. Good: a vocabulary substitution like "scalar field" in the W conclusion NL might not be caught by R12 because the scan is restricted to `leakage_scan_blocks`. Let me check what blocks are scanned — if `conclusion` is included, s4 (W vacuum→scalar field) might be caught. Let me check `leakage_scan_blocks`.
dsh: reasoning:
`leakage_scan_blocks` includes `conclusion`! So R12 scans the conclusion for foreign-family tokens and foreign matter/asymptotic tokens. This means some of my substitution ops may be caught by R12:
- s4 W: "scalar field" in the conclusion → likely a foreign matter token → R12 fail → caught, not an escape.
- s1 W: "past null infinity" — is "past" a foreign token? Probably not; the patterns are SCC-style inextendibility tokens and matter/asymptotic tokens. "past null infinity" may not match "future null infinity" pattern.
- C2/C0 s1: "initial data set that is future-inextendible" — NL wording change; formal removes MGHD → maybe fine.
- s2 "meager"/"Every" — likely fine.
- s3 "D1" — likely fine.
- C2 s4 "smooth vacuum solution" — maybe fine (no foreign matter token). C0 s4 "topological manifold" — maybe fine.

Let me look at the R12 implementation to know the patterns, so my probe design has a mix of escapes and catches (both informative). Let me read lines ~290-330 of check_class_schema.py.
dsh: reasoning:
R12 only scans `FOREIGN[fam]` patterns — for WCC class, foreign patterns are SCC-style inextendibility tokens and matter/asymptotic tokens. Let me check `FOREIGN` and `ASSERTIVE_PATHS` to know exactly. But this level of detail is enough: some of my substitutions will be caught by R12 (that's fine and informative — the pipeline does catch *foreign vocabulary* leakage but not *content* changes that use in-vocabulary tokens).

Given R12, I should design substitutions that are content-changing but use in-class vocabulary, to demonstrate the escape (blind spot) rather than re-test R12. Let me choose:
- s1 W: I+→I- (in-vocabulary "past null infinity"? The class is about future null infinity; "past" might not be a foreign pattern. Let me check FOREIGN patterns quickly.)
- s2: comeager→meager (in-vocabulary? "meager" is a measure/genericity term; R07 checks genericity.kind vocabulary, but formal statement isn't checked).
- s3: D0→D1 (in-vocabulary symbol substitution).
- s4: NL-only vocabulary substitution — risky for R12 (W: scalar field → matter token). For C2/C0: "smooth vacuum solution" (regularity vocabulary) vs "topological manifold" — likely not foreign. Maybe make s4 for W an *in-vocabulary* swap: "maximal development" → "Cauchy development"? Hmm, "maximal development" is the class object; "Cauchy development" is different but in-vocabulary. Or "no singularity visible from future null infinity" → "no singularity visible from past null infinity" (direction). I already have s1 for direction. Let me use s4 W: "have a maximal development" → "have a development" (drops maximality). That's in-vocabulary and content-changing. Actually "maximal development" appears in the NL and formal? The formal uses M_D (the maximal development) — no textual "maximal". NL only. Fine.
  - s4 C2: "as a C2 vacuum solution" → "as a smooth vacuum solution"; C0: "as a continuous Lorentzian manifold" → "as a topological manifold". These change the regularity claim in NL only (formal unchanged) — content-changing, in-vocabulary-ish. R13 scans composite regularity ("C2 vacuum solution"?) — R13 is about composite regularity wording. "smooth vacuum solution" might be fine; "topological manifold" fine.

Let me check FOREIGN patterns quickly to predict.
dsh: reasoning:
FOREIGN patterns:
- WCC foreign: SCC tokens (strong cosmic censorship, cauchy horizon, extension regularity, C0/C2 extension) and INEXTENDIB_NON_GEODESIC (the word "inextendib" without "geodesic").
- SCC foreign: "visible", "visibilit", "asymptotic predictab", "hidden from", "weak cosmic censorship".

So:
- W class (fam=WCC): my s1 I+→I-: "past null infinity" — no foreign pattern → escapes likely. s2 meager/Every → fine. s3 D1 → fine. s4 "development" (drop maximal) → fine.
- C2/C0 class (fam=SCC): foreign patterns include "visible"/"visibilit" — my ops don't use those. "weak cosmic censorship" no. So s-probes escape likely. s1 C2/C0: "initial data set that is future-inextendible" → contains "inextendib" but also "future-inextendible"... the rule: INEXTENDIB.search(s) and not GEODESIC.search(s) → fail for SCC classes? Wait that pattern is in FOREIGN["WCC"], and fam=WCC only. For SCC, FOREIGN["SCC"] = [visible, visibilit, asymptotic_predictab, hidden from, weak cosmic censorship]. So "inextendible" is fine in SCC. But note R12 for SCC would flag "visible" in the conclusion — the C2/C0 conclusions don't contain it. Fine.

Also R13 composite regularity scan anywhere non-exempt: my "smooth vacuum solution" (C2) — COMPOSITE_PROSE requires two regularity tokens joined by or/and — "smooth vacuum" no. Fine.

One more: `VAGUE` regex includes `\bsome\b` — not used in my ops.

Also note: stage A R12 scans `conclusion.equivalent_rephrasings` etc. — unchanged.

Now the p7 C0 op: fabricated statement "forall ... exists a proper future C0 metric extension..." Under SCC class, FOREIGN["SCC"] doesn't include C0-extension; INEXTENDIB_NON_GEODESIC is only a WCC pattern. So p7 escapes — as previously measured (pol10 confirmed escape at rev12; on rev11 base it should too).

OK, now let me write the code. Also I need to decide the R-CAND polarity marker behavior on `s2` "meager": marker list doesn't include it → not caught. 

One more thought on R-CAND-F: comparing to the base's statements text exactly. For the S2 union corpus, will R-CAND-F flag any *conforming controls*? Verified formal_same/nl_same → no. Good.

Let me now write the files. I'll create the directory and copy the shadow, then write build_corpus12.py.

For efficiency, I'll write the build and checker in one go, then the runner. Let me start.
dsh: reasoning:
All pinned bytes copied and hashes match expectations (stage A 000e09e46b2f, stage B c79d8ab8440a, spec 40f9bb9e657b, KEY_MANIFEST fce91948ba3a, bases rev11).

Now write `build_corpus12.py`.
dsh: reasoning:
Wait, there's a path bug: `ROOT = HERE.parents[2]`. HERE = /data3/.../workdir/ai4math-swarm/artifacts/worker-068/polarity12. parents[0] = worker-068, parents[1] = artifacts, parents[2] = ai4math-swarm (repo root). Yes, correct.

Let me run the builder.
dsh: reasoning:
Corpus built: 33 fixtures (15 polarity probes, 12 substitution probes, 3 identity, 3 known-rejected).

Now write the candidate rule checker `conclusion_freeze_check.py`. Design:

```python
VARIANTS = ("freeze_statements", "freeze_full", "negation_only")

def canon(text): NFKC + whitespace collapse + strip
def negation_signature(text): counts of markers
def check(fixture_doc, base_doc, variant):
    returns dict with verdict FLAG/PASS, flags list with field/reason/detail
```

- freeze_statements: compare conclusion.statement_formal and conclusion.statement_natural_language normalized; FLAG if any differs. Also report token-level diff summary.
- freeze_full: statements + conclusion_type + family + epistemic_status.
- negation_only: compare negation marker counts per statement field (and union across fields); FLAG if counts differ.

CLI: `--fixture PATH --base PATH --variant freeze_statements --json`.

Let me write it.
dsh: reasoning:
Now the runner `run_polarity12.py`. It must:
1. Load manifest; hash-verify all pinned shadow inputs and all fixture files before running.
2. Run stage A and stage B on each of the 33 fixtures.
3. Arm calibration: identity accepted for each class → informative per class.
4. Escape = both stages accept.
5. Liveness: known-rejected rejected by ≥1 stage.
6. Apply R-CAND variants to every fixture (3 variants) via import of the checker.
7. Union-corpus evaluation: for each of heldout3/polarity10/polarity11, load manifest + raw_verdicts, resolve base (corpus base by class), run the checker variants on each fixture, and classify roles:
   - conforming control if expectation == must_be_accepted
   - union escape if raw verdicts accept both
   - content-diff (freeze flag) 
   Build metrics.
8. Verify pins after run (shadow + fixtures).
9. Write raw_verdicts.json, report.json, checkpoint.json.
10. Print summary.

Union raw_verdicts structure: I need to parse it robustly. Let me check its structure first: heldout3 raw_verdicts.json keys. Earlier my ad-hoc search found fields 'escaped_union', 'stage_a','stage_b'. Let me inspect the structures quickly before writing the runner.
dsh: reasoning:
Structures:
- heldout3: `fixtures` list; each entry has stage_a/stage_b dicts with verdict. Need `escaped_union` — let me check the fields: earlier search found `escaped_union=True`. Yes.
- polarity10: `fixtures` list with stage_a/stage_b; escaped union probably `escaped_union`. Let me confirm key names by printing keys of an entry.
- polarity11: `results` list (not fixtures).

Let me print full keys of one entry each.
dsh: reasoning:
Field names: heldout3/polarity10 → `escaped_union`; polarity11 → `escaped`. Good.

Now write the runner. Key pieces:

- PINS: from manifest["shadow_pins"] and fixture hashes.
- Stage A/B invocation as in pol11.
- For each fixture: stage results; escape = (A pass and B accept); catch_stage = ...
- Arm calibration: for each class, identity fixture (ctrl_{w,c2,c0}_identity) accepted → informative.
- R-CAND: import conclusion_freeze_check; load fixture and base docs; run 3 variants.
- Union evaluation: load each corpus's raw verdicts + manifest; for each fixture, resolve base path (corpus base for the class); run checker; role classification.
- Metrics computed from both.
- Report JSON with slices:
  - `new_corpus`: per-fixture rows, aggregates by class/family/op, arm calibration, escape counts.
  - `candidate_rule`: 
    * on new corpus: freeze_statements flags vs content-op labels (probes with statement diff), includes catch by family; FP on identity; liveness flags.
    * on union corpora: per-corpus and pooled metrics: escapes (escaped_union/escaped true) → freeze catch; conforming controls → freeze FP; known escape references catch; collateral on non-content fixtures.
  - `findings` with ids W068-P12-F1.. and falsifiers.
  - `valid`, `invalid_reasons`.
  - `non_claims`, `limitations`, `next_falsifier`.

Union base resolution: for heldout3/polarity10, base = `<corpus>/bases/af_<class>.yaml`; for polarity11, W base = shadow/schemas/af_wcc_vacuum.yaml, C2/C0 = ... polarity11 known_leaks are C0; use polarity10/bases for C2/C0 as an external base (record it). Simpler: build a mapping per corpus:
- heldout3: {W: heldout3/bases/af_wcc_vacuum.yaml, C2: ..., C0: ...}
- polarity10: same pattern with its own bases.
- polarity11: {W: polarity11/shadow/schemas/af_wcc_vacuum.yaml, C2: polarity10/bases/af_scc_c2_vacuum.yaml, C0: polarity10/bases/af_scc_c0_vacuum.yaml} and record "base_resolution": "own-shadow W; cross-corpus C2/C0 (polarity11 is W-only except C0 liveness controls)".
Actually polarity11's known_rejected are C0 fixtures copied from heldout3 known_leaks; their content diff vs the pol10 rev12 C0 base may be spurious. Mark role "known_rejected_liveness" and exclude from FP/escape denominators.

Also compute negative-only variant results.

Let me define role classification for union corpora:
- `conforming_control` if expectation == "must_be_accepted".
- `known_rejected` if expectation == "known_rejected_positive_control".
- `escape_reference` if expectation == "known_escape_reference".
- else `probe` (should_be_caught).
And escape status from raw verdicts.

For the FP denominator, only conforming controls.

Also the "content-op probe" classification: use `freeze_statements` verdict == FLAG as the *rule's* opinion, but for ground truth of "is this a content probe", use `op_id` starting with p1/p2/p3/p5/p6/p7 (polarity) or the expectation labels. For the union corpus, the families for pol10/11 probes are obvious. For heldout3 mutants, family names. I'll compute:
- `content_escapes` = escaped AND (op_id in polarity ops OR family in known content families OR freeze flag). Hmm, circular. Better: escapes = escaped; among escapes, report how many freeze flags: catch rate. For heldout3 the escapes are c0_03 (content) + 4 escape refs (content) = 5. For pol10: 7 escapes (all content). pol11: 5 escapes (all content). Combined: 17 escapes, of which freeze catches N. The 4 refs might not be negation-only. Good.
- `conforming_controls`: FP measured.
- `collateral`: fixtures with expectation should_be_caught and NOT escaped, flagged by freeze → indicates the rule would also flag things already caught; count and list (should be c0_03? no that's escaped; x03 in heldout3 caught by stage A and content-diff → flagged; that's 1). Report as "additional flags on already-caught fixtures (no regression risk; the rule is additive)".

Now, expected results on the new corpus: run stages. Let me write the runner now. I'll include a `--dry-run` maybe not needed.

One important detail: the run must record `manifest_sha256_before_run` and verify every fixture hash matches the manifest before running. After the run, re-verify all pins. If mismatch → valid=false.

Let me write it.
dsh: reasoning:
Before running, quick sanity check on the checker behavior with a couple of fixtures, then run the full runner. Let me test the checker on c0_03-like fixtures: use the new s1 and p1 fixtures vs base.
dsh: reasoning:
Wait, two surprises:
1. `c2_s4_object_substitution` and `c0_s3_domain_substitution` with the *W base* — I compared them against the W base by mistake in this test (I passed shadow/schemas/af_wcc_vacuum.yaml for all). So the FLAG for negation_only is because they're entirely different class statements vs the W base. My test was sloppy; the runner uses the correct per-fixture base. Fine.

2. For `c2_s4` vs W base: obviously different statements. Ignore.

Let me re-test with the correct bases quickly, then run the runner.
dsh: reasoning:
The checker behaves as designed. Now run the full runner (33 fixtures × 2 stages). It may take 1-3 minutes. Let me run it with a generous timeout in the foreground.
dsh: reasoning:
The run completed. Let me look at the full output/report to understand the results, especially:
- the union escape count: only 8 escapes and 5 escape references? Expected 13 escapes + 4 references = 17. Something's off: pooled escapes n=8, escape_references n=5. Because `classify()` uses expectation values: escape_reference = "known_escape_reference" (heldout3 4 + pol10 1 = 5 ✓). escapes = 8 (pol10 7 + pol11 5 = 12 expected... but heldout3 c0_03 has expectation "probe" → classify returns "escape" if escaped → should be 1 more → 13). Hmm, pooled escapes n=8. Let me check: maybe pol11 entries have expectation "should_be_caught" → role escape if escaped → 5. pol10 7 → total 12 + c0_03 = 13. But got 8.

Wait, maybe the union evaluation only counted fixtures where `e.get("base")` resolved... For pol11 raw results, entries have no "base" field and class_id? The polarity11 raw results entries lack `class_id` (keys: fixture, file, family, op_id, expectation, ...). My base resolution: `base_key = e.get("base")` → None; then `next((k for k,v in (("W","AF-WCC-VAC-GEN"),...) if v == e.get("class_id")))` → e.get("class_id") is None → base_key None → `continue` → skipped! So all 14 pol11 entries were skipped (not counted), and since their rows never got added, union per-corpus counts differ. But pooled escapes=8 means pol10 contributed 7 escapes + 1 from heldout3? heldout3 c0_03 has expectation "probe" → role escape → 1. Total 8. Yes: pol11 was entirely skipped.

Also known_rejected n=9 = heldout3 6 + pol10 3 (pol11's 3 skipped). conforming_controls n=7 = heldout3 4 + pol10 3 (pol11's 5 skipped).

I need to fix base resolution for pol11: use the fixture's manifest entry or infer from family/file name, or read class_id from the fixture YAML itself. Best: load the fixture doc and use its `class_id` to pick the base. Let me fix: after loading fx_doc, `cid = fx_doc.get("class_id")`; base_key = e.get("base") or mapping[cid]. That's robust for all corpora. Also keep the resolved base note.

Also pooled "files_caught": null placeholder — harmless but let me remove or fill.

Also `caught_probes` flagged 6 for freeze_statements: fixtures with expectation should_be_caught, not escaped, but content-diff → flagged. That's fine (x03 etc.?). Let me check what they are and whether any are due to base mismatch (e.g., heldout3 known_leaks with base null resolfed by class → all C0/W; those are known_rejected not caught_probes). caught_probes = should_be_caught & not escaped. 6 flagged. In heldout3, x03 (content diff, caught by stage A) plus possibly others whose statements differ? Earlier analysis: only x03 and c0_03 had diffs among mutants; c0_03 escaped. So heldout3 gives 1. pol10 caught probes: p4 ×3 (statements same → not flagged), w_p1/p2/p3/p5/p6 (caught due to stage B R03 base rejection but statements differ → flagged: 5). That's 1+5=6. Good, consistent.

After fixing pol11 inclusion, union escapes should be 7+5+1=13, references 5, conforming control 12.

Also the union catch rate for freeze should be 13/13=1.0; negation_only 13/13 as well (all pol10/pol11 escapes are negation ops; c0_03 too). And escape_references: freeze catches some of the 5 (only 1 flagged currently among heldout3's 4 + pol10's 1 reference which is c0_03 duplicate → flagged). Hmm, heldout3's 4 escape refs (m04,m16,m25,m29) → freeze flagged 0/4? Currently escape_references n=5 flagged 1 (the pol10 reference = c0_03 copy, flagged). So the 4 HELDOUT-08 refs were NOT flagged by freeze_statements vs the heldout3 base — interesting: meaning their content diffs are outside the two statement fields? Earlier my ad-hoc diff said FORMAL_DIFF + NL_DIFF for all four vs heldout3 base. But now freeze says PASS? Wait — earlier ad-hoc diff normalized with `re.sub(r'#.*','',s)` and whitespace, and found diffs. The checker uses the same approach... unless the base resolution failed for them: heldout3 manifest has `base: null` for those; my class-based fallback: class_id AF-SCC-C0-VAC-GEN → C0 base → should resolve. So why PASS?

Hold on: escape_references flagged=1 but n=5. Which 5? heldout3's 4 + pol10's 1. Flagged 1. If the 4 m* were PASS, then the 1 flagged is pol10's reference (c0_03 vs rev12 C0 base). But my earlier ad-hoc script said the m* are FORMAL_DIFF/NL_DIFF vs heldout3 base. Let me recheck: in that ad-hoc script, for base None, `b=basecache.get(bases[corp].get(base))` → `bases[corp].get(None)` = None → b=None → bst=None, bnl=None → st != None → "FORMAL_DIFF". So the m* diffs were an artifact of base=None in my ad-hoc script, not real. In the runner I resolve by class_id → real comparison → PASS. So the 4 m* escape references have identical conclusion statements to the heldout3 base — meaning their escape mechanism is NOT conclusion-statement content. Good thing I fixed it; the "17 escapes" claim would have been wrong. Interesting: the FORM-HELDOUT-08 escape families (adm-mass-erasure, containment-reversal, completeness-definition-swap, data-domain-contradiction) do NOT change the conclusion statements; they change other fields (definitions etc.) and still escape. That's a *different* content axis (definitional content), not conclusion-statement content. Important to report accurately: freezes of the conclusion statements would NOT catch those 4; they need a definitional-freeze rule (symbols used in the conclusion must have frozen definitions). That's a genuinely valuable finding and a coverage gap for R-CAND.

Wait, but the heldout3 known_leaks entries for m* had base=null and were labeled known_escape_reference with union escaped true (re-measured by the heldout3 runner at rev11 base). So they escape with identical conclusion statements → their mutations changed other fields in ways the stages don't check. Let me verify which fields changed for m04/m25 (e.g., i_plus.definition, visibility.definition, data_class...). I can compute a leaf diff vs the heldout3 base to document the *actual* axis. That strengthens the report: "the union corpus contains two content axes: conclusion-statement content (13 escapes, freeze catches 13/13) and definitional content (4 HELDOUT-08 references, freeze catches 0/4), so a complete rule needs both conclusion-freeze and a definition-freeze of the symbols the conclusion depends on."

That is a much better, more honest result. Let me compute the leaf diffs for m04/m16/m25/m29 vs the heldout3 C0/W base and include a summary in the report as a finding and a limitation of R-CAND.

Also I need to fix the pol11 skip bug and re-run. Let me also improve:
- base resolution by class_id from the fixture doc.
- catch_lists should separate "escape" vs "escape_reference".
- pooled `files_caught` cleanup.
- Add `axes` classification: for each union escaped fixture, determine whether conclusion statements differ (freeze axis) and/or other leaves differ (definitional/other axis). Compute a leaf-diff summary: list changed top-level paths (excluding metadata keys? no, include all) for escaped fixtures. That's useful evidence.

Let me also record for each union row the `changed_paths` between fixture and base (leaf-level), to support the axis analysis. Implement a small recursive leaf-diff.

Then after rerun, examine results and write README/candidate_rule/emitter.

Let me patch the runner.
dsh: reasoning:
Now improve the catch lists to separate escape vs escape_reference, add axis analysis, and fix the `files_caught` placeholder. Let me patch the pooled/catch_lists section.
dsh: reasoning:
Now update the findings and report to include the axis analysis, and fix F2 wording (freeze catches the conclusion-statement axis, not all escapes). Let me patch the findings block.
dsh: reasoning:
Also add `escape_axes` to the report body (the `candidate_rule` section) so it's serialized. It's already inside findings evidence; but also nice in candidate_rule. Let me patch the report dict to include `union_escape_axes`: axis_summary. Also fix the checkpoint summary. Let me view the relevant part quickly and patch.
dsh: reasoning:
Now the results are clear:
- New corpus: 24 escapes (12 polarity + 12 substitution), 3/3 identity accepted (informative — need to check arm), 3/3 known-rejected rejected.
- Union: 13 escapes (not 17 — the 4 HELDOUT-08 references are a separate role and have unchanged conclusion statements; the 5th reference is pol10's c0_03 copy which IS statement-changed). So:
  - escapes: 13, freeze catches 13/13, negation_only 13/13 (all are negation ops).
  - escape_references: 5, freeze catches 1/5 (the c0_03 copy) — i.e., the 4 FORM-HELDOUT-08 escapes are NOT conclusion-statement changes.
  - conforming controls 12, FP 0.
  - known_rejected 12, freeze flags 6 (harmless, they're rejected anyway).
  - caught_probes 40: freeze flags 6 (content-diff but already caught).

Catch rate 0.777 = 14/18 (13 escapes + 5 refs). That's a slightly misleading headline. Better to report per-role: statement-axis escapes 14/14 (13 escapes + 1 reference), non-statement-axis references 0/4. Let me check axis_summary from the report to state it precisely.

Let me look at the report's escape_axes and the new corpus candidate-rule numbers, plus arm calibration.
dsh: reasoning:
Interesting. The results:

**New corpus (33 fixtures, fully pinned 3-class shadow, all arms informative):**
- 27 content probes; 24 escaped by both stages (12/15 polarity probes escaped — p4 token flips caught by R11 ×3; 12/12 substitution probes escaped).
- freeze_statements flagged 24/27 content probes (the 24 escapes) — 0 on identity, 0 on known-rejected.
- negation_only flagged 12 (the polarity family), 0 substitution.
- freeze_full flagged 27/27 (includes the p4 token flips, overlapping R11).
- Conforming controls 3/3 accepted by stages, 0 flagged by any R-CAND variant.

**Union corpora:**
- 13 escape instances (statement axis) + 5 escape references (4 non-statement axis + 1 statement-axis duplicate).
- freeze_statements: catches 14/14 statement-axis escapes (13 escapes + 1 ref), misses 4/4 non-statement-axis refs; FP 0/12 conforming controls.
- negation_only: catches the same 14 statement-axis (all are negation ops) and misses the 4 non-statement ones. So on the union corpus negation_only equals freeze — because the union corpus contains only negation-style statement escapes; the *new* corpus is what separates them (12 substitution escapes caught only by freeze).

**Non-statement axis finding:** the 4 HELDOUT-08 reference escapes change `class_identity_variants.horizon_localized_variant.*`, `anti_scope.not_this_class[...]`, and (m25) `i_plus.completeness_definition` + `f0_binding` etc., leaving conclusion statements untouched. Note m25 also changed `revised_at`/`revision` — this shows the comparison base may differ in metadata (copied fixture from another revision): `f0_binding.checked_at/declared_f0_sha256`, `revised_at`, `revision` differences are likely copy-forward artifacts, not the mutation. The substantive ones for m25: `i_plus.completeness_definition`, `class_identity_variants`. For m04/m16/m29: `class_identity_variants.horizon_localized_variant` + `anti_scope.not_this_class[3]/[4]` — hmm, anti_scope index shifts could be structural. This crude leaf diff isn't a clean attribution of the mutation. I should be careful in the README: say "their changed leaves lie outside conclusion.statement_*; the exact mutation attribution is not re-derived here (copy-forward metadata differences are included in the diff)". The F4 falsifier covers that.

Let me also check the m25 substance: `i_plus.completeness_definition` changed — a definitional content change that the stages don't check. That's consistent with the "completeness-definition-swap" family. Good.

Also one more check for the new corpus: which 3 of the 15 polarity probes were caught? p4 ×3 (token flips) — caught by R11 stage A. Good.

Wait: polarity probes n=15 but 12 escaped; p4 ×3 caught. But `freeze_statements` flagged 12 of the 15 polarity probes — the 12 escapes. Good.

Now, an important validation: the substitution probes were built by mutating rev11 bases; they escaped both stages. But hold on — for the C2/C0 `s1_argument_substitution` (MGHD(D) → D), the formal becomes `not exists proper_future_extension_in_class(D)` — stage B's R03 checks binders: `(s,delta)` and `D` still present. Fine. And it escaped. Good.

Now let's write:
1. `candidate_rule.json` — proposed rule R-CAND with semantics, evidence, placement, owner.
2. `README.md` — human summary.
3. `emit_events.py` — validate + append events idempotently.
4. Then run emit + global checkpoint.

Also: the runner wrote `checkpoint.json` with artifact hashes of files existing at that time; after I add README/candidate_rule, the checkpoint should be updated. The emit script can regenerate a final checkpoint including all artifacts, or I'll re-run the runner at the end? Re-running the runner would redo 66 stage runs and overwrite report.json with identical content except generated_at; that's wasteful. Instead, the emitter will write a final worker checkpoint `checkpoint_final.json` listing all artifacts and events, and update `checkpoint.json`? Better: emitter computes hashes of all artifacts and writes `checkpoint.json` fresh (overwriting the runner's version) with `stage: "final"`, including a `measurement_checkpoint` nested section. Hmm, simpler: keep runner checkpoint.json as the measurement checkpoint, and add `checkpoint_final.json` from the emitter. Protocol-wise, the worker-local checkpoint event can reference both.

Wait — but the runner's checkpoint says "artifacts": hashes of files present at that time. After adding README etc., the checkpoint is stale. That's acceptable if I emit a final checkpoint event listing the full artifact set. Let me have the emitter write `runtime/state/w068_polarity12_checkpoint.json` with the full artifact hash list and the summary, and reference it in the checkpoint event. And also write `artifacts/worker-068/polarity12/checkpoint_final.json`. Good.

Let me now write candidate_rule.json (hand-written with actual numbers) and README.md.

Numbers to cite:
New corpus:
- fixtures 33: 3 identity, 15 polarity probes, 12 substitution probes, 3 known-rejected.
- stage results: identity 3/3 accepted (arms informative for all 3 classes); 24/27 content probes escaped; p4 token flips 3/3 caught (R11); substitution 12/12 escaped; known-rejected 3/3 rejected.
- by class: W 9 escapes, C2 7, C0 8.
- R-CAND freeze_statements: 24/24 escaped content probes flagged; 0/3 identity; 0/3 known-rejected; (freeze_full 27/27).
- R-CAND negation_only: 12/15 (the 12 polarity escapes), 0/12 substitution.

Union:
- 13 escapes (heldout3 1, pol10 7, pol11 5) + 5 escape references.
- statement-axis escape instances = 14 (13 escapes + 1 reference duplicate of c0_03), freeze catches 14/14; non-statement-axis = 4 (HELDOUT-08 refs), freeze catches 0/4.
- conforming controls 12, FP 0 for all variants.
- known_rejected 12, freeze flags 6 (harmless; they're rejected).
- caught_probes 40, freeze flags 6 (already caught; additive).
- negation_only on union: 14/14 statement-axis (all union statement escapes are negation ops), 0/4 non-statement.
- freeze_full flags additional token changes: caught_probes flagged 14 vs 6 (overlaps R11).

Falsifier (already in manifest/report).

Let me write candidate_rule.json.
dsh: reasoning:
Now the README.md. Then the emitter.

Let me double check one number before writing: "known_rejected flagged 6/12 by R-CAND-F" — pooled known_rejected n=12 flagged=6. Which ones? heldout3 6 + pol10 3 + pol11 3 = 12. freeze flags 6: probably heldout3's 6 (content diffs vs base) and 0 of pol10/pol11 (identity-ish known-rejected copies match their bases?). Fine — I'll state "6/12 flagged, all of them already rejected by stage A".

Also `caught_probes` 40: freeze flags 6. Those 6 = heldout3 x03 (1) + pol10 w_p1/p2/p3/p5/p6 (5). Correct.

Let me write the README.
dsh: reasoning:
Now the event emitter. Requirements from PROTOCOL.md:
- Every event needs `event_id`, `event_type`, `created_at`, `actor`.
- Upward types and required fields per `research_map/schemas.py`.
- Append to `comms/outbox/worker-068.jsonl` (idempotent: skip event_ids already present in the file).
- Validate each event with `research_map.schemas.validate_event`.
- Events should cite evidence as `path#sha256-prefix`.
- Worker cannot set status=done, validation_status=passed, or gate verdicts. Use status "active" and claims_completion false, artifact validation_status "unverified".

Event plan (event ids):
1. `w068-pol12-01-task-claim` — status: node A1, active, hours 0.1, summary (task, no inbox card, one bounded class-bound task), evidence_refs, next_falsifier.
2. `w068-pol12-02-manifest` — artifact (corpus_manifest).
3. `w068-pol12-03-report` — artifact (measurement_report).
4. `w068-pol12-04-raw` — artifact (raw_verdicts).
5. `w068-pol12-05-checker` — artifact (candidate_rule_implementation).
6. `w068-pol12-06-builder` — artifact (corpus_builder).
7. `w068-pol12-07-runner` — artifact (measurement_runner).
8. `w068-pol12-08-readme` — artifact (report_readme).
9. `w068-pol12-09-candidate-rule` — artifact (candidate_rule_spec).
10. `w068-pol12-10-checkpoint-artifact` — artifact (checkpoint).
11. `w068-pol12-11-claim` — claim: conclusion_type "numerical_evidence"; class_id semicolon list? Previous worker-068 claims used class_id string like "AF-WCC-VAC-GEN;AF-SCC-C2-VAC-GEN;AF-SCC-C0-VAC-GEN" and class_ids list. Include assumptions, falsifier, evidence_refs.
12. `w068-pol12-12-blocker-content-gap` — blocker: the non-statement axe gap + independent adjudication needed; needed_to_unblock; evidence_refs.
13. `w068-pol12-13-checkpoint` — status (checkpoint) with hours and evidence to runtime checkpoint + global checkpoint.
14. `w068-pol12-14-complete` — status complete at worker level.

Also maybe a second blocker for the live-pipeline obstructions? Those are already carried by w068-pol10-10/11/12 and w004; no need to duplicate. But the finding that F1 rev12 still fails stage B R03 and KEY_MANIFEST rev28 breaks stage A is relevant context; I'll mention in the checkpoint summary, not as a new blocker (CF-12: one canonical path, one owner — don't duplicate).

Checkpoint: after appending events, run `python3 research_map/checkpoint.py --label worker-068-FORM-POLARITY-12` which ingests the outbox into events.jsonl and writes the global checkpoint. Then write `runtime/state/w068_polarity12_checkpoint.json` and update `artifacts/worker-068/polarity12/checkpoint_final.json` with the artifact hash set + event ids, and reference the global checkpoint id in the final `complete` status? But events must be appended before the global checkpoint ingests them; the complete event references the checkpoint id which is created *after* appending... Chicken-and-egg. Previous workers handled this by: emit events → run checkpoint → then emit a final checkpoint status event referencing the global checkpoint (which gets ingested on the next controller pass). Let me do:
- emitter writes events 01..13 (including checkpoint status referencing the worker-local checkpoint file) and then, after running the global checkpoint, I write a small additional event `w068-pol12-15-global-checkpoint` (status) referencing the global ckpt id and re-run checkpoint.py? Running checkpoint twice is fine but the second run would ingest the new event and produce another checkpoint id. Simpler: 
  1. Emit all events including `complete` (14).
  2. Run checkpoint.py --label worker-068-FORM-POLARITY-12 → get ckpt id; it ingests my events (accepted).
  3. Write worker-local final checkpoint file with that global ckpt id.
  4. Emit one more status event `w068-pol12-15-checkpoint-confirm` referencing the global ckpt id + worker-local file; it will be picked up by the controller's next ingest (and my own optional second checkpoint run). 
That's fine and matches how others did it.

Actually, to keep the outbox self-contained and valid, the emitter can take a `--global-checkpoint` argument and write the confirm event after. Let me structure:
- `emit_events.py` builds the event list (01..14) with hashes computed from disk; validates with schemas; appends idempotently; prints event ids.
- Then I run checkpoint.py.
- Then run `emit_events.py --confirm-ckpt <id>` which appends event 15.
- Then write final worker checkpoint JSON (including all event ids and artifact hashes) and run checkpoint.py once more? That second run would ingest event 15 and write a new global checkpoint. The worker-local file should reference the *first* global checkpoint. To reduce churn, I'll write the worker-local final checkpoint manually after the first global checkpoint and include event 15 in it.

Hmm, actually simpler: emitter writes events 01..14; checkpoint.py ingests; I write worker-local checkpoint + final artifact checkpoint file; then emitter `--confirm` writes event 15 referencing both; done (no second global run; the controller ingests event 15 at its next pass). But the task says "checkpoint" — the first global checkpoint satisfies it, and the worker-local checkpoint artifact is written after. Good.

Wait, but if I write `checkpoint_final.json` after the global checkpoint, its hash isn't in the events. That's OK — the confirm event can cite it (hash prefix). Let me make the emitter's confirm step write nothing; I'll write checkpoint_final.json first, then call emit --confirm with its path so the emitter hashes it and cites it in the event.

Order:
1. Ensure report/README/candidate_rule exist.
2. Write `emit_events.py`.
3. Run emitter (events 01..14).
4. Run `research_map/checkpoint.py --label worker-068-FORM-POLARITY-12` → captures accepted/rejected counts and ckpt id.
5. Write `artifacts/worker-068/polarity12/checkpoint_final.json` (artifact hashes, event ids, global ckpt id, summary) and `runtime/state/w068_polarity12_checkpoint.json` (same).
6. Run emitter `--confirm-ckpt <ckpt-id> --final <path>` → appends event 15.
7. Verify outbox events all validate; print tail.

Now write the emitter. I need to know how the events get hashed/verified: use `research_map.schemas.validate_event`. Import path: add repo root to sys.path. Also verify artifact sha256 on disk equals what's cited.

Let me write it.
dsh: reasoning:
Before emitting, let me double check the claim's `class_ids` field usage — schemas only require specific fields; extra fields are fine. Note `status` type requires `node_id, status, hours, summary, evidence_refs, next_falsifier` — all present.

One issue: status events don't have a `claims_completion` requirement (extra field fine). Also `blocker` requires node_id, description, needed_to_unblock, evidence_refs — present.

Now let me run the emitter and check the results. Then checkpoint.

But first, one more validation: the report.json numbers I hard-coded in the emitter summary ("R-CAND-F 24/24 new and 14/14 union...") should match. Let me verify via a quick check and also add a sanity assertion in the emitter? The emitter reads report.json for measurements; summaries are text. Fine.

Run emitter.
dsh: reasoning:
Events emitted. Now verify all 14 events validate and the artifact hashes cited match disk. Then run the global checkpoint.

Let me do a verification pass:
1. Re-read the appended events, validate each with schemas.validate_event, verify artifact sha256 on disk.
2. Then run `python3 research_map/checkpoint.py --label worker-068-FORM-POLARITY-12`.
dsh: reasoning:
All events valid, hashes match. Now run the global checkpoint (which ingests the outbox → events.jsonl and writes state snapshots). Then check the checkpoint output for accepts/rejects of my events.
dsh: reasoning:
The checkpoint ran. But `accepted: 0, duplicates: 4358` — that means my events were apparently already ingested? "duplicates: 4358" suggests the ingest saw them as duplicates — but I just emitted them. Wait: maybe another process (the live controller) ran ingest between my emit and this checkpoint run, ingesting my events already. That's likely: the controller runs checkpoint.py every ~5 min, and there are other agents. Let me check whether my event ids are in `runtime/state/ingested_ids.json` and in events.jsonl, and whether they were rejected (comms/rejected.jsonl). `accepted: 0` with duplicates 4358 means the ingest found them already present (ingested by another run in between). Let me verify my events landed in events.jsonl and not in rejected.jsonl.

Also get the checkpoint id from the output (I tailed it; need the head). Let me query checkpoint_log.jsonl for the label.
dsh: reasoning:
All 14 events are in the accepted stream, 0 rejected. Good.

But my checkpoint record isn't in checkpoint_log.jsonl with that label — maybe another concurrent checkpoint overwrote `current_checkpoint.json` and the log write happened (append) but the label differs? Let me check the tail of checkpoint_log.jsonl, and also check `runtime/state/checkpoints/` for the newest files. Maybe my run's checkpoint record was written but the log entry label... Let me look.
dsh: reasoning:
There are multiple concurrent checkpoint runs (the lead-formulation lead is also running checkpoints every few seconds). My checkpoint at ~00:55:0x may have been written then superseded. The label isn't in the log because the log entries from other processes have label None... hmm, the last three have label None (probably from `astra_lifecycle` or `run_cycle` which calls checkpoint with a different label? or label key missing). My run's record may be among the earlier ones (00:54:5x?). Let me search checkpoint files for my label. Actually, the checkpoint record file is named ckpt-<stamp>.json and contains "label". Let me grep the last 10 checkpoint files for my label. Also, the concurrent runs are fine — the protocol says checkpoint snapshots are allowed; races are inherent in this swarm.

Let me find my checkpoint id by grepping.
dsh: reasoning:
My global checkpoint is `ckpt-20260912-005518` (label worker-068-FORM-POLARITY-12), created 00:55:18, accepted 0 duplicates (events already ingested by the concurrent lifecycle run at 00:55:14), pending 0. Good.

Now:
1. Write the final worker-local checkpoint `artifacts/worker-068/polarity12/checkpoint_final.json` + `runtime/state/w068_polarity12_checkpoint.json` with: task, checkpoint id, artifact hashes, event ids, key results.
2. Emit the confirm event `w068-pol12-15-checkpoint-confirm` referencing the global ckpt and the final file.
3. Then perhaps run a final `research_map/validate_map.py` to confirm the map is valid (optional, read-only). And `audit_evidence.py`? That runs the evidence audit — read-only, fine, but not required. I'll run validate_map.py to confirm nothing broke.

Let me write the final checkpoint files with a small script (in the artifacts dir? I could add it to the emitter, but a one-off write is fine; better to make it reproducible by including a `make_final_checkpoint.py`? Keep it simple: the emitter's --confirm step references the file; I'll create the file via a short script inline but ensure it's deterministic. Actually, for reproducibility, let me add the final-checkpoint writing into `emit_events.py` under a `--write-final` flag. Hmm, the emitter already exists; simplest is to write the file with a here-doc and include the artifact list. That's fine — the file is an artifact, not code.

Let me generate it now.
dsh: reasoning:
Now emit the confirm event referencing the global checkpoint and the final checkpoint file. Then validate the outbox again, run validate_map.py, and finish.

One consideration: `checkpoint_final.json` lists `artifacts` including itself? No — it was written after computing the artifact hash dict, so it doesn't include itself (it didn't exist at scan time). Slight inconsistency but fine; better: the final checkpoint's `artifacts` map excludes itself. It's a checkpoint, not a manifest. Acceptable. Actually let me make it self-consistent by noting it. Not critical.

Emit confirm event.
dsh: reasoning:
All 15 events valid. Now final verification:
1. Run `python3 research_map/validate_map.py` to ensure the map is still valid (read-only).
2. Double-check the report's key claims against raw_verdicts (spot check a couple).
3. Confirm the last events are ingestible (the controller will ingest them; the confirm event references a ckpt file but that's fine).
4. Maybe run `research_map/comms.py ingest`? The checkpoint.py already ingested up to event 14; the confirm event 15 is pending. The controller will pick it up. I could run checkpoint once more, but concurrent leads are running it constantly; not necessary. Actually, to leave a clean "checkpoint" and get event 15 accepted, I could run `python3 research_map/comms.py ingest` once — it's the documented ingest command and safe (idempotent). Let me check comms.py usage quickly: `python3 research_map/comms.py ingest`. It was `checkpoint.py` that did ingest. Running comms.py ingest will accept my 15th event into events.jsonl, then the next controller checkpoint applies it to the map. Let me do that — it makes my trajectory complete in the accepted stream.

Then final summary output from the runner/report for my answer.

Let me run validate_map + comms ingest and check the pending count.
dsh: reasoning:
All 15 events accepted into the accepted stream; 0 rejected. Map VALID. 

Let me do a final spot-check of the report results to make sure the key numbers I'll report are right, and also verify the drift check (shadow inputs unchanged) — report valid=true already. Let me pull the final summary numbers and artifact inventory for my final answer.

Also verify the events in the accepted stream include my claim. And maybe check `runtime/state/artifact_hashes.json` reflects my artifacts (checkpoint.py registers hashes; the concurrent runs may have updated it). Not necessary.

One more sanity check on a subtle claim: "12/12 substitution probes escape". Let me verify from raw_verdicts that every s-probe has stage_a pass and stage_b accept. And that the 12 polarity escapes list matches. Quick check.
dsh: reasoning:
All numbers check out. The task is complete:

1. ✅ Read handoff/map and comms (HANDOFF.md, ASTRA_HANDOFF.md, PROTOCOL.md, research_map.json, events, control files).
2. ✅ Took ONE class-bound task (W068-FORM-POLARITY-12; classes AF-WCC-VAC-GEN, AF-SCC-C2-VAC-GEN, AF-SCC-C0-VAC-GEN).
3. ✅ Emitted valid JSON with IDs, evidence, hash, falsifier: 15 schema-valid events in comms/outbox/worker-068.jsonl, all accepted (0 rejected); every artifact cited with sha256; claim includes falsifier + assumptions; blocker includes needed_to_unblock.
4. ✅ Checkpointed: global ckpt-20260912-005518 + worker-local checkpoint_final.json + runtime/state/w068_polarity12_checkpoint.json; confirm event accepted.
5. Now exit — provide a concise final report.

Let me do a final listing of the artifacts for the answer and confirm the outbox tail. Also note the file count (52 artifacts in the dir). Let me get the artifact list quickly (top-level files) for the summary.
