arm,seed,task,tokens,wall_clock_s,proposed,gate_accepted,hard_failure,accepted,citation_support,novelty,reviewer
S,0,0,12842,14400,1,0,0,0,0,0,rev-4
S,0,0,12842,14400,1,0,0,0,0,0,rev-2
S,0,1,12842,14400,1,0,0,0,0,0,rev-4
S,0,1,12842,14400,1,1,0,1,0.562,0.752,rev-4
S,0,2,12842,14400,1,1,0,1,0.792,0.974,rev-4
S,0,2,12842,14400,1,0,0,0,0,0,rev-6
S,0,3,12842,14400,1,0,0,0,0,0,rev-4
S,0,3,12842,14400,1,0,0,0,0,0,rev-2
S,0,4,12842,14400,1,0,0,0,0,0,rev-5
S,0,4,12842,14400,1,1,0,1,0.948,0.824,rev-5
S,0,5,12842,14400,1,1,0,1,0.511,0.884,rev-3
S,0,5,12842,14400,1,1,0,1,0.944,0.593,rev-6
S,0,6,12842,14400,1,0,0,0,0,0,rev-6
S,0,6,12842,14400,1,0,0,0,0,0,rev-1
S,0,7,12842,14400,1,0,0,0,0,0,rev-5
S,0,7,12842,14400,1,0,0,0,0,0,rev-2
S,0,8,12842,14400,1,0,0,0,0,0,rev-6
S,0,8,12842,14400,1,0,0,0,0,0,rev-3
S,0,9,12842,14400,1,1,0,1,0.725,0.707,rev-3
S,0,9,12842,14400,1,1,0,1,0.645,0.844,rev-3
S,0,10,12842,14400,1,0,0,0,0,0,rev-6
S,0,10,12842,14400,1,0,0,0,0,0,rev-5
S,0,11,12842,14400,1,1,0,1,0.428,0.581,rev-5
S,0,11,12842,14400,1,0,0,0,0,0,rev-5
S,0,12,12842,14400,1,1,0,1,0.523,0.942,rev-4
S,0,12,12842,14400,1,1,1,0,0,0,rev-3
S,0,13,12842,14400,1,0,0,0,0,0,rev-2
S,0,13,12842,14400,1,1,0,1,0.74,0.643,rev-5
S,0,14,12842,14400,1,1,0,1,0.404,0.668,rev-3
S,0,14,12842,14400,1,1,0,1,0.568,0.82,rev-5
S,0,15,12842,14400,1,0,0,0,0,0,rev-4
S,0,15,12842,14400,1,0,0,0,0,0,rev-3
S,0,16,12842,14400,1,0,0,0,0,0,rev-2
S,0,16,12842,14400,1,0,0,0,0,0,rev-3
S,0,17,12842,14400,1,0,0,0,0,0,rev-3
S,0,17,12842,14400,1,0,0,0,0,0,rev-3
S,0,18,12842,14400,1,0,0,0,0,0,rev-3
S,0,18,12842,14400,1,0,0,0,0,0,rev-1
S,0,19,12842,14400,1,0,0,0,0,0,rev-6
S,0,19,12842,14400,1,1,0,1,0.903,0.536,rev-2
S,0,20,12842,14400,1,0,0,0,0,0,rev-2
S,0,20,12842,14400,1,0,0,0,0,0,rev-3
S,0,21,12842,14400,1,1,0,1,0.961,0.982,rev-6
S,0,21,12842,14400,1,1,0,1,0.902,0.655,rev-5
S,0,22,12842,14400,1,0,0,0,0,0,rev-1
S,0,22,12842,14400,1,0,0,0,0,0,rev-6
S,0,23,12842,14400,1,1,0,1,0.627,0.976,rev-4
S,0,23,12842,14400,1,1,0,1,0.834,0.611,rev-6
S,1,0,12842,14400,1,0,0,0,0,0,rev-3
S,1,0,12842,14400,1,1,0,1,0.914,0.891,rev-6
S,1,1,12842,14400,1,1,0,1,0.557,0.524,rev-1
S,1,1,12842,14400,1,0,0,0,0,0,rev-5
S,1,2,12842,14400,1,1,0,1,0.707,0.827,rev-2
S,1,2,12842,14400,1,1,0,1,0.628,0.94,rev-1
S,1,3,12842,14400,1,0,0,0,0,0,rev-5
S,1,3,12842,14400,1,0,0,0,0,0,rev-3
S,1,4,12842,14400,1,0,0,0,0,0,rev-1
S,1,4,12842,14400,1,0,0,0,0,0,rev-1
S,1,5,12842,14400,1,0,0,0,0,0,rev-2
S,1,5,12842,14400,1,0,0,0,0,0,rev-5
S,1,6,12842,14400,1,0,1,0,0,0,rev-4
S,1,6,12842,14400,1,0,0,0,0,0,rev-2
S,1,7,12842,14400,1,1,0,1,0.48,0.851,rev-3
S,1,7,12842,14400,1,1,0,1,0.972,0.525,rev-1
S,1,8,12842,14400,1,1,0,1,0.921,0.651,rev-4
S,1,8,12842,14400,1,0,0,0,0,0,rev-2
S,1,9,12842,14400,1,1,0,1,0.892,0.768,rev-5
S,1,9,12842,14400,1,0,0,0,0,0,rev-6
S,1,10,12842,14400,1,0,0,0,0,0,rev-3
S,1,10,12842,14400,1,1,0,1,0.867,0.824,rev-6
S,1,11,12842,14400,1,0,0,0,0,0,rev-5
S,1,11,12842,14400,1,0,0,0,0,0,rev-4
S,1,12,12842,14400,1,1,0,1,0.862,0.962,rev-2
S,1,12,12842,14400,1,0,0,0,0,0,rev-6
S,1,13,12842,14400,1,0,0,0,0,0,rev-2
S,1,13,12842,14400,1,0,0,0,0,0,rev-4
S,1,14,12842,14400,1,1,1,0,0,0,rev-3
S,1,14,12842,14400,1,0,0,0,0,0,rev-1
S,1,15,12842,14400,1,1,0,1,0.933,0.981,rev-4
S,1,15,12842,14400,1,0,0,0,0,0,rev-1
S,1,16,12842,14400,1,1,0,1,0.808,0.72,rev-4
S,1,16,12842,14400,1,0,0,0,0,0,rev-6
S,1,17,12842,14400,1,1,0,1,0.436,0.685,rev-3
S,1,17,12842,14400,1,0,0,0,0,0,rev-3
S,1,18,12842,14400,1,0,0,0,0,0,rev-5
S,1,18,12842,14400,1,1,0,1,0.739,0.862,rev-1
S,1,19,12842,14400,1,1,0,1,0.414,0.533,rev-6
S,1,19,12842,14400,1,0,0,0,0,0,rev-5
S,1,20,12842,14400,1,0,0,0,0,0,rev-4
S,1,20,12842,14400,1,0,1,0,0,0,rev-2
S,1,21,12842,14400,1,0,1,0,0,0,rev-3
S,1,21,12842,14400,1,0,0,0,0,0,rev-3
S,1,22,12842,14400,1,1,0,1,0.889,0.766,rev-1
S,1,22,12842,14400,1,1,0,1,0.839,0.93,rev-5
S,1,23,12842,14400,1,0,0,0,0,0,rev-2
S,1,23,12842,14400,1,0,0,0,0,0,rev-1
S,2,0,12842,14400,1,0,0,0,0,0,rev-4
S,2,0,12842,14400,1,1,0,1,0.732,0.587,rev-1
S,2,1,12842,14400,1,0,0,0,0,0,rev-1
S,2,1,12842,14400,1,0,0,0,0,0,rev-3
S,2,2,12842,14400,1,1,0,1,0.724,0.787,rev-2
S,2,2,12842,14400,1,0,0,0,0,0,rev-2
S,2,3,12842,14400,1,1,0,1,0.715,0.92,rev-3
S,2,3,12842,14400,1,1,0,1,0.99,0.875,rev-5
S,2,4,12842,14400,1,0,0,0,0,0,rev-2
S,2,4,12842,14400,1,1,0,1,0.825,0.544,rev-3
S,2,5,12842,14400,1,1,0,1,0.829,0.775,rev-3
S,2,5,12842,14400,1,0,0,0,0,0,rev-2
S,2,6,12842,14400,1,1,0,1,0.68,0.653,rev-6
S,2,6,12842,14400,1,0,0,0,0,0,rev-1
S,2,7,12842,14400,1,0,0,0,0,0,rev-6
S,2,7,12842,14400,1,0,0,0,0,0,rev-4
S,2,8,12842,14400,1,0,0,0,0,0,rev-4
S,2,8,12842,14400,1,1,0,1,0.489,0.917,rev-2
S,2,9,12842,14400,1,0,0,0,0,0,rev-5
S,2,9,12842,14400,1,1,0,1,0.512,0.981,rev-5
S,2,10,12842,14400,1,1,0,1,0.885,0.613,rev-4
S,2,10,12842,14400,1,1,0,1,0.744,0.661,rev-3
S,2,11,12842,14400,1,0,0,0,0,0,rev-3
S,2,11,12842,14400,1,0,0,0,0,0,rev-5
S,2,12,12842,14400,1,0,0,0,0,0,rev-2
S,2,12,12842,14400,1,0,0,0,0,0,rev-3
S,2,13,12842,14400,1,1,0,1,0.72,0.643,rev-2
S,2,13,12842,14400,1,0,0,0,0,0,rev-2
S,2,14,12842,14400,1,1,0,1,0.908,0.528,rev-3
S,2,14,12842,14400,1,0,1,0,0,0,rev-3
S,2,15,12842,14400,1,1,0,1,0.701,0.702,rev-1
S,2,15,12842,14400,1,1,0,1,0.724,0.866,rev-2
S,2,16,12842,14400,1,1,0,1,0.93,0.919,rev-5
S,2,16,12842,14400,1,0,0,0,0,0,rev-6
S,2,17,12842,14400,1,0,0,0,0,0,rev-1
S,2,17,12842,14400,1,0,0,0,0,0,rev-6
S,2,18,12842,14400,1,1,0,1,0.6,0.931,rev-3
S,2,18,12842,14400,1,1,0,1,0.712,0.519,rev-6
S,2,19,12842,14400,1,0,0,0,0,0,rev-2
S,2,19,12842,14400,1,0,0,0,0,0,rev-6
S,2,20,12842,14400,1,0,0,0,0,0,rev-4
S,2,20,12842,14400,1,0,0,0,0,0,rev-3
S,2,21,12842,14400,1,0,0,0,0,0,rev-6
S,2,21,12842,14400,1,0,0,0,0,0,rev-4
S,2,22,12842,14400,1,1,0,1,0.787,0.666,rev-6
S,2,22,12842,14400,1,0,0,0,0,0,rev-6
S,2,23,12842,14400,1,1,0,1,0.78,0.776,rev-1
S,2,23,12842,14400,1,0,0,0,0,0,rev-2
S,3,0,12842,14400,1,0,0,0,0,0,rev-1
S,3,0,12842,14400,1,0,0,0,0,0,rev-2
S,3,1,12842,14400,1,1,0,1,0.844,0.608,rev-1
S,3,1,12842,14400,1,1,0,1,0.689,0.727,rev-1
S,3,2,12842,14400,1,0,0,0,0,0,rev-1
S,3,2,12842,14400,1,1,0,1,0.511,0.964,rev-6
S,3,3,12842,14400,1,0,0,0,0,0,rev-4
S,3,3,12842,14400,1,0,0,0,0,0,rev-2
S,3,4,12842,14400,1,0,0,0,0,0,rev-5
S,3,4,12842,14400,1,0,0,0,0,0,rev-3
S,3,5,12842,14400,1,0,0,0,0,0,rev-4
S,3,5,12842,14400,1,1,0,1,0.799,0.573,rev-4
S,3,6,12842,14400,1,0,0,0,0,0,rev-5
S,3,6,12842,14400,1,0,0,0,0,0,rev-2
S,3,7,12842,14400,1,0,0,0,0,0,rev-3
S,3,7,12842,14400,1,0,0,0,0,0,rev-4
S,3,8,12842,14400,1,0,0,0,0,0,rev-2
S,3,8,12842,14400,1,1,0,1,0.58,0.696,rev-2
S,3,9,12842,14400,1,1,0,1,0.663,0.976,rev-4
S,3,9,12842,14400,1,0,0,0,0,0,rev-2
S,3,10,12842,14400,1,0,0,0,0,0,rev-6
S,3,10,12842,14400,1,0,0,0,0,0,rev-5
S,3,11,12842,14400,1,0,0,0,0,0,rev-1
S,3,11,12842,14400,1,0,0,0,0,0,rev-4
S,3,12,12842,14400,1,1,0,1,0.647,0.951,rev-3
S,3,12,12842,14400,1,0,0,0,0,0,rev-2
S,3,13,12842,14400,1,0,0,0,0,0,rev-5
S,3,13,12842,14400,1,0,0,0,0,0,rev-1
S,3,14,12842,14400,1,0,0,0,0,0,rev-6
S,3,14,12842,14400,1,0,0,0,0,0,rev-4
S,3,15,12842,14400,1,1,0,1,0.848,0.829,rev-6
S,3,15,12842,14400,1,1,0,1,0.96,0.679,rev-5
S,3,16,12842,14400,1,0,0,0,0,0,rev-5
S,3,16,12842,14400,1,0,0,0,0,0,rev-1
S,3,17,12842,14400,1,1,0,1,0.892,0.912,rev-3
S,3,17,12842,14400,1,1,1,0,0,0,rev-2
S,3,18,12842,14400,1,0,0,0,0,0,rev-4
S,3,18,12842,14400,1,1,0,1,0.916,0.568,rev-4
S,3,19,12842,14400,1,0,0,0,0,0,rev-3
S,3,19,12842,14400,1,1,0,1,0.442,0.854,rev-4
S,3,20,12842,14400,1,1,0,1,0.49,0.943,rev-1
S,3,20,12842,14400,1,1,0,1,0.961,0.963,rev-1
S,3,21,12842,14400,1,0,0,0,0,0,rev-3
S,3,21,12842,14400,1,0,0,0,0,0,rev-6
S,3,22,12842,14400,1,1,0,1,0.773,0.803,rev-5
S,3,22,12842,14400,1,1,0,1,0.486,0.926,rev-3
S,3,23,12842,14400,1,1,0,1,0.772,0.912,rev-6
S,3,23,12842,14400,1,0,0,0,0,0,rev-4
S,4,0,12842,14400,1,1,0,1,0.492,0.521,rev-5
S,4,0,12842,14400,1,0,0,0,0,0,rev-1
S,4,1,12842,14400,1,1,0,1,0.496,0.676,rev-6
S,4,1,12842,14400,1,0,0,0,0,0,rev-4
S,4,2,12842,14400,1,1,0,1,0.953,0.795,rev-1
S,4,2,12842,14400,1,1,0,1,0.954,0.972,rev-1
S,4,3,12842,14400,1,1,0,1,0.4,0.933,rev-4
S,4,3,12842,14400,1,1,0,1,0.528,0.862,rev-5
S,4,4,12842,14400,1,0,0,0,0,0,rev-6
S,4,4,12842,14400,1,1,0,1,0.669,0.758,rev-1
S,4,5,12842,14400,1,1,0,1,0.951,0.596,rev-1
S,4,5,12842,14400,1,1,0,1,0.543,0.929,rev-4
S,4,6,12842,14400,1,0,0,0,0,0,rev-4
S,4,6,12842,14400,1,1,0,1,0.797,0.653,rev-1
S,4,7,12842,14400,1,0,0,0,0,0,rev-5
S,4,7,12842,14400,1,0,0,0,0,0,rev-6
S,4,8,12842,14400,1,0,0,0,0,0,rev-4
S,4,8,12842,14400,1,1,0,1,0.54,0.527,rev-4
S,4,9,12842,14400,1,0,0,0,0,0,rev-3
S,4,9,12842,14400,1,0,0,0,0,0,rev-4
S,4,10,12842,14400,1,0,0,0,0,0,rev-1
S,4,10,12842,14400,1,1,0,1,0.926,0.507,rev-2
S,4,11,12842,14400,1,0,0,0,0,0,rev-6
S,4,11,12842,14400,1,0,0,0,0,0,rev-1
S,4,12,12842,14400,1,1,0,1,0.983,0.809,rev-6
S,4,12,12842,14400,1,1,0,1,0.75,0.657,rev-5
S,4,13,12842,14400,1,1,0,1,0.879,0.676,rev-5
S,4,13,12842,14400,1,0,0,0,0,0,rev-5
S,4,14,12842,14400,1,1,0,1,0.498,0.991,rev-6
S,4,14,12842,14400,1,0,0,0,0,0,rev-1
S,4,15,12842,14400,1,0,0,0,0,0,rev-4
S,4,15,12842,14400,1,0,0,0,0,0,rev-2
S,4,16,12842,14400,1,0,0,0,0,0,rev-5
S,4,16,12842,14400,1,0,0,0,0,0,rev-4
S,4,17,12842,14400,1,1,0,1,0.622,0.74,rev-4
S,4,17,12842,14400,1,0,0,0,0,0,rev-3
S,4,18,12842,14400,1,1,0,1,0.712,0.656,rev-3
S,4,18,12842,14400,1,0,0,0,0,0,rev-1
S,4,19,12842,14400,1,0,0,0,0,0,rev-2
S,4,19,12842,14400,1,0,0,0,0,0,rev-4
S,4,20,12842,14400,1,0,0,0,0,0,rev-5
S,4,20,12842,14400,1,0,0,0,0,0,rev-2
S,4,21,12842,14400,1,1,0,1,0.49,0.685,rev-2
S,4,21,12842,14400,1,1,0,1,0.422,0.637,rev-2
S,4,22,12842,14400,1,1,0,1,0.805,0.818,rev-5
S,4,22,12842,14400,1,0,0,0,0,0,rev-4
S,4,23,12842,14400,1,0,0,0,0,0,rev-2
S,5,0,12842,14400,1,0,1,0,0,0,rev-1
S,5,1,12842,14400,1,1,0,1,0.435,0.661,rev-6
S,5,2,12842,14400,1,1,0,1,0.418,0.856,rev-2
S,5,3,12842,14400,1,1,0,1,0.849,0.885,rev-5
S,5,4,12842,14400,1,1,0,1,0.598,0.944,rev-6
S,5,5,12842,14400,1,1,0,1,0.428,0.899,rev-3
S,5,6,12842,14400,1,0,0,0,0,0,rev-5
S,5,7,12842,14400,1,0,1,0,0,0,rev-2
S,5,8,12842,14400,1,0,0,0,0,0,rev-1
S,5,9,12842,14400,1,0,0,0,0,0,rev-1
S,5,10,12842,14400,1,0,1,0,0,0,rev-4
S,5,11,12842,14400,1,1,0,1,0.863,0.92,rev-1
S,5,12,12842,14400,1,0,0,0,0,0,rev-1
S,5,13,12842,14400,1,1,0,1,0.851,0.688,rev-4
S,5,14,12842,14400,1,0,0,0,0,0,rev-6
S,5,15,12842,14400,1,1,0,1,0.538,0.574,rev-5
S,5,16,12842,14400,1,1,0,1,0.482,0.665,rev-5
S,5,17,12842,14400,1,1,0,1,0.843,0.53,rev-1
S,5,18,12842,14400,1,0,0,0,0,0,rev-2
S,5,19,12842,14400,1,0,0,0,0,0,rev-3
S,5,20,12842,14400,1,1,0,1,0.531,0.557,rev-2
S,5,21,12842,14400,1,1,0,1,0.438,0.797,rev-1
S,5,22,12842,14400,1,1,0,1,0.527,0.741,rev-5
S,5,23,12842,14400,1,1,0,1,0.441,0.52,rev-1
S,6,0,12842,14400,1,0,0,0,0,0,rev-6
S,6,1,12842,14400,1,1,0,1,0.897,0.643,rev-3
S,6,2,12842,14400,1,1,0,1,0.64,0.589,rev-6
S,6,3,12842,14400,1,1,0,1,0.926,0.818,rev-3
S,6,4,12842,14400,1,0,0,0,0,0,rev-4
S,6,5,12842,14400,1,1,0,1,0.895,0.758,rev-1
S,6,6,12842,14400,1,0,1,0,0,0,rev-1
S,6,7,12842,14400,1,1,0,1,0.987,0.914,rev-4
S,6,8,12842,14400,1,1,0,1,0.423,0.675,rev-3
S,6,9,12842,14400,1,1,0,1,0.69,0.966,rev-4
S,6,10,12842,14400,1,0,1,0,0,0,rev-5
S,6,11,12842,14400,1,0,0,0,0,0,rev-5
S,6,12,12842,14400,1,1,0,1,0.98,0.542,rev-2
S,6,13,12842,14400,1,0,0,0,0,0,rev-1
S,6,14,12842,14400,1,0,0,0,0,0,rev-6
S,6,15,12842,14400,1,1,0,1,0.441,0.961,rev-2
S,6,16,12842,14400,1,0,0,0,0,0,rev-1
S,6,17,12842,14400,1,0,0,0,0,0,rev-4
S,6,18,12842,14400,1,0,0,0,0,0,rev-6
S,6,19,12842,14400,1,0,0,0,0,0,rev-5
S,6,20,12842,14400,1,1,0,1,0.675,0.787,rev-3
S,6,21,12842,14400,1,1,0,1,0.468,0.849,rev-6
S,6,22,12842,14400,1,0,0,0,0,0,rev-5
S,6,23,12842,14400,1,0,0,0,0,0,rev-2
S,7,0,12842,14400,1,1,0,1,0.443,0.908,rev-3
S,7,1,12842,14400,1,0,0,0,0,0,rev-3
S,7,2,12842,14400,1,0,0,0,0,0,rev-2
S,7,3,12842,14400,1,1,0,1,0.84,0.96,rev-2
S,7,4,12842,14400,1,0,0,0,0,0,rev-2
S,7,5,12842,14400,1,1,0,1,0.539,0.89,rev-2
S,7,6,12842,14400,1,1,0,1,0.949,0.706,rev-2
S,7,7,12842,14400,1,1,0,1,0.818,0.782,rev-6
S,7,8,12842,14400,1,1,0,1,0.641,0.527,rev-4
S,7,9,12842,14400,1,1,0,1,0.484,0.948,rev-3
S,7,10,12842,14400,1,1,0,1,0.855,0.504,rev-1
S,7,11,12842,14400,1,0,1,0,0,0,rev-2
S,7,12,12842,14400,1,0,0,0,0,0,rev-3
S,7,13,12842,14400,1,0,0,0,0,0,rev-5
S,7,14,12842,14400,1,0,1,0,0,0,rev-4
S,7,15,12842,14400,1,1,0,1,0.495,0.605,rev-4
S,7,16,12842,14400,1,0,0,0,0,0,rev-5
S,7,17,12842,14400,1,0,0,0,0,0,rev-2
S,7,18,12842,14400,1,1,0,1,0.663,0.614,rev-3
S,7,19,12842,14400,1,0,0,0,0,0,rev-6
S,7,20,12842,14400,1,1,0,1,0.728,0.779,rev-2
S,7,21,12842,14400,1,1,0,1,0.539,0.56,rev-4
S,7,22,12842,14400,1,1,0,1,0.483,0.72,rev-3
S,7,23,12842,14400,1,1,0,1,0.996,0.77,rev-2
SC,0,0,12842,14400,1,1,0,1,0.831,0.66,rev-4
SC,0,0,12842,14400,1,1,0,1,0.501,0.52,rev-1
SC,0,1,12842,14400,1,1,1,0,0,0,rev-3
SC,0,1,12842,14400,1,1,0,1,0.555,0.801,rev-5
SC,0,2,12842,14400,1,0,0,0,0,0,rev-5
SC,0,2,12842,14400,1,1,0,1,0.794,0.603,rev-3
SC,0,3,12842,14400,1,1,0,1,0.47,0.883,rev-2
SC,0,3,12842,14400,1,1,0,1,0.647,0.547,rev-6
SC,0,4,12842,14400,1,1,0,1,0.638,0.785,rev-2
SC,0,4,12842,14400,1,1,0,1,0.659,0.62,rev-2
SC,0,5,12842,14400,1,0,0,0,0,0,rev-3
SC,0,5,12842,14400,1,1,0,1,0.94,0.846,rev-1
SC,0,6,12842,14400,1,1,0,1,0.423,0.721,rev-5
SC,0,6,12842,14400,1,0,0,0,0,0,rev-2
SC,0,7,12842,14400,1,0,0,0,0,0,rev-1
SC,0,7,12842,14400,1,1,0,1,0.686,0.504,rev-5
SC,0,8,12842,14400,1,1,0,1,0.719,0.955,rev-2
SC,0,8,12842,14400,1,0,0,0,0,0,rev-1
SC,0,9,12842,14400,1,0,1,0,0,0,rev-3
SC,0,9,12842,14400,1,1,0,1,0.922,0.997,rev-5
SC,0,10,12842,14400,1,0,0,0,0,0,rev-1
SC,0,10,12842,14400,1,1,0,1,0.616,0.82,rev-4
SC,0,11,12842,14400,1,1,0,1,0.557,0.733,rev-1
SC,0,11,12842,14400,1,1,1,0,0,0,rev-4
SC,0,12,12842,14400,1,0,0,0,0,0,rev-5
SC,0,12,12842,14400,1,1,0,1,0.863,0.897,rev-5
SC,0,13,12842,14400,1,1,0,1,0.805,0.501,rev-4
SC,0,13,12842,14400,1,1,0,1,0.949,0.827,rev-6
SC,0,14,12842,14400,1,1,0,1,0.865,0.584,rev-3
SC,0,14,12842,14400,1,1,0,1,0.522,0.576,rev-5
SC,0,15,12842,14400,1,0,0,0,0,0,rev-1
SC,0,15,12842,14400,1,0,0,0,0,0,rev-1
SC,0,16,12842,14400,1,0,0,0,0,0,rev-3
SC,0,16,12842,14400,1,1,0,1,0.493,0.954,rev-3
SC,0,17,12842,14400,1,1,0,1,0.5,0.969,rev-2
SC,0,17,12842,14400,1,1,0,1,0.548,0.87,rev-1
SC,0,18,12842,14400,1,1,0,1,0.689,0.696,rev-2
SC,0,18,12842,14400,1,1,0,1,0.509,0.711,rev-1
SC,0,19,12842,14400,1,1,1,0,0,0,rev-2
SC,0,19,12842,14400,1,1,0,1,0.551,0.782,rev-4
SC,0,20,12842,14400,1,0,0,0,0,0,rev-2
SC,0,20,12842,14400,1,1,0,1,0.667,0.758,rev-5
SC,0,21,12842,14400,1,0,0,0,0,0,rev-4
SC,0,21,12842,14400,1,0,0,0,0,0,rev-4
SC,0,22,12842,14400,1,1,0,1,0.776,0.94,rev-2
SC,0,22,12842,14400,1,1,0,1,0.526,0.685,rev-5
SC,0,23,12842,14400,1,0,0,0,0,0,rev-1
SC,0,23,12842,14400,1,0,0,0,0,0,rev-1
SC,1,0,12842,14400,1,0,0,0,0,0,rev-6
SC,1,0,12842,14400,1,0,0,0,0,0,rev-2
SC,1,1,12842,14400,1,1,0,1,0.803,0.977,rev-6
SC,1,1,12842,14400,1,0,0,0,0,0,rev-3
SC,1,2,12842,14400,1,0,0,0,0,0,rev-3
SC,1,2,12842,14400,1,0,0,0,0,0,rev-5
SC,1,3,12842,14400,1,0,0,0,0,0,rev-3
SC,1,3,12842,14400,1,0,0,0,0,0,rev-6
SC,1,4,12842,14400,1,1,0,1,0.881,0.596,rev-6
SC,1,4,12842,14400,1,0,0,0,0,0,rev-2
SC,1,5,12842,14400,1,0,0,0,0,0,rev-2
SC,1,5,12842,14400,1,0,0,0,0,0,rev-4
SC,1,6,12842,14400,1,0,0,0,0,0,rev-2
SC,1,6,12842,14400,1,0,0,0,0,0,rev-1
SC,1,7,12842,14400,1,0,1,0,0,0,rev-2
SC,1,7,12842,14400,1,1,0,1,0.477,0.901,rev-6
SC,1,8,12842,14400,1,1,0,1,0.788,0.929,rev-6
SC,1,8,12842,14400,1,1,0,1,0.63,0.834,rev-2
SC,1,9,12842,14400,1,0,0,0,0,0,rev-5
SC,1,9,12842,14400,1,1,0,1,0.738,0.981,rev-5
SC,1,10,12842,14400,1,0,0,0,0,0,rev-1
SC,1,10,12842,14400,1,1,0,1,0.607,0.634,rev-6
SC,1,11,12842,14400,1,1,0,1,0.502,0.906,rev-5
SC,1,11,12842,14400,1,0,0,0,0,0,rev-3
SC,1,12,12842,14400,1,0,0,0,0,0,rev-5
SC,1,12,12842,14400,1,1,0,1,0.999,0.958,rev-6
SC,1,13,12842,14400,1,1,0,1,0.631,0.85,rev-4
SC,1,13,12842,14400,1,1,0,1,0.972,0.928,rev-2
SC,1,14,12842,14400,1,0,0,0,0,0,rev-1
SC,1,14,12842,14400,1,0,0,0,0,0,rev-1
SC,1,15,12842,14400,1,1,0,1,0.948,0.86,rev-3
SC,1,15,12842,14400,1,0,0,0,0,0,rev-3
SC,1,16,12842,14400,1,1,0,1,0.883,0.675,rev-3
SC,1,16,12842,14400,1,0,0,0,0,0,rev-6
SC,1,17,12842,14400,1,0,0,0,0,0,rev-6
SC,1,17,12842,14400,1,0,0,0,0,0,rev-2
SC,1,18,12842,14400,1,0,0,0,0,0,rev-2
SC,1,18,12842,14400,1,1,0,1,0.794,0.596,rev-6
SC,1,19,12842,14400,1,1,0,1,0.604,0.734,rev-3
SC,1,19,12842,14400,1,0,0,0,0,0,rev-3
SC,1,20,12842,14400,1,1,0,1,0.694,0.679,rev-1
SC,1,20,12842,14400,1,1,0,1,0.405,0.989,rev-6
SC,1,21,12842,14400,1,0,1,0,0,0,rev-5
SC,1,21,12842,14400,1,1,0,1,0.576,0.695,rev-2
SC,1,22,12842,14400,1,0,0,0,0,0,rev-6
SC,1,22,12842,14400,1,1,0,1,0.483,0.83,rev-4
SC,1,23,12842,14400,1,1,1,0,0,0,rev-5
SC,1,23,12842,14400,1,1,0,1,0.685,0.619,rev-1
SC,2,0,12842,14400,1,1,0,1,0.669,0.846,rev-5
SC,2,0,12842,14400,1,1,0,1,0.844,0.773,rev-4
SC,2,1,12842,14400,1,1,0,1,0.441,0.793,rev-3
SC,2,1,12842,14400,1,1,0,1,0.961,0.76,rev-5
SC,2,2,12842,14400,1,0,0,0,0,0,rev-1
SC,2,2,12842,14400,1,0,0,0,0,0,rev-5
SC,2,3,12842,14400,1,0,0,0,0,0,rev-3
SC,2,3,12842,14400,1,0,0,0,0,0,rev-3
SC,2,4,12842,14400,1,1,0,1,0.635,0.915,rev-1
SC,2,4,12842,14400,1,1,0,1,0.708,0.533,rev-6
SC,2,5,12842,14400,1,1,0,1,0.547,0.912,rev-2
SC,2,5,12842,14400,1,0,0,0,0,0,rev-3
SC,2,6,12842,14400,1,1,0,1,0.971,0.815,rev-3
SC,2,6,12842,14400,1,1,0,1,0.599,0.625,rev-2
SC,2,7,12842,14400,1,1,0,1,0.535,0.858,rev-6
SC,2,7,12842,14400,1,0,0,0,0,0,rev-2
SC,2,8,12842,14400,1,0,0,0,0,0,rev-6
SC,2,8,12842,14400,1,1,0,1,0.938,0.735,rev-3
SC,2,9,12842,14400,1,0,0,0,0,0,rev-3
SC,2,9,12842,14400,1,1,0,1,0.982,0.611,rev-2
SC,2,10,12842,14400,1,1,0,1,0.97,0.844,rev-6
SC,2,10,12842,14400,1,0,0,0,0,0,rev-1
SC,2,11,12842,14400,1,0,0,0,0,0,rev-4
SC,2,11,12842,14400,1,0,0,0,0,0,rev-5
SC,2,12,12842,14400,1,0,0,0,0,0,rev-3
SC,2,12,12842,14400,1,1,0,1,0.591,0.778,rev-3
SC,2,13,12842,14400,1,0,0,0,0,0,rev-6
SC,2,13,12842,14400,1,0,0,0,0,0,rev-2
SC,2,14,12842,14400,1,0,0,0,0,0,rev-4
SC,2,14,12842,14400,1,0,0,0,0,0,rev-3
SC,2,15,12842,14400,1,1,0,1,0.833,0.968,rev-1
SC,2,15,12842,14400,1,1,0,1,0.564,0.792,rev-3
SC,2,16,12842,14400,1,1,0,1,0.939,0.719,rev-6
SC,2,16,12842,14400,1,1,0,1,0.834,0.79,rev-6
SC,2,17,12842,14400,1,0,0,0,0,0,rev-5
SC,2,17,12842,14400,1,0,0,0,0,0,rev-6
SC,2,18,12842,14400,1,1,0,1,0.921,0.943,rev-6
SC,2,18,12842,14400,1,0,0,0,0,0,rev-3
SC,2,19,12842,14400,1,0,0,0,0,0,rev-5
SC,2,19,12842,14400,1,1,0,1,0.412,0.58,rev-3
SC,2,20,12842,14400,1,0,0,0,0,0,rev-6
SC,2,20,12842,14400,1,0,0,0,0,0,rev-1
SC,2,21,12842,14400,1,0,0,0,0,0,rev-3
SC,2,21,12842,14400,1,1,0,1,0.775,0.669,rev-6
SC,2,22,12842,14400,1,1,0,1,0.601,0.881,rev-5
SC,2,22,12842,14400,1,0,0,0,0,0,rev-5
SC,2,23,12842,14400,1,0,0,0,0,0,rev-6
SC,2,23,12842,14400,1,0,0,0,0,0,rev-4
SC,3,0,12842,14400,1,1,0,1,0.711,0.903,rev-3
SC,3,0,12842,14400,1,0,1,0,0,0,rev-5
SC,3,1,12842,14400,1,1,0,1,0.442,0.755,rev-4
SC,3,1,12842,14400,1,1,0,1,0.894,0.721,rev-6
SC,3,2,12842,14400,1,1,0,1,0.562,0.726,rev-1
SC,3,2,12842,14400,1,1,0,1,0.959,0.916,rev-5
SC,3,3,12842,14400,1,1,0,1,0.696,0.754,rev-6
SC,3,3,12842,14400,1,0,0,0,0,0,rev-2
SC,3,4,12842,14400,1,1,0,1,0.488,0.506,rev-4
SC,3,4,12842,14400,1,1,0,1,0.501,0.8,rev-5
SC,3,5,12842,14400,1,1,0,1,0.709,0.665,rev-1
SC,3,5,12842,14400,1,0,0,0,0,0,rev-5
SC,3,6,12842,14400,1,0,0,0,0,0,rev-5
SC,3,6,12842,14400,1,0,0,0,0,0,rev-4
SC,3,7,12842,14400,1,1,0,1,0.606,0.958,rev-2
SC,3,7,12842,14400,1,0,0,0,0,0,rev-2
SC,3,8,12842,14400,1,1,0,1,0.58,0.985,rev-2
SC,3,8,12842,14400,1,0,0,0,0,0,rev-1
SC,3,9,12842,14400,1,1,0,1,0.691,0.538,rev-5
SC,3,9,12842,14400,1,0,0,0,0,0,rev-2
SC,3,10,12842,14400,1,0,0,0,0,0,rev-1
SC,3,10,12842,14400,1,1,0,1,0.403,0.755,rev-1
SC,3,11,12842,14400,1,1,0,1,0.679,0.518,rev-2
SC,3,11,12842,14400,1,1,0,1,0.543,0.746,rev-1
SC,3,12,12842,14400,1,0,0,0,0,0,rev-2
SC,3,12,12842,14400,1,1,0,1,0.464,0.643,rev-3
SC,3,13,12842,14400,1,0,0,0,0,0,rev-5
SC,3,13,12842,14400,1,1,0,1,0.639,0.908,rev-3
SC,3,14,12842,14400,1,1,0,1,0.81,0.52,rev-3
SC,3,14,12842,14400,1,0,0,0,0,0,rev-3
SC,3,15,12842,14400,1,1,0,1,0.69,0.89,rev-5
SC,3,15,12842,14400,1,0,0,0,0,0,rev-3
SC,3,16,12842,14400,1,0,0,0,0,0,rev-1
SC,3,16,12842,14400,1,1,0,1,0.528,0.834,rev-3
SC,3,17,12842,14400,1,1,0,1,0.496,0.82,rev-4
SC,3,17,12842,14400,1,1,0,1,0.883,0.681,rev-6
SC,3,18,12842,14400,1,1,0,1,0.844,0.968,rev-6
SC,3,18,12842,14400,1,0,0,0,0,0,rev-6
SC,3,19,12842,14400,1,0,0,0,0,0,rev-4
SC,3,19,12842,14400,1,0,0,0,0,0,rev-4
SC,3,20,12842,14400,1,0,1,0,0,0,rev-3
SC,3,20,12842,14400,1,0,0,0,0,0,rev-1
SC,3,21,12842,14400,1,1,0,1,0.623,0.583,rev-1
SC,3,21,12842,14400,1,0,0,0,0,0,rev-1
SC,3,22,12842,14400,1,0,0,0,0,0,rev-1
SC,3,22,12842,14400,1,1,0,1,0.758,0.566,rev-4
SC,3,23,12842,14400,1,0,0,0,0,0,rev-1
SC,3,23,12842,14400,1,0,0,0,0,0,rev-6
SC,4,0,12842,14400,1,0,0,0,0,0,rev-1
SC,4,0,12842,14400,1,0,0,0,0,0,rev-6
SC,4,1,12842,14400,1,0,0,0,0,0,rev-5
SC,4,1,12842,14400,1,1,0,1,0.464,0.695,rev-5
SC,4,2,12842,14400,1,1,0,1,0.482,0.696,rev-4
SC,4,2,12842,14400,1,0,0,0,0,0,rev-3
SC,4,3,12842,14400,1,1,0,1,0.936,0.71,rev-2
SC,4,3,12842,14400,1,1,0,1,0.749,0.964,rev-6
SC,4,4,12842,14400,1,0,0,0,0,0,rev-5
SC,4,4,12842,14400,1,0,0,0,0,0,rev-3
SC,4,5,12842,14400,1,0,0,0,0,0,rev-6
SC,4,5,12842,14400,1,0,0,0,0,0,rev-6
SC,4,6,12842,14400,1,1,0,1,0.903,0.653,rev-3
SC,4,6,12842,14400,1,0,1,0,0,0,rev-3
SC,4,7,12842,14400,1,1,1,0,0,0,rev-1
SC,4,7,12842,14400,1,0,0,0,0,0,rev-2
SC,4,8,12842,14400,1,0,0,0,0,0,rev-3
SC,4,8,12842,14400,1,0,0,0,0,0,rev-5
SC,4,9,12842,14400,1,1,0,1,0.815,0.536,rev-6
SC,4,9,12842,14400,1,1,0,1,0.651,0.545,rev-4
SC,4,10,12842,14400,1,0,0,0,0,0,rev-4
SC,4,10,12842,14400,1,0,0,0,0,0,rev-3
SC,4,11,12842,14400,1,0,0,0,0,0,rev-4
SC,4,11,12842,14400,1,0,0,0,0,0,rev-2
SC,4,12,12842,14400,1,0,0,0,0,0,rev-3
SC,4,12,12842,14400,1,1,0,1,0.829,0.922,rev-4
SC,4,13,12842,14400,1,1,0,1,0.625,0.579,rev-4
SC,4,13,12842,14400,1,1,0,1,0.461,0.742,rev-1
SC,4,14,12842,14400,1,0,0,0,0,0,rev-4
SC,4,14,12842,14400,1,0,0,0,0,0,rev-5
SC,4,15,12842,14400,1,1,0,1,0.885,0.927,rev-1
SC,4,15,12842,14400,1,1,0,1,0.478,0.976,rev-1
SC,4,16,12842,14400,1,1,0,1,0.619,0.777,rev-6
SC,4,16,12842,14400,1,0,0,0,0,0,rev-6
SC,4,17,12842,14400,1,1,0,1,0.409,0.948,rev-5
SC,4,17,12842,14400,1,1,0,1,0.551,0.881,rev-6
SC,4,18,12842,14400,1,1,0,1,0.669,0.702,rev-5
SC,4,18,12842,14400,1,0,0,0,0,0,rev-5
SC,4,19,12842,14400,1,1,0,1,0.71,0.533,rev-4
SC,4,19,12842,14400,1,0,0,0,0,0,rev-2
SC,4,20,12842,14400,1,0,0,0,0,0,rev-1
SC,4,20,12842,14400,1,1,0,1,0.546,0.753,rev-3
SC,4,21,12842,14400,1,1,0,1,0.936,0.917,rev-6
SC,4,21,12842,14400,1,0,0,0,0,0,rev-2
SC,4,22,12842,14400,1,1,0,1,0.841,0.985,rev-1
SC,4,22,12842,14400,1,1,0,1,0.978,0.881,rev-5
SC,4,23,12842,14400,1,0,0,0,0,0,rev-1
SC,5,0,12842,14400,1,0,0,0,0,0,rev-5
SC,5,1,12842,14400,1,0,0,0,0,0,rev-6
SC,5,2,12842,14400,1,0,0,0,0,0,rev-1
SC,5,3,12842,14400,1,0,0,0,0,0,rev-2
SC,5,4,12842,14400,1,0,0,0,0,0,rev-4
SC,5,5,12842,14400,1,1,0,1,0.937,0.798,rev-3
SC,5,6,12842,14400,1,0,0,0,0,0,rev-6
SC,5,7,12842,14400,1,0,0,0,0,0,rev-5
SC,5,8,12842,14400,1,0,0,0,0,0,rev-4
SC,5,9,12842,14400,1,0,0,0,0,0,rev-3
SC,5,10,12842,14400,1,0,0,0,0,0,rev-6
SC,5,11,12842,14400,1,0,0,0,0,0,rev-5
SC,5,12,12842,14400,1,0,0,0,0,0,rev-3
SC,5,13,12842,14400,1,1,0,1,0.525,0.794,rev-4
SC,5,14,12842,14400,1,1,0,1,0.813,0.861,rev-1
SC,5,15,12842,14400,1,0,0,0,0,0,rev-6
SC,5,16,12842,14400,1,1,0,1,0.861,0.658,rev-1
SC,5,17,12842,14400,1,1,0,1,0.536,0.931,rev-3
SC,5,18,12842,14400,1,1,0,1,0.957,0.686,rev-4
SC,5,19,12842,14400,1,1,0,1,0.793,0.696,rev-6
SC,5,20,12842,14400,1,0,0,0,0,0,rev-1
SC,5,21,12842,14400,1,1,0,1,0.717,0.982,rev-1
SC,5,22,12842,14400,1,1,0,1,0.505,0.886,rev-1
SC,5,23,12842,14400,1,0,0,0,0,0,rev-3
SC,6,0,12842,14400,1,0,0,0,0,0,rev-4
SC,6,1,12842,14400,1,1,0,1,0.936,0.976,rev-5
SC,6,2,12842,14400,1,0,0,0,0,0,rev-5
SC,6,3,12842,14400,1,0,0,0,0,0,rev-3
SC,6,4,12842,14400,1,0,0,0,0,0,rev-5
SC,6,5,12842,14400,1,0,0,0,0,0,rev-6
SC,6,6,12842,14400,1,1,0,1,0.744,0.945,rev-2
SC,6,7,12842,14400,1,1,0,1,0.488,0.776,rev-3
SC,6,8,12842,14400,1,1,0,1,0.569,0.938,rev-2
SC,6,9,12842,14400,1,1,0,1,0.439,0.731,rev-6
SC,6,10,12842,14400,1,0,0,0,0,0,rev-3
SC,6,11,12842,14400,1,1,0,1,0.873,0.997,rev-5
SC,6,12,12842,14400,1,0,0,0,0,0,rev-2
SC,6,13,12842,14400,1,0,0,0,0,0,rev-5
SC,6,14,12842,14400,1,0,0,0,0,0,rev-1
SC,6,15,12842,14400,1,0,0,0,0,0,rev-6
SC,6,16,12842,14400,1,0,0,0,0,0,rev-6
SC,6,17,12842,14400,1,0,0,0,0,0,rev-4
SC,6,18,12842,14400,1,0,0,0,0,0,rev-2
SC,6,19,12842,14400,1,0,0,0,0,0,rev-2
SC,6,20,12842,14400,1,1,0,1,0.767,0.931,rev-1
SC,6,21,12842,14400,1,0,0,0,0,0,rev-5
SC,6,22,12842,14400,1,0,0,0,0,0,rev-5
SC,6,23,12842,14400,1,0,0,0,0,0,rev-6
SC,7,0,12842,14400,1,0,0,0,0,0,rev-2
SC,7,1,12842,14400,1,0,1,0,0,0,rev-4
SC,7,2,12842,14400,1,0,0,0,0,0,rev-5
SC,7,3,12842,14400,1,0,0,0,0,0,rev-2
SC,7,4,12842,14400,1,0,0,0,0,0,rev-3
SC,7,5,12842,14400,1,1,0,1,0.529,0.516,rev-3
SC,7,6,12842,14400,1,0,0,0,0,0,rev-5
SC,7,7,12842,14400,1,0,0,0,0,0,rev-5
SC,7,8,12842,14400,1,1,0,1,0.755,0.91,rev-3
SC,7,9,12842,14400,1,0,1,0,0,0,rev-2
SC,7,10,12842,14400,1,0,0,0,0,0,rev-6
SC,7,11,12842,14400,1,0,0,0,0,0,rev-3
SC,7,12,12842,14400,1,1,0,1,0.892,0.915,rev-1
SC,7,13,12842,14400,1,0,0,0,0,0,rev-6
SC,7,14,12842,14400,1,0,0,0,0,0,rev-6
SC,7,15,12842,14400,1,0,0,0,0,0,rev-1
SC,7,16,12842,14400,1,1,0,1,0.838,0.923,rev-3
SC,7,17,12842,14400,1,1,0,1,0.476,0.561,rev-3
SC,7,18,12842,14400,1,0,1,0,0,0,rev-2
SC,7,19,12842,14400,1,0,0,0,0,0,rev-1
SC,7,20,12842,14400,1,1,0,1,0.494,0.918,rev-5
SC,7,21,12842,14400,1,1,0,1,0.967,0.581,rev-5
SC,7,22,12842,14400,1,1,0,1,0.402,0.993,rev-3
SC,7,23,12842,14400,1,0,0,0,0,0,rev-1
IC,0,0,2137,14400,1,1,0,1,0.459,0.504,rev-4
IC,0,0,2137,14400,1,0,0,0,0,0,rev-2
IC,0,0,2137,14400,1,1,0,1,0.8,0.947,rev-5
IC,0,0,2137,14400,1,1,0,1,0.981,0.753,rev-1
IC,0,0,2137,14400,1,0,0,0,0,0,rev-5
IC,0,0,2137,14400,1,0,0,0,0,0,rev-1
IC,0,0,2137,14400,1,0,0,0,0,0,rev-4
IC,0,0,2137,14400,1,0,0,0,0,0,rev-6
IC,0,0,2137,14400,1,0,0,0,0,0,rev-6
IC,0,0,2137,14400,1,1,0,1,0.857,0.883,rev-2
IC,0,1,2137,14400,1,0,1,0,0,0,rev-1
IC,0,1,2137,14400,1,1,0,1,0.89,0.751,rev-6
IC,0,1,2137,14400,1,1,0,1,0.973,0.904,rev-4
IC,0,1,2137,14400,1,1,1,0,0,0,rev-3
IC,0,1,2137,14400,1,1,1,0,0,0,rev-5
IC,0,1,2137,14400,1,0,0,0,0,0,rev-5
IC,0,1,2137,14400,1,1,0,1,0.499,0.555,rev-5
IC,0,1,2137,14400,1,0,0,0,0,0,rev-1
IC,0,1,2137,14400,1,0,0,0,0,0,rev-6
IC,0,1,2137,14400,1,0,0,0,0,0,rev-6
IC,0,2,2137,14400,1,1,0,1,0.958,0.828,rev-6
IC,0,2,2137,14400,1,0,1,0,0,0,rev-2
IC,0,2,2137,14400,1,0,0,0,0,0,rev-6
IC,0,2,2137,14400,1,0,0,0,0,0,rev-6
IC,0,2,2137,14400,1,0,1,0,0,0,rev-3
IC,0,2,2137,14400,1,1,1,0,0,0,rev-3
IC,0,2,2137,14400,1,0,1,0,0,0,rev-5
IC,0,2,2137,14400,1,0,1,0,0,0,rev-2
IC,0,2,2137,14400,1,0,0,0,0,0,rev-3
IC,0,2,2137,14400,1,1,0,1,0.411,0.895,rev-1
IC,0,3,2137,14400,1,0,0,0,0,0,rev-6
IC,0,3,2137,14400,1,0,0,0,0,0,rev-3
IC,0,3,2137,14400,1,0,0,0,0,0,rev-6
IC,0,3,2137,14400,1,0,0,0,0,0,rev-6
IC,0,3,2137,14400,1,0,0,0,0,0,rev-1
IC,0,3,2137,14400,1,0,1,0,0,0,rev-4
IC,0,3,2137,14400,1,0,0,0,0,0,rev-1
IC,0,3,2137,14400,1,1,0,1,0.641,0.709,rev-4
IC,0,3,2137,14400,1,0,0,0,0,0,rev-6
IC,0,3,2137,14400,1,0,0,0,0,0,rev-1
IC,0,4,2137,14400,1,0,1,0,0,0,rev-5
IC,0,4,2137,14400,1,0,0,0,0,0,rev-3
IC,0,4,2137,14400,1,0,0,0,0,0,rev-3
IC,0,4,2137,14400,1,1,0,1,0.681,0.851,rev-6
IC,0,4,2137,14400,1,0,0,0,0,0,rev-4
IC,0,4,2137,14400,1,1,0,1,0.539,0.857,rev-1
IC,0,4,2137,14400,1,0,0,0,0,0,rev-5
IC,0,4,2137,14400,1,0,0,0,0,0,rev-2
IC,0,4,2137,14400,1,0,1,0,0,0,rev-2
IC,0,4,2137,14400,1,1,0,1,0.718,0.693,rev-4
IC,0,5,2137,14400,1,0,0,0,0,0,rev-2
IC,0,5,2137,14400,1,1,0,1,0.659,0.615,rev-6
IC,0,5,2137,14400,1,0,0,0,0,0,rev-1
IC,0,5,2137,14400,1,0,0,0,0,0,rev-3
IC,0,5,2137,14400,1,0,0,0,0,0,rev-4
IC,0,5,2137,14400,1,0,0,0,0,0,rev-2
IC,0,5,2137,14400,1,1,0,1,0.932,0.704,rev-2
IC,0,5,2137,14400,1,0,0,0,0,0,rev-1
IC,0,5,2137,14400,1,0,0,0,0,0,rev-5
IC,0,5,2137,14400,1,0,0,0,0,0,rev-6
IC,0,6,2137,14400,1,0,1,0,0,0,rev-1
IC,0,6,2137,14400,1,0,0,0,0,0,rev-4
IC,0,6,2137,14400,1,0,1,0,0,0,rev-4
IC,0,6,2137,14400,1,1,1,0,0,0,rev-6
IC,0,6,2137,14400,1,1,0,1,0.464,0.559,rev-4
IC,0,6,2137,14400,1,0,0,0,0,0,rev-4
IC,0,6,2137,14400,1,0,0,0,0,0,rev-2
IC,0,6,2137,14400,1,1,0,1,0.937,0.663,rev-4
IC,0,6,2137,14400,1,0,0,0,0,0,rev-5
IC,0,6,2137,14400,1,1,0,1,0.675,0.595,rev-4
IC,0,7,2137,14400,1,1,0,1,0.839,0.683,rev-4
IC,0,7,2137,14400,1,0,0,0,0,0,rev-5
IC,0,7,2137,14400,1,0,0,0,0,0,rev-5
IC,0,7,2137,14400,1,0,0,0,0,0,rev-3
IC,0,7,2137,14400,1,0,0,0,0,0,rev-4
IC,0,7,2137,14400,1,0,0,0,0,0,rev-4
IC,0,7,2137,14400,1,0,0,0,0,0,rev-1
IC,0,7,2137,14400,1,0,0,0,0,0,rev-6
IC,0,7,2137,14400,1,1,0,1,0.564,0.845,rev-3
IC,0,7,2137,14400,1,0,0,0,0,0,rev-4
IC,0,8,2137,14400,1,0,0,0,0,0,rev-5
IC,0,8,2137,14400,1,0,0,0,0,0,rev-3
IC,0,8,2137,14400,1,1,0,1,0.889,0.554,rev-4
IC,0,8,2137,14400,1,1,0,1,0.453,0.659,rev-5
IC,0,8,2137,14400,1,0,1,0,0,0,rev-3
IC,0,8,2137,14400,1,1,0,1,0.679,0.998,rev-6
IC,0,8,2137,14400,1,1,0,1,0.979,0.887,rev-1
IC,0,8,2137,14400,1,0,0,0,0,0,rev-3
IC,0,8,2137,14400,1,1,0,1,0.486,0.665,rev-5
IC,0,8,2137,14400,1,0,0,0,0,0,rev-3
IC,0,9,2137,14400,1,0,0,0,0,0,rev-1
IC,0,9,2137,14400,1,0,0,0,0,0,rev-6
IC,0,9,2137,14400,1,0,0,0,0,0,rev-6
IC,0,9,2137,14400,1,0,1,0,0,0,rev-1
IC,0,9,2137,14400,1,1,0,1,0.96,0.862,rev-6
IC,0,9,2137,14400,1,0,0,0,0,0,rev-5
IC,0,9,2137,14400,1,0,0,0,0,0,rev-6
IC,0,9,2137,14400,1,0,0,0,0,0,rev-6
IC,0,9,2137,14400,1,0,0,0,0,0,rev-4
IC,0,9,2137,14400,1,0,0,0,0,0,rev-4
IC,0,10,2137,14400,1,0,0,0,0,0,rev-1
IC,0,10,2137,14400,1,0,0,0,0,0,rev-4
IC,0,10,2137,14400,1,0,1,0,0,0,rev-5
IC,0,10,2137,14400,1,0,0,0,0,0,rev-1
IC,0,10,2137,14400,1,0,0,0,0,0,rev-4
IC,0,10,2137,14400,1,0,1,0,0,0,rev-2
IC,0,10,2137,14400,1,0,0,0,0,0,rev-2
IC,0,10,2137,14400,1,0,0,0,0,0,rev-4
IC,0,10,2137,14400,1,1,0,1,0.615,0.641,rev-2
IC,0,10,2137,14400,1,1,0,1,0.547,0.857,rev-6
IC,0,11,2137,14400,1,0,0,0,0,0,rev-4
IC,0,11,2137,14400,1,1,0,1,0.557,0.913,rev-6
IC,0,11,2137,14400,1,1,0,1,0.826,0.997,rev-3
IC,0,11,2137,14400,1,0,0,0,0,0,rev-4
IC,0,11,2137,14400,1,0,0,0,0,0,rev-6
IC,0,11,2137,14400,1,1,0,1,0.625,0.627,rev-6
IC,0,11,2137,14400,1,1,1,0,0,0,rev-6
IC,0,11,2137,14400,1,0,1,0,0,0,rev-3
IC,0,11,2137,14400,1,0,1,0,0,0,rev-2
IC,0,11,2137,14400,1,1,0,1,0.666,0.853,rev-3
IC,0,12,2137,14400,1,0,0,0,0,0,rev-4
IC,0,12,2137,14400,1,0,0,0,0,0,rev-3
IC,0,12,2137,14400,1,1,0,1,0.751,0.61,rev-4
IC,0,12,2137,14400,1,1,0,1,0.677,0.926,rev-5
IC,0,12,2137,14400,1,0,0,0,0,0,rev-6
IC,0,12,2137,14400,1,0,1,0,0,0,rev-1
IC,0,12,2137,14400,1,0,0,0,0,0,rev-1
IC,0,12,2137,14400,1,1,0,1,0.894,0.697,rev-6
IC,0,12,2137,14400,1,0,1,0,0,0,rev-6
IC,0,12,2137,14400,1,1,0,1,0.861,0.502,rev-3
IC,0,13,2137,14400,1,0,1,0,0,0,rev-6
IC,0,13,2137,14400,1,0,0,0,0,0,rev-4
IC,0,13,2137,14400,1,0,0,0,0,0,rev-6
IC,0,13,2137,14400,1,0,0,0,0,0,rev-2
IC,0,13,2137,14400,1,1,0,1,0.741,0.665,rev-6
IC,0,13,2137,14400,1,0,0,0,0,0,rev-5
IC,0,13,2137,14400,1,0,0,0,0,0,rev-3
IC,0,13,2137,14400,1,0,0,0,0,0,rev-2
IC,0,13,2137,14400,1,0,0,0,0,0,rev-1
IC,0,13,2137,14400,1,0,0,0,0,0,rev-4
IC,0,14,2137,14400,1,0,0,0,0,0,rev-5
IC,0,14,2137,14400,1,1,1,0,0,0,rev-1
IC,0,14,2137,14400,1,1,0,1,0.794,0.599,rev-4
IC,0,14,2137,14400,1,0,0,0,0,0,rev-3
IC,0,14,2137,14400,1,0,0,0,0,0,rev-6
IC,0,14,2137,14400,1,0,0,0,0,0,rev-4
IC,0,14,2137,14400,1,0,1,0,0,0,rev-5
IC,0,14,2137,14400,1,0,0,0,0,0,rev-1
IC,0,14,2137,14400,1,0,0,0,0,0,rev-6
IC,0,14,2137,14400,1,0,1,0,0,0,rev-4
IC,0,15,2137,14400,1,1,0,1,0.858,0.717,rev-2
IC,0,15,2137,14400,1,0,1,0,0,0,rev-5
IC,0,15,2137,14400,1,0,0,0,0,0,rev-6
IC,0,15,2137,14400,1,0,1,0,0,0,rev-1
IC,0,15,2137,14400,1,0,0,0,0,0,rev-5
IC,0,15,2137,14400,1,0,1,0,0,0,rev-3
IC,0,15,2137,14400,1,1,0,1,0.498,0.648,rev-3
IC,0,15,2137,14400,1,0,0,0,0,0,rev-6
IC,0,15,2137,14400,1,0,0,0,0,0,rev-1
IC,0,15,2137,14400,1,1,1,0,0,0,rev-3
IC,0,16,2137,14400,1,0,0,0,0,0,rev-6
IC,0,16,2137,14400,1,0,0,0,0,0,rev-6
IC,0,16,2137,14400,1,1,0,1,0.811,0.779,rev-5
IC,0,16,2137,14400,1,0,0,0,0,0,rev-2
IC,0,16,2137,14400,1,0,0,0,0,0,rev-3
IC,0,16,2137,14400,1,0,1,0,0,0,rev-2
IC,0,16,2137,14400,1,0,0,0,0,0,rev-5
IC,0,16,2137,14400,1,0,0,0,0,0,rev-6
IC,0,16,2137,14400,1,0,0,0,0,0,rev-1
IC,0,16,2137,14400,1,0,0,0,0,0,rev-1
IC,0,17,2137,14400,1,0,0,0,0,0,rev-5
IC,0,17,2137,14400,1,0,0,0,0,0,rev-1
IC,0,17,2137,14400,1,0,0,0,0,0,rev-6
IC,0,17,2137,14400,1,1,0,1,0.735,0.524,rev-5
IC,0,17,2137,14400,1,0,1,0,0,0,rev-2
IC,0,17,2137,14400,1,1,0,1,0.542,0.98,rev-5
IC,0,17,2137,14400,1,1,0,1,0.503,0.649,rev-6
IC,0,17,2137,14400,1,0,0,0,0,0,rev-6
IC,0,17,2137,14400,1,0,1,0,0,0,rev-3
IC,0,17,2137,14400,1,0,0,0,0,0,rev-1
IC,0,18,2137,14400,1,0,0,0,0,0,rev-1
IC,0,18,2137,14400,1,1,0,1,0.498,0.973,rev-2
IC,0,18,2137,14400,1,0,0,0,0,0,rev-4
IC,0,18,2137,14400,1,1,0,1,0.594,0.579,rev-6
IC,0,18,2137,14400,1,1,0,1,0.735,0.575,rev-6
IC,0,18,2137,14400,1,0,0,0,0,0,rev-6
IC,0,18,2137,14400,1,1,0,1,0.408,0.737,rev-4
IC,0,18,2137,14400,1,0,0,0,0,0,rev-2
IC,0,18,2137,14400,1,0,1,0,0,0,rev-2
IC,0,18,2137,14400,1,0,0,0,0,0,rev-4
IC,0,19,2137,14400,1,1,0,1,0.53,0.745,rev-6
IC,0,19,2137,14400,1,1,0,1,0.427,0.758,rev-2
IC,0,19,2137,14400,1,0,0,0,0,0,rev-5
IC,0,19,2137,14400,1,1,0,1,0.829,0.71,rev-3
IC,0,19,2137,14400,1,0,0,0,0,0,rev-4
IC,0,19,2137,14400,1,1,0,1,0.794,0.988,rev-4
IC,0,19,2137,14400,1,0,0,0,0,0,rev-4
IC,0,19,2137,14400,1,0,0,0,0,0,rev-5
IC,0,19,2137,14400,1,1,0,1,0.42,0.933,rev-6
IC,0,19,2137,14400,1,0,0,0,0,0,rev-6
IC,0,20,2137,14400,1,0,1,0,0,0,rev-4
IC,0,20,2137,14400,1,1,0,1,0.431,0.912,rev-6
IC,0,20,2137,14400,1,0,0,0,0,0,rev-4
IC,0,20,2137,14400,1,1,1,0,0,0,rev-1
IC,0,20,2137,14400,1,1,0,1,0.96,0.974,rev-5
IC,0,20,2137,14400,1,1,0,1,0.441,0.887,rev-2
IC,0,20,2137,14400,1,0,0,0,0,0,rev-5
IC,0,20,2137,14400,1,1,0,1,0.558,0.989,rev-1
IC,0,20,2137,14400,1,1,0,1,0.966,0.77,rev-4
IC,0,20,2137,14400,1,0,1,0,0,0,rev-4
IC,0,21,2137,14400,1,0,0,0,0,0,rev-1
IC,0,21,2137,14400,1,0,0,0,0,0,rev-4
IC,0,21,2137,14400,1,0,0,0,0,0,rev-5
IC,0,21,2137,14400,1,0,0,0,0,0,rev-5
IC,0,21,2137,14400,1,0,0,0,0,0,rev-2
IC,0,21,2137,14400,1,0,0,0,0,0,rev-1
IC,0,21,2137,14400,1,0,0,0,0,0,rev-6
IC,0,21,2137,14400,1,0,0,0,0,0,rev-2
IC,0,21,2137,14400,1,0,0,0,0,0,rev-2
IC,0,21,2137,14400,1,0,0,0,0,0,rev-6
IC,0,22,2137,14400,1,0,1,0,0,0,rev-5
IC,0,22,2137,14400,1,0,0,0,0,0,rev-4
IC,0,22,2137,14400,1,0,0,0,0,0,rev-3
IC,0,22,2137,14400,1,1,1,0,0,0,rev-2
IC,0,22,2137,14400,1,0,0,0,0,0,rev-2
IC,0,22,2137,14400,1,0,0,0,0,0,rev-2
IC,0,22,2137,14400,1,1,0,1,0.491,0.672,rev-6
IC,0,22,2137,14400,1,0,0,0,0,0,rev-4
IC,0,22,2137,14400,1,1,0,1,0.889,0.885,rev-4
IC,0,22,2137,14400,1,0,0,0,0,0,rev-3
IC,0,23,2137,14400,1,1,0,1,0.949,0.661,rev-6
IC,0,23,2137,14400,1,0,0,0,0,0,rev-2
IC,0,23,2137,14400,1,1,0,1,0.698,0.666,rev-2
IC,0,23,2137,14400,1,0,1,0,0,0,rev-1
IC,0,23,2137,14400,1,0,0,0,0,0,rev-2
IC,0,23,2137,14400,1,0,0,0,0,0,rev-1
IC,0,23,2137,14400,1,0,0,0,0,0,rev-2
IC,0,23,2137,14400,1,0,0,0,0,0,rev-1
IC,0,23,2137,14400,1,1,0,1,0.8,0.809,rev-4
IC,0,23,2137,14400,1,1,0,1,0.471,0.712,rev-2
IC,1,0,2137,14400,1,0,1,0,0,0,rev-6
IC,1,0,2137,14400,1,0,0,0,0,0,rev-6
IC,1,0,2137,14400,1,1,1,0,0,0,rev-5
IC,1,0,2137,14400,1,0,0,0,0,0,rev-6
IC,1,0,2137,14400,1,1,0,1,0.697,0.761,rev-6
IC,1,0,2137,14400,1,0,0,0,0,0,rev-1
IC,1,0,2137,14400,1,0,0,0,0,0,rev-2
IC,1,0,2137,14400,1,0,0,0,0,0,rev-2
IC,1,0,2137,14400,1,0,0,0,0,0,rev-4
IC,1,0,2137,14400,1,0,1,0,0,0,rev-5
IC,1,1,2137,14400,1,0,0,0,0,0,rev-1
IC,1,1,2137,14400,1,0,0,0,0,0,rev-3
IC,1,1,2137,14400,1,0,1,0,0,0,rev-1
IC,1,1,2137,14400,1,0,0,0,0,0,rev-6
IC,1,1,2137,14400,1,0,0,0,0,0,rev-3
IC,1,1,2137,14400,1,0,1,0,0,0,rev-1
IC,1,1,2137,14400,1,1,0,1,0.785,0.936,rev-3
IC,1,1,2137,14400,1,1,0,1,0.94,0.848,rev-5
IC,1,1,2137,14400,1,0,0,0,0,0,rev-6
IC,1,1,2137,14400,1,1,0,1,0.543,0.636,rev-2
IC,1,2,2137,14400,1,0,0,0,0,0,rev-2
IC,1,2,2137,14400,1,0,1,0,0,0,rev-6
IC,1,2,2137,14400,1,1,0,1,0.703,0.829,rev-3
IC,1,2,2137,14400,1,0,0,0,0,0,rev-5
IC,1,2,2137,14400,1,0,0,0,0,0,rev-6
IC,1,2,2137,14400,1,0,0,0,0,0,rev-2
IC,1,2,2137,14400,1,0,0,0,0,0,rev-1
IC,1,2,2137,14400,1,1,0,1,0.664,0.76,rev-4
IC,1,2,2137,14400,1,0,0,0,0,0,rev-3
IC,1,2,2137,14400,1,0,0,0,0,0,rev-5
IC,1,3,2137,14400,1,1,0,1,0.637,0.952,rev-3
IC,1,3,2137,14400,1,0,0,0,0,0,rev-5
IC,1,3,2137,14400,1,1,0,1,0.925,0.911,rev-4
IC,1,3,2137,14400,1,1,1,0,0,0,rev-5
IC,1,3,2137,14400,1,1,1,0,0,0,rev-3
IC,1,3,2137,14400,1,1,0,1,0.572,0.995,rev-2
IC,1,3,2137,14400,1,1,1,0,0,0,rev-1
IC,1,3,2137,14400,1,0,0,0,0,0,rev-2
IC,1,3,2137,14400,1,0,0,0,0,0,rev-2
IC,1,3,2137,14400,1,1,0,1,0.509,0.99,rev-2
IC,1,4,2137,14400,1,1,0,1,0.72,0.963,rev-6
IC,1,4,2137,14400,1,1,0,1,0.544,0.576,rev-4
IC,1,4,2137,14400,1,1,0,1,0.88,0.792,rev-5
IC,1,4,2137,14400,1,0,1,0,0,0,rev-6
IC,1,4,2137,14400,1,0,0,0,0,0,rev-3
IC,1,4,2137,14400,1,0,0,0,0,0,rev-5
IC,1,4,2137,14400,1,0,1,0,0,0,rev-3
IC,1,4,2137,14400,1,1,0,1,0.81,0.771,rev-3
IC,1,4,2137,14400,1,0,0,0,0,0,rev-3
IC,1,4,2137,14400,1,1,1,0,0,0,rev-1
IC,1,5,2137,14400,1,0,0,0,0,0,rev-5
IC,1,5,2137,14400,1,0,1,0,0,0,rev-4
IC,1,5,2137,14400,1,0,0,0,0,0,rev-4
IC,1,5,2137,14400,1,0,1,0,0,0,rev-3
IC,1,5,2137,14400,1,1,0,1,0.947,0.927,rev-1
IC,1,5,2137,14400,1,0,0,0,0,0,rev-1
IC,1,5,2137,14400,1,0,1,0,0,0,rev-4
IC,1,5,2137,14400,1,0,0,0,0,0,rev-4
IC,1,5,2137,14400,1,0,0,0,0,0,rev-1
IC,1,5,2137,14400,1,0,0,0,0,0,rev-1
IC,1,6,2137,14400,1,0,0,0,0,0,rev-5
IC,1,6,2137,14400,1,0,0,0,0,0,rev-4
IC,1,6,2137,14400,1,0,0,0,0,0,rev-4
IC,1,6,2137,14400,1,0,0,0,0,0,rev-2
IC,1,6,2137,14400,1,1,0,1,0.982,0.562,rev-1
IC,1,6,2137,14400,1,0,1,0,0,0,rev-5
IC,1,6,2137,14400,1,1,0,1,0.739,0.511,rev-3
IC,1,6,2137,14400,1,0,0,0,0,0,rev-1
IC,1,6,2137,14400,1,1,0,1,0.577,0.502,rev-2
IC,1,6,2137,14400,1,0,0,0,0,0,rev-6
IC,1,7,2137,14400,1,1,0,1,0.919,0.859,rev-6
IC,1,7,2137,14400,1,1,0,1,0.664,0.854,rev-1
IC,1,7,2137,14400,1,1,0,1,0.805,0.667,rev-5
IC,1,7,2137,14400,1,0,0,0,0,0,rev-1
IC,1,7,2137,14400,1,0,0,0,0,0,rev-2
IC,1,7,2137,14400,1,0,0,0,0,0,rev-4
IC,1,7,2137,14400,1,0,0,0,0,0,rev-3
IC,1,7,2137,14400,1,0,0,0,0,0,rev-4
IC,1,7,2137,14400,1,1,0,1,0.985,0.94,rev-6
IC,1,7,2137,14400,1,1,0,1,0.855,0.83,rev-2
IC,1,8,2137,14400,1,0,0,0,0,0,rev-3
IC,1,8,2137,14400,1,1,0,1,0.676,0.623,rev-5
IC,1,8,2137,14400,1,0,0,0,0,0,rev-5
IC,1,8,2137,14400,1,0,1,0,0,0,rev-3
IC,1,8,2137,14400,1,0,0,0,0,0,rev-4
IC,1,8,2137,14400,1,0,1,0,0,0,rev-2
IC,1,8,2137,14400,1,0,0,0,0,0,rev-4
IC,1,8,2137,14400,1,0,1,0,0,0,rev-1
IC,1,8,2137,14400,1,0,1,0,0,0,rev-2
IC,1,8,2137,14400,1,1,0,1,0.944,0.631,rev-6
IC,1,9,2137,14400,1,0,0,0,0,0,rev-5
IC,1,9,2137,14400,1,0,0,0,0,0,rev-6
IC,1,9,2137,14400,1,0,0,0,0,0,rev-4
IC,1,9,2137,14400,1,0,0,0,0,0,rev-4
IC,1,9,2137,14400,1,0,0,0,0,0,rev-2
IC,1,9,2137,14400,1,1,0,1,0.51,0.914,rev-2
IC,1,9,2137,14400,1,0,0,0,0,0,rev-3
IC,1,9,2137,14400,1,0,0,0,0,0,rev-2
IC,1,9,2137,14400,1,0,0,0,0,0,rev-1
IC,1,9,2137,14400,1,1,0,1,0.497,0.589,rev-2
IC,1,10,2137,14400,1,0,0,0,0,0,rev-4
IC,1,10,2137,14400,1,0,0,0,0,0,rev-3
IC,1,10,2137,14400,1,1,0,1,0.804,0.955,rev-1
IC,1,10,2137,14400,1,0,0,0,0,0,rev-6
IC,1,10,2137,14400,1,0,0,0,0,0,rev-6
IC,1,10,2137,14400,1,0,0,0,0,0,rev-4
IC,1,10,2137,14400,1,1,0,1,0.827,0.648,rev-2
IC,1,10,2137,14400,1,0,0,0,0,0,rev-3
IC,1,10,2137,14400,1,0,0,0,0,0,rev-2
IC,1,10,2137,14400,1,0,0,0,0,0,rev-2
IC,1,11,2137,14400,1,0,1,0,0,0,rev-1
IC,1,11,2137,14400,1,1,0,1,0.519,0.818,rev-3
IC,1,11,2137,14400,1,1,0,1,0.916,0.983,rev-4
IC,1,11,2137,14400,1,0,0,0,0,0,rev-6
IC,1,11,2137,14400,1,1,0,1,0.759,0.758,rev-3
IC,1,11,2137,14400,1,0,0,0,0,0,rev-6
IC,1,11,2137,14400,1,0,1,0,0,0,rev-3
IC,1,11,2137,14400,1,0,0,0,0,0,rev-3
IC,1,11,2137,14400,1,0,0,0,0,0,rev-5
IC,1,11,2137,14400,1,1,0,1,0.893,0.928,rev-4
IC,1,12,2137,14400,1,0,1,0,0,0,rev-6
IC,1,12,2137,14400,1,1,0,1,0.576,0.831,rev-1
IC,1,12,2137,14400,1,0,1,0,0,0,rev-2
IC,1,12,2137,14400,1,0,1,0,0,0,rev-2
IC,1,12,2137,14400,1,1,0,1,0.833,0.842,rev-1
IC,1,12,2137,14400,1,0,0,0,0,0,rev-1
IC,1,12,2137,14400,1,0,0,0,0,0,rev-1
IC,1,12,2137,14400,1,0,0,0,0,0,rev-4
IC,1,12,2137,14400,1,0,0,0,0,0,rev-1
IC,1,12,2137,14400,1,0,0,0,0,0,rev-3
IC,1,13,2137,14400,1,0,0,0,0,0,rev-6
IC,1,13,2137,14400,1,0,0,0,0,0,rev-5
IC,1,13,2137,14400,1,0,0,0,0,0,rev-1
IC,1,13,2137,14400,1,0,0,0,0,0,rev-5
IC,1,13,2137,14400,1,1,1,0,0,0,rev-3
IC,1,13,2137,14400,1,1,0,1,0.95,0.616,rev-2
IC,1,13,2137,14400,1,0,0,0,0,0,rev-3
IC,1,13,2137,14400,1,0,0,0,0,0,rev-2
IC,1,13,2137,14400,1,0,0,0,0,0,rev-4
IC,1,13,2137,14400,1,0,0,0,0,0,rev-2
IC,1,14,2137,14400,1,0,0,0,0,0,rev-5
IC,1,14,2137,14400,1,1,0,1,0.766,0.843,rev-4
IC,1,14,2137,14400,1,0,0,0,0,0,rev-2
IC,1,14,2137,14400,1,0,0,0,0,0,rev-2
IC,1,14,2137,14400,1,0,0,0,0,0,rev-2
IC,1,14,2137,14400,1,0,0,0,0,0,rev-1
IC,1,14,2137,14400,1,0,0,0,0,0,rev-1
IC,1,14,2137,14400,1,1,0,1,0.519,0.511,rev-6
IC,1,14,2137,14400,1,1,0,1,0.413,0.957,rev-2
IC,1,14,2137,14400,1,1,0,1,0.898,0.532,rev-3
IC,1,15,2137,14400,1,0,0,0,0,0,rev-4
IC,1,15,2137,14400,1,1,0,1,0.892,0.986,rev-3
IC,1,15,2137,14400,1,0,0,0,0,0,rev-2
IC,1,15,2137,14400,1,0,1,0,0,0,rev-1
IC,1,15,2137,14400,1,0,0,0,0,0,rev-3
IC,1,15,2137,14400,1,0,0,0,0,0,rev-4
IC,1,15,2137,14400,1,0,0,0,0,0,rev-5
IC,1,15,2137,14400,1,1,0,1,0.964,0.748,rev-5
IC,1,15,2137,14400,1,1,0,1,0.456,0.511,rev-1
IC,1,15,2137,14400,1,0,0,0,0,0,rev-5
IC,1,16,2137,14400,1,1,1,0,0,0,rev-4
IC,1,16,2137,14400,1,0,0,0,0,0,rev-6
IC,1,16,2137,14400,1,0,0,0,0,0,rev-4
IC,1,16,2137,14400,1,0,0,0,0,0,rev-5
IC,1,16,2137,14400,1,0,0,0,0,0,rev-6
IC,1,16,2137,14400,1,0,0,0,0,0,rev-5
IC,1,16,2137,14400,1,0,1,0,0,0,rev-2
IC,1,16,2137,14400,1,1,0,1,0.452,0.801,rev-6
IC,1,16,2137,14400,1,1,0,1,0.86,0.823,rev-5
IC,1,16,2137,14400,1,0,1,0,0,0,rev-6
IC,1,17,2137,14400,1,0,0,0,0,0,rev-4
IC,1,17,2137,14400,1,1,0,1,0.736,0.954,rev-2
IC,1,17,2137,14400,1,0,0,0,0,0,rev-1
IC,1,17,2137,14400,1,1,0,1,0.962,0.501,rev-2
IC,1,17,2137,14400,1,1,0,1,0.819,0.749,rev-1
IC,1,17,2137,14400,1,0,0,0,0,0,rev-2
IC,1,17,2137,14400,1,0,0,0,0,0,rev-6
IC,1,17,2137,14400,1,1,0,1,0.652,0.9,rev-6
IC,1,17,2137,14400,1,1,0,1,0.996,0.505,rev-2
IC,1,17,2137,14400,1,0,0,0,0,0,rev-2
IC,1,18,2137,14400,1,0,0,0,0,0,rev-2
IC,1,18,2137,14400,1,0,0,0,0,0,rev-6
IC,1,18,2137,14400,1,0,0,0,0,0,rev-1
IC,1,18,2137,14400,1,1,1,0,0,0,rev-4
IC,1,18,2137,14400,1,1,1,0,0,0,rev-5
IC,1,18,2137,14400,1,0,1,0,0,0,rev-2
IC,1,18,2137,14400,1,0,1,0,0,0,rev-3
IC,1,18,2137,14400,1,1,0,1,0.687,0.744,rev-3
IC,1,18,2137,14400,1,0,0,0,0,0,rev-5
IC,1,18,2137,14400,1,0,0,0,0,0,rev-1
IC,1,19,2137,14400,1,0,0,0,0,0,rev-5
IC,1,19,2137,14400,1,0,0,0,0,0,rev-2
IC,1,19,2137,14400,1,1,0,1,0.401,0.624,rev-4
IC,1,19,2137,14400,1,1,0,1,0.77,0.877,rev-5
IC,1,19,2137,14400,1,0,0,0,0,0,rev-2
IC,1,19,2137,14400,1,0,0,0,0,0,rev-2
IC,1,19,2137,14400,1,0,0,0,0,0,rev-1
IC,1,19,2137,14400,1,0,0,0,0,0,rev-4
IC,1,19,2137,14400,1,1,0,1,0.619,0.614,rev-2
IC,1,19,2137,14400,1,1,0,1,0.575,0.764,rev-4
IC,1,20,2137,14400,1,0,0,0,0,0,rev-3
IC,1,20,2137,14400,1,0,1,0,0,0,rev-2
IC,1,20,2137,14400,1,0,1,0,0,0,rev-2
IC,1,20,2137,14400,1,0,0,0,0,0,rev-2
IC,1,20,2137,14400,1,0,0,0,0,0,rev-6
IC,1,20,2137,14400,1,0,1,0,0,0,rev-2
IC,1,20,2137,14400,1,0,0,0,0,0,rev-1
IC,1,20,2137,14400,1,0,0,0,0,0,rev-4
IC,1,20,2137,14400,1,0,0,0,0,0,rev-5
IC,1,20,2137,14400,1,0,1,0,0,0,rev-6
IC,1,21,2137,14400,1,0,1,0,0,0,rev-6
IC,1,21,2137,14400,1,0,0,0,0,0,rev-6
IC,1,21,2137,14400,1,1,0,1,0.91,0.908,rev-5
IC,1,21,2137,14400,1,0,0,0,0,0,rev-4
IC,1,21,2137,14400,1,0,1,0,0,0,rev-2
IC,1,21,2137,14400,1,0,1,0,0,0,rev-3
IC,1,21,2137,14400,1,0,0,0,0,0,rev-5
IC,1,21,2137,14400,1,0,0,0,0,0,rev-6
IC,1,21,2137,14400,1,1,1,0,0,0,rev-3
IC,1,21,2137,14400,1,1,0,1,0.738,0.782,rev-5
IC,1,22,2137,14400,1,0,0,0,0,0,rev-6
IC,1,22,2137,14400,1,0,0,0,0,0,rev-1
IC,1,22,2137,14400,1,0,0,0,0,0,rev-4
IC,1,22,2137,14400,1,0,0,0,0,0,rev-2
IC,1,22,2137,14400,1,0,0,0,0,0,rev-1
IC,1,22,2137,14400,1,0,0,0,0,0,rev-5
IC,1,22,2137,14400,1,0,0,0,0,0,rev-3
IC,1,22,2137,14400,1,1,0,1,0.56,0.647,rev-5
IC,1,22,2137,14400,1,0,1,0,0,0,rev-2
IC,1,22,2137,14400,1,1,1,0,0,0,rev-1
IC,1,23,2137,14400,1,0,0,0,0,0,rev-3
IC,1,23,2137,14400,1,0,0,0,0,0,rev-5
IC,1,23,2137,14400,1,1,0,1,0.449,0.539,rev-1
IC,1,23,2137,14400,1,1,0,1,0.466,0.571,rev-5
IC,1,23,2137,14400,1,0,0,0,0,0,rev-6
IC,1,23,2137,14400,1,0,0,0,0,0,rev-2
IC,1,23,2137,14400,1,0,0,0,0,0,rev-4
IC,1,23,2137,14400,1,1,0,1,0.816,0.553,rev-5
IC,1,23,2137,14400,1,0,0,0,0,0,rev-4
IC,1,23,2137,14400,1,1,0,1,0.992,0.646,rev-1
IC,2,0,2137,14400,1,0,0,0,0,0,rev-5
IC,2,0,2137,14400,1,1,0,1,0.63,0.872,rev-4
IC,2,0,2137,14400,1,0,0,0,0,0,rev-1
IC,2,0,2137,14400,1,0,0,0,0,0,rev-1
IC,2,0,2137,14400,1,0,0,0,0,0,rev-3
IC,2,0,2137,14400,1,0,0,0,0,0,rev-3
IC,2,0,2137,14400,1,0,0,0,0,0,rev-6
IC,2,0,2137,14400,1,0,0,0,0,0,rev-2
IC,2,0,2137,14400,1,0,0,0,0,0,rev-1
IC,2,0,2137,14400,1,1,0,1,0.451,0.979,rev-1
IC,2,1,2137,14400,1,1,0,1,0.464,0.932,rev-2
IC,2,1,2137,14400,1,0,1,0,0,0,rev-6
IC,2,1,2137,14400,1,0,0,0,0,0,rev-4
IC,2,1,2137,14400,1,0,0,0,0,0,rev-6
IC,2,1,2137,14400,1,0,0,0,0,0,rev-6
IC,2,1,2137,14400,1,0,0,0,0,0,rev-6
IC,2,1,2137,14400,1,0,0,0,0,0,rev-5
IC,2,1,2137,14400,1,0,0,0,0,0,rev-3
IC,2,1,2137,14400,1,0,0,0,0,0,rev-6
IC,2,1,2137,14400,1,0,0,0,0,0,rev-3
IC,2,2,2137,14400,1,0,0,0,0,0,rev-6
IC,2,2,2137,14400,1,1,1,0,0,0,rev-5
IC,2,2,2137,14400,1,0,0,0,0,0,rev-3
IC,2,2,2137,14400,1,1,0,1,0.948,0.95,rev-5
IC,2,2,2137,14400,1,0,0,0,0,0,rev-3
IC,2,2,2137,14400,1,1,0,1,0.614,0.609,rev-1
IC,2,2,2137,14400,1,0,0,0,0,0,rev-4
IC,2,2,2137,14400,1,0,0,0,0,0,rev-4
IC,2,2,2137,14400,1,1,0,1,0.795,0.853,rev-5
IC,2,2,2137,14400,1,0,0,0,0,0,rev-1
IC,2,3,2137,14400,1,0,0,0,0,0,rev-4
IC,2,3,2137,14400,1,0,1,0,0,0,rev-6
IC,2,3,2137,14400,1,1,0,1,0.55,0.695,rev-3
IC,2,3,2137,14400,1,0,0,0,0,0,rev-5
IC,2,3,2137,14400,1,0,0,0,0,0,rev-3
IC,2,3,2137,14400,1,0,0,0,0,0,rev-3
IC,2,3,2137,14400,1,1,1,0,0,0,rev-2
IC,2,3,2137,14400,1,1,0,1,0.432,0.575,rev-4
IC,2,3,2137,14400,1,0,0,0,0,0,rev-2
IC,2,3,2137,14400,1,1,0,1,0.627,0.742,rev-5
IC,2,4,2137,14400,1,0,0,0,0,0,rev-3
IC,2,4,2137,14400,1,0,0,0,0,0,rev-3
IC,2,4,2137,14400,1,0,0,0,0,0,rev-2
IC,2,4,2137,14400,1,0,0,0,0,0,rev-4
IC,2,4,2137,14400,1,1,1,0,0,0,rev-3
IC,2,4,2137,14400,1,1,0,1,0.489,0.656,rev-1
IC,2,4,2137,14400,1,1,0,1,0.654,0.906,rev-1
IC,2,4,2137,14400,1,1,0,1,0.752,0.505,rev-5
IC,2,4,2137,14400,1,0,0,0,0,0,rev-1
IC,2,4,2137,14400,1,0,1,0,0,0,rev-1
IC,2,5,2137,14400,1,0,0,0,0,0,rev-4
IC,2,5,2137,14400,1,1,0,1,0.644,0.746,rev-1
IC,2,5,2137,14400,1,0,0,0,0,0,rev-1
IC,2,5,2137,14400,1,1,1,0,0,0,rev-4
IC,2,5,2137,14400,1,1,0,1,0.877,0.668,rev-4
IC,2,5,2137,14400,1,0,0,0,0,0,rev-2
IC,2,5,2137,14400,1,0,1,0,0,0,rev-2
IC,2,5,2137,14400,1,0,1,0,0,0,rev-6
IC,2,5,2137,14400,1,0,0,0,0,0,rev-3
IC,2,5,2137,14400,1,0,1,0,0,0,rev-2
IC,2,6,2137,14400,1,1,1,0,0,0,rev-1
IC,2,6,2137,14400,1,0,0,0,0,0,rev-5
IC,2,6,2137,14400,1,0,0,0,0,0,rev-6
IC,2,6,2137,14400,1,1,0,1,0.926,0.942,rev-1
IC,2,6,2137,14400,1,0,0,0,0,0,rev-2
IC,2,6,2137,14400,1,0,0,0,0,0,rev-3
IC,2,6,2137,14400,1,0,0,0,0,0,rev-6
IC,2,6,2137,14400,1,0,1,0,0,0,rev-5
IC,2,6,2137,14400,1,0,0,0,0,0,rev-3
IC,2,6,2137,14400,1,1,0,1,0.662,0.782,rev-1
IC,2,7,2137,14400,1,0,0,0,0,0,rev-6
IC,2,7,2137,14400,1,0,0,0,0,0,rev-6
IC,2,7,2137,14400,1,1,0,1,0.815,0.672,rev-4
IC,2,7,2137,14400,1,1,0,1,0.559,0.852,rev-1
IC,2,7,2137,14400,1,0,0,0,0,0,rev-3
IC,2,7,2137,14400,1,0,0,0,0,0,rev-4
IC,2,7,2137,14400,1,0,0,0,0,0,rev-4
IC,2,7,2137,14400,1,0,0,0,0,0,rev-5
IC,2,7,2137,14400,1,0,0,0,0,0,rev-4
IC,2,7,2137,14400,1,1,0,1,0.482,0.973,rev-3
IC,2,8,2137,14400,1,0,0,0,0,0,rev-1
IC,2,8,2137,14400,1,1,0,1,0.747,0.972,rev-2
IC,2,8,2137,14400,1,1,0,1,0.467,0.584,rev-2
IC,2,8,2137,14400,1,1,1,0,0,0,rev-4
IC,2,8,2137,14400,1,1,0,1,0.794,0.572,rev-2
IC,2,8,2137,14400,1,0,0,0,0,0,rev-5
IC,2,8,2137,14400,1,0,0,0,0,0,rev-4
IC,2,8,2137,14400,1,1,0,1,0.639,0.826,rev-2
IC,2,8,2137,14400,1,0,0,0,0,0,rev-4
IC,2,8,2137,14400,1,0,1,0,0,0,rev-4
IC,2,9,2137,14400,1,0,1,0,0,0,rev-1
IC,2,9,2137,14400,1,1,1,0,0,0,rev-4
IC,2,9,2137,14400,1,0,0,0,0,0,rev-5
IC,2,9,2137,14400,1,1,0,1,0.982,0.714,rev-3
IC,2,9,2137,14400,1,1,0,1,0.44,0.541,rev-1
IC,2,9,2137,14400,1,0,0,0,0,0,rev-3
IC,2,9,2137,14400,1,1,0,1,0.47,0.922,rev-1
IC,2,9,2137,14400,1,0,1,0,0,0,rev-4
IC,2,9,2137,14400,1,0,0,0,0,0,rev-4
IC,2,9,2137,14400,1,0,0,0,0,0,rev-4
IC,2,10,2137,14400,1,0,0,0,0,0,rev-4
IC,2,10,2137,14400,1,1,0,1,0.676,0.909,rev-2
IC,2,10,2137,14400,1,1,0,1,0.773,0.557,rev-3
IC,2,10,2137,14400,1,1,0,1,0.897,0.779,rev-2
IC,2,10,2137,14400,1,0,0,0,0,0,rev-5
IC,2,10,2137,14400,1,0,0,0,0,0,rev-4
IC,2,10,2137,14400,1,0,0,0,0,0,rev-6
IC,2,10,2137,14400,1,0,0,0,0,0,rev-6
IC,2,10,2137,14400,1,1,0,1,0.85,0.968,rev-6
IC,2,10,2137,14400,1,1,1,0,0,0,rev-3
IC,2,11,2137,14400,1,0,0,0,0,0,rev-4
IC,2,11,2137,14400,1,0,0,0,0,0,rev-6
IC,2,11,2137,14400,1,1,0,1,0.736,0.959,rev-2
IC,2,11,2137,14400,1,0,1,0,0,0,rev-2
IC,2,11,2137,14400,1,0,1,0,0,0,rev-1
IC,2,11,2137,14400,1,0,0,0,0,0,rev-4
IC,2,11,2137,14400,1,0,0,0,0,0,rev-3
IC,2,11,2137,14400,1,0,0,0,0,0,rev-3
IC,2,11,2137,14400,1,0,0,0,0,0,rev-1
IC,2,11,2137,14400,1,0,0,0,0,0,rev-6
IC,2,12,2137,14400,1,0,0,0,0,0,rev-4
IC,2,12,2137,14400,1,0,0,0,0,0,rev-4
IC,2,12,2137,14400,1,0,0,0,0,0,rev-1
IC,2,12,2137,14400,1,1,0,1,0.812,0.618,rev-4
IC,2,12,2137,14400,1,0,0,0,0,0,rev-3
IC,2,12,2137,14400,1,0,0,0,0,0,rev-1
IC,2,12,2137,14400,1,0,0,0,0,0,rev-3
IC,2,12,2137,14400,1,1,0,1,0.571,0.921,rev-3
IC,2,12,2137,14400,1,0,0,0,0,0,rev-3
IC,2,12,2137,14400,1,0,0,0,0,0,rev-4
IC,2,13,2137,14400,1,1,0,1,0.919,0.766,rev-4
IC,2,13,2137,14400,1,0,0,0,0,0,rev-2
IC,2,13,2137,14400,1,0,0,0,0,0,rev-1
IC,2,13,2137,14400,1,0,0,0,0,0,rev-1
IC,2,13,2137,14400,1,0,0,0,0,0,rev-5
IC,2,13,2137,14400,1,1,0,1,0.709,0.536,rev-3
IC,2,13,2137,14400,1,1,0,1,0.711,0.808,rev-1
IC,2,13,2137,14400,1,1,0,1,0.6,0.787,rev-3
IC,2,13,2137,14400,1,0,0,0,0,0,rev-2
IC,2,13,2137,14400,1,0,0,0,0,0,rev-2
IC,2,14,2137,14400,1,1,0,1,0.969,0.58,rev-5
IC,2,14,2137,14400,1,0,1,0,0,0,rev-6
IC,2,14,2137,14400,1,0,0,0,0,0,rev-5
IC,2,14,2137,14400,1,0,0,0,0,0,rev-4
IC,2,14,2137,14400,1,1,0,1,0.466,0.937,rev-1
IC,2,14,2137,14400,1,1,0,1,0.613,0.732,rev-1
IC,2,14,2137,14400,1,0,0,0,0,0,rev-3
IC,2,14,2137,14400,1,1,0,1,0.721,0.621,rev-1
IC,2,14,2137,14400,1,1,0,1,0.827,0.954,rev-2
IC,2,14,2137,14400,1,0,0,0,0,0,rev-4
IC,2,15,2137,14400,1,1,0,1,0.749,0.863,rev-1
IC,2,15,2137,14400,1,0,0,0,0,0,rev-3
IC,2,15,2137,14400,1,0,0,0,0,0,rev-6
IC,2,15,2137,14400,1,1,0,1,0.431,0.816,rev-6
IC,2,15,2137,14400,1,1,1,0,0,0,rev-6
IC,2,15,2137,14400,1,1,0,1,0.928,0.821,rev-2
IC,2,15,2137,14400,1,0,0,0,0,0,rev-3
IC,2,15,2137,14400,1,0,0,0,0,0,rev-1
IC,2,15,2137,14400,1,0,0,0,0,0,rev-2
IC,2,15,2137,14400,1,0,1,0,0,0,rev-5
IC,2,16,2137,14400,1,0,0,0,0,0,rev-6
IC,2,16,2137,14400,1,0,0,0,0,0,rev-1
IC,2,16,2137,14400,1,0,0,0,0,0,rev-5
IC,2,16,2137,14400,1,1,0,1,0.968,0.839,rev-4
IC,2,16,2137,14400,1,0,0,0,0,0,rev-3
IC,2,16,2137,14400,1,0,1,0,0,0,rev-5
IC,2,16,2137,14400,1,0,1,0,0,0,rev-5
IC,2,16,2137,14400,1,0,0,0,0,0,rev-4
IC,2,16,2137,14400,1,0,0,0,0,0,rev-1
IC,2,16,2137,14400,1,0,0,0,0,0,rev-6
IC,2,17,2137,14400,1,0,0,0,0,0,rev-6
IC,2,17,2137,14400,1,0,1,0,0,0,rev-2
IC,2,17,2137,14400,1,1,0,1,0.415,0.871,rev-2
IC,2,17,2137,14400,1,0,0,0,0,0,rev-2
IC,2,17,2137,14400,1,0,0,0,0,0,rev-4
IC,2,17,2137,14400,1,1,0,1,0.63,0.878,rev-2
IC,2,17,2137,14400,1,0,0,0,0,0,rev-5
IC,2,17,2137,14400,1,0,0,0,0,0,rev-6
IC,2,17,2137,14400,1,1,1,0,0,0,rev-5
IC,2,17,2137,14400,1,0,0,0,0,0,rev-1
IC,2,18,2137,14400,1,0,1,0,0,0,rev-6
IC,2,18,2137,14400,1,0,0,0,0,0,rev-6
IC,2,18,2137,14400,1,0,0,0,0,0,rev-3
IC,2,18,2137,14400,1,0,0,0,0,0,rev-4
IC,2,18,2137,14400,1,0,0,0,0,0,rev-1
IC,2,18,2137,14400,1,0,0,0,0,0,rev-2
IC,2,18,2137,14400,1,0,1,0,0,0,rev-2
IC,2,18,2137,14400,1,0,0,0,0,0,rev-5
IC,2,18,2137,14400,1,1,0,1,0.916,0.585,rev-4
IC,2,18,2137,14400,1,0,1,0,0,0,rev-2
IC,2,19,2137,14400,1,0,0,0,0,0,rev-6
IC,2,19,2137,14400,1,1,0,1,0.605,0.647,rev-3
IC,2,19,2137,14400,1,1,0,1,0.623,0.942,rev-4
IC,2,19,2137,14400,1,0,0,0,0,0,rev-6
IC,2,19,2137,14400,1,0,0,0,0,0,rev-6
IC,2,19,2137,14400,1,0,1,0,0,0,rev-2
IC,2,19,2137,14400,1,0,0,0,0,0,rev-4
IC,2,19,2137,14400,1,0,0,0,0,0,rev-3
IC,2,19,2137,14400,1,1,0,1,0.83,0.966,rev-2
IC,2,19,2137,14400,1,0,0,0,0,0,rev-4
IC,2,20,2137,14400,1,0,0,0,0,0,rev-2
IC,2,20,2137,14400,1,0,0,0,0,0,rev-1
IC,2,20,2137,14400,1,0,0,0,0,0,rev-4
IC,2,20,2137,14400,1,0,0,0,0,0,rev-6
IC,2,20,2137,14400,1,0,0,0,0,0,rev-2
IC,2,20,2137,14400,1,1,0,1,0.531,0.908,rev-4
IC,2,20,2137,14400,1,0,0,0,0,0,rev-6
IC,2,20,2137,14400,1,0,0,0,0,0,rev-3
IC,2,20,2137,14400,1,0,0,0,0,0,rev-1
IC,2,20,2137,14400,1,1,0,1,0.913,0.829,rev-4
IC,2,21,2137,14400,1,0,0,0,0,0,rev-3
IC,2,21,2137,14400,1,0,1,0,0,0,rev-1
IC,2,21,2137,14400,1,0,0,0,0,0,rev-5
IC,2,21,2137,14400,1,0,0,0,0,0,rev-5
IC,2,21,2137,14400,1,0,0,0,0,0,rev-1
IC,2,21,2137,14400,1,0,0,0,0,0,rev-2
IC,2,21,2137,14400,1,1,0,1,0.517,0.93,rev-5
IC,2,21,2137,14400,1,0,0,0,0,0,rev-2
IC,2,21,2137,14400,1,0,0,0,0,0,rev-2
IC,2,21,2137,14400,1,0,1,0,0,0,rev-4
IC,2,22,2137,14400,1,0,0,0,0,0,rev-2
IC,2,22,2137,14400,1,0,0,0,0,0,rev-6
IC,2,22,2137,14400,1,0,0,0,0,0,rev-4
IC,2,22,2137,14400,1,0,0,0,0,0,rev-3
IC,2,22,2137,14400,1,0,0,0,0,0,rev-5
IC,2,22,2137,14400,1,0,0,0,0,0,rev-1
IC,2,22,2137,14400,1,0,0,0,0,0,rev-4
IC,2,22,2137,14400,1,0,0,0,0,0,rev-5
IC,2,22,2137,14400,1,1,0,1,0.975,0.763,rev-5
IC,2,22,2137,14400,1,0,0,0,0,0,rev-5
IC,2,23,2137,14400,1,0,0,0,0,0,rev-4
IC,2,23,2137,14400,1,0,0,0,0,0,rev-4
IC,2,23,2137,14400,1,0,0,0,0,0,rev-3
IC,2,23,2137,14400,1,0,0,0,0,0,rev-4
IC,2,23,2137,14400,1,0,1,0,0,0,rev-2
IC,2,23,2137,14400,1,0,0,0,0,0,rev-4
IC,2,23,2137,14400,1,1,0,1,0.939,0.915,rev-1
IC,2,23,2137,14400,1,0,0,0,0,0,rev-1
IC,2,23,2137,14400,1,1,1,0,0,0,rev-1
IC,2,23,2137,14400,1,0,0,0,0,0,rev-3
IC,3,0,2137,14400,1,0,0,0,0,0,rev-5
IC,3,0,2137,14400,1,1,0,1,0.676,0.932,rev-1
IC,3,0,2137,14400,1,1,1,0,0,0,rev-1
IC,3,0,2137,14400,1,0,0,0,0,0,rev-2
IC,3,0,2137,14400,1,0,0,0,0,0,rev-1
IC,3,0,2137,14400,1,0,0,0,0,0,rev-5
IC,3,0,2137,14400,1,0,0,0,0,0,rev-3
IC,3,0,2137,14400,1,1,0,1,0.959,0.814,rev-1
IC,3,0,2137,14400,1,1,0,1,0.649,0.869,rev-2
IC,3,0,2137,14400,1,1,1,0,0,0,rev-1
IC,3,1,2137,14400,1,1,0,1,0.78,0.658,rev-1
IC,3,1,2137,14400,1,1,0,1,0.656,0.944,rev-4
IC,3,1,2137,14400,1,0,0,0,0,0,rev-4
IC,3,1,2137,14400,1,0,0,0,0,0,rev-2
IC,3,1,2137,14400,1,0,0,0,0,0,rev-4
IC,3,1,2137,14400,1,0,1,0,0,0,rev-4
IC,3,1,2137,14400,1,0,0,0,0,0,rev-2
IC,3,1,2137,14400,1,0,0,0,0,0,rev-1
IC,3,1,2137,14400,1,0,0,0,0,0,rev-5
IC,3,1,2137,14400,1,0,0,0,0,0,rev-3
IC,3,2,2137,14400,1,0,0,0,0,0,rev-4
IC,3,2,2137,14400,1,1,0,1,0.868,0.964,rev-6
IC,3,2,2137,14400,1,0,0,0,0,0,rev-5
IC,3,2,2137,14400,1,0,0,0,0,0,rev-3
IC,3,2,2137,14400,1,0,0,0,0,0,rev-2
IC,3,2,2137,14400,1,0,0,0,0,0,rev-2
IC,3,2,2137,14400,1,1,0,1,0.916,0.915,rev-5
IC,3,2,2137,14400,1,0,1,0,0,0,rev-2
IC,3,2,2137,14400,1,0,0,0,0,0,rev-6
IC,3,2,2137,14400,1,1,0,1,0.74,0.656,rev-1
IC,3,3,2137,14400,1,0,0,0,0,0,rev-2
IC,3,3,2137,14400,1,1,0,1,0.666,0.777,rev-3
IC,3,3,2137,14400,1,1,0,1,0.986,0.61,rev-5
IC,3,3,2137,14400,1,0,0,0,0,0,rev-5
IC,3,3,2137,14400,1,0,0,0,0,0,rev-5
IC,3,3,2137,14400,1,0,0,0,0,0,rev-2
IC,3,3,2137,14400,1,0,0,0,0,0,rev-5
IC,3,3,2137,14400,1,0,1,0,0,0,rev-6
IC,3,3,2137,14400,1,1,0,1,0.67,0.614,rev-3
IC,3,3,2137,14400,1,0,1,0,0,0,rev-2
IC,3,4,2137,14400,1,0,0,0,0,0,rev-6
IC,3,4,2137,14400,1,1,0,1,0.885,0.534,rev-3
IC,3,4,2137,14400,1,0,0,0,0,0,rev-2
IC,3,4,2137,14400,1,1,0,1,0.951,0.823,rev-1
IC,3,4,2137,14400,1,0,1,0,0,0,rev-4
IC,3,4,2137,14400,1,0,1,0,0,0,rev-2
IC,3,4,2137,14400,1,1,0,1,0.92,0.719,rev-1
IC,3,4,2137,14400,1,0,1,0,0,0,rev-5
IC,3,4,2137,14400,1,1,0,1,0.574,0.885,rev-4
IC,3,4,2137,14400,1,0,1,0,0,0,rev-2
IC,3,5,2137,14400,1,1,0,1,0.427,0.673,rev-1
IC,3,5,2137,14400,1,0,0,0,0,0,rev-5
IC,3,5,2137,14400,1,1,1,0,0,0,rev-4
IC,3,5,2137,14400,1,0,0,0,0,0,rev-5
IC,3,5,2137,14400,1,0,0,0,0,0,rev-5
IC,3,5,2137,14400,1,0,0,0,0,0,rev-4
IC,3,5,2137,14400,1,0,0,0,0,0,rev-5
IC,3,5,2137,14400,1,1,0,1,0.444,0.838,rev-5
IC,3,5,2137,14400,1,1,0,1,0.564,0.912,rev-5
IC,3,5,2137,14400,1,0,0,0,0,0,rev-3
IC,3,6,2137,14400,1,0,0,0,0,0,rev-1
IC,3,6,2137,14400,1,0,0,0,0,0,rev-3
IC,3,6,2137,14400,1,0,0,0,0,0,rev-4
IC,3,6,2137,14400,1,0,1,0,0,0,rev-2
IC,3,6,2137,14400,1,0,0,0,0,0,rev-6
IC,3,6,2137,14400,1,1,0,1,0.497,0.834,rev-1
IC,3,6,2137,14400,1,0,0,0,0,0,rev-4
IC,3,6,2137,14400,1,0,0,0,0,0,rev-4
IC,3,6,2137,14400,1,0,0,0,0,0,rev-3
IC,3,6,2137,14400,1,0,0,0,0,0,rev-4
IC,3,7,2137,14400,1,1,0,1,0.438,0.709,rev-5
IC,3,7,2137,14400,1,1,0,1,0.552,0.509,rev-4
IC,3,7,2137,14400,1,0,1,0,0,0,rev-4
IC,3,7,2137,14400,1,0,1,0,0,0,rev-5
IC,3,7,2137,14400,1,0,0,0,0,0,rev-6
IC,3,7,2137,14400,1,0,0,0,0,0,rev-3
IC,3,7,2137,14400,1,0,0,0,0,0,rev-3
IC,3,7,2137,14400,1,0,0,0,0,0,rev-2
IC,3,7,2137,14400,1,0,0,0,0,0,rev-6
IC,3,7,2137,14400,1,0,0,0,0,0,rev-3
IC,3,8,2137,14400,1,1,1,0,0,0,rev-5
IC,3,8,2137,14400,1,0,0,0,0,0,rev-1
IC,3,8,2137,14400,1,0,0,0,0,0,rev-3
IC,3,8,2137,14400,1,0,0,0,0,0,rev-2
IC,3,8,2137,14400,1,1,0,1,0.583,0.546,rev-2
IC,3,8,2137,14400,1,0,0,0,0,0,rev-4
IC,3,8,2137,14400,1,0,0,0,0,0,rev-6
IC,3,8,2137,14400,1,0,0,0,0,0,rev-1
IC,3,8,2137,14400,1,0,0,0,0,0,rev-3
IC,3,8,2137,14400,1,0,1,0,0,0,rev-2
IC,3,9,2137,14400,1,0,0,0,0,0,rev-4
IC,3,9,2137,14400,1,0,0,0,0,0,rev-5
IC,3,9,2137,14400,1,0,0,0,0,0,rev-3
IC,3,9,2137,14400,1,1,0,1,0.743,0.97,rev-2
IC,3,9,2137,14400,1,1,1,0,0,0,rev-6
IC,3,9,2137,14400,1,0,1,0,0,0,rev-4
IC,3,9,2137,14400,1,0,0,0,0,0,rev-5
IC,3,9,2137,14400,1,0,0,0,0,0,rev-3
IC,3,9,2137,14400,1,0,0,0,0,0,rev-3
IC,3,9,2137,14400,1,0,0,0,0,0,rev-5
IC,3,10,2137,14400,1,0,0,0,0,0,rev-4
IC,3,10,2137,14400,1,1,0,1,0.648,0.638,rev-2
IC,3,10,2137,14400,1,0,0,0,0,0,rev-2
IC,3,10,2137,14400,1,0,0,0,0,0,rev-6
IC,3,10,2137,14400,1,0,0,0,0,0,rev-5
IC,3,10,2137,14400,1,1,0,1,0.465,0.7,rev-2
IC,3,10,2137,14400,1,0,0,0,0,0,rev-3
IC,3,10,2137,14400,1,0,0,0,0,0,rev-1
IC,3,10,2137,14400,1,0,0,0,0,0,rev-6
IC,3,10,2137,14400,1,0,0,0,0,0,rev-2
IC,3,11,2137,14400,1,0,0,0,0,0,rev-6
IC,3,11,2137,14400,1,0,0,0,0,0,rev-3
IC,3,11,2137,14400,1,0,0,0,0,0,rev-3
IC,3,11,2137,14400,1,1,0,1,0.789,0.624,rev-5
IC,3,11,2137,14400,1,1,0,1,0.557,0.542,rev-2
IC,3,11,2137,14400,1,0,1,0,0,0,rev-5
IC,3,11,2137,14400,1,0,0,0,0,0,rev-5
IC,3,11,2137,14400,1,1,0,1,0.581,0.982,rev-3
IC,3,11,2137,14400,1,1,0,1,0.719,0.604,rev-4
IC,3,11,2137,14400,1,1,0,1,0.461,0.582,rev-5
IC,3,12,2137,14400,1,1,0,1,0.535,0.644,rev-2
IC,3,12,2137,14400,1,0,0,0,0,0,rev-4
IC,3,12,2137,14400,1,0,0,0,0,0,rev-5
IC,3,12,2137,14400,1,1,0,1,0.813,0.812,rev-2
IC,3,12,2137,14400,1,1,0,1,0.577,0.707,rev-3
IC,3,12,2137,14400,1,0,0,0,0,0,rev-6
IC,3,12,2137,14400,1,0,0,0,0,0,rev-5
IC,3,12,2137,14400,1,0,0,0,0,0,rev-3
IC,3,12,2137,14400,1,0,0,0,0,0,rev-2
IC,3,12,2137,14400,1,1,0,1,0.508,0.876,rev-4
IC,3,13,2137,14400,1,0,0,0,0,0,rev-6
IC,3,13,2137,14400,1,1,0,1,0.789,0.814,rev-3
IC,3,13,2137,14400,1,0,0,0,0,0,rev-1
IC,3,13,2137,14400,1,1,0,1,0.762,0.514,rev-3
IC,3,13,2137,14400,1,0,0,0,0,0,rev-2
IC,3,13,2137,14400,1,1,0,1,0.791,0.585,rev-4
IC,3,13,2137,14400,1,1,0,1,0.836,0.745,rev-4
IC,3,13,2137,14400,1,1,0,1,0.817,0.93,rev-1
IC,3,13,2137,14400,1,1,0,1,0.705,0.864,rev-1
IC,3,13,2137,14400,1,1,1,0,0,0,rev-3
IC,3,14,2137,14400,1,1,0,1,0.773,0.781,rev-4
IC,3,14,2137,14400,1,0,0,0,0,0,rev-2
IC,3,14,2137,14400,1,1,0,1,0.83,0.864,rev-5
IC,3,14,2137,14400,1,0,0,0,0,0,rev-4
IC,3,14,2137,14400,1,0,0,0,0,0,rev-4
IC,3,14,2137,14400,1,1,0,1,0.877,0.767,rev-1
IC,3,14,2137,14400,1,0,0,0,0,0,rev-6
IC,3,14,2137,14400,1,0,0,0,0,0,rev-1
IC,3,14,2137,14400,1,0,0,0,0,0,rev-4
IC,3,14,2137,14400,1,1,0,1,0.427,0.768,rev-5
IC,3,15,2137,14400,1,0,0,0,0,0,rev-1
IC,3,15,2137,14400,1,0,0,0,0,0,rev-2
IC,3,15,2137,14400,1,0,0,0,0,0,rev-5
IC,3,15,2137,14400,1,1,0,1,0.516,0.786,rev-5
IC,3,15,2137,14400,1,0,0,0,0,0,rev-3
IC,3,15,2137,14400,1,0,0,0,0,0,rev-2
IC,3,15,2137,14400,1,0,0,0,0,0,rev-3
IC,3,15,2137,14400,1,0,0,0,0,0,rev-4
IC,3,15,2137,14400,1,1,0,1,0.969,0.633,rev-3
IC,3,15,2137,14400,1,0,0,0,0,0,rev-6
IC,3,16,2137,14400,1,0,0,0,0,0,rev-3
IC,3,16,2137,14400,1,0,1,0,0,0,rev-2
IC,3,16,2137,14400,1,0,0,0,0,0,rev-5
IC,3,16,2137,14400,1,0,1,0,0,0,rev-6
IC,3,16,2137,14400,1,0,0,0,0,0,rev-2
IC,3,16,2137,14400,1,0,0,0,0,0,rev-4
IC,3,16,2137,14400,1,0,1,0,0,0,rev-6
IC,3,16,2137,14400,1,0,0,0,0,0,rev-4
IC,3,16,2137,14400,1,0,0,0,0,0,rev-3
IC,3,16,2137,14400,1,0,0,0,0,0,rev-4
IC,3,17,2137,14400,1,0,0,0,0,0,rev-2
IC,3,17,2137,14400,1,0,0,0,0,0,rev-3
IC,3,17,2137,14400,1,0,0,0,0,0,rev-2
IC,3,17,2137,14400,1,0,1,0,0,0,rev-6
IC,3,17,2137,14400,1,1,0,1,0.988,0.889,rev-4
IC,3,17,2137,14400,1,0,0,0,0,0,rev-5
IC,3,17,2137,14400,1,0,0,0,0,0,rev-4
IC,3,17,2137,14400,1,1,0,1,0.828,0.889,rev-1
IC,3,17,2137,14400,1,0,1,0,0,0,rev-2
IC,3,17,2137,14400,1,1,0,1,0.697,0.847,rev-5
IC,3,18,2137,14400,1,1,0,1,0.943,0.689,rev-3
IC,3,18,2137,14400,1,0,1,0,0,0,rev-3
IC,3,18,2137,14400,1,0,0,0,0,0,rev-5
IC,3,18,2137,14400,1,0,0,0,0,0,rev-3
IC,3,18,2137,14400,1,1,0,1,0.603,0.824,rev-4
IC,3,18,2137,14400,1,0,0,0,0,0,rev-2
IC,3,18,2137,14400,1,0,0,0,0,0,rev-5
IC,3,18,2137,14400,1,0,0,0,0,0,rev-3
IC,3,18,2137,14400,1,0,0,0,0,0,rev-2
IC,3,18,2137,14400,1,1,0,1,0.99,0.893,rev-2
IC,3,19,2137,14400,1,0,0,0,0,0,rev-6
IC,3,19,2137,14400,1,0,0,0,0,0,rev-1
IC,3,19,2137,14400,1,0,0,0,0,0,rev-6
IC,3,19,2137,14400,1,0,0,0,0,0,rev-4
IC,3,19,2137,14400,1,0,0,0,0,0,rev-3
IC,3,19,2137,14400,1,0,0,0,0,0,rev-2
IC,3,19,2137,14400,1,0,0,0,0,0,rev-2
IC,3,19,2137,14400,1,1,0,1,0.516,0.919,rev-6
IC,3,19,2137,14400,1,1,0,1,0.969,0.896,rev-3
IC,3,19,2137,14400,1,0,0,0,0,0,rev-6
IC,3,20,2137,14400,1,0,0,0,0,0,rev-5
IC,3,20,2137,14400,1,0,0,0,0,0,rev-3
IC,3,20,2137,14400,1,0,0,0,0,0,rev-1
IC,3,20,2137,14400,1,0,0,0,0,0,rev-3
IC,3,20,2137,14400,1,0,0,0,0,0,rev-4
IC,3,20,2137,14400,1,0,0,0,0,0,rev-4
IC,3,20,2137,14400,1,0,1,0,0,0,rev-2
IC,3,20,2137,14400,1,1,0,1,0.571,0.669,rev-5
IC,3,20,2137,14400,1,0,0,0,0,0,rev-2
IC,3,20,2137,14400,1,1,1,0,0,0,rev-4
IC,3,21,2137,14400,1,0,1,0,0,0,rev-3
IC,3,21,2137,14400,1,1,0,1,0.51,0.507,rev-1
IC,3,21,2137,14400,1,1,0,1,0.558,0.611,rev-3
IC,3,21,2137,14400,1,1,0,1,0.783,0.846,rev-4
IC,3,21,2137,14400,1,1,1,0,0,0,rev-3
IC,3,21,2137,14400,1,0,0,0,0,0,rev-1
IC,3,21,2137,14400,1,0,0,0,0,0,rev-1
IC,3,21,2137,14400,1,0,0,0,0,0,rev-4
IC,3,21,2137,14400,1,1,0,1,0.497,0.556,rev-1
IC,3,21,2137,14400,1,0,1,0,0,0,rev-1
IC,3,22,2137,14400,1,1,1,0,0,0,rev-4
IC,3,22,2137,14400,1,1,1,0,0,0,rev-6
IC,3,22,2137,14400,1,0,1,0,0,0,rev-3
IC,3,22,2137,14400,1,0,0,0,0,0,rev-1
IC,3,22,2137,14400,1,0,0,0,0,0,rev-6
IC,3,22,2137,14400,1,1,0,1,0.887,0.865,rev-2
IC,3,22,2137,14400,1,1,0,1,0.502,0.886,rev-4
IC,3,22,2137,14400,1,1,0,1,0.443,0.77,rev-3
IC,3,22,2137,14400,1,0,1,0,0,0,rev-1
IC,3,22,2137,14400,1,0,0,0,0,0,rev-2
IC,3,23,2137,14400,1,0,0,0,0,0,rev-3
IC,3,23,2137,14400,1,0,0,0,0,0,rev-1
IC,3,23,2137,14400,1,1,0,1,0.525,0.68,rev-2
IC,3,23,2137,14400,1,0,0,0,0,0,rev-6
IC,3,23,2137,14400,1,1,0,1,0.847,0.579,rev-5
IC,3,23,2137,14400,1,0,0,0,0,0,rev-4
IC,3,23,2137,14400,1,1,0,1,0.518,0.69,rev-3
IC,3,23,2137,14400,1,0,1,0,0,0,rev-6
IC,3,23,2137,14400,1,0,1,0,0,0,rev-3
IC,3,23,2137,14400,1,0,0,0,0,0,rev-1
IC,4,0,2137,14400,1,0,0,0,0,0,rev-6
IC,4,0,2137,14400,1,0,0,0,0,0,rev-3
IC,4,0,2137,14400,1,1,0,1,0.535,0.596,rev-4
IC,4,0,2137,14400,1,0,0,0,0,0,rev-6
IC,4,0,2137,14400,1,1,0,1,0.412,0.549,rev-2
IC,4,0,2137,14400,1,0,0,0,0,0,rev-3
IC,4,0,2137,14400,1,0,0,0,0,0,rev-4
IC,4,0,2137,14400,1,1,0,1,0.82,0.741,rev-3
IC,4,0,2137,14400,1,0,0,0,0,0,rev-5
IC,4,0,2137,14400,1,1,1,0,0,0,rev-1
IC,4,1,2137,14400,1,0,0,0,0,0,rev-6
IC,4,1,2137,14400,1,1,1,0,0,0,rev-5
IC,4,1,2137,14400,1,0,0,0,0,0,rev-4
IC,4,1,2137,14400,1,0,0,0,0,0,rev-1
IC,4,1,2137,14400,1,0,0,0,0,0,rev-6
IC,4,1,2137,14400,1,0,0,0,0,0,rev-3
IC,4,1,2137,14400,1,0,1,0,0,0,rev-6
IC,4,1,2137,14400,1,0,0,0,0,0,rev-1
IC,4,1,2137,14400,1,1,0,1,0.501,0.768,rev-3
IC,4,1,2137,14400,1,0,0,0,0,0,rev-6
IC,4,2,2137,14400,1,0,0,0,0,0,rev-3
IC,4,2,2137,14400,1,0,0,0,0,0,rev-1
IC,4,2,2137,14400,1,0,0,0,0,0,rev-2
IC,4,2,2137,14400,1,0,0,0,0,0,rev-5
IC,4,2,2137,14400,1,0,0,0,0,0,rev-3
IC,4,2,2137,14400,1,0,0,0,0,0,rev-4
IC,4,2,2137,14400,1,1,0,1,0.833,0.839,rev-3
IC,4,2,2137,14400,1,0,0,0,0,0,rev-4
IC,4,2,2137,14400,1,0,0,0,0,0,rev-6
IC,4,2,2137,14400,1,0,0,0,0,0,rev-5
IC,4,3,2137,14400,1,0,1,0,0,0,rev-3
IC,4,3,2137,14400,1,0,1,0,0,0,rev-6
IC,4,3,2137,14400,1,0,0,0,0,0,rev-2
IC,4,3,2137,14400,1,1,0,1,0.715,0.669,rev-1
IC,4,3,2137,14400,1,0,1,0,0,0,rev-4
IC,4,3,2137,14400,1,0,0,0,0,0,rev-2
IC,4,3,2137,14400,1,0,0,0,0,0,rev-1
IC,4,3,2137,14400,1,0,0,0,0,0,rev-3
IC,4,3,2137,14400,1,0,0,0,0,0,rev-2
IC,4,3,2137,14400,1,0,0,0,0,0,rev-4
IC,4,4,2137,14400,1,0,0,0,0,0,rev-1
IC,4,4,2137,14400,1,0,1,0,0,0,rev-2
IC,4,4,2137,14400,1,0,0,0,0,0,rev-1
IC,4,4,2137,14400,1,1,0,1,0.6,0.878,rev-5
IC,4,4,2137,14400,1,0,1,0,0,0,rev-6
IC,4,4,2137,14400,1,1,0,1,0.64,0.672,rev-5
IC,4,4,2137,14400,1,0,0,0,0,0,rev-3
IC,4,4,2137,14400,1,0,0,0,0,0,rev-3
IC,4,4,2137,14400,1,1,1,0,0,0,rev-2
IC,4,4,2137,14400,1,1,0,1,0.987,0.641,rev-1
IC,4,5,2137,14400,1,0,0,0,0,0,rev-5
IC,4,5,2137,14400,1,0,0,0,0,0,rev-5
IC,4,5,2137,14400,1,1,0,1,0.767,0.647,rev-1
IC,4,5,2137,14400,1,0,0,0,0,0,rev-6
IC,4,5,2137,14400,1,0,0,0,0,0,rev-1
IC,4,5,2137,14400,1,0,1,0,0,0,rev-5
IC,4,5,2137,14400,1,1,0,1,0.569,0.873,rev-5
IC,4,5,2137,14400,1,0,0,0,0,0,rev-1
IC,4,5,2137,14400,1,0,0,0,0,0,rev-5
IC,4,5,2137,14400,1,0,0,0,0,0,rev-6
IC,4,6,2137,14400,1,0,0,0,0,0,rev-2
IC,4,6,2137,14400,1,1,0,1,0.924,0.597,rev-6
IC,4,6,2137,14400,1,1,1,0,0,0,rev-1
IC,4,6,2137,14400,1,0,0,0,0,0,rev-3
IC,4,6,2137,14400,1,1,0,1,0.869,0.762,rev-3
IC,4,6,2137,14400,1,0,0,0,0,0,rev-5
IC,4,6,2137,14400,1,0,0,0,0,0,rev-2
IC,4,6,2137,14400,1,0,1,0,0,0,rev-3
IC,4,6,2137,14400,1,0,0,0,0,0,rev-2
IC,4,6,2137,14400,1,1,1,0,0,0,rev-5
IC,4,7,2137,14400,1,0,0,0,0,0,rev-5
IC,4,7,2137,14400,1,0,0,0,0,0,rev-3
IC,4,7,2137,14400,1,0,0,0,0,0,rev-3
IC,4,7,2137,14400,1,1,1,0,0,0,rev-2
IC,4,7,2137,14400,1,0,0,0,0,0,rev-3
IC,4,7,2137,14400,1,0,0,0,0,0,rev-2
IC,4,7,2137,14400,1,0,0,0,0,0,rev-3
IC,4,7,2137,14400,1,0,1,0,0,0,rev-4
IC,4,7,2137,14400,1,0,1,0,0,0,rev-5
IC,4,7,2137,14400,1,1,0,1,0.806,0.57,rev-2
IC,4,8,2137,14400,1,0,0,0,0,0,rev-2
IC,4,8,2137,14400,1,1,0,1,0.872,0.881,rev-4
IC,4,8,2137,14400,1,1,0,1,0.781,0.946,rev-3
IC,4,8,2137,14400,1,0,0,0,0,0,rev-3
IC,4,8,2137,14400,1,0,0,0,0,0,rev-6
IC,4,8,2137,14400,1,1,0,1,0.797,0.503,rev-4
IC,4,8,2137,14400,1,0,0,0,0,0,rev-5
IC,4,8,2137,14400,1,0,0,0,0,0,rev-4
IC,4,8,2137,14400,1,1,0,1,0.609,0.952,rev-3
IC,4,8,2137,14400,1,0,1,0,0,0,rev-1
IC,4,9,2137,14400,1,0,0,0,0,0,rev-1
IC,4,9,2137,14400,1,0,0,0,0,0,rev-1
IC,4,9,2137,14400,1,0,0,0,0,0,rev-5
IC,4,9,2137,14400,1,0,0,0,0,0,rev-2
IC,4,9,2137,14400,1,0,1,0,0,0,rev-4
IC,4,9,2137,14400,1,1,0,1,0.506,0.78,rev-6
IC,4,9,2137,14400,1,0,0,0,0,0,rev-6
IC,4,9,2137,14400,1,0,0,0,0,0,rev-1
IC,4,9,2137,14400,1,1,0,1,0.562,0.937,rev-4
IC,4,9,2137,14400,1,1,0,1,0.527,0.913,rev-6
IC,4,10,2137,14400,1,1,0,1,0.815,0.767,rev-3
IC,4,10,2137,14400,1,0,1,0,0,0,rev-2
IC,4,10,2137,14400,1,1,0,1,0.846,0.649,rev-6
IC,4,10,2137,14400,1,0,1,0,0,0,rev-5
IC,4,10,2137,14400,1,0,0,0,0,0,rev-4
IC,4,10,2137,14400,1,0,0,0,0,0,rev-3
IC,4,10,2137,14400,1,0,1,0,0,0,rev-2
IC,4,10,2137,14400,1,1,0,1,0.646,0.819,rev-4
IC,4,10,2137,14400,1,0,0,0,0,0,rev-2
IC,4,10,2137,14400,1,0,0,0,0,0,rev-5
IC,4,11,2137,14400,1,0,0,0,0,0,rev-3
IC,4,11,2137,14400,1,1,1,0,0,0,rev-1
IC,4,11,2137,14400,1,1,0,1,0.463,0.676,rev-5
IC,4,11,2137,14400,1,0,0,0,0,0,rev-4
IC,4,11,2137,14400,1,1,0,1,0.403,0.885,rev-3
IC,4,11,2137,14400,1,0,1,0,0,0,rev-6
IC,4,11,2137,14400,1,0,1,0,0,0,rev-4
IC,4,11,2137,14400,1,1,0,1,0.979,0.541,rev-6
IC,4,11,2137,14400,1,1,0,1,0.508,0.939,rev-4
IC,4,11,2137,14400,1,1,0,1,0.559,0.932,rev-2
IC,4,12,2137,14400,1,0,0,0,0,0,rev-1
IC,4,12,2137,14400,1,1,0,1,0.83,0.577,rev-4
IC,4,12,2137,14400,1,1,0,1,0.525,0.681,rev-5
IC,4,12,2137,14400,1,0,0,0,0,0,rev-4
IC,4,12,2137,14400,1,0,1,0,0,0,rev-2
IC,4,12,2137,14400,1,0,0,0,0,0,rev-3
IC,4,12,2137,14400,1,1,0,1,0.615,0.653,rev-3
IC,4,12,2137,14400,1,0,0,0,0,0,rev-5
IC,4,12,2137,14400,1,1,0,1,0.677,0.507,rev-1
IC,4,12,2137,14400,1,0,1,0,0,0,rev-3
IC,4,13,2137,14400,1,1,0,1,0.579,0.836,rev-6
IC,4,13,2137,14400,1,0,0,0,0,0,rev-3
IC,4,13,2137,14400,1,0,0,0,0,0,rev-5
IC,4,13,2137,14400,1,0,1,0,0,0,rev-5
IC,4,13,2137,14400,1,1,1,0,0,0,rev-5
IC,4,13,2137,14400,1,0,0,0,0,0,rev-4
IC,4,13,2137,14400,1,1,0,1,0.795,0.57,rev-5
IC,4,13,2137,14400,1,0,0,0,0,0,rev-2
IC,4,13,2137,14400,1,0,0,0,0,0,rev-6
IC,4,13,2137,14400,1,0,0,0,0,0,rev-1
IC,4,14,2137,14400,1,0,0,0,0,0,rev-3
IC,4,14,2137,14400,1,0,0,0,0,0,rev-3
IC,4,14,2137,14400,1,1,0,1,0.66,0.899,rev-1
IC,4,14,2137,14400,1,0,0,0,0,0,rev-6
IC,4,14,2137,14400,1,0,0,0,0,0,rev-1
IC,4,14,2137,14400,1,0,0,0,0,0,rev-3
IC,4,14,2137,14400,1,0,0,0,0,0,rev-5
IC,4,14,2137,14400,1,0,0,0,0,0,rev-1
IC,4,14,2137,14400,1,1,0,1,0.544,0.917,rev-5
IC,4,14,2137,14400,1,0,0,0,0,0,rev-1
IC,4,15,2137,14400,1,0,0,0,0,0,rev-1
IC,4,15,2137,14400,1,0,0,0,0,0,rev-3
IC,4,15,2137,14400,1,0,1,0,0,0,rev-5
IC,4,15,2137,14400,1,0,0,0,0,0,rev-5
IC,4,15,2137,14400,1,1,0,1,0.797,0.82,rev-5
IC,4,15,2137,14400,1,0,0,0,0,0,rev-6
IC,4,15,2137,14400,1,1,1,0,0,0,rev-5
IC,4,15,2137,14400,1,1,0,1,0.666,0.829,rev-5
IC,4,15,2137,14400,1,0,0,0,0,0,rev-6
IC,4,15,2137,14400,1,0,0,0,0,0,rev-2
IC,4,16,2137,14400,1,1,0,1,0.918,0.554,rev-2
IC,4,16,2137,14400,1,0,0,0,0,0,rev-3
IC,4,16,2137,14400,1,0,0,0,0,0,rev-4
IC,4,16,2137,14400,1,1,0,1,0.927,0.765,rev-5
IC,4,16,2137,14400,1,0,0,0,0,0,rev-3
IC,4,16,2137,14400,1,0,0,0,0,0,rev-3
IC,4,16,2137,14400,1,1,0,1,0.445,0.953,rev-5
IC,4,16,2137,14400,1,1,0,1,0.623,0.707,rev-2
IC,4,16,2137,14400,1,0,0,0,0,0,rev-1
IC,4,16,2137,14400,1,1,0,1,0.606,0.933,rev-4
IC,4,17,2137,14400,1,0,0,0,0,0,rev-5
IC,4,17,2137,14400,1,0,0,0,0,0,rev-6
IC,4,17,2137,14400,1,0,0,0,0,0,rev-5
IC,4,17,2137,14400,1,0,0,0,0,0,rev-1
IC,4,17,2137,14400,1,0,0,0,0,0,rev-4
IC,4,17,2137,14400,1,0,0,0,0,0,rev-1
IC,4,17,2137,14400,1,1,0,1,0.975,0.949,rev-3
IC,4,17,2137,14400,1,1,0,1,0.68,0.604,rev-6
IC,4,17,2137,14400,1,1,1,0,0,0,rev-4
IC,4,17,2137,14400,1,0,0,0,0,0,rev-2
IC,4,18,2137,14400,1,0,0,0,0,0,rev-2
IC,4,18,2137,14400,1,0,1,0,0,0,rev-5
IC,4,18,2137,14400,1,1,0,1,0.858,0.576,rev-3
IC,4,18,2137,14400,1,1,0,1,0.44,0.682,rev-5
IC,4,18,2137,14400,1,0,0,0,0,0,rev-2
IC,4,18,2137,14400,1,0,0,0,0,0,rev-1
IC,4,18,2137,14400,1,0,0,0,0,0,rev-3
IC,4,18,2137,14400,1,1,0,1,0.626,0.677,rev-6
IC,4,18,2137,14400,1,1,0,1,0.808,0.549,rev-6
IC,4,18,2137,14400,1,0,0,0,0,0,rev-1
IC,4,19,2137,14400,1,0,0,0,0,0,rev-3
IC,4,19,2137,14400,1,0,1,0,0,0,rev-1
IC,4,19,2137,14400,1,0,1,0,0,0,rev-4
IC,4,19,2137,14400,1,0,0,0,0,0,rev-3
IC,4,19,2137,14400,1,0,0,0,0,0,rev-2
IC,4,19,2137,14400,1,0,1,0,0,0,rev-6
IC,4,19,2137,14400,1,0,0,0,0,0,rev-6
IC,4,19,2137,14400,1,0,0,0,0,0,rev-5
IC,4,19,2137,14400,1,0,0,0,0,0,rev-6
IC,4,19,2137,14400,1,0,0,0,0,0,rev-3
IC,4,20,2137,14400,1,1,0,1,0.54,0.551,rev-2
IC,4,20,2137,14400,1,1,0,1,0.579,0.772,rev-4
IC,4,20,2137,14400,1,0,0,0,0,0,rev-5
IC,4,20,2137,14400,1,0,0,0,0,0,rev-2
IC,4,20,2137,14400,1,0,0,0,0,0,rev-5
IC,4,20,2137,14400,1,0,0,0,0,0,rev-6
IC,4,20,2137,14400,1,0,0,0,0,0,rev-5
IC,4,20,2137,14400,1,0,0,0,0,0,rev-5
IC,4,20,2137,14400,1,1,0,1,0.753,0.933,rev-3
IC,4,20,2137,14400,1,0,0,0,0,0,rev-3
IC,4,21,2137,14400,1,0,0,0,0,0,rev-4
IC,4,21,2137,14400,1,0,0,0,0,0,rev-5
IC,4,21,2137,14400,1,0,1,0,0,0,rev-2
IC,4,21,2137,14400,1,0,0,0,0,0,rev-2
IC,4,21,2137,14400,1,0,0,0,0,0,rev-5
IC,4,21,2137,14400,1,0,0,0,0,0,rev-4
IC,4,21,2137,14400,1,0,0,0,0,0,rev-6
IC,4,21,2137,14400,1,0,0,0,0,0,rev-6
IC,4,21,2137,14400,1,1,0,1,0.805,0.907,rev-1
IC,4,21,2137,14400,1,0,0,0,0,0,rev-4
IC,4,22,2137,14400,1,0,0,0,0,0,rev-1
IC,4,22,2137,14400,1,0,0,0,0,0,rev-6
IC,4,22,2137,14400,1,1,1,0,0,0,rev-1
IC,4,22,2137,14400,1,0,0,0,0,0,rev-2
IC,4,22,2137,14400,1,0,0,0,0,0,rev-2
IC,4,22,2137,14400,1,1,0,1,0.866,0.751,rev-1
IC,4,22,2137,14400,1,0,0,0,0,0,rev-6
IC,4,22,2137,14400,1,0,0,0,0,0,rev-1
IC,4,22,2137,14400,1,0,0,0,0,0,rev-3
IC,4,22,2137,14400,1,0,0,0,0,0,rev-5
IC,4,23,2137,14400,1,1,0,1,0.549,0.927,rev-6
IC,4,23,2137,14400,1,1,0,1,0.449,0.664,rev-5
IC,4,23,2137,14400,1,1,0,1,0.517,0.866,rev-3
IC,4,23,2137,14400,1,0,0,0,0,0,rev-5
IC,4,23,2137,14400,1,0,0,0,0,0,rev-6
IC,4,23,2137,14400,1,0,0,0,0,0,rev-4
IC,4,23,2137,14400,1,1,0,1,0.733,0.543,rev-5
IC,4,23,2137,14400,1,1,0,1,0.686,0.571,rev-1
IC,4,23,2137,14400,1,0,0,0,0,0,rev-4
IC,4,23,2137,14400,1,0,0,0,0,0,rev-3
IC,5,0,2137,14400,1,1,0,1,0.89,0.532,rev-6
IC,5,0,2137,14400,1,0,1,0,0,0,rev-3
IC,5,0,2137,14400,1,1,0,1,0.914,0.717,rev-6
IC,5,0,2137,14400,1,0,0,0,0,0,rev-3
IC,5,0,2137,14400,1,0,0,0,0,0,rev-3
IC,5,0,2137,14400,1,0,0,0,0,0,rev-5
IC,5,0,2137,14400,1,0,1,0,0,0,rev-2
IC,5,0,2137,14400,1,0,0,0,0,0,rev-1
IC,5,0,2137,14400,1,0,0,0,0,0,rev-3
IC,5,0,2137,14400,1,0,0,0,0,0,rev-3
IC,5,1,2137,14400,1,1,0,1,0.635,0.89,rev-5
IC,5,1,2137,14400,1,1,0,1,0.548,0.777,rev-5
IC,5,1,2137,14400,1,1,0,1,0.728,0.653,rev-2
IC,5,1,2137,14400,1,0,0,0,0,0,rev-4
IC,5,1,2137,14400,1,1,1,0,0,0,rev-6
IC,5,1,2137,14400,1,0,0,0,0,0,rev-1
IC,5,1,2137,14400,1,0,0,0,0,0,rev-4
IC,5,1,2137,14400,1,0,0,0,0,0,rev-6
IC,5,1,2137,14400,1,0,0,0,0,0,rev-4
IC,5,1,2137,14400,1,0,1,0,0,0,rev-5
IC,5,2,2137,14400,1,0,0,0,0,0,rev-6
IC,5,2,2137,14400,1,0,0,0,0,0,rev-3
IC,5,2,2137,14400,1,0,0,0,0,0,rev-4
IC,5,2,2137,14400,1,0,0,0,0,0,rev-5
IC,5,2,2137,14400,1,0,0,0,0,0,rev-5
IC,5,2,2137,14400,1,0,0,0,0,0,rev-4
IC,5,2,2137,14400,1,0,0,0,0,0,rev-3
IC,5,2,2137,14400,1,0,1,0,0,0,rev-3
IC,5,2,2137,14400,1,0,0,0,0,0,rev-1
IC,5,2,2137,14400,1,0,1,0,0,0,rev-2
IC,5,3,2137,14400,1,1,0,1,0.432,0.729,rev-2
IC,5,3,2137,14400,1,0,0,0,0,0,rev-1
IC,5,3,2137,14400,1,0,0,0,0,0,rev-3
IC,5,3,2137,14400,1,1,0,1,0.823,0.68,rev-3
IC,5,3,2137,14400,1,0,1,0,0,0,rev-1
IC,5,3,2137,14400,1,0,0,0,0,0,rev-6
IC,5,3,2137,14400,1,0,0,0,0,0,rev-2
IC,5,3,2137,14400,1,0,0,0,0,0,rev-5
IC,5,3,2137,14400,1,1,0,1,0.947,0.952,rev-5
IC,5,3,2137,14400,1,0,0,0,0,0,rev-4
IC,5,4,2137,14400,1,1,0,1,0.847,0.793,rev-2
IC,5,4,2137,14400,1,0,0,0,0,0,rev-1
IC,5,4,2137,14400,1,0,0,0,0,0,rev-6
IC,5,4,2137,14400,1,0,0,0,0,0,rev-3
IC,5,4,2137,14400,1,1,0,1,0.532,0.84,rev-4
IC,5,4,2137,14400,1,0,1,0,0,0,rev-4
IC,5,4,2137,14400,1,0,0,0,0,0,rev-4
IC,5,4,2137,14400,1,1,0,1,0.612,0.801,rev-2
IC,5,4,2137,14400,1,0,1,0,0,0,rev-5
IC,5,4,2137,14400,1,0,0,0,0,0,rev-5
IC,5,5,2137,14400,1,1,0,1,0.85,0.516,rev-1
IC,5,5,2137,14400,1,0,0,0,0,0,rev-5
IC,5,5,2137,14400,1,0,0,0,0,0,rev-1
IC,5,5,2137,14400,1,0,0,0,0,0,rev-3
IC,5,5,2137,14400,1,1,0,1,0.517,0.977,rev-4
IC,5,5,2137,14400,1,0,0,0,0,0,rev-1
IC,5,5,2137,14400,1,0,0,0,0,0,rev-5
IC,5,5,2137,14400,1,0,0,0,0,0,rev-4
IC,5,5,2137,14400,1,0,0,0,0,0,rev-2
IC,5,5,2137,14400,1,1,0,1,0.42,0.674,rev-2
IC,5,6,2137,14400,1,0,1,0,0,0,rev-3
IC,5,6,2137,14400,1,1,0,1,0.583,0.538,rev-5
IC,5,6,2137,14400,1,0,0,0,0,0,rev-1
IC,5,6,2137,14400,1,1,0,1,0.939,0.874,rev-5
IC,5,6,2137,14400,1,0,0,0,0,0,rev-1
IC,5,6,2137,14400,1,0,0,0,0,0,rev-4
IC,5,6,2137,14400,1,0,0,0,0,0,rev-3
IC,5,6,2137,14400,1,0,0,0,0,0,rev-3
IC,5,6,2137,14400,1,1,0,1,0.905,0.679,rev-2
IC,5,6,2137,14400,1,0,0,0,0,0,rev-2
IC,5,7,2137,14400,1,0,0,0,0,0,rev-4
IC,5,7,2137,14400,1,0,0,0,0,0,rev-3
IC,5,7,2137,14400,1,0,0,0,0,0,rev-5
IC,5,7,2137,14400,1,0,1,0,0,0,rev-6
IC,5,7,2137,14400,1,0,0,0,0,0,rev-4
IC,5,7,2137,14400,1,0,0,0,0,0,rev-5
IC,5,7,2137,14400,1,1,0,1,0.928,0.737,rev-6
IC,5,7,2137,14400,1,0,0,0,0,0,rev-2
IC,5,7,2137,14400,1,0,0,0,0,0,rev-5
IC,5,7,2137,14400,1,0,0,0,0,0,rev-3
IC,5,8,2137,14400,1,0,0,0,0,0,rev-5
IC,5,8,2137,14400,1,0,0,0,0,0,rev-4
IC,5,8,2137,14400,1,0,0,0,0,0,rev-3
IC,5,8,2137,14400,1,0,0,0,0,0,rev-3
IC,5,8,2137,14400,1,1,0,1,0.537,0.683,rev-5
IC,5,8,2137,14400,1,1,1,0,0,0,rev-2
IC,5,8,2137,14400,1,1,0,1,0.781,0.789,rev-5
IC,5,8,2137,14400,1,0,1,0,0,0,rev-1
IC,5,8,2137,14400,1,0,1,0,0,0,rev-3
IC,5,8,2137,14400,1,0,0,0,0,0,rev-4
IC,5,9,2137,14400,1,0,0,0,0,0,rev-6
IC,5,9,2137,14400,1,0,0,0,0,0,rev-2
IC,5,9,2137,14400,1,0,0,0,0,0,rev-6
IC,5,9,2137,14400,1,0,0,0,0,0,rev-5
IC,5,9,2137,14400,1,1,1,0,0,0,rev-6
IC,5,9,2137,14400,1,0,0,0,0,0,rev-4
IC,5,9,2137,14400,1,0,0,0,0,0,rev-1
IC,5,9,2137,14400,1,0,1,0,0,0,rev-4
IC,5,9,2137,14400,1,1,0,1,0.591,0.628,rev-6
IC,5,9,2137,14400,1,0,0,0,0,0,rev-2
IC,5,10,2137,14400,1,0,0,0,0,0,rev-4
IC,5,10,2137,14400,1,0,0,0,0,0,rev-5
IC,5,10,2137,14400,1,0,0,0,0,0,rev-4
IC,5,10,2137,14400,1,1,0,1,0.443,0.811,rev-3
IC,5,10,2137,14400,1,1,0,1,0.701,0.568,rev-5
IC,5,10,2137,14400,1,0,0,0,0,0,rev-2
IC,5,10,2137,14400,1,1,0,1,0.88,0.683,rev-6
IC,5,10,2137,14400,1,0,0,0,0,0,rev-2
IC,5,10,2137,14400,1,0,0,0,0,0,rev-4
IC,5,10,2137,14400,1,1,0,1,0.459,0.722,rev-6
IC,5,11,2137,14400,1,0,0,0,0,0,rev-3
IC,5,11,2137,14400,1,0,0,0,0,0,rev-1
IC,5,11,2137,14400,1,1,1,0,0,0,rev-4
IC,5,11,2137,14400,1,0,0,0,0,0,rev-5
IC,5,11,2137,14400,1,0,0,0,0,0,rev-4
IC,5,11,2137,14400,1,1,0,1,0.621,0.917,rev-1
IC,5,11,2137,14400,1,1,0,1,0.843,0.789,rev-6
IC,5,11,2137,14400,1,1,0,1,0.842,0.84,rev-5
IC,5,11,2137,14400,1,0,1,0,0,0,rev-1
IC,5,11,2137,14400,1,0,0,0,0,0,rev-3
IC,5,12,2137,14400,1,0,0,0,0,0,rev-1
IC,5,12,2137,14400,1,0,0,0,0,0,rev-4
IC,5,12,2137,14400,1,0,0,0,0,0,rev-5
IC,5,12,2137,14400,1,0,1,0,0,0,rev-3
IC,5,12,2137,14400,1,0,1,0,0,0,rev-4
IC,5,12,2137,14400,1,1,0,1,0.734,0.605,rev-3
IC,5,12,2137,14400,1,0,0,0,0,0,rev-5
IC,5,12,2137,14400,1,0,0,0,0,0,rev-6
IC,5,12,2137,14400,1,0,1,0,0,0,rev-6
IC,5,12,2137,14400,1,0,0,0,0,0,rev-4
IC,5,13,2137,14400,1,0,0,0,0,0,rev-4
IC,5,13,2137,14400,1,0,0,0,0,0,rev-6
IC,5,13,2137,14400,1,1,0,1,0.519,0.6,rev-5
IC,5,13,2137,14400,1,0,0,0,0,0,rev-2
IC,5,13,2137,14400,1,0,0,0,0,0,rev-6
IC,5,13,2137,14400,1,1,0,1,0.9,0.584,rev-1
IC,5,13,2137,14400,1,1,0,1,0.442,0.91,rev-1
IC,5,13,2137,14400,1,1,0,1,0.83,0.762,rev-5
IC,5,13,2137,14400,1,1,0,1,0.462,0.847,rev-3
IC,5,13,2137,14400,1,1,0,1,0.662,0.601,rev-5
IC,5,14,2137,14400,1,0,0,0,0,0,rev-3
IC,5,14,2137,14400,1,0,0,0,0,0,rev-2
IC,5,14,2137,14400,1,1,0,1,0.696,0.715,rev-4
IC,5,14,2137,14400,1,0,1,0,0,0,rev-2
IC,5,14,2137,14400,1,1,0,1,0.918,0.99,rev-3
IC,5,14,2137,14400,1,1,0,1,0.566,0.926,rev-1
IC,5,14,2137,14400,1,1,0,1,0.862,0.961,rev-1
IC,5,14,2137,14400,1,1,0,1,0.606,0.991,rev-1
IC,5,14,2137,14400,1,1,0,1,0.514,0.943,rev-6
IC,5,14,2137,14400,1,0,0,0,0,0,rev-2
IC,5,15,2137,14400,1,0,1,0,0,0,rev-1
IC,5,15,2137,14400,1,0,0,0,0,0,rev-2
IC,5,15,2137,14400,1,1,1,0,0,0,rev-1
IC,5,15,2137,14400,1,0,0,0,0,0,rev-2
IC,5,15,2137,14400,1,1,0,1,0.491,0.821,rev-6
IC,5,15,2137,14400,1,0,0,0,0,0,rev-1
IC,5,15,2137,14400,1,0,1,0,0,0,rev-6
IC,5,15,2137,14400,1,0,0,0,0,0,rev-6
IC,5,15,2137,14400,1,0,0,0,0,0,rev-3
IC,5,15,2137,14400,1,1,0,1,0.72,0.557,rev-3
IC,5,16,2137,14400,1,0,0,0,0,0,rev-1
IC,5,16,2137,14400,1,0,0,0,0,0,rev-4
IC,5,16,2137,14400,1,0,0,0,0,0,rev-3
IC,5,16,2137,14400,1,0,1,0,0,0,rev-3
IC,5,16,2137,14400,1,0,0,0,0,0,rev-3
IC,5,16,2137,14400,1,0,0,0,0,0,rev-2
IC,5,16,2137,14400,1,0,0,0,0,0,rev-6
IC,5,16,2137,14400,1,0,1,0,0,0,rev-5
IC,5,16,2137,14400,1,0,0,0,0,0,rev-2
IC,5,16,2137,14400,1,1,0,1,0.661,0.915,rev-1
IC,5,17,2137,14400,1,0,1,0,0,0,rev-5
IC,5,17,2137,14400,1,0,0,0,0,0,rev-6
IC,5,17,2137,14400,1,0,0,0,0,0,rev-6
IC,5,17,2137,14400,1,1,0,1,0.693,0.705,rev-2
IC,5,17,2137,14400,1,0,1,0,0,0,rev-4
IC,5,17,2137,14400,1,0,0,0,0,0,rev-4
IC,5,17,2137,14400,1,0,0,0,0,0,rev-5
IC,5,17,2137,14400,1,0,0,0,0,0,rev-4
IC,5,17,2137,14400,1,0,0,0,0,0,rev-5
IC,5,17,2137,14400,1,0,0,0,0,0,rev-2
IC,5,18,2137,14400,1,0,0,0,0,0,rev-6
IC,5,18,2137,14400,1,1,0,1,0.437,0.771,rev-2
IC,5,18,2137,14400,1,1,0,1,0.692,0.642,rev-1
IC,5,18,2137,14400,1,0,0,0,0,0,rev-3
IC,5,18,2137,14400,1,0,0,0,0,0,rev-4
IC,5,18,2137,14400,1,0,0,0,0,0,rev-5
IC,5,18,2137,14400,1,1,0,1,0.809,0.972,rev-3
IC,5,18,2137,14400,1,1,0,1,0.835,0.878,rev-4
IC,5,18,2137,14400,1,0,0,0,0,0,rev-4
IC,5,18,2137,14400,1,0,0,0,0,0,rev-2
IC,5,19,2137,14400,1,0,0,0,0,0,rev-6
IC,5,19,2137,14400,1,1,0,1,0.873,0.693,rev-1
IC,5,19,2137,14400,1,0,0,0,0,0,rev-2
IC,5,19,2137,14400,1,1,0,1,0.67,0.775,rev-2
IC,5,19,2137,14400,1,0,1,0,0,0,rev-4
IC,5,19,2137,14400,1,1,0,1,0.495,0.874,rev-4
IC,5,19,2137,14400,1,1,0,1,0.827,0.606,rev-3
IC,5,19,2137,14400,1,0,0,0,0,0,rev-1
IC,5,19,2137,14400,1,1,0,1,0.522,0.613,rev-2
IC,5,19,2137,14400,1,1,0,1,0.603,0.973,rev-4
IC,5,20,2137,14400,1,1,0,1,0.44,0.518,rev-5
IC,5,20,2137,14400,1,0,1,0,0,0,rev-2
IC,5,20,2137,14400,1,0,0,0,0,0,rev-5
IC,5,20,2137,14400,1,0,0,0,0,0,rev-4
IC,5,20,2137,14400,1,0,0,0,0,0,rev-3
IC,5,20,2137,14400,1,0,0,0,0,0,rev-3
IC,5,20,2137,14400,1,0,1,0,0,0,rev-4
IC,5,20,2137,14400,1,0,0,0,0,0,rev-2
IC,5,20,2137,14400,1,1,0,1,0.882,0.597,rev-2
IC,5,20,2137,14400,1,0,0,0,0,0,rev-2
IC,5,21,2137,14400,1,1,0,1,0.65,0.711,rev-2
IC,5,21,2137,14400,1,1,0,1,0.524,0.507,rev-1
IC,5,21,2137,14400,1,0,0,0,0,0,rev-5
IC,5,21,2137,14400,1,0,0,0,0,0,rev-5
IC,5,21,2137,14400,1,1,0,1,0.966,0.687,rev-2
IC,5,21,2137,14400,1,1,0,1,0.885,0.864,rev-3
IC,5,21,2137,14400,1,1,0,1,0.769,0.871,rev-6
IC,5,21,2137,14400,1,1,0,1,0.629,0.825,rev-4
IC,5,21,2137,14400,1,0,0,0,0,0,rev-5
IC,5,21,2137,14400,1,1,0,1,0.776,0.938,rev-4
IC,5,22,2137,14400,1,1,0,1,0.618,0.953,rev-4
IC,5,22,2137,14400,1,0,0,0,0,0,rev-3
IC,5,22,2137,14400,1,1,0,1,0.619,0.56,rev-2
IC,5,22,2137,14400,1,1,0,1,0.708,0.659,rev-4
IC,5,22,2137,14400,1,0,0,0,0,0,rev-6
IC,5,22,2137,14400,1,0,0,0,0,0,rev-5
IC,5,22,2137,14400,1,0,0,0,0,0,rev-3
IC,5,22,2137,14400,1,0,1,0,0,0,rev-6
IC,5,22,2137,14400,1,0,1,0,0,0,rev-6
IC,5,22,2137,14400,1,1,0,1,0.663,0.763,rev-6
IC,5,23,2137,14400,1,0,0,0,0,0,rev-4
IC,5,23,2137,14400,1,0,0,0,0,0,rev-5
IC,5,23,2137,14400,1,0,1,0,0,0,rev-3
IC,5,23,2137,14400,1,1,0,1,0.41,0.609,rev-3
IC,5,23,2137,14400,1,0,0,0,0,0,rev-5
IC,5,23,2137,14400,1,1,0,1,0.881,0.989,rev-6
IC,5,23,2137,14400,1,0,1,0,0,0,rev-6
IC,5,23,2137,14400,1,1,0,1,0.937,0.635,rev-3
IC,5,23,2137,14400,1,0,0,0,0,0,rev-2
IC,6,0,2137,14400,1,0,0,0,0,0,rev-6
IC,6,0,2137,14400,1,1,0,1,0.745,0.841,rev-2
IC,6,0,2137,14400,1,0,0,0,0,0,rev-3
IC,6,0,2137,14400,1,1,1,0,0,0,rev-2
IC,6,0,2137,14400,1,0,0,0,0,0,rev-4
IC,6,0,2137,14400,1,1,1,0,0,0,rev-5
IC,6,0,2137,14400,1,1,0,1,0.537,0.816,rev-4
IC,6,0,2137,14400,1,0,0,0,0,0,rev-6
IC,6,0,2137,14400,1,1,0,1,0.975,0.788,rev-3
IC,6,1,2137,14400,1,1,0,1,0.512,0.698,rev-3
IC,6,1,2137,14400,1,0,0,0,0,0,rev-5
IC,6,1,2137,14400,1,1,1,0,0,0,rev-5
IC,6,1,2137,14400,1,0,1,0,0,0,rev-4
IC,6,1,2137,14400,1,0,0,0,0,0,rev-2
IC,6,1,2137,14400,1,1,1,0,0,0,rev-4
IC,6,1,2137,14400,1,1,1,0,0,0,rev-3
IC,6,1,2137,14400,1,1,1,0,0,0,rev-1
IC,6,1,2137,14400,1,0,1,0,0,0,rev-3
IC,6,2,2137,14400,1,1,0,1,0.405,0.972,rev-5
IC,6,2,2137,14400,1,0,0,0,0,0,rev-2
IC,6,2,2137,14400,1,0,0,0,0,0,rev-1
IC,6,2,2137,14400,1,0,0,0,0,0,rev-5
IC,6,2,2137,14400,1,0,0,0,0,0,rev-6
IC,6,2,2137,14400,1,0,0,0,0,0,rev-2
IC,6,2,2137,14400,1,0,1,0,0,0,rev-3
IC,6,2,2137,14400,1,0,0,0,0,0,rev-3
IC,6,2,2137,14400,1,0,0,0,0,0,rev-5
IC,6,3,2137,14400,1,1,1,0,0,0,rev-6
IC,6,3,2137,14400,1,1,0,1,0.598,0.785,rev-1
IC,6,3,2137,14400,1,0,0,0,0,0,rev-1
IC,6,3,2137,14400,1,0,0,0,0,0,rev-3
IC,6,3,2137,14400,1,0,0,0,0,0,rev-5
IC,6,3,2137,14400,1,0,0,0,0,0,rev-6
IC,6,3,2137,14400,1,0,0,0,0,0,rev-5
IC,6,3,2137,14400,1,0,0,0,0,0,rev-1
IC,6,3,2137,14400,1,0,0,0,0,0,rev-6
IC,6,4,2137,14400,1,1,0,1,0.953,0.597,rev-3
IC,6,4,2137,14400,1,1,1,0,0,0,rev-2
IC,6,4,2137,14400,1,1,0,1,0.767,0.693,rev-3
IC,6,4,2137,14400,1,0,0,0,0,0,rev-5
IC,6,4,2137,14400,1,0,0,0,0,0,rev-5
IC,6,4,2137,14400,1,0,0,0,0,0,rev-6
IC,6,4,2137,14400,1,0,0,0,0,0,rev-6
IC,6,4,2137,14400,1,0,0,0,0,0,rev-4
IC,6,4,2137,14400,1,1,1,0,0,0,rev-1
IC,6,5,2137,14400,1,0,0,0,0,0,rev-3
IC,6,5,2137,14400,1,0,0,0,0,0,rev-1
IC,6,5,2137,14400,1,0,0,0,0,0,rev-3
IC,6,5,2137,14400,1,0,0,0,0,0,rev-3
IC,6,5,2137,14400,1,1,0,1,0.945,0.772,rev-6
IC,6,5,2137,14400,1,1,0,1,0.453,0.985,rev-6
IC,6,5,2137,14400,1,0,0,0,0,0,rev-1
IC,6,5,2137,14400,1,1,0,1,0.478,0.992,rev-5
IC,6,5,2137,14400,1,1,0,1,0.644,0.8,rev-4
IC,6,6,2137,14400,1,0,1,0,0,0,rev-1
IC,6,6,2137,14400,1,1,0,1,0.451,0.884,rev-5
IC,6,6,2137,14400,1,0,0,0,0,0,rev-1
IC,6,6,2137,14400,1,1,1,0,0,0,rev-6
IC,6,6,2137,14400,1,1,0,1,0.595,0.572,rev-4
IC,6,6,2137,14400,1,0,0,0,0,0,rev-2
IC,6,6,2137,14400,1,0,0,0,0,0,rev-3
IC,6,6,2137,14400,1,1,0,1,0.965,0.557,rev-3
IC,6,6,2137,14400,1,1,0,1,0.867,0.871,rev-3
IC,6,7,2137,14400,1,0,0,0,0,0,rev-5
IC,6,7,2137,14400,1,0,0,0,0,0,rev-4
IC,6,7,2137,14400,1,0,0,0,0,0,rev-3
IC,6,7,2137,14400,1,1,0,1,0.768,0.666,rev-6
IC,6,7,2137,14400,1,0,0,0,0,0,rev-6
IC,6,7,2137,14400,1,0,0,0,0,0,rev-1
IC,6,7,2137,14400,1,0,0,0,0,0,rev-5
IC,6,7,2137,14400,1,0,0,0,0,0,rev-3
IC,6,7,2137,14400,1,0,0,0,0,0,rev-5
IC,6,8,2137,14400,1,0,1,0,0,0,rev-6
IC,6,8,2137,14400,1,1,0,1,0.961,0.958,rev-6
IC,6,8,2137,14400,1,1,0,1,0.561,0.748,rev-5
IC,6,8,2137,14400,1,1,0,1,0.598,0.601,rev-1
IC,6,8,2137,14400,1,0,0,0,0,0,rev-4
IC,6,8,2137,14400,1,1,0,1,0.951,0.803,rev-2
IC,6,8,2137,14400,1,0,0,0,0,0,rev-2
IC,6,8,2137,14400,1,0,0,0,0,0,rev-3
IC,6,8,2137,14400,1,0,0,0,0,0,rev-1
IC,6,9,2137,14400,1,0,0,0,0,0,rev-4
IC,6,9,2137,14400,1,0,0,0,0,0,rev-4
IC,6,9,2137,14400,1,0,0,0,0,0,rev-4
IC,6,9,2137,14400,1,1,0,1,0.513,0.817,rev-3
IC,6,9,2137,14400,1,0,0,0,0,0,rev-1
IC,6,9,2137,14400,1,0,0,0,0,0,rev-5
IC,6,9,2137,14400,1,1,0,1,0.93,0.685,rev-1
IC,6,9,2137,14400,1,0,0,0,0,0,rev-1
IC,6,9,2137,14400,1,1,1,0,0,0,rev-3
IC,6,10,2137,14400,1,1,0,1,0.645,0.981,rev-5
IC,6,10,2137,14400,1,0,0,0,0,0,rev-6
IC,6,10,2137,14400,1,1,0,1,0.721,0.62,rev-5
IC,6,10,2137,14400,1,0,0,0,0,0,rev-1
IC,6,10,2137,14400,1,1,0,1,0.506,0.849,rev-1
IC,6,10,2137,14400,1,1,0,1,0.661,0.629,rev-6
IC,6,10,2137,14400,1,0,0,0,0,0,rev-6
IC,6,10,2137,14400,1,1,0,1,0.77,0.95,rev-4
IC,6,10,2137,14400,1,0,0,0,0,0,rev-1
IC,6,11,2137,14400,1,1,0,1,0.951,0.884,rev-5
IC,6,11,2137,14400,1,0,0,0,0,0,rev-6
IC,6,11,2137,14400,1,0,0,0,0,0,rev-4
IC,6,11,2137,14400,1,0,0,0,0,0,rev-5
IC,6,11,2137,14400,1,0,0,0,0,0,rev-6
IC,6,11,2137,14400,1,1,0,1,0.506,0.737,rev-4
IC,6,11,2137,14400,1,0,1,0,0,0,rev-6
IC,6,11,2137,14400,1,0,1,0,0,0,rev-4
IC,6,11,2137,14400,1,1,0,1,0.915,0.924,rev-4
IC,6,12,2137,14400,1,0,0,0,0,0,rev-1
IC,6,12,2137,14400,1,0,0,0,0,0,rev-6
IC,6,12,2137,14400,1,0,0,0,0,0,rev-6
IC,6,12,2137,14400,1,1,1,0,0,0,rev-2
IC,6,12,2137,14400,1,0,0,0,0,0,rev-2
IC,6,12,2137,14400,1,0,1,0,0,0,rev-6
IC,6,12,2137,14400,1,0,0,0,0,0,rev-6
IC,6,12,2137,14400,1,1,0,1,0.866,0.968,rev-4
IC,6,12,2137,14400,1,0,0,0,0,0,rev-2
IC,6,13,2137,14400,1,0,1,0,0,0,rev-6
IC,6,13,2137,14400,1,0,0,0,0,0,rev-2
IC,6,13,2137,14400,1,0,0,0,0,0,rev-5
IC,6,13,2137,14400,1,1,0,1,0.894,0.836,rev-3
IC,6,13,2137,14400,1,0,1,0,0,0,rev-6
IC,6,13,2137,14400,1,1,0,1,0.87,0.988,rev-3
IC,6,13,2137,14400,1,0,0,0,0,0,rev-2
IC,6,13,2137,14400,1,1,1,0,0,0,rev-1
IC,6,13,2137,14400,1,0,0,0,0,0,rev-5
IC,6,14,2137,14400,1,0,0,0,0,0,rev-1
IC,6,14,2137,14400,1,0,0,0,0,0,rev-6
IC,6,14,2137,14400,1,0,0,0,0,0,rev-3
IC,6,14,2137,14400,1,0,0,0,0,0,rev-4
IC,6,14,2137,14400,1,1,0,1,0.739,0.979,rev-5
IC,6,14,2137,14400,1,0,0,0,0,0,rev-5
IC,6,14,2137,14400,1,0,1,0,0,0,rev-2
IC,6,14,2137,14400,1,1,0,1,0.433,0.884,rev-4
IC,6,14,2137,14400,1,0,0,0,0,0,rev-3
IC,6,15,2137,14400,1,0,0,0,0,0,rev-5
IC,6,15,2137,14400,1,0,0,0,0,0,rev-2
IC,6,15,2137,14400,1,1,0,1,0.493,0.997,rev-6
IC,6,15,2137,14400,1,0,0,0,0,0,rev-3
IC,6,15,2137,14400,1,0,0,0,0,0,rev-2
IC,6,15,2137,14400,1,0,0,0,0,0,rev-1
IC,6,15,2137,14400,1,0,0,0,0,0,rev-6
IC,6,15,2137,14400,1,1,0,1,0.672,0.83,rev-3
IC,6,15,2137,14400,1,1,0,1,0.592,0.914,rev-3
IC,6,16,2137,14400,1,0,0,0,0,0,rev-3
IC,6,16,2137,14400,1,0,0,0,0,0,rev-1
IC,6,16,2137,14400,1,0,1,0,0,0,rev-1
IC,6,16,2137,14400,1,0,0,0,0,0,rev-6
IC,6,16,2137,14400,1,1,0,1,0.925,0.536,rev-1
IC,6,16,2137,14400,1,0,0,0,0,0,rev-4
IC,6,16,2137,14400,1,0,1,0,0,0,rev-3
IC,6,16,2137,14400,1,0,0,0,0,0,rev-2
IC,6,16,2137,14400,1,0,0,0,0,0,rev-1
IC,6,17,2137,14400,1,0,0,0,0,0,rev-3
IC,6,17,2137,14400,1,0,0,0,0,0,rev-2
IC,6,17,2137,14400,1,0,0,0,0,0,rev-6
IC,6,17,2137,14400,1,0,0,0,0,0,rev-5
IC,6,17,2137,14400,1,0,0,0,0,0,rev-2
IC,6,17,2137,14400,1,0,1,0,0,0,rev-2
IC,6,17,2137,14400,1,0,0,0,0,0,rev-1
IC,6,17,2137,14400,1,0,0,0,0,0,rev-4
IC,6,17,2137,14400,1,0,1,0,0,0,rev-3
IC,6,18,2137,14400,1,0,0,0,0,0,rev-5
IC,6,18,2137,14400,1,1,0,1,0.99,0.713,rev-3
IC,6,18,2137,14400,1,0,0,0,0,0,rev-6
IC,6,18,2137,14400,1,0,0,0,0,0,rev-2
IC,6,18,2137,14400,1,0,0,0,0,0,rev-6
IC,6,18,2137,14400,1,0,0,0,0,0,rev-1
IC,6,18,2137,14400,1,1,0,1,0.652,0.786,rev-3
IC,6,18,2137,14400,1,1,0,1,0.667,0.747,rev-4
IC,6,18,2137,14400,1,0,0,0,0,0,rev-2
IC,6,19,2137,14400,1,0,0,0,0,0,rev-4
IC,6,19,2137,14400,1,0,1,0,0,0,rev-4
IC,6,19,2137,14400,1,0,0,0,0,0,rev-3
IC,6,19,2137,14400,1,1,0,1,0.423,0.642,rev-3
IC,6,19,2137,14400,1,0,0,0,0,0,rev-5
IC,6,19,2137,14400,1,0,0,0,0,0,rev-1
IC,6,19,2137,14400,1,0,0,0,0,0,rev-1
IC,6,19,2137,14400,1,0,0,0,0,0,rev-5
IC,6,19,2137,14400,1,0,1,0,0,0,rev-2
IC,6,20,2137,14400,1,1,1,0,0,0,rev-4
IC,6,20,2137,14400,1,0,0,0,0,0,rev-4
IC,6,20,2137,14400,1,0,0,0,0,0,rev-2
IC,6,20,2137,14400,1,0,0,0,0,0,rev-5
IC,6,20,2137,14400,1,0,1,0,0,0,rev-2
IC,6,20,2137,14400,1,0,0,0,0,0,rev-6
IC,6,20,2137,14400,1,1,0,1,0.883,0.809,rev-3
IC,6,20,2137,14400,1,1,1,0,0,0,rev-2
IC,6,20,2137,14400,1,0,1,0,0,0,rev-6
IC,6,21,2137,14400,1,0,0,0,0,0,rev-2
IC,6,21,2137,14400,1,0,0,0,0,0,rev-3
IC,6,21,2137,14400,1,1,0,1,0.852,0.87,rev-6
IC,6,21,2137,14400,1,0,0,0,0,0,rev-3
IC,6,21,2137,14400,1,0,0,0,0,0,rev-2
IC,6,21,2137,14400,1,0,0,0,0,0,rev-5
IC,6,21,2137,14400,1,0,0,0,0,0,rev-1
IC,6,21,2137,14400,1,0,0,0,0,0,rev-2
IC,6,21,2137,14400,1,0,0,0,0,0,rev-5
IC,6,22,2137,14400,1,0,0,0,0,0,rev-2
IC,6,22,2137,14400,1,1,0,1,0.956,0.758,rev-3
IC,6,22,2137,14400,1,0,0,0,0,0,rev-1
IC,6,22,2137,14400,1,0,1,0,0,0,rev-3
IC,6,22,2137,14400,1,0,0,0,0,0,rev-1
IC,6,22,2137,14400,1,0,0,0,0,0,rev-4
IC,6,22,2137,14400,1,0,0,0,0,0,rev-4
IC,6,22,2137,14400,1,1,1,0,0,0,rev-5
IC,6,22,2137,14400,1,0,0,0,0,0,rev-2
IC,6,23,2137,14400,1,0,0,0,0,0,rev-5
IC,6,23,2137,14400,1,1,0,1,0.487,0.862,rev-4
IC,6,23,2137,14400,1,0,0,0,0,0,rev-5
IC,6,23,2137,14400,1,0,0,0,0,0,rev-4
IC,6,23,2137,14400,1,0,0,0,0,0,rev-2
IC,6,23,2137,14400,1,1,0,1,0.949,0.9,rev-3
IC,6,23,2137,14400,1,1,0,1,0.712,0.635,rev-3
IC,6,23,2137,14400,1,0,1,0,0,0,rev-3
IC,6,23,2137,14400,1,0,0,0,0,0,rev-3
IC,7,0,2137,14400,1,0,0,0,0,0,rev-6
IC,7,0,2137,14400,1,0,0,0,0,0,rev-5
IC,7,0,2137,14400,1,1,0,1,0.536,0.71,rev-3
IC,7,0,2137,14400,1,0,0,0,0,0,rev-6
IC,7,0,2137,14400,1,0,0,0,0,0,rev-4
IC,7,0,2137,14400,1,0,0,0,0,0,rev-4
IC,7,0,2137,14400,1,0,0,0,0,0,rev-5
IC,7,0,2137,14400,1,0,0,0,0,0,rev-6
IC,7,0,2137,14400,1,0,1,0,0,0,rev-1
IC,7,1,2137,14400,1,0,1,0,0,0,rev-5
IC,7,1,2137,14400,1,1,0,1,0.975,0.698,rev-2
IC,7,1,2137,14400,1,0,0,0,0,0,rev-5
IC,7,1,2137,14400,1,0,0,0,0,0,rev-3
IC,7,1,2137,14400,1,0,0,0,0,0,rev-4
IC,7,1,2137,14400,1,0,0,0,0,0,rev-3
IC,7,1,2137,14400,1,0,0,0,0,0,rev-4
IC,7,1,2137,14400,1,1,0,1,0.741,0.877,rev-5
IC,7,1,2137,14400,1,0,1,0,0,0,rev-5
IC,7,2,2137,14400,1,0,0,0,0,0,rev-4
IC,7,2,2137,14400,1,0,0,0,0,0,rev-3
IC,7,2,2137,14400,1,0,0,0,0,0,rev-2
IC,7,2,2137,14400,1,1,1,0,0,0,rev-2
IC,7,2,2137,14400,1,0,1,0,0,0,rev-2
IC,7,2,2137,14400,1,0,0,0,0,0,rev-5
IC,7,2,2137,14400,1,0,0,0,0,0,rev-6
IC,7,2,2137,14400,1,0,0,0,0,0,rev-2
IC,7,2,2137,14400,1,0,0,0,0,0,rev-2
IC,7,3,2137,14400,1,0,0,0,0,0,rev-1
IC,7,3,2137,14400,1,0,1,0,0,0,rev-3
IC,7,3,2137,14400,1,1,0,1,0.685,0.847,rev-3
IC,7,3,2137,14400,1,1,0,1,0.956,0.549,rev-6
IC,7,3,2137,14400,1,1,0,1,0.674,0.598,rev-2
IC,7,3,2137,14400,1,0,0,0,0,0,rev-5
IC,7,3,2137,14400,1,1,0,1,0.523,0.755,rev-4
IC,7,3,2137,14400,1,0,0,0,0,0,rev-3
IC,7,3,2137,14400,1,0,0,0,0,0,rev-3
IC,7,4,2137,14400,1,0,0,0,0,0,rev-2
IC,7,4,2137,14400,1,1,0,1,0.483,0.776,rev-1
IC,7,4,2137,14400,1,0,0,0,0,0,rev-5
IC,7,4,2137,14400,1,1,1,0,0,0,rev-3
IC,7,4,2137,14400,1,0,0,0,0,0,rev-2
IC,7,4,2137,14400,1,0,1,0,0,0,rev-6
IC,7,4,2137,14400,1,0,0,0,0,0,rev-2
IC,7,4,2137,14400,1,1,0,1,0.847,0.508,rev-3
IC,7,4,2137,14400,1,1,0,1,0.978,0.952,rev-2
IC,7,5,2137,14400,1,0,1,0,0,0,rev-5
IC,7,5,2137,14400,1,0,0,0,0,0,rev-1
IC,7,5,2137,14400,1,0,0,0,0,0,rev-1
IC,7,5,2137,14400,1,0,0,0,0,0,rev-6
IC,7,5,2137,14400,1,0,0,0,0,0,rev-4
IC,7,5,2137,14400,1,1,1,0,0,0,rev-2
IC,7,5,2137,14400,1,1,1,0,0,0,rev-3
IC,7,5,2137,14400,1,0,0,0,0,0,rev-5
IC,7,5,2137,14400,1,0,0,0,0,0,rev-3
IC,7,6,2137,14400,1,0,0,0,0,0,rev-6
IC,7,6,2137,14400,1,0,1,0,0,0,rev-4
IC,7,6,2137,14400,1,0,0,0,0,0,rev-5
IC,7,6,2137,14400,1,0,0,0,0,0,rev-4
IC,7,6,2137,14400,1,0,0,0,0,0,rev-1
IC,7,6,2137,14400,1,0,0,0,0,0,rev-6
IC,7,6,2137,14400,1,0,0,0,0,0,rev-4
IC,7,6,2137,14400,1,0,0,0,0,0,rev-5
IC,7,6,2137,14400,1,0,1,0,0,0,rev-3
IC,7,7,2137,14400,1,0,0,0,0,0,rev-6
IC,7,7,2137,14400,1,0,0,0,0,0,rev-2
IC,7,7,2137,14400,1,0,0,0,0,0,rev-6
IC,7,7,2137,14400,1,0,0,0,0,0,rev-5
IC,7,7,2137,14400,1,0,1,0,0,0,rev-5
IC,7,7,2137,14400,1,0,0,0,0,0,rev-2
IC,7,7,2137,14400,1,0,0,0,0,0,rev-2
IC,7,7,2137,14400,1,0,0,0,0,0,rev-6
IC,7,7,2137,14400,1,1,0,1,0.894,0.765,rev-1
IC,7,8,2137,14400,1,0,1,0,0,0,rev-4
IC,7,8,2137,14400,1,1,0,1,0.611,0.596,rev-5
IC,7,8,2137,14400,1,0,0,0,0,0,rev-5
IC,7,8,2137,14400,1,0,0,0,0,0,rev-3
IC,7,8,2137,14400,1,0,0,0,0,0,rev-2
IC,7,8,2137,14400,1,0,1,0,0,0,rev-4
IC,7,8,2137,14400,1,0,0,0,0,0,rev-4
IC,7,8,2137,14400,1,0,0,0,0,0,rev-6
IC,7,8,2137,14400,1,1,1,0,0,0,rev-4
IC,7,9,2137,14400,1,0,1,0,0,0,rev-5
IC,7,9,2137,14400,1,0,0,0,0,0,rev-5
IC,7,9,2137,14400,1,0,0,0,0,0,rev-5
IC,7,9,2137,14400,1,0,0,0,0,0,rev-1
IC,7,9,2137,14400,1,0,0,0,0,0,rev-1
IC,7,9,2137,14400,1,0,0,0,0,0,rev-4
IC,7,9,2137,14400,1,0,1,0,0,0,rev-6
IC,7,9,2137,14400,1,0,1,0,0,0,rev-4
IC,7,9,2137,14400,1,0,0,0,0,0,rev-4
IC,7,10,2137,14400,1,0,0,0,0,0,rev-4
IC,7,10,2137,14400,1,0,0,0,0,0,rev-6
IC,7,10,2137,14400,1,1,0,1,0.94,0.735,rev-5
IC,7,10,2137,14400,1,1,0,1,0.699,0.818,rev-5
IC,7,10,2137,14400,1,0,0,0,0,0,rev-1
IC,7,10,2137,14400,1,1,0,1,0.588,0.535,rev-3
IC,7,10,2137,14400,1,0,0,0,0,0,rev-6
IC,7,10,2137,14400,1,1,0,1,0.56,0.713,rev-4
IC,7,10,2137,14400,1,0,1,0,0,0,rev-4
IC,7,11,2137,14400,1,1,0,1,0.69,0.819,rev-1
IC,7,11,2137,14400,1,0,0,0,0,0,rev-3
IC,7,11,2137,14400,1,1,0,1,0.903,0.939,rev-4
IC,7,11,2137,14400,1,0,0,0,0,0,rev-6
IC,7,11,2137,14400,1,0,0,0,0,0,rev-2
IC,7,11,2137,14400,1,0,0,0,0,0,rev-5
IC,7,11,2137,14400,1,0,0,0,0,0,rev-6
IC,7,11,2137,14400,1,0,0,0,0,0,rev-1
IC,7,11,2137,14400,1,0,0,0,0,0,rev-3
IC,7,12,2137,14400,1,1,0,1,0.668,0.556,rev-2
IC,7,12,2137,14400,1,0,0,0,0,0,rev-5
IC,7,12,2137,14400,1,0,0,0,0,0,rev-1
IC,7,12,2137,14400,1,1,0,1,0.55,0.877,rev-6
IC,7,12,2137,14400,1,1,0,1,0.421,0.705,rev-2
IC,7,12,2137,14400,1,1,0,1,0.87,0.776,rev-5
IC,7,12,2137,14400,1,0,0,0,0,0,rev-6
IC,7,12,2137,14400,1,0,0,0,0,0,rev-1
IC,7,12,2137,14400,1,0,1,0,0,0,rev-3
IC,7,13,2137,14400,1,0,0,0,0,0,rev-3
IC,7,13,2137,14400,1,0,1,0,0,0,rev-6
IC,7,13,2137,14400,1,1,0,1,0.604,0.977,rev-5
IC,7,13,2137,14400,1,0,0,0,0,0,rev-5
IC,7,13,2137,14400,1,1,1,0,0,0,rev-4
IC,7,13,2137,14400,1,0,0,0,0,0,rev-4
IC,7,13,2137,14400,1,0,0,0,0,0,rev-6
IC,7,13,2137,14400,1,0,0,0,0,0,rev-2
IC,7,13,2137,14400,1,1,0,1,0.992,0.751,rev-2
IC,7,14,2137,14400,1,0,0,0,0,0,rev-3
IC,7,14,2137,14400,1,1,0,1,0.671,0.558,rev-4
IC,7,14,2137,14400,1,0,0,0,0,0,rev-3
IC,7,14,2137,14400,1,0,0,0,0,0,rev-6
IC,7,14,2137,14400,1,1,0,1,0.821,0.742,rev-3
IC,7,14,2137,14400,1,0,0,0,0,0,rev-2
IC,7,14,2137,14400,1,1,0,1,0.632,0.88,rev-2
IC,7,14,2137,14400,1,0,1,0,0,0,rev-3
IC,7,14,2137,14400,1,0,0,0,0,0,rev-2
IC,7,15,2137,14400,1,1,0,1,0.547,0.686,rev-6
IC,7,15,2137,14400,1,0,0,0,0,0,rev-6
IC,7,15,2137,14400,1,0,0,0,0,0,rev-5
IC,7,15,2137,14400,1,0,0,0,0,0,rev-1
IC,7,15,2137,14400,1,0,0,0,0,0,rev-5
IC,7,15,2137,14400,1,0,0,0,0,0,rev-2
IC,7,15,2137,14400,1,0,1,0,0,0,rev-2
IC,7,15,2137,14400,1,1,0,1,0.828,0.575,rev-3
IC,7,15,2137,14400,1,1,0,1,0.973,0.799,rev-3
IC,7,16,2137,14400,1,1,1,0,0,0,rev-3
IC,7,16,2137,14400,1,0,0,0,0,0,rev-4
IC,7,16,2137,14400,1,0,0,0,0,0,rev-3
IC,7,16,2137,14400,1,0,0,0,0,0,rev-2
IC,7,16,2137,14400,1,0,1,0,0,0,rev-4
IC,7,16,2137,14400,1,0,0,0,0,0,rev-6
IC,7,16,2137,14400,1,0,0,0,0,0,rev-3
IC,7,16,2137,14400,1,0,0,0,0,0,rev-2
IC,7,16,2137,14400,1,0,1,0,0,0,rev-2
IC,7,17,2137,14400,1,0,0,0,0,0,rev-3
IC,7,17,2137,14400,1,0,0,0,0,0,rev-5
IC,7,17,2137,14400,1,1,0,1,0.972,0.902,rev-2
IC,7,17,2137,14400,1,0,0,0,0,0,rev-1
IC,7,17,2137,14400,1,1,1,0,0,0,rev-5
IC,7,17,2137,14400,1,1,0,1,0.93,0.55,rev-2
IC,7,17,2137,14400,1,0,1,0,0,0,rev-1
IC,7,17,2137,14400,1,1,0,1,0.581,0.908,rev-5
IC,7,17,2137,14400,1,1,0,1,0.56,0.88,rev-4
IC,7,18,2137,14400,1,0,0,0,0,0,rev-6
IC,7,18,2137,14400,1,0,0,0,0,0,rev-2
IC,7,18,2137,14400,1,1,0,1,0.624,0.963,rev-5
IC,7,18,2137,14400,1,1,0,1,0.786,0.539,rev-4
IC,7,18,2137,14400,1,0,1,0,0,0,rev-4
IC,7,18,2137,14400,1,1,0,1,0.703,0.794,rev-2
IC,7,18,2137,14400,1,0,0,0,0,0,rev-1
IC,7,18,2137,14400,1,0,0,0,0,0,rev-5
IC,7,18,2137,14400,1,0,0,0,0,0,rev-2
IC,7,19,2137,14400,1,0,0,0,0,0,rev-3
IC,7,19,2137,14400,1,0,0,0,0,0,rev-3
IC,7,19,2137,14400,1,0,0,0,0,0,rev-4
IC,7,19,2137,14400,1,0,0,0,0,0,rev-3
IC,7,19,2137,14400,1,0,1,0,0,0,rev-3
IC,7,19,2137,14400,1,0,0,0,0,0,rev-5
IC,7,19,2137,14400,1,0,0,0,0,0,rev-3
IC,7,19,2137,14400,1,0,0,0,0,0,rev-3
IC,7,19,2137,14400,1,1,1,0,0,0,rev-6
IC,7,20,2137,14400,1,1,0,1,0.667,0.979,rev-2
IC,7,20,2137,14400,1,0,1,0,0,0,rev-4
IC,7,20,2137,14400,1,0,0,0,0,0,rev-3
IC,7,20,2137,14400,1,0,1,0,0,0,rev-5
IC,7,20,2137,14400,1,1,0,1,0.878,0.584,rev-3
IC,7,20,2137,14400,1,1,0,1,0.449,0.997,rev-5
IC,7,20,2137,14400,1,0,0,0,0,0,rev-2
IC,7,20,2137,14400,1,1,0,1,0.8,0.637,rev-1
IC,7,20,2137,14400,1,1,0,1,0.547,0.812,rev-4
IC,7,21,2137,14400,1,0,1,0,0,0,rev-1
IC,7,21,2137,14400,1,0,0,0,0,0,rev-1
IC,7,21,2137,14400,1,0,0,0,0,0,rev-1
IC,7,21,2137,14400,1,1,0,1,0.847,0.942,rev-1
IC,7,21,2137,14400,1,1,0,1,0.833,0.774,rev-6
IC,7,21,2137,14400,1,0,0,0,0,0,rev-6
IC,7,21,2137,14400,1,0,0,0,0,0,rev-5
IC,7,21,2137,14400,1,0,0,0,0,0,rev-6
IC,7,21,2137,14400,1,0,0,0,0,0,rev-5
IC,7,22,2137,14400,1,0,0,0,0,0,rev-2
IC,7,22,2137,14400,1,0,1,0,0,0,rev-2
IC,7,22,2137,14400,1,0,0,0,0,0,rev-5
IC,7,22,2137,14400,1,1,0,1,0.496,0.57,rev-3
IC,7,22,2137,14400,1,0,0,0,0,0,rev-6
IC,7,22,2137,14400,1,0,0,0,0,0,rev-2
IC,7,22,2137,14400,1,0,0,0,0,0,rev-1
IC,7,22,2137,14400,1,1,0,1,0.933,0.749,rev-5
IC,7,22,2137,14400,1,0,1,0,0,0,rev-2
IC,7,23,2137,14400,1,1,0,1,0.74,0.655,rev-4
IC,7,23,2137,14400,1,0,0,0,0,0,rev-4
IC,7,23,2137,14400,1,1,1,0,0,0,rev-5
IC,7,23,2137,14400,1,0,0,0,0,0,rev-1
IC,7,23,2137,14400,1,0,1,0,0,0,rev-6
IC,7,23,2137,14400,1,0,1,0,0,0,rev-6
IC,7,23,2137,14400,1,0,0,0,0,0,rev-3
IC,7,23,2137,14400,1,0,0,0,0,0,rev-2
IC,7,23,2137,14400,1,0,0,0,0,0,rev-5
ICC,0,0,2137,14400,1,0,0,0,0,0,rev-6
ICC,0,0,2137,14400,1,1,0,1,0.713,0.769,rev-5
ICC,0,0,2137,14400,1,0,0,0,0,0,rev-5
ICC,0,0,2137,14400,1,0,0,0,0,0,rev-3
ICC,0,0,2137,14400,1,0,0,0,0,0,rev-4
ICC,0,0,2137,14400,1,1,0,1,0.526,0.665,rev-6
ICC,0,0,2137,14400,1,1,0,1,0.557,0.65,rev-1
ICC,0,0,2137,14400,1,0,0,0,0,0,rev-6
ICC,0,0,2137,14400,1,1,0,1,0.945,0.591,rev-1
ICC,0,0,2137,14400,1,1,0,1,0.471,0.846,rev-4
ICC,0,1,2137,14400,1,1,0,1,0.976,0.882,rev-2
ICC,0,1,2137,14400,1,0,1,0,0,0,rev-4
ICC,0,1,2137,14400,1,0,0,0,0,0,rev-2
ICC,0,1,2137,14400,1,0,1,0,0,0,rev-2
ICC,0,1,2137,14400,1,0,0,0,0,0,rev-5
ICC,0,1,2137,14400,1,1,0,1,0.959,0.962,rev-3
ICC,0,1,2137,14400,1,0,1,0,0,0,rev-4
ICC,0,1,2137,14400,1,0,0,0,0,0,rev-1
ICC,0,1,2137,14400,1,0,0,0,0,0,rev-2
ICC,0,1,2137,14400,1,1,0,1,0.486,0.664,rev-6
ICC,0,2,2137,14400,1,0,0,0,0,0,rev-1
ICC,0,2,2137,14400,1,1,0,1,0.409,0.892,rev-6
ICC,0,2,2137,14400,1,1,0,1,0.935,0.689,rev-3
ICC,0,2,2137,14400,1,1,0,1,0.703,0.65,rev-1
ICC,0,2,2137,14400,1,1,0,1,0.602,0.753,rev-3
ICC,0,2,2137,14400,1,1,0,1,0.915,0.73,rev-1
ICC,0,2,2137,14400,1,0,0,0,0,0,rev-5
ICC,0,2,2137,14400,1,0,0,0,0,0,rev-2
ICC,0,2,2137,14400,1,1,0,1,0.575,0.932,rev-5
ICC,0,2,2137,14400,1,0,0,0,0,0,rev-5
ICC,0,3,2137,14400,1,1,0,1,0.706,0.564,rev-2
ICC,0,3,2137,14400,1,0,0,0,0,0,rev-3
ICC,0,3,2137,14400,1,0,0,0,0,0,rev-4
ICC,0,3,2137,14400,1,0,0,0,0,0,rev-5
ICC,0,3,2137,14400,1,0,0,0,0,0,rev-5
ICC,0,3,2137,14400,1,0,0,0,0,0,rev-6
ICC,0,3,2137,14400,1,0,0,0,0,0,rev-1
ICC,0,3,2137,14400,1,0,0,0,0,0,rev-3
ICC,0,3,2137,14400,1,0,1,0,0,0,rev-2
ICC,0,3,2137,14400,1,0,0,0,0,0,rev-2
ICC,0,4,2137,14400,1,1,0,1,0.767,0.709,rev-6
ICC,0,4,2137,14400,1,0,0,0,0,0,rev-2
ICC,0,4,2137,14400,1,0,0,0,0,0,rev-4
ICC,0,4,2137,14400,1,0,0,0,0,0,rev-6
ICC,0,4,2137,14400,1,1,0,1,0.937,0.551,rev-2
ICC,0,4,2137,14400,1,0,0,0,0,0,rev-3
ICC,0,4,2137,14400,1,0,0,0,0,0,rev-5
ICC,0,4,2137,14400,1,0,0,0,0,0,rev-5
ICC,0,4,2137,14400,1,0,0,0,0,0,rev-6
ICC,0,4,2137,14400,1,1,0,1,0.515,0.661,rev-6
ICC,0,5,2137,14400,1,1,0,1,0.821,0.74,rev-5
ICC,0,5,2137,14400,1,0,0,0,0,0,rev-6
ICC,0,5,2137,14400,1,0,0,0,0,0,rev-4
ICC,0,5,2137,14400,1,0,0,0,0,0,rev-1
ICC,0,5,2137,14400,1,1,0,1,0.932,0.862,rev-1
ICC,0,5,2137,14400,1,0,1,0,0,0,rev-3
ICC,0,5,2137,14400,1,1,0,1,0.411,0.662,rev-4
ICC,0,5,2137,14400,1,0,0,0,0,0,rev-6
ICC,0,5,2137,14400,1,0,0,0,0,0,rev-4
ICC,0,5,2137,14400,1,0,0,0,0,0,rev-4
ICC,0,6,2137,14400,1,0,0,0,0,0,rev-3
ICC,0,6,2137,14400,1,1,0,1,0.87,0.916,rev-1
ICC,0,6,2137,14400,1,0,0,0,0,0,rev-6
ICC,0,6,2137,14400,1,1,0,1,0.89,0.724,rev-6
ICC,0,6,2137,14400,1,0,0,0,0,0,rev-6
ICC,0,6,2137,14400,1,1,0,1,0.559,0.94,rev-5
ICC,0,6,2137,14400,1,0,0,0,0,0,rev-1
ICC,0,6,2137,14400,1,0,0,0,0,0,rev-1
ICC,0,6,2137,14400,1,0,1,0,0,0,rev-3
ICC,0,6,2137,14400,1,0,0,0,0,0,rev-3
ICC,0,7,2137,14400,1,1,0,1,0.513,0.733,rev-1
ICC,0,7,2137,14400,1,1,0,1,0.801,0.521,rev-1
ICC,0,7,2137,14400,1,1,0,1,0.729,0.927,rev-6
ICC,0,7,2137,14400,1,0,0,0,0,0,rev-3
ICC,0,7,2137,14400,1,0,0,0,0,0,rev-2
ICC,0,7,2137,14400,1,0,0,0,0,0,rev-4
ICC,0,7,2137,14400,1,0,0,0,0,0,rev-5
ICC,0,7,2137,14400,1,0,0,0,0,0,rev-2
ICC,0,7,2137,14400,1,0,0,0,0,0,rev-3
ICC,0,7,2137,14400,1,0,0,0,0,0,rev-3
ICC,0,8,2137,14400,1,0,0,0,0,0,rev-4
ICC,0,8,2137,14400,1,1,0,1,0.533,0.828,rev-1
ICC,0,8,2137,14400,1,1,0,1,0.557,0.731,rev-3
ICC,0,8,2137,14400,1,0,0,0,0,0,rev-5
ICC,0,8,2137,14400,1,0,0,0,0,0,rev-2
ICC,0,8,2137,14400,1,0,0,0,0,0,rev-6
ICC,0,8,2137,14400,1,1,0,1,0.547,0.816,rev-4
ICC,0,8,2137,14400,1,0,0,0,0,0,rev-4
ICC,0,8,2137,14400,1,0,0,0,0,0,rev-5
ICC,0,8,2137,14400,1,1,0,1,0.441,0.986,rev-5
ICC,0,9,2137,14400,1,1,0,1,0.909,0.839,rev-4
ICC,0,9,2137,14400,1,1,0,1,0.662,0.603,rev-4
ICC,0,9,2137,14400,1,1,0,1,0.603,0.956,rev-5
ICC,0,9,2137,14400,1,0,1,0,0,0,rev-6
ICC,0,9,2137,14400,1,0,0,0,0,0,rev-6
ICC,0,9,2137,14400,1,0,0,0,0,0,rev-5
ICC,0,9,2137,14400,1,0,0,0,0,0,rev-5
ICC,0,9,2137,14400,1,1,0,1,0.61,0.59,rev-6
ICC,0,9,2137,14400,1,0,0,0,0,0,rev-1
ICC,0,9,2137,14400,1,1,0,1,0.926,0.767,rev-6
ICC,0,10,2137,14400,1,1,0,1,0.939,0.892,rev-3
ICC,0,10,2137,14400,1,0,0,0,0,0,rev-3
ICC,0,10,2137,14400,1,1,0,1,0.571,0.529,rev-2
ICC,0,10,2137,14400,1,0,0,0,0,0,rev-5
ICC,0,10,2137,14400,1,0,0,0,0,0,rev-5
ICC,0,10,2137,14400,1,0,0,0,0,0,rev-5
ICC,0,10,2137,14400,1,0,0,0,0,0,rev-5
ICC,0,10,2137,14400,1,1,0,1,0.504,0.982,rev-4
ICC,0,10,2137,14400,1,0,0,0,0,0,rev-2
ICC,0,10,2137,14400,1,1,0,1,0.485,0.523,rev-2
ICC,0,11,2137,14400,1,0,0,0,0,0,rev-6
ICC,0,11,2137,14400,1,0,0,0,0,0,rev-6
ICC,0,11,2137,14400,1,1,0,1,0.908,0.523,rev-5
ICC,0,11,2137,14400,1,0,0,0,0,0,rev-3
ICC,0,11,2137,14400,1,0,0,0,0,0,rev-1
ICC,0,11,2137,14400,1,1,0,1,0.5,0.539,rev-4
ICC,0,11,2137,14400,1,1,0,1,0.793,0.541,rev-1
ICC,0,11,2137,14400,1,1,0,1,0.72,0.768,rev-5
ICC,0,11,2137,14400,1,0,0,0,0,0,rev-3
ICC,0,11,2137,14400,1,0,0,0,0,0,rev-4
ICC,0,12,2137,14400,1,1,0,1,0.713,0.915,rev-2
ICC,0,12,2137,14400,1,1,0,1,0.469,0.625,rev-1
ICC,0,12,2137,14400,1,0,0,0,0,0,rev-6
ICC,0,12,2137,14400,1,0,0,0,0,0,rev-1
ICC,0,12,2137,14400,1,1,0,1,0.463,0.899,rev-1
ICC,0,12,2137,14400,1,0,0,0,0,0,rev-2
ICC,0,12,2137,14400,1,0,0,0,0,0,rev-6
ICC,0,12,2137,14400,1,0,0,0,0,0,rev-6
ICC,0,12,2137,14400,1,1,0,1,0.625,0.663,rev-5
ICC,0,12,2137,14400,1,0,0,0,0,0,rev-4
ICC,0,13,2137,14400,1,0,0,0,0,0,rev-4
ICC,0,13,2137,14400,1,0,0,0,0,0,rev-4
ICC,0,13,2137,14400,1,0,1,0,0,0,rev-2
ICC,0,13,2137,14400,1,0,0,0,0,0,rev-3
ICC,0,13,2137,14400,1,1,0,1,0.971,0.803,rev-1
ICC,0,13,2137,14400,1,1,0,1,0.427,0.871,rev-2
ICC,0,13,2137,14400,1,0,0,0,0,0,rev-4
ICC,0,13,2137,14400,1,1,0,1,0.514,0.723,rev-3
ICC,0,13,2137,14400,1,0,0,0,0,0,rev-1
ICC,0,13,2137,14400,1,1,0,1,0.825,0.649,rev-1
ICC,0,14,2137,14400,1,0,0,0,0,0,rev-1
ICC,0,14,2137,14400,1,0,1,0,0,0,rev-4
ICC,0,14,2137,14400,1,0,0,0,0,0,rev-5
ICC,0,14,2137,14400,1,0,1,0,0,0,rev-2
ICC,0,14,2137,14400,1,0,0,0,0,0,rev-4
ICC,0,14,2137,14400,1,0,0,0,0,0,rev-1
ICC,0,14,2137,14400,1,1,0,1,0.597,0.605,rev-5
ICC,0,14,2137,14400,1,1,0,1,0.449,0.565,rev-1
ICC,0,14,2137,14400,1,0,0,0,0,0,rev-1
ICC,0,14,2137,14400,1,0,0,0,0,0,rev-6
ICC,0,15,2137,14400,1,1,0,1,0.763,0.774,rev-4
ICC,0,15,2137,14400,1,0,0,0,0,0,rev-1
ICC,0,15,2137,14400,1,0,0,0,0,0,rev-2
ICC,0,15,2137,14400,1,0,0,0,0,0,rev-5
ICC,0,15,2137,14400,1,0,0,0,0,0,rev-2
ICC,0,15,2137,14400,1,0,0,0,0,0,rev-6
ICC,0,15,2137,14400,1,1,0,1,0.89,0.771,rev-1
ICC,0,15,2137,14400,1,1,0,1,0.974,0.689,rev-4
ICC,0,15,2137,14400,1,0,0,0,0,0,rev-6
ICC,0,15,2137,14400,1,1,0,1,0.722,0.909,rev-1
ICC,0,16,2137,14400,1,0,0,0,0,0,rev-6
ICC,0,16,2137,14400,1,1,0,1,0.787,0.527,rev-3
ICC,0,16,2137,14400,1,0,1,0,0,0,rev-1
ICC,0,16,2137,14400,1,0,1,0,0,0,rev-4
ICC,0,16,2137,14400,1,0,0,0,0,0,rev-1
ICC,0,16,2137,14400,1,0,1,0,0,0,rev-4
ICC,0,16,2137,14400,1,0,0,0,0,0,rev-4
ICC,0,16,2137,14400,1,1,0,1,0.858,0.931,rev-1
ICC,0,16,2137,14400,1,0,0,0,0,0,rev-4
ICC,0,16,2137,14400,1,0,0,0,0,0,rev-4
ICC,0,17,2137,14400,1,1,0,1,0.446,0.774,rev-2
ICC,0,17,2137,14400,1,1,0,1,0.541,0.571,rev-5
ICC,0,17,2137,14400,1,1,0,1,0.893,0.965,rev-3
ICC,0,17,2137,14400,1,0,0,0,0,0,rev-3
ICC,0,17,2137,14400,1,0,0,0,0,0,rev-1
ICC,0,17,2137,14400,1,0,0,0,0,0,rev-4
ICC,0,17,2137,14400,1,0,0,0,0,0,rev-5
ICC,0,17,2137,14400,1,1,0,1,0.69,0.674,rev-3
ICC,0,17,2137,14400,1,0,0,0,0,0,rev-1
ICC,0,17,2137,14400,1,0,0,0,0,0,rev-3
ICC,0,18,2137,14400,1,0,1,0,0,0,rev-1
ICC,0,18,2137,14400,1,1,0,1,0.731,0.801,rev-5
ICC,0,18,2137,14400,1,0,0,0,0,0,rev-1
ICC,0,18,2137,14400,1,0,0,0,0,0,rev-6
ICC,0,18,2137,14400,1,1,0,1,0.626,0.504,rev-6
ICC,0,18,2137,14400,1,1,0,1,0.558,0.701,rev-2
ICC,0,18,2137,14400,1,1,0,1,0.809,0.807,rev-1
ICC,0,18,2137,14400,1,0,1,0,0,0,rev-4
ICC,0,18,2137,14400,1,1,0,1,0.708,0.878,rev-2
ICC,0,18,2137,14400,1,0,0,0,0,0,rev-4
ICC,0,19,2137,14400,1,0,0,0,0,0,rev-4
ICC,0,19,2137,14400,1,0,0,0,0,0,rev-4
ICC,0,19,2137,14400,1,1,0,1,0.827,0.706,rev-5
ICC,0,19,2137,14400,1,0,0,0,0,0,rev-3
ICC,0,19,2137,14400,1,1,0,1,0.697,0.607,rev-6
ICC,0,19,2137,14400,1,0,0,0,0,0,rev-6
ICC,0,19,2137,14400,1,0,0,0,0,0,rev-5
ICC,0,19,2137,14400,1,0,0,0,0,0,rev-6
ICC,0,19,2137,14400,1,1,1,0,0,0,rev-4
ICC,0,19,2137,14400,1,0,0,0,0,0,rev-2
ICC,0,20,2137,14400,1,1,0,1,0.5,0.521,rev-6
ICC,0,20,2137,14400,1,1,0,1,0.558,0.757,rev-3
ICC,0,20,2137,14400,1,0,1,0,0,0,rev-2
ICC,0,20,2137,14400,1,0,0,0,0,0,rev-2
ICC,0,20,2137,14400,1,0,0,0,0,0,rev-3
ICC,0,20,2137,14400,1,1,0,1,0.61,0.754,rev-1
ICC,0,20,2137,14400,1,0,0,0,0,0,rev-5
ICC,0,20,2137,14400,1,1,0,1,0.948,0.54,rev-6
ICC,0,20,2137,14400,1,0,1,0,0,0,rev-6
ICC,0,20,2137,14400,1,1,0,1,0.409,0.503,rev-6
ICC,0,21,2137,14400,1,1,0,1,0.566,0.96,rev-3
ICC,0,21,2137,14400,1,1,0,1,0.776,0.534,rev-3
ICC,0,21,2137,14400,1,0,0,0,0,0,rev-6
ICC,0,21,2137,14400,1,0,0,0,0,0,rev-1
ICC,0,21,2137,14400,1,0,0,0,0,0,rev-4
ICC,0,21,2137,14400,1,0,0,0,0,0,rev-1
ICC,0,21,2137,14400,1,0,0,0,0,0,rev-5
ICC,0,21,2137,14400,1,0,0,0,0,0,rev-5
ICC,0,21,2137,14400,1,0,0,0,0,0,rev-2
ICC,0,21,2137,14400,1,0,0,0,0,0,rev-4
ICC,0,22,2137,14400,1,0,1,0,0,0,rev-4
ICC,0,22,2137,14400,1,0,0,0,0,0,rev-5
ICC,0,22,2137,14400,1,0,0,0,0,0,rev-1
ICC,0,22,2137,14400,1,0,0,0,0,0,rev-3
ICC,0,22,2137,14400,1,1,0,1,0.546,0.513,rev-3
ICC,0,22,2137,14400,1,0,0,0,0,0,rev-6
ICC,0,22,2137,14400,1,0,0,0,0,0,rev-3
ICC,0,22,2137,14400,1,0,0,0,0,0,rev-2
ICC,0,22,2137,14400,1,0,0,0,0,0,rev-2
ICC,0,22,2137,14400,1,0,0,0,0,0,rev-4
ICC,0,23,2137,14400,1,0,0,0,0,0,rev-6
ICC,0,23,2137,14400,1,1,1,0,0,0,rev-2
ICC,0,23,2137,14400,1,1,0,1,0.672,0.884,rev-4
ICC,0,23,2137,14400,1,0,0,0,0,0,rev-1
ICC,0,23,2137,14400,1,0,0,0,0,0,rev-1
ICC,0,23,2137,14400,1,0,0,0,0,0,rev-4
ICC,0,23,2137,14400,1,0,1,0,0,0,rev-5
ICC,0,23,2137,14400,1,1,0,1,0.76,0.67,rev-3
ICC,0,23,2137,14400,1,0,1,0,0,0,rev-6
ICC,0,23,2137,14400,1,0,0,0,0,0,rev-6
ICC,1,0,2137,14400,1,0,0,0,0,0,rev-3
ICC,1,0,2137,14400,1,1,1,0,0,0,rev-2
ICC,1,0,2137,14400,1,1,1,0,0,0,rev-5
ICC,1,0,2137,14400,1,0,0,0,0,0,rev-1
ICC,1,0,2137,14400,1,0,0,0,0,0,rev-3
ICC,1,0,2137,14400,1,0,0,0,0,0,rev-3
ICC,1,0,2137,14400,1,0,1,0,0,0,rev-3
ICC,1,0,2137,14400,1,0,0,0,0,0,rev-1
ICC,1,0,2137,14400,1,1,0,1,0.485,0.639,rev-3
ICC,1,0,2137,14400,1,1,0,1,0.46,0.881,rev-4
ICC,1,1,2137,14400,1,0,1,0,0,0,rev-1
ICC,1,1,2137,14400,1,0,0,0,0,0,rev-3
ICC,1,1,2137,14400,1,0,0,0,0,0,rev-4
ICC,1,1,2137,14400,1,1,0,1,0.601,0.687,rev-3
ICC,1,1,2137,14400,1,0,0,0,0,0,rev-3
ICC,1,1,2137,14400,1,1,0,1,0.709,0.647,rev-3
ICC,1,1,2137,14400,1,0,0,0,0,0,rev-2
ICC,1,1,2137,14400,1,1,0,1,0.661,0.503,rev-4
ICC,1,1,2137,14400,1,1,0,1,0.606,0.814,rev-4
ICC,1,1,2137,14400,1,1,0,1,0.746,0.956,rev-1
ICC,1,2,2137,14400,1,0,0,0,0,0,rev-4
ICC,1,2,2137,14400,1,0,1,0,0,0,rev-4
ICC,1,2,2137,14400,1,0,0,0,0,0,rev-6
ICC,1,2,2137,14400,1,0,1,0,0,0,rev-4
ICC,1,2,2137,14400,1,1,0,1,0.908,0.712,rev-5
ICC,1,2,2137,14400,1,0,0,0,0,0,rev-3
ICC,1,2,2137,14400,1,0,0,0,0,0,rev-5
ICC,1,2,2137,14400,1,0,0,0,0,0,rev-2
ICC,1,2,2137,14400,1,0,0,0,0,0,rev-4
ICC,1,2,2137,14400,1,1,0,1,0.542,0.696,rev-6
ICC,1,3,2137,14400,1,1,0,1,0.694,0.956,rev-3
ICC,1,3,2137,14400,1,1,1,0,0,0,rev-2
ICC,1,3,2137,14400,1,1,0,1,0.634,0.841,rev-6
ICC,1,3,2137,14400,1,1,0,1,0.669,0.717,rev-4
ICC,1,3,2137,14400,1,0,0,0,0,0,rev-1
ICC,1,3,2137,14400,1,0,0,0,0,0,rev-3
ICC,1,3,2137,14400,1,0,0,0,0,0,rev-6
ICC,1,3,2137,14400,1,1,0,1,0.886,0.687,rev-6
ICC,1,3,2137,14400,1,1,1,0,0,0,rev-5
ICC,1,3,2137,14400,1,1,0,1,0.678,0.904,rev-5
ICC,1,4,2137,14400,1,0,0,0,0,0,rev-2
ICC,1,4,2137,14400,1,1,0,1,0.872,0.737,rev-4
ICC,1,4,2137,14400,1,1,0,1,0.811,0.938,rev-6
ICC,1,4,2137,14400,1,0,0,0,0,0,rev-1
ICC,1,4,2137,14400,1,1,0,1,0.421,0.953,rev-2
ICC,1,4,2137,14400,1,0,0,0,0,0,rev-2
ICC,1,4,2137,14400,1,0,0,0,0,0,rev-1
ICC,1,4,2137,14400,1,1,0,1,0.611,0.911,rev-2
ICC,1,4,2137,14400,1,0,0,0,0,0,rev-2
ICC,1,4,2137,14400,1,0,0,0,0,0,rev-4
ICC,1,5,2137,14400,1,1,0,1,0.641,0.664,rev-4
ICC,1,5,2137,14400,1,0,0,0,0,0,rev-4
ICC,1,5,2137,14400,1,0,1,0,0,0,rev-4
ICC,1,5,2137,14400,1,0,0,0,0,0,rev-4
ICC,1,5,2137,14400,1,1,0,1,0.417,0.57,rev-1
ICC,1,5,2137,14400,1,0,0,0,0,0,rev-4
ICC,1,5,2137,14400,1,1,0,1,0.977,0.597,rev-5
ICC,1,5,2137,14400,1,0,0,0,0,0,rev-6
ICC,1,5,2137,14400,1,0,0,0,0,0,rev-4
ICC,1,5,2137,14400,1,0,0,0,0,0,rev-1
ICC,1,6,2137,14400,1,0,0,0,0,0,rev-1
ICC,1,6,2137,14400,1,1,0,1,0.531,0.523,rev-2
ICC,1,6,2137,14400,1,0,0,0,0,0,rev-2
ICC,1,6,2137,14400,1,0,0,0,0,0,rev-6
ICC,1,6,2137,14400,1,0,0,0,0,0,rev-5
ICC,1,6,2137,14400,1,1,1,0,0,0,rev-2
ICC,1,6,2137,14400,1,1,0,1,0.7,0.917,rev-3
ICC,1,6,2137,14400,1,1,0,1,0.831,0.882,rev-3
ICC,1,6,2137,14400,1,1,0,1,0.499,0.754,rev-5
ICC,1,6,2137,14400,1,1,0,1,0.872,0.79,rev-1
ICC,1,7,2137,14400,1,1,0,1,0.723,0.796,rev-5
ICC,1,7,2137,14400,1,0,0,0,0,0,rev-1
ICC,1,7,2137,14400,1,0,0,0,0,0,rev-5
ICC,1,7,2137,14400,1,0,0,0,0,0,rev-1
ICC,1,7,2137,14400,1,1,0,1,0.593,0.839,rev-2
ICC,1,7,2137,14400,1,0,0,0,0,0,rev-2
ICC,1,7,2137,14400,1,1,0,1,0.632,0.557,rev-1
ICC,1,7,2137,14400,1,0,0,0,0,0,rev-1
ICC,1,7,2137,14400,1,1,0,1,0.916,0.854,rev-1
ICC,1,7,2137,14400,1,1,0,1,0.441,0.642,rev-5
ICC,1,8,2137,14400,1,0,0,0,0,0,rev-5
ICC,1,8,2137,14400,1,0,0,0,0,0,rev-5
ICC,1,8,2137,14400,1,1,0,1,0.607,0.857,rev-6
ICC,1,8,2137,14400,1,0,0,0,0,0,rev-4
ICC,1,8,2137,14400,1,0,0,0,0,0,rev-5
ICC,1,8,2137,14400,1,0,0,0,0,0,rev-4
ICC,1,8,2137,14400,1,1,0,1,0.839,0.618,rev-3
ICC,1,8,2137,14400,1,0,1,0,0,0,rev-2
ICC,1,8,2137,14400,1,0,0,0,0,0,rev-2
ICC,1,8,2137,14400,1,1,0,1,0.84,0.636,rev-6
ICC,1,9,2137,14400,1,0,0,0,0,0,rev-2
ICC,1,9,2137,14400,1,0,0,0,0,0,rev-3
ICC,1,9,2137,14400,1,0,0,0,0,0,rev-2
ICC,1,9,2137,14400,1,1,0,1,0.592,0.651,rev-4
ICC,1,9,2137,14400,1,0,1,0,0,0,rev-1
ICC,1,9,2137,14400,1,1,1,0,0,0,rev-4
ICC,1,9,2137,14400,1,1,0,1,0.651,0.904,rev-5
ICC,1,9,2137,14400,1,0,0,0,0,0,rev-5
ICC,1,9,2137,14400,1,1,0,1,0.584,0.59,rev-3
ICC,1,9,2137,14400,1,0,0,0,0,0,rev-3
ICC,1,10,2137,14400,1,1,1,0,0,0,rev-6
ICC,1,10,2137,14400,1,1,0,1,0.679,0.744,rev-4
ICC,1,10,2137,14400,1,1,0,1,0.473,0.96,rev-1
ICC,1,10,2137,14400,1,0,0,0,0,0,rev-3
ICC,1,10,2137,14400,1,0,0,0,0,0,rev-2
ICC,1,10,2137,14400,1,0,1,0,0,0,rev-5
ICC,1,10,2137,14400,1,0,1,0,0,0,rev-1
ICC,1,10,2137,14400,1,1,0,1,0.657,0.687,rev-6
ICC,1,10,2137,14400,1,0,0,0,0,0,rev-3
ICC,1,10,2137,14400,1,0,0,0,0,0,rev-5
ICC,1,11,2137,14400,1,0,0,0,0,0,rev-2
ICC,1,11,2137,14400,1,0,0,0,0,0,rev-5
ICC,1,11,2137,14400,1,0,0,0,0,0,rev-4
ICC,1,11,2137,14400,1,0,0,0,0,0,rev-3
ICC,1,11,2137,14400,1,1,0,1,0.886,0.681,rev-4
ICC,1,11,2137,14400,1,0,0,0,0,0,rev-5
ICC,1,11,2137,14400,1,0,0,0,0,0,rev-5
ICC,1,11,2137,14400,1,1,0,1,0.427,0.665,rev-1
ICC,1,11,2137,14400,1,1,0,1,0.909,0.611,rev-6
ICC,1,11,2137,14400,1,1,0,1,0.633,0.589,rev-5
ICC,1,12,2137,14400,1,1,0,1,0.432,0.798,rev-5
ICC,1,12,2137,14400,1,1,0,1,0.935,0.62,rev-3
ICC,1,12,2137,14400,1,0,1,0,0,0,rev-6
ICC,1,12,2137,14400,1,0,0,0,0,0,rev-2
ICC,1,12,2137,14400,1,1,0,1,0.896,0.779,rev-3
ICC,1,12,2137,14400,1,0,0,0,0,0,rev-5
ICC,1,12,2137,14400,1,0,1,0,0,0,rev-6
ICC,1,12,2137,14400,1,0,0,0,0,0,rev-5
ICC,1,12,2137,14400,1,0,0,0,0,0,rev-3
ICC,1,12,2137,14400,1,0,0,0,0,0,rev-1
ICC,1,13,2137,14400,1,0,0,0,0,0,rev-4
ICC,1,13,2137,14400,1,0,0,0,0,0,rev-2
ICC,1,13,2137,14400,1,0,0,0,0,0,rev-1
ICC,1,13,2137,14400,1,1,1,0,0,0,rev-5
ICC,1,13,2137,14400,1,1,0,1,0.94,0.65,rev-6
ICC,1,13,2137,14400,1,0,0,0,0,0,rev-5
ICC,1,13,2137,14400,1,0,0,0,0,0,rev-1
ICC,1,13,2137,14400,1,1,0,1,0.831,0.749,rev-2
ICC,1,13,2137,14400,1,0,0,0,0,0,rev-5
ICC,1,13,2137,14400,1,1,0,1,0.737,0.755,rev-2
ICC,1,14,2137,14400,1,1,0,1,0.916,0.837,rev-2
ICC,1,14,2137,14400,1,0,0,0,0,0,rev-1
ICC,1,14,2137,14400,1,0,0,0,0,0,rev-5
ICC,1,14,2137,14400,1,0,0,0,0,0,rev-5
ICC,1,14,2137,14400,1,1,0,1,0.481,0.831,rev-4
ICC,1,14,2137,14400,1,1,1,0,0,0,rev-6
ICC,1,14,2137,14400,1,1,0,1,0.807,0.629,rev-6
ICC,1,14,2137,14400,1,0,0,0,0,0,rev-5
ICC,1,14,2137,14400,1,0,0,0,0,0,rev-4
ICC,1,14,2137,14400,1,1,0,1,0.424,0.912,rev-6
ICC,1,15,2137,14400,1,0,0,0,0,0,rev-1
ICC,1,15,2137,14400,1,1,0,1,0.487,0.842,rev-4
ICC,1,15,2137,14400,1,1,0,1,0.694,0.743,rev-4
ICC,1,15,2137,14400,1,0,0,0,0,0,rev-5
ICC,1,15,2137,14400,1,0,0,0,0,0,rev-1
ICC,1,15,2137,14400,1,0,0,0,0,0,rev-3
ICC,1,15,2137,14400,1,1,0,1,0.427,0.743,rev-5
ICC,1,15,2137,14400,1,0,0,0,0,0,rev-1
ICC,1,15,2137,14400,1,1,0,1,0.683,0.517,rev-2
ICC,1,15,2137,14400,1,0,1,0,0,0,rev-2
ICC,1,16,2137,14400,1,0,0,0,0,0,rev-5
ICC,1,16,2137,14400,1,0,0,0,0,0,rev-2
ICC,1,16,2137,14400,1,1,0,1,0.416,0.81,rev-1
ICC,1,16,2137,14400,1,0,0,0,0,0,rev-2
ICC,1,16,2137,14400,1,1,1,0,0,0,rev-3
ICC,1,16,2137,14400,1,0,0,0,0,0,rev-2
ICC,1,16,2137,14400,1,0,0,0,0,0,rev-6
ICC,1,16,2137,14400,1,1,0,1,0.505,0.861,rev-5
ICC,1,16,2137,14400,1,0,0,0,0,0,rev-5
ICC,1,16,2137,14400,1,0,0,0,0,0,rev-1
ICC,1,17,2137,14400,1,0,0,0,0,0,rev-6
ICC,1,17,2137,14400,1,1,0,1,0.758,0.72,rev-1
ICC,1,17,2137,14400,1,0,0,0,0,0,rev-1
ICC,1,17,2137,14400,1,1,0,1,0.969,0.705,rev-6
ICC,1,17,2137,14400,1,1,0,1,0.972,0.593,rev-1
ICC,1,17,2137,14400,1,1,0,1,0.611,0.714,rev-4
ICC,1,17,2137,14400,1,0,0,0,0,0,rev-1
ICC,1,17,2137,14400,1,0,0,0,0,0,rev-2
ICC,1,17,2137,14400,1,0,0,0,0,0,rev-1
ICC,1,17,2137,14400,1,0,1,0,0,0,rev-6
ICC,1,18,2137,14400,1,0,0,0,0,0,rev-6
ICC,1,18,2137,14400,1,0,0,0,0,0,rev-2
ICC,1,18,2137,14400,1,0,0,0,0,0,rev-1
ICC,1,18,2137,14400,1,0,0,0,0,0,rev-6
ICC,1,18,2137,14400,1,1,0,1,0.492,0.731,rev-2
ICC,1,18,2137,14400,1,1,0,1,0.526,0.594,rev-5
ICC,1,18,2137,14400,1,0,0,0,0,0,rev-1
ICC,1,18,2137,14400,1,0,0,0,0,0,rev-1
ICC,1,18,2137,14400,1,1,0,1,0.976,0.666,rev-1
ICC,1,18,2137,14400,1,0,0,0,0,0,rev-6
ICC,1,19,2137,14400,1,0,0,0,0,0,rev-5
ICC,1,19,2137,14400,1,1,0,1,0.932,0.91,rev-2
ICC,1,19,2137,14400,1,1,0,1,0.599,0.831,rev-5
ICC,1,19,2137,14400,1,1,1,0,0,0,rev-5
ICC,1,19,2137,14400,1,1,0,1,0.962,0.925,rev-5
ICC,1,19,2137,14400,1,0,0,0,0,0,rev-4
ICC,1,19,2137,14400,1,1,0,1,0.684,0.833,rev-4
ICC,1,19,2137,14400,1,1,0,1,0.634,0.517,rev-6
ICC,1,19,2137,14400,1,0,0,0,0,0,rev-2
ICC,1,19,2137,14400,1,0,0,0,0,0,rev-4
ICC,1,20,2137,14400,1,1,0,1,0.802,0.892,rev-5
ICC,1,20,2137,14400,1,0,0,0,0,0,rev-1
ICC,1,20,2137,14400,1,0,1,0,0,0,rev-6
ICC,1,20,2137,14400,1,0,0,0,0,0,rev-1
ICC,1,20,2137,14400,1,1,0,1,0.848,0.922,rev-2
ICC,1,20,2137,14400,1,0,0,0,0,0,rev-3
ICC,1,20,2137,14400,1,0,0,0,0,0,rev-4
ICC,1,20,2137,14400,1,0,0,0,0,0,rev-6
ICC,1,20,2137,14400,1,1,0,1,0.639,0.92,rev-1
ICC,1,20,2137,14400,1,0,0,0,0,0,rev-4
ICC,1,21,2137,14400,1,0,0,0,0,0,rev-1
ICC,1,21,2137,14400,1,0,0,0,0,0,rev-6
ICC,1,21,2137,14400,1,1,0,1,0.666,0.514,rev-6
ICC,1,21,2137,14400,1,0,0,0,0,0,rev-3
ICC,1,21,2137,14400,1,0,0,0,0,0,rev-2
ICC,1,21,2137,14400,1,0,0,0,0,0,rev-4
ICC,1,21,2137,14400,1,0,0,0,0,0,rev-3
ICC,1,21,2137,14400,1,1,0,1,0.829,0.957,rev-5
ICC,1,21,2137,14400,1,0,0,0,0,0,rev-6
ICC,1,21,2137,14400,1,1,0,1,0.689,0.972,rev-2
ICC,1,22,2137,14400,1,0,0,0,0,0,rev-4
ICC,1,22,2137,14400,1,1,0,1,0.462,0.761,rev-3
ICC,1,22,2137,14400,1,1,0,1,0.619,0.851,rev-1
ICC,1,22,2137,14400,1,0,0,0,0,0,rev-5
ICC,1,22,2137,14400,1,0,0,0,0,0,rev-4
ICC,1,22,2137,14400,1,0,0,0,0,0,rev-4
ICC,1,22,2137,14400,1,0,1,0,0,0,rev-2
ICC,1,22,2137,14400,1,0,1,0,0,0,rev-6
ICC,1,22,2137,14400,1,0,1,0,0,0,rev-2
ICC,1,22,2137,14400,1,1,0,1,0.783,0.512,rev-6
ICC,1,23,2137,14400,1,0,0,0,0,0,rev-4
ICC,1,23,2137,14400,1,1,1,0,0,0,rev-1
ICC,1,23,2137,14400,1,1,0,1,0.769,0.948,rev-5
ICC,1,23,2137,14400,1,0,0,0,0,0,rev-2
ICC,1,23,2137,14400,1,0,0,0,0,0,rev-4
ICC,1,23,2137,14400,1,1,0,1,0.992,0.885,rev-6
ICC,1,23,2137,14400,1,1,1,0,0,0,rev-3
ICC,1,23,2137,14400,1,0,1,0,0,0,rev-4
ICC,1,23,2137,14400,1,0,0,0,0,0,rev-2
ICC,1,23,2137,14400,1,0,0,0,0,0,rev-4
ICC,2,0,2137,14400,1,1,0,1,0.607,0.992,rev-3
ICC,2,0,2137,14400,1,1,0,1,0.467,0.812,rev-3
ICC,2,0,2137,14400,1,1,0,1,0.808,0.817,rev-5
ICC,2,0,2137,14400,1,0,1,0,0,0,rev-4
ICC,2,0,2137,14400,1,1,0,1,0.569,0.642,rev-5
ICC,2,0,2137,14400,1,1,0,1,0.611,0.833,rev-5
ICC,2,0,2137,14400,1,1,0,1,0.979,0.993,rev-1
ICC,2,0,2137,14400,1,0,0,0,0,0,rev-6
ICC,2,0,2137,14400,1,1,0,1,0.713,0.584,rev-6
ICC,2,0,2137,14400,1,0,0,0,0,0,rev-5
ICC,2,1,2137,14400,1,0,0,0,0,0,rev-1
ICC,2,1,2137,14400,1,1,0,1,0.452,0.617,rev-1
ICC,2,1,2137,14400,1,1,0,1,0.981,0.718,rev-5
ICC,2,1,2137,14400,1,0,0,0,0,0,rev-1
ICC,2,1,2137,14400,1,1,0,1,0.692,0.728,rev-5
ICC,2,1,2137,14400,1,0,0,0,0,0,rev-4
ICC,2,1,2137,14400,1,1,1,0,0,0,rev-2
ICC,2,1,2137,14400,1,0,0,0,0,0,rev-1
ICC,2,1,2137,14400,1,1,1,0,0,0,rev-6
ICC,2,1,2137,14400,1,0,0,0,0,0,rev-5
ICC,2,2,2137,14400,1,1,0,1,0.937,0.681,rev-1
ICC,2,2,2137,14400,1,0,0,0,0,0,rev-2
ICC,2,2,2137,14400,1,0,0,0,0,0,rev-4
ICC,2,2,2137,14400,1,1,0,1,0.477,0.908,rev-4
ICC,2,2,2137,14400,1,1,0,1,0.959,0.847,rev-3
ICC,2,2,2137,14400,1,0,0,0,0,0,rev-6
ICC,2,2,2137,14400,1,0,0,0,0,0,rev-1
ICC,2,2,2137,14400,1,1,0,1,0.874,0.883,rev-5
ICC,2,2,2137,14400,1,0,0,0,0,0,rev-2
ICC,2,2,2137,14400,1,0,0,0,0,0,rev-5
ICC,2,3,2137,14400,1,1,0,1,0.974,0.672,rev-4
ICC,2,3,2137,14400,1,1,0,1,0.675,0.781,rev-1
ICC,2,3,2137,14400,1,0,0,0,0,0,rev-4
ICC,2,3,2137,14400,1,0,0,0,0,0,rev-1
ICC,2,3,2137,14400,1,0,0,0,0,0,rev-1
ICC,2,3,2137,14400,1,0,0,0,0,0,rev-4
ICC,2,3,2137,14400,1,0,0,0,0,0,rev-2
ICC,2,3,2137,14400,1,1,0,1,0.887,0.523,rev-6
ICC,2,3,2137,14400,1,1,0,1,0.774,0.583,rev-5
ICC,2,3,2137,14400,1,0,0,0,0,0,rev-3
ICC,2,4,2137,14400,1,1,0,1,0.516,0.729,rev-3
ICC,2,4,2137,14400,1,1,0,1,0.874,0.564,rev-3
ICC,2,4,2137,14400,1,0,0,0,0,0,rev-1
ICC,2,4,2137,14400,1,0,0,0,0,0,rev-2
ICC,2,4,2137,14400,1,0,0,0,0,0,rev-4
ICC,2,4,2137,14400,1,0,0,0,0,0,rev-4
ICC,2,4,2137,14400,1,0,0,0,0,0,rev-4
ICC,2,4,2137,14400,1,0,1,0,0,0,rev-1
ICC,2,4,2137,14400,1,0,0,0,0,0,rev-6
ICC,2,4,2137,14400,1,0,0,0,0,0,rev-2
ICC,2,5,2137,14400,1,0,0,0,0,0,rev-3
ICC,2,5,2137,14400,1,0,0,0,0,0,rev-1
ICC,2,5,2137,14400,1,1,0,1,0.41,0.974,rev-5
ICC,2,5,2137,14400,1,0,0,0,0,0,rev-5
ICC,2,5,2137,14400,1,0,0,0,0,0,rev-4
ICC,2,5,2137,14400,1,0,0,0,0,0,rev-5
ICC,2,5,2137,14400,1,0,0,0,0,0,rev-5
ICC,2,5,2137,14400,1,1,0,1,0.858,0.977,rev-2
ICC,2,5,2137,14400,1,0,0,0,0,0,rev-4
ICC,2,5,2137,14400,1,0,0,0,0,0,rev-6
ICC,2,6,2137,14400,1,1,0,1,0.636,0.673,rev-6
ICC,2,6,2137,14400,1,0,0,0,0,0,rev-6
ICC,2,6,2137,14400,1,0,0,0,0,0,rev-2
ICC,2,6,2137,14400,1,0,0,0,0,0,rev-5
ICC,2,6,2137,14400,1,0,0,0,0,0,rev-5
ICC,2,6,2137,14400,1,1,0,1,0.738,0.588,rev-5
ICC,2,6,2137,14400,1,1,0,1,0.479,0.652,rev-3
ICC,2,6,2137,14400,1,0,0,0,0,0,rev-2
ICC,2,6,2137,14400,1,0,0,0,0,0,rev-1
ICC,2,6,2137,14400,1,0,0,0,0,0,rev-1
ICC,2,7,2137,14400,1,0,0,0,0,0,rev-4
ICC,2,7,2137,14400,1,0,0,0,0,0,rev-4
ICC,2,7,2137,14400,1,1,0,1,0.591,0.607,rev-2
ICC,2,7,2137,14400,1,1,0,1,0.823,0.96,rev-5
ICC,2,7,2137,14400,1,0,0,0,0,0,rev-3
ICC,2,7,2137,14400,1,1,0,1,0.772,0.651,rev-5
ICC,2,7,2137,14400,1,0,0,0,0,0,rev-6
ICC,2,7,2137,14400,1,0,0,0,0,0,rev-3
ICC,2,7,2137,14400,1,0,0,0,0,0,rev-4
ICC,2,7,2137,14400,1,0,0,0,0,0,rev-1
ICC,2,8,2137,14400,1,1,0,1,0.84,0.985,rev-4
ICC,2,8,2137,14400,1,1,0,1,0.971,0.541,rev-2
ICC,2,8,2137,14400,1,1,0,1,0.849,0.885,rev-2
ICC,2,8,2137,14400,1,0,0,0,0,0,rev-4
ICC,2,8,2137,14400,1,1,0,1,0.46,0.607,rev-1
ICC,2,8,2137,14400,1,0,0,0,0,0,rev-2
ICC,2,8,2137,14400,1,0,0,0,0,0,rev-5
ICC,2,8,2137,14400,1,1,0,1,0.718,0.797,rev-1
ICC,2,8,2137,14400,1,1,0,1,0.911,0.522,rev-3
ICC,2,8,2137,14400,1,1,1,0,0,0,rev-1
ICC,2,9,2137,14400,1,0,0,0,0,0,rev-6
ICC,2,9,2137,14400,1,1,0,1,0.716,0.588,rev-1
ICC,2,9,2137,14400,1,1,0,1,0.747,0.995,rev-5
ICC,2,9,2137,14400,1,1,0,1,0.75,0.753,rev-4
ICC,2,9,2137,14400,1,0,0,0,0,0,rev-3
ICC,2,9,2137,14400,1,0,0,0,0,0,rev-6
ICC,2,9,2137,14400,1,1,0,1,0.654,0.589,rev-2
ICC,2,9,2137,14400,1,0,0,0,0,0,rev-6
ICC,2,9,2137,14400,1,0,0,0,0,0,rev-1
ICC,2,9,2137,14400,1,0,0,0,0,0,rev-4
ICC,2,10,2137,14400,1,0,0,0,0,0,rev-3
ICC,2,10,2137,14400,1,0,0,0,0,0,rev-1
ICC,2,10,2137,14400,1,1,0,1,0.888,0.922,rev-2
ICC,2,10,2137,14400,1,0,1,0,0,0,rev-6
ICC,2,10,2137,14400,1,0,0,0,0,0,rev-4
ICC,2,10,2137,14400,1,1,0,1,0.884,0.825,rev-2
ICC,2,10,2137,14400,1,0,0,0,0,0,rev-6
ICC,2,10,2137,14400,1,1,0,1,0.568,0.776,rev-6
ICC,2,10,2137,14400,1,0,0,0,0,0,rev-6
ICC,2,10,2137,14400,1,1,0,1,0.998,0.992,rev-2
ICC,2,11,2137,14400,1,1,0,1,0.658,0.652,rev-4
ICC,2,11,2137,14400,1,1,0,1,0.871,0.551,rev-2
ICC,2,11,2137,14400,1,0,0,0,0,0,rev-3
ICC,2,11,2137,14400,1,1,0,1,0.598,0.557,rev-1
ICC,2,11,2137,14400,1,0,0,0,0,0,rev-4
ICC,2,11,2137,14400,1,0,0,0,0,0,rev-2
ICC,2,11,2137,14400,1,0,0,0,0,0,rev-3
ICC,2,11,2137,14400,1,0,0,0,0,0,rev-1
ICC,2,11,2137,14400,1,1,0,1,0.794,0.754,rev-4
ICC,2,11,2137,14400,1,1,0,1,0.488,0.59,rev-1
ICC,2,12,2137,14400,1,1,0,1,0.489,0.904,rev-2
ICC,2,12,2137,14400,1,0,0,0,0,0,rev-2
ICC,2,12,2137,14400,1,0,0,0,0,0,rev-6
ICC,2,12,2137,14400,1,1,0,1,0.885,0.503,rev-5
ICC,2,12,2137,14400,1,1,0,1,0.552,0.767,rev-3
ICC,2,12,2137,14400,1,0,0,0,0,0,rev-1
ICC,2,12,2137,14400,1,0,0,0,0,0,rev-2
ICC,2,12,2137,14400,1,0,0,0,0,0,rev-1
ICC,2,12,2137,14400,1,0,0,0,0,0,rev-5
ICC,2,12,2137,14400,1,1,0,1,0.51,0.559,rev-6
ICC,2,13,2137,14400,1,1,0,1,0.849,0.631,rev-4
ICC,2,13,2137,14400,1,1,1,0,0,0,rev-2
ICC,2,13,2137,14400,1,0,0,0,0,0,rev-6
ICC,2,13,2137,14400,1,1,1,0,0,0,rev-1
ICC,2,13,2137,14400,1,0,0,0,0,0,rev-5
ICC,2,13,2137,14400,1,0,1,0,0,0,rev-2
ICC,2,13,2137,14400,1,1,0,1,0.705,0.807,rev-6
ICC,2,13,2137,14400,1,1,1,0,0,0,rev-5
ICC,2,13,2137,14400,1,1,0,1,0.648,0.799,rev-3
ICC,2,13,2137,14400,1,0,0,0,0,0,rev-1
ICC,2,14,2137,14400,1,1,0,1,0.986,0.703,rev-6
ICC,2,14,2137,14400,1,1,0,1,0.432,0.913,rev-3
ICC,2,14,2137,14400,1,0,0,0,0,0,rev-3
ICC,2,14,2137,14400,1,1,0,1,0.641,0.665,rev-5
ICC,2,14,2137,14400,1,0,0,0,0,0,rev-2
ICC,2,14,2137,14400,1,0,1,0,0,0,rev-1
ICC,2,14,2137,14400,1,0,0,0,0,0,rev-5
ICC,2,14,2137,14400,1,0,0,0,0,0,rev-6
ICC,2,14,2137,14400,1,0,1,0,0,0,rev-3
ICC,2,14,2137,14400,1,0,0,0,0,0,rev-3
ICC,2,15,2137,14400,1,0,0,0,0,0,rev-5
ICC,2,15,2137,14400,1,1,0,1,0.724,0.955,rev-3
ICC,2,15,2137,14400,1,1,0,1,0.472,0.582,rev-1
ICC,2,15,2137,14400,1,1,0,1,0.449,0.951,rev-1
ICC,2,15,2137,14400,1,1,1,0,0,0,rev-5
ICC,2,15,2137,14400,1,1,0,1,0.867,0.756,rev-1
ICC,2,15,2137,14400,1,1,0,1,0.562,0.605,rev-6
ICC,2,15,2137,14400,1,1,0,1,0.538,0.861,rev-3
ICC,2,15,2137,14400,1,1,0,1,0.47,0.864,rev-3
ICC,2,15,2137,14400,1,0,0,0,0,0,rev-4
ICC,2,16,2137,14400,1,0,0,0,0,0,rev-2
ICC,2,16,2137,14400,1,0,0,0,0,0,rev-5
ICC,2,16,2137,14400,1,1,0,1,0.444,0.686,rev-2
ICC,2,16,2137,14400,1,1,1,0,0,0,rev-1
ICC,2,16,2137,14400,1,0,0,0,0,0,rev-5
ICC,2,16,2137,14400,1,1,0,1,0.783,0.666,rev-6
ICC,2,16,2137,14400,1,1,1,0,0,0,rev-2
ICC,2,16,2137,14400,1,0,0,0,0,0,rev-5
ICC,2,16,2137,14400,1,0,0,0,0,0,rev-6
ICC,2,16,2137,14400,1,1,0,1,0.45,0.922,rev-5
ICC,2,17,2137,14400,1,0,0,0,0,0,rev-6
ICC,2,17,2137,14400,1,0,0,0,0,0,rev-5
ICC,2,17,2137,14400,1,0,0,0,0,0,rev-2
ICC,2,17,2137,14400,1,0,0,0,0,0,rev-1
ICC,2,17,2137,14400,1,0,0,0,0,0,rev-4
ICC,2,17,2137,14400,1,0,0,0,0,0,rev-6
ICC,2,17,2137,14400,1,0,0,0,0,0,rev-1
ICC,2,17,2137,14400,1,1,0,1,0.824,0.794,rev-1
ICC,2,17,2137,14400,1,0,0,0,0,0,rev-4
ICC,2,17,2137,14400,1,1,0,1,0.694,0.897,rev-2
ICC,2,18,2137,14400,1,0,1,0,0,0,rev-2
ICC,2,18,2137,14400,1,1,0,1,0.857,0.955,rev-5
ICC,2,18,2137,14400,1,0,0,0,0,0,rev-2
ICC,2,18,2137,14400,1,1,1,0,0,0,rev-1
ICC,2,18,2137,14400,1,0,0,0,0,0,rev-1
ICC,2,18,2137,14400,1,0,0,0,0,0,rev-3
ICC,2,18,2137,14400,1,1,0,1,0.708,0.654,rev-1
ICC,2,18,2137,14400,1,1,1,0,0,0,rev-4
ICC,2,18,2137,14400,1,0,0,0,0,0,rev-4
ICC,2,18,2137,14400,1,1,0,1,0.87,0.834,rev-2
ICC,2,19,2137,14400,1,0,0,0,0,0,rev-3
ICC,2,19,2137,14400,1,0,0,0,0,0,rev-4
ICC,2,19,2137,14400,1,0,0,0,0,0,rev-4
ICC,2,19,2137,14400,1,1,0,1,0.867,0.683,rev-6
ICC,2,19,2137,14400,1,0,1,0,0,0,rev-1
ICC,2,19,2137,14400,1,1,0,1,0.669,0.7,rev-2
ICC,2,19,2137,14400,1,0,0,0,0,0,rev-1
ICC,2,19,2137,14400,1,0,0,0,0,0,rev-3
ICC,2,19,2137,14400,1,1,0,1,0.529,0.668,rev-5
ICC,2,19,2137,14400,1,0,0,0,0,0,rev-3
ICC,2,20,2137,14400,1,0,1,0,0,0,rev-3
ICC,2,20,2137,14400,1,1,0,1,0.579,0.778,rev-2
ICC,2,20,2137,14400,1,0,0,0,0,0,rev-4
ICC,2,20,2137,14400,1,0,0,0,0,0,rev-4
ICC,2,20,2137,14400,1,1,0,1,0.626,0.711,rev-3
ICC,2,20,2137,14400,1,0,0,0,0,0,rev-2
ICC,2,20,2137,14400,1,0,0,0,0,0,rev-4
ICC,2,20,2137,14400,1,0,0,0,0,0,rev-4
ICC,2,20,2137,14400,1,1,0,1,0.786,0.726,rev-4
ICC,2,20,2137,14400,1,0,0,0,0,0,rev-4
ICC,2,21,2137,14400,1,1,0,1,0.72,0.64,rev-1
ICC,2,21,2137,14400,1,1,1,0,0,0,rev-5
ICC,2,21,2137,14400,1,0,0,0,0,0,rev-2
ICC,2,21,2137,14400,1,0,0,0,0,0,rev-2
ICC,2,21,2137,14400,1,0,1,0,0,0,rev-6
ICC,2,21,2137,14400,1,0,0,0,0,0,rev-6
ICC,2,21,2137,14400,1,0,0,0,0,0,rev-3
ICC,2,21,2137,14400,1,0,0,0,0,0,rev-5
ICC,2,21,2137,14400,1,0,0,0,0,0,rev-5
ICC,2,21,2137,14400,1,0,0,0,0,0,rev-5
ICC,2,22,2137,14400,1,1,0,1,0.713,0.981,rev-6
ICC,2,22,2137,14400,1,0,0,0,0,0,rev-1
ICC,2,22,2137,14400,1,1,0,1,0.406,0.641,rev-5
ICC,2,22,2137,14400,1,0,0,0,0,0,rev-3
ICC,2,22,2137,14400,1,1,0,1,0.865,0.859,rev-5
ICC,2,22,2137,14400,1,0,0,0,0,0,rev-6
ICC,2,22,2137,14400,1,0,0,0,0,0,rev-3
ICC,2,22,2137,14400,1,1,0,1,0.871,0.639,rev-2
ICC,2,22,2137,14400,1,0,0,0,0,0,rev-4
ICC,2,22,2137,14400,1,0,0,0,0,0,rev-1
ICC,2,23,2137,14400,1,1,0,1,0.897,0.786,rev-5
ICC,2,23,2137,14400,1,0,0,0,0,0,rev-4
ICC,2,23,2137,14400,1,1,0,1,0.513,0.818,rev-2
ICC,2,23,2137,14400,1,1,0,1,0.767,0.959,rev-6
ICC,2,23,2137,14400,1,0,0,0,0,0,rev-3
ICC,2,23,2137,14400,1,0,0,0,0,0,rev-3
ICC,2,23,2137,14400,1,0,0,0,0,0,rev-2
ICC,2,23,2137,14400,1,1,0,1,0.726,0.667,rev-5
ICC,2,23,2137,14400,1,0,0,0,0,0,rev-5
ICC,2,23,2137,14400,1,0,0,0,0,0,rev-4
ICC,3,0,2137,14400,1,0,0,0,0,0,rev-3
ICC,3,0,2137,14400,1,0,0,0,0,0,rev-2
ICC,3,0,2137,14400,1,0,0,0,0,0,rev-4
ICC,3,0,2137,14400,1,1,0,1,0.424,0.502,rev-6
ICC,3,0,2137,14400,1,0,0,0,0,0,rev-6
ICC,3,0,2137,14400,1,1,0,1,0.792,0.984,rev-4
ICC,3,0,2137,14400,1,1,0,1,0.833,0.899,rev-2
ICC,3,0,2137,14400,1,1,0,1,0.645,0.559,rev-3
ICC,3,0,2137,14400,1,1,0,1,0.907,0.619,rev-4
ICC,3,0,2137,14400,1,1,0,1,0.606,0.955,rev-6
ICC,3,1,2137,14400,1,1,1,0,0,0,rev-1
ICC,3,1,2137,14400,1,0,1,0,0,0,rev-5
ICC,3,1,2137,14400,1,0,0,0,0,0,rev-2
ICC,3,1,2137,14400,1,0,1,0,0,0,rev-1
ICC,3,1,2137,14400,1,0,0,0,0,0,rev-5
ICC,3,1,2137,14400,1,1,0,1,0.414,0.835,rev-4
ICC,3,1,2137,14400,1,0,0,0,0,0,rev-1
ICC,3,1,2137,14400,1,1,0,1,0.914,0.9,rev-4
ICC,3,1,2137,14400,1,0,0,0,0,0,rev-6
ICC,3,1,2137,14400,1,0,0,0,0,0,rev-5
ICC,3,2,2137,14400,1,0,0,0,0,0,rev-4
ICC,3,2,2137,14400,1,1,0,1,0.972,0.588,rev-2
ICC,3,2,2137,14400,1,0,0,0,0,0,rev-5
ICC,3,2,2137,14400,1,0,1,0,0,0,rev-4
ICC,3,2,2137,14400,1,1,0,1,0.85,0.605,rev-2
ICC,3,2,2137,14400,1,0,0,0,0,0,rev-3
ICC,3,2,2137,14400,1,1,0,1,0.861,0.878,rev-6
ICC,3,2,2137,14400,1,1,0,1,0.986,0.838,rev-2
ICC,3,2,2137,14400,1,0,1,0,0,0,rev-1
ICC,3,2,2137,14400,1,0,0,0,0,0,rev-3
ICC,3,3,2137,14400,1,0,1,0,0,0,rev-4
ICC,3,3,2137,14400,1,0,1,0,0,0,rev-3
ICC,3,3,2137,14400,1,0,0,0,0,0,rev-2
ICC,3,3,2137,14400,1,1,0,1,0.495,0.825,rev-6
ICC,3,3,2137,14400,1,0,0,0,0,0,rev-6
ICC,3,3,2137,14400,1,0,0,0,0,0,rev-6
ICC,3,3,2137,14400,1,1,0,1,0.538,0.853,rev-4
ICC,3,3,2137,14400,1,0,0,0,0,0,rev-5
ICC,3,3,2137,14400,1,0,1,0,0,0,rev-6
ICC,3,3,2137,14400,1,0,0,0,0,0,rev-2
ICC,3,4,2137,14400,1,0,0,0,0,0,rev-6
ICC,3,4,2137,14400,1,0,0,0,0,0,rev-3
ICC,3,4,2137,14400,1,0,0,0,0,0,rev-4
ICC,3,4,2137,14400,1,0,0,0,0,0,rev-3
ICC,3,4,2137,14400,1,0,0,0,0,0,rev-1
ICC,3,4,2137,14400,1,0,1,0,0,0,rev-2
ICC,3,4,2137,14400,1,1,0,1,0.993,0.827,rev-5
ICC,3,4,2137,14400,1,1,0,1,0.602,0.61,rev-2
ICC,3,4,2137,14400,1,0,1,0,0,0,rev-3
ICC,3,4,2137,14400,1,0,1,0,0,0,rev-1
ICC,3,5,2137,14400,1,0,1,0,0,0,rev-3
ICC,3,5,2137,14400,1,0,0,0,0,0,rev-2
ICC,3,5,2137,14400,1,0,0,0,0,0,rev-2
ICC,3,5,2137,14400,1,0,0,0,0,0,rev-2
ICC,3,5,2137,14400,1,1,1,0,0,0,rev-6
ICC,3,5,2137,14400,1,0,1,0,0,0,rev-3
ICC,3,5,2137,14400,1,1,0,1,0.617,0.515,rev-5
ICC,3,5,2137,14400,1,1,1,0,0,0,rev-6
ICC,3,5,2137,14400,1,0,1,0,0,0,rev-4
ICC,3,5,2137,14400,1,1,0,1,0.562,0.524,rev-1
ICC,3,6,2137,14400,1,0,0,0,0,0,rev-5
ICC,3,6,2137,14400,1,0,0,0,0,0,rev-4
ICC,3,6,2137,14400,1,0,0,0,0,0,rev-6
ICC,3,6,2137,14400,1,0,0,0,0,0,rev-1
ICC,3,6,2137,14400,1,1,0,1,0.99,0.61,rev-2
ICC,3,6,2137,14400,1,0,1,0,0,0,rev-4
ICC,3,6,2137,14400,1,1,0,1,0.647,0.586,rev-5
ICC,3,6,2137,14400,1,1,0,1,0.669,0.582,rev-3
ICC,3,6,2137,14400,1,0,1,0,0,0,rev-5
ICC,3,6,2137,14400,1,0,1,0,0,0,rev-1
ICC,3,7,2137,14400,1,1,0,1,0.637,0.898,rev-3
ICC,3,7,2137,14400,1,1,1,0,0,0,rev-1
ICC,3,7,2137,14400,1,1,0,1,0.583,0.71,rev-4
ICC,3,7,2137,14400,1,0,0,0,0,0,rev-5
ICC,3,7,2137,14400,1,0,0,0,0,0,rev-3
ICC,3,7,2137,14400,1,0,0,0,0,0,rev-2
ICC,3,7,2137,14400,1,0,0,0,0,0,rev-6
ICC,3,7,2137,14400,1,1,0,1,0.834,0.52,rev-3
ICC,3,7,2137,14400,1,0,0,0,0,0,rev-5
ICC,3,7,2137,14400,1,0,0,0,0,0,rev-2
ICC,3,8,2137,14400,1,0,0,0,0,0,rev-4
ICC,3,8,2137,14400,1,0,0,0,0,0,rev-4
ICC,3,8,2137,14400,1,1,0,1,0.627,0.573,rev-2
ICC,3,8,2137,14400,1,0,0,0,0,0,rev-3
ICC,3,8,2137,14400,1,0,0,0,0,0,rev-6
ICC,3,8,2137,14400,1,0,0,0,0,0,rev-6
ICC,3,8,2137,14400,1,1,1,0,0,0,rev-2
ICC,3,8,2137,14400,1,1,0,1,0.683,0.617,rev-1
ICC,3,8,2137,14400,1,0,0,0,0,0,rev-4
ICC,3,8,2137,14400,1,0,0,0,0,0,rev-4
ICC,3,9,2137,14400,1,0,0,0,0,0,rev-6
ICC,3,9,2137,14400,1,0,0,0,0,0,rev-3
ICC,3,9,2137,14400,1,1,0,1,0.809,0.904,rev-4
ICC,3,9,2137,14400,1,1,0,1,0.992,0.974,rev-4
ICC,3,9,2137,14400,1,0,0,0,0,0,rev-6
ICC,3,9,2137,14400,1,1,0,1,0.918,0.802,rev-6
ICC,3,9,2137,14400,1,1,0,1,0.475,0.844,rev-4
ICC,3,9,2137,14400,1,0,0,0,0,0,rev-6
ICC,3,9,2137,14400,1,0,0,0,0,0,rev-4
ICC,3,9,2137,14400,1,0,0,0,0,0,rev-5
ICC,3,10,2137,14400,1,0,0,0,0,0,rev-5
ICC,3,10,2137,14400,1,0,0,0,0,0,rev-1
ICC,3,10,2137,14400,1,0,0,0,0,0,rev-4
ICC,3,10,2137,14400,1,0,0,0,0,0,rev-1
ICC,3,10,2137,14400,1,0,0,0,0,0,rev-3
ICC,3,10,2137,14400,1,0,0,0,0,0,rev-2
ICC,3,10,2137,14400,1,0,0,0,0,0,rev-5
ICC,3,10,2137,14400,1,1,0,1,0.45,0.828,rev-3
ICC,3,10,2137,14400,1,0,0,0,0,0,rev-1
ICC,3,10,2137,14400,1,0,0,0,0,0,rev-5
ICC,3,11,2137,14400,1,1,0,1,0.714,0.891,rev-5
ICC,3,11,2137,14400,1,1,0,1,0.47,0.727,rev-2
ICC,3,11,2137,14400,1,0,0,0,0,0,rev-3
ICC,3,11,2137,14400,1,1,0,1,0.564,0.552,rev-4
ICC,3,11,2137,14400,1,0,1,0,0,0,rev-5
ICC,3,11,2137,14400,1,1,0,1,0.702,0.532,rev-5
ICC,3,11,2137,14400,1,1,0,1,0.407,0.932,rev-4
ICC,3,11,2137,14400,1,0,0,0,0,0,rev-1
ICC,3,11,2137,14400,1,0,0,0,0,0,rev-6
ICC,3,11,2137,14400,1,0,0,0,0,0,rev-5
ICC,3,12,2137,14400,1,0,0,0,0,0,rev-4
ICC,3,12,2137,14400,1,1,0,1,0.506,0.561,rev-5
ICC,3,12,2137,14400,1,1,0,1,0.668,0.549,rev-4
ICC,3,12,2137,14400,1,0,0,0,0,0,rev-4
ICC,3,12,2137,14400,1,1,0,1,0.919,0.527,rev-1
ICC,3,12,2137,14400,1,1,0,1,0.485,0.541,rev-4
ICC,3,12,2137,14400,1,1,0,1,0.792,0.926,rev-6
ICC,3,12,2137,14400,1,0,0,0,0,0,rev-4
ICC,3,12,2137,14400,1,1,0,1,0.435,0.771,rev-1
ICC,3,12,2137,14400,1,0,0,0,0,0,rev-3
ICC,3,13,2137,14400,1,0,0,0,0,0,rev-2
ICC,3,13,2137,14400,1,1,0,1,0.739,0.694,rev-2
ICC,3,13,2137,14400,1,0,0,0,0,0,rev-1
ICC,3,13,2137,14400,1,1,0,1,0.793,0.502,rev-3
ICC,3,13,2137,14400,1,0,0,0,0,0,rev-5
ICC,3,13,2137,14400,1,0,1,0,0,0,rev-3
ICC,3,13,2137,14400,1,1,0,1,0.962,0.986,rev-2
ICC,3,13,2137,14400,1,0,0,0,0,0,rev-4
ICC,3,13,2137,14400,1,0,0,0,0,0,rev-4
ICC,3,13,2137,14400,1,0,0,0,0,0,rev-1
ICC,3,14,2137,14400,1,0,0,0,0,0,rev-6
ICC,3,14,2137,14400,1,1,0,1,0.92,0.813,rev-2
ICC,3,14,2137,14400,1,1,0,1,0.817,0.72,rev-2
ICC,3,14,2137,14400,1,1,0,1,0.801,0.759,rev-5
ICC,3,14,2137,14400,1,1,0,1,0.811,0.543,rev-1
ICC,3,14,2137,14400,1,1,0,1,0.556,0.704,rev-2
ICC,3,14,2137,14400,1,0,0,0,0,0,rev-5
ICC,3,14,2137,14400,1,1,0,1,0.854,0.689,rev-6
ICC,3,14,2137,14400,1,0,0,0,0,0,rev-2
ICC,3,14,2137,14400,1,1,0,1,0.682,0.501,rev-2
ICC,3,15,2137,14400,1,0,0,0,0,0,rev-1
ICC,3,15,2137,14400,1,1,0,1,0.603,0.848,rev-4
ICC,3,15,2137,14400,1,0,0,0,0,0,rev-5
ICC,3,15,2137,14400,1,1,0,1,0.42,0.604,rev-3
ICC,3,15,2137,14400,1,0,1,0,0,0,rev-6
ICC,3,15,2137,14400,1,0,0,0,0,0,rev-1
ICC,3,15,2137,14400,1,1,0,1,0.547,0.819,rev-6
ICC,3,15,2137,14400,1,0,0,0,0,0,rev-1
ICC,3,15,2137,14400,1,0,0,0,0,0,rev-4
ICC,3,15,2137,14400,1,1,0,1,0.963,0.543,rev-3
ICC,3,16,2137,14400,1,0,0,0,0,0,rev-4
ICC,3,16,2137,14400,1,1,0,1,0.571,0.776,rev-6
ICC,3,16,2137,14400,1,0,0,0,0,0,rev-5
ICC,3,16,2137,14400,1,1,0,1,0.808,0.922,rev-3
ICC,3,16,2137,14400,1,0,0,0,0,0,rev-4
ICC,3,16,2137,14400,1,0,0,0,0,0,rev-1
ICC,3,16,2137,14400,1,0,0,0,0,0,rev-5
ICC,3,16,2137,14400,1,0,0,0,0,0,rev-3
ICC,3,16,2137,14400,1,0,0,0,0,0,rev-2
ICC,3,16,2137,14400,1,1,0,1,0.658,0.705,rev-3
ICC,3,17,2137,14400,1,0,0,0,0,0,rev-3
ICC,3,17,2137,14400,1,0,0,0,0,0,rev-2
ICC,3,17,2137,14400,1,0,0,0,0,0,rev-2
ICC,3,17,2137,14400,1,1,0,1,0.797,0.895,rev-2
ICC,3,17,2137,14400,1,0,0,0,0,0,rev-5
ICC,3,17,2137,14400,1,0,0,0,0,0,rev-1
ICC,3,17,2137,14400,1,1,0,1,0.855,0.563,rev-6
ICC,3,17,2137,14400,1,1,0,1,0.949,0.704,rev-5
ICC,3,17,2137,14400,1,0,0,0,0,0,rev-5
ICC,3,17,2137,14400,1,0,0,0,0,0,rev-1
ICC,3,18,2137,14400,1,1,0,1,0.436,0.59,rev-2
ICC,3,18,2137,14400,1,1,0,1,0.426,0.568,rev-5
ICC,3,18,2137,14400,1,0,0,0,0,0,rev-3
ICC,3,18,2137,14400,1,0,0,0,0,0,rev-1
ICC,3,18,2137,14400,1,0,1,0,0,0,rev-4
ICC,3,18,2137,14400,1,0,0,0,0,0,rev-1
ICC,3,18,2137,14400,1,0,0,0,0,0,rev-2
ICC,3,18,2137,14400,1,0,0,0,0,0,rev-1
ICC,3,18,2137,14400,1,0,0,0,0,0,rev-2
ICC,3,18,2137,14400,1,0,0,0,0,0,rev-4
ICC,3,19,2137,14400,1,0,0,0,0,0,rev-5
ICC,3,19,2137,14400,1,1,0,1,0.676,0.638,rev-3
ICC,3,19,2137,14400,1,1,0,1,0.872,0.891,rev-5
ICC,3,19,2137,14400,1,0,0,0,0,0,rev-5
ICC,3,19,2137,14400,1,0,0,0,0,0,rev-4
ICC,3,19,2137,14400,1,0,0,0,0,0,rev-1
ICC,3,19,2137,14400,1,0,0,0,0,0,rev-1
ICC,3,19,2137,14400,1,0,0,0,0,0,rev-1
ICC,3,19,2137,14400,1,0,0,0,0,0,rev-3
ICC,3,19,2137,14400,1,0,0,0,0,0,rev-1
ICC,3,20,2137,14400,1,0,0,0,0,0,rev-3
ICC,3,20,2137,14400,1,0,0,0,0,0,rev-3
ICC,3,20,2137,14400,1,1,0,1,0.411,0.556,rev-3
ICC,3,20,2137,14400,1,0,0,0,0,0,rev-3
ICC,3,20,2137,14400,1,0,0,0,0,0,rev-1
ICC,3,20,2137,14400,1,0,0,0,0,0,rev-3
ICC,3,20,2137,14400,1,0,0,0,0,0,rev-4
ICC,3,20,2137,14400,1,0,0,0,0,0,rev-1
ICC,3,20,2137,14400,1,0,0,0,0,0,rev-6
ICC,3,20,2137,14400,1,1,0,1,0.611,0.85,rev-5
ICC,3,21,2137,14400,1,1,0,1,0.473,0.603,rev-4
ICC,3,21,2137,14400,1,0,0,0,0,0,rev-4
ICC,3,21,2137,14400,1,1,0,1,0.711,0.812,rev-3
ICC,3,21,2137,14400,1,0,1,0,0,0,rev-4
ICC,3,21,2137,14400,1,1,0,1,0.866,0.964,rev-5
ICC,3,21,2137,14400,1,0,0,0,0,0,rev-6
ICC,3,21,2137,14400,1,1,1,0,0,0,rev-1
ICC,3,21,2137,14400,1,0,0,0,0,0,rev-6
ICC,3,21,2137,14400,1,1,0,1,0.527,0.849,rev-2
ICC,3,21,2137,14400,1,0,0,0,0,0,rev-2
ICC,3,22,2137,14400,1,1,0,1,0.69,0.877,rev-5
ICC,3,22,2137,14400,1,0,0,0,0,0,rev-6
ICC,3,22,2137,14400,1,0,0,0,0,0,rev-5
ICC,3,22,2137,14400,1,0,0,0,0,0,rev-3
ICC,3,22,2137,14400,1,1,1,0,0,0,rev-3
ICC,3,22,2137,14400,1,0,0,0,0,0,rev-1
ICC,3,22,2137,14400,1,0,0,0,0,0,rev-6
ICC,3,22,2137,14400,1,0,0,0,0,0,rev-2
ICC,3,22,2137,14400,1,0,0,0,0,0,rev-2
ICC,3,22,2137,14400,1,0,0,0,0,0,rev-2
ICC,3,23,2137,14400,1,1,0,1,0.573,0.551,rev-5
ICC,3,23,2137,14400,1,1,0,1,0.838,0.913,rev-6
ICC,3,23,2137,14400,1,1,0,1,0.591,0.948,rev-3
ICC,3,23,2137,14400,1,0,0,0,0,0,rev-5
ICC,3,23,2137,14400,1,0,1,0,0,0,rev-6
ICC,3,23,2137,14400,1,1,0,1,0.705,0.8,rev-4
ICC,3,23,2137,14400,1,1,0,1,0.854,0.577,rev-4
ICC,3,23,2137,14400,1,1,0,1,0.498,0.977,rev-4
ICC,3,23,2137,14400,1,1,0,1,0.471,0.913,rev-5
ICC,3,23,2137,14400,1,1,0,1,0.976,0.985,rev-4
ICC,4,0,2137,14400,1,1,0,1,0.875,0.537,rev-2
ICC,4,0,2137,14400,1,0,0,0,0,0,rev-5
ICC,4,0,2137,14400,1,1,0,1,0.933,0.852,rev-5
ICC,4,0,2137,14400,1,0,1,0,0,0,rev-5
ICC,4,0,2137,14400,1,0,1,0,0,0,rev-3
ICC,4,0,2137,14400,1,1,0,1,0.869,0.625,rev-6
ICC,4,0,2137,14400,1,0,0,0,0,0,rev-2
ICC,4,0,2137,14400,1,0,0,0,0,0,rev-1
ICC,4,0,2137,14400,1,1,0,1,0.588,0.842,rev-4
ICC,4,0,2137,14400,1,0,0,0,0,0,rev-3
ICC,4,1,2137,14400,1,1,0,1,0.852,0.582,rev-3
ICC,4,1,2137,14400,1,0,0,0,0,0,rev-1
ICC,4,1,2137,14400,1,0,0,0,0,0,rev-2
ICC,4,1,2137,14400,1,0,0,0,0,0,rev-2
ICC,4,1,2137,14400,1,0,0,0,0,0,rev-3
ICC,4,1,2137,14400,1,1,0,1,0.619,0.836,rev-2
ICC,4,1,2137,14400,1,1,0,1,0.805,0.8,rev-1
ICC,4,1,2137,14400,1,0,0,0,0,0,rev-4
ICC,4,1,2137,14400,1,1,0,1,0.646,0.875,rev-4
ICC,4,1,2137,14400,1,1,0,1,0.529,0.783,rev-2
ICC,4,2,2137,14400,1,1,0,1,0.476,0.949,rev-2
ICC,4,2,2137,14400,1,0,0,0,0,0,rev-3
ICC,4,2,2137,14400,1,1,0,1,0.841,0.513,rev-6
ICC,4,2,2137,14400,1,0,0,0,0,0,rev-4
ICC,4,2,2137,14400,1,1,1,0,0,0,rev-4
ICC,4,2,2137,14400,1,0,0,0,0,0,rev-1
ICC,4,2,2137,14400,1,0,0,0,0,0,rev-1
ICC,4,2,2137,14400,1,1,0,1,0.593,0.861,rev-3
ICC,4,2,2137,14400,1,0,0,0,0,0,rev-5
ICC,4,2,2137,14400,1,0,0,0,0,0,rev-4
ICC,4,3,2137,14400,1,0,0,0,0,0,rev-6
ICC,4,3,2137,14400,1,0,1,0,0,0,rev-4
ICC,4,3,2137,14400,1,0,0,0,0,0,rev-4
ICC,4,3,2137,14400,1,0,0,0,0,0,rev-3
ICC,4,3,2137,14400,1,1,0,1,0.683,0.871,rev-3
ICC,4,3,2137,14400,1,0,0,0,0,0,rev-4
ICC,4,3,2137,14400,1,0,0,0,0,0,rev-4
ICC,4,3,2137,14400,1,0,0,0,0,0,rev-5
ICC,4,3,2137,14400,1,0,0,0,0,0,rev-6
ICC,4,3,2137,14400,1,0,0,0,0,0,rev-6
ICC,4,4,2137,14400,1,0,0,0,0,0,rev-5
ICC,4,4,2137,14400,1,1,0,1,0.826,0.673,rev-5
ICC,4,4,2137,14400,1,1,0,1,0.964,0.629,rev-5
ICC,4,4,2137,14400,1,0,0,0,0,0,rev-5
ICC,4,4,2137,14400,1,0,0,0,0,0,rev-2
ICC,4,4,2137,14400,1,1,0,1,0.697,0.996,rev-4
ICC,4,4,2137,14400,1,0,0,0,0,0,rev-5
ICC,4,4,2137,14400,1,0,0,0,0,0,rev-4
ICC,4,4,2137,14400,1,0,0,0,0,0,rev-5
ICC,4,4,2137,14400,1,0,1,0,0,0,rev-5
ICC,4,5,2137,14400,1,0,0,0,0,0,rev-6
ICC,4,5,2137,14400,1,0,0,0,0,0,rev-2
ICC,4,5,2137,14400,1,0,0,0,0,0,rev-4
ICC,4,5,2137,14400,1,0,0,0,0,0,rev-6
ICC,4,5,2137,14400,1,0,0,0,0,0,rev-3
ICC,4,5,2137,14400,1,0,1,0,0,0,rev-6
ICC,4,5,2137,14400,1,0,1,0,0,0,rev-6
ICC,4,5,2137,14400,1,1,0,1,0.961,0.646,rev-4
ICC,4,5,2137,14400,1,1,0,1,0.547,0.756,rev-2
ICC,4,5,2137,14400,1,1,0,1,0.938,0.783,rev-1
ICC,4,6,2137,14400,1,0,0,0,0,0,rev-4
ICC,4,6,2137,14400,1,1,0,1,0.478,0.581,rev-4
ICC,4,6,2137,14400,1,1,0,1,0.882,0.855,rev-4
ICC,4,6,2137,14400,1,0,0,0,0,0,rev-4
ICC,4,6,2137,14400,1,1,0,1,0.443,0.865,rev-6
ICC,4,6,2137,14400,1,0,0,0,0,0,rev-1
ICC,4,6,2137,14400,1,1,0,1,0.82,0.863,rev-2
ICC,4,6,2137,14400,1,1,0,1,0.825,0.842,rev-5
ICC,4,6,2137,14400,1,0,0,0,0,0,rev-1
ICC,4,6,2137,14400,1,0,0,0,0,0,rev-3
ICC,4,7,2137,14400,1,1,0,1,0.961,0.955,rev-5
ICC,4,7,2137,14400,1,0,1,0,0,0,rev-1
ICC,4,7,2137,14400,1,0,0,0,0,0,rev-6
ICC,4,7,2137,14400,1,1,0,1,0.723,0.544,rev-1
ICC,4,7,2137,14400,1,1,0,1,0.863,0.581,rev-1
ICC,4,7,2137,14400,1,0,0,0,0,0,rev-1
ICC,4,7,2137,14400,1,0,0,0,0,0,rev-2
ICC,4,7,2137,14400,1,0,0,0,0,0,rev-5
ICC,4,7,2137,14400,1,1,0,1,0.895,0.975,rev-1
ICC,4,7,2137,14400,1,0,0,0,0,0,rev-3
ICC,4,8,2137,14400,1,1,0,1,0.667,0.846,rev-3
ICC,4,8,2137,14400,1,0,0,0,0,0,rev-1
ICC,4,8,2137,14400,1,1,0,1,0.413,0.643,rev-2
ICC,4,8,2137,14400,1,0,0,0,0,0,rev-6
ICC,4,8,2137,14400,1,0,0,0,0,0,rev-5
ICC,4,8,2137,14400,1,0,0,0,0,0,rev-2
ICC,4,8,2137,14400,1,0,0,0,0,0,rev-1
ICC,4,8,2137,14400,1,1,0,1,0.754,0.884,rev-1
ICC,4,8,2137,14400,1,0,1,0,0,0,rev-4
ICC,4,8,2137,14400,1,0,0,0,0,0,rev-2
ICC,4,9,2137,14400,1,0,0,0,0,0,rev-4
ICC,4,9,2137,14400,1,0,0,0,0,0,rev-1
ICC,4,9,2137,14400,1,0,0,0,0,0,rev-4
ICC,4,9,2137,14400,1,0,0,0,0,0,rev-5
ICC,4,9,2137,14400,1,1,0,1,0.678,0.695,rev-5
ICC,4,9,2137,14400,1,0,0,0,0,0,rev-1
ICC,4,9,2137,14400,1,0,0,0,0,0,rev-4
ICC,4,9,2137,14400,1,0,0,0,0,0,rev-3
ICC,4,9,2137,14400,1,0,0,0,0,0,rev-5
ICC,4,9,2137,14400,1,0,0,0,0,0,rev-3
ICC,4,10,2137,14400,1,1,0,1,0.712,0.646,rev-3
ICC,4,10,2137,14400,1,0,0,0,0,0,rev-6
ICC,4,10,2137,14400,1,1,0,1,0.404,0.571,rev-4
ICC,4,10,2137,14400,1,1,0,1,0.594,0.566,rev-2
ICC,4,10,2137,14400,1,1,1,0,0,0,rev-6
ICC,4,10,2137,14400,1,0,0,0,0,0,rev-3
ICC,4,10,2137,14400,1,0,1,0,0,0,rev-4
ICC,4,10,2137,14400,1,1,1,0,0,0,rev-4
ICC,4,10,2137,14400,1,0,0,0,0,0,rev-6
ICC,4,10,2137,14400,1,0,0,0,0,0,rev-3
ICC,4,11,2137,14400,1,0,0,0,0,0,rev-4
ICC,4,11,2137,14400,1,1,0,1,0.75,0.532,rev-2
ICC,4,11,2137,14400,1,0,0,0,0,0,rev-3
ICC,4,11,2137,14400,1,0,0,0,0,0,rev-4
ICC,4,11,2137,14400,1,0,1,0,0,0,rev-1
ICC,4,11,2137,14400,1,0,0,0,0,0,rev-4
ICC,4,11,2137,14400,1,0,0,0,0,0,rev-5
ICC,4,11,2137,14400,1,0,0,0,0,0,rev-6
ICC,4,11,2137,14400,1,0,0,0,0,0,rev-5
ICC,4,11,2137,14400,1,0,0,0,0,0,rev-6
ICC,4,12,2137,14400,1,1,0,1,0.564,0.918,rev-2
ICC,4,12,2137,14400,1,0,1,0,0,0,rev-1
ICC,4,12,2137,14400,1,1,0,1,0.72,0.542,rev-2
ICC,4,12,2137,14400,1,1,1,0,0,0,rev-5
ICC,4,12,2137,14400,1,1,0,1,0.754,0.73,rev-3
ICC,4,12,2137,14400,1,0,0,0,0,0,rev-4
ICC,4,12,2137,14400,1,0,0,0,0,0,rev-2
ICC,4,12,2137,14400,1,0,0,0,0,0,rev-4
ICC,4,12,2137,14400,1,0,0,0,0,0,rev-3
ICC,4,12,2137,14400,1,1,0,1,0.889,0.768,rev-5
ICC,4,13,2137,14400,1,0,0,0,0,0,rev-6
ICC,4,13,2137,14400,1,1,0,1,0.924,0.584,rev-5
ICC,4,13,2137,14400,1,1,0,1,0.434,0.557,rev-6
ICC,4,13,2137,14400,1,0,0,0,0,0,rev-6
ICC,4,13,2137,14400,1,1,0,1,0.624,0.73,rev-4
ICC,4,13,2137,14400,1,1,0,1,0.406,0.753,rev-1
ICC,4,13,2137,14400,1,1,0,1,0.491,0.566,rev-4
ICC,4,13,2137,14400,1,1,0,1,0.747,0.704,rev-4
ICC,4,13,2137,14400,1,0,0,0,0,0,rev-2
ICC,4,13,2137,14400,1,0,0,0,0,0,rev-4
ICC,4,14,2137,14400,1,1,0,1,0.683,0.744,rev-1
ICC,4,14,2137,14400,1,0,0,0,0,0,rev-6
ICC,4,14,2137,14400,1,0,0,0,0,0,rev-1
ICC,4,14,2137,14400,1,0,0,0,0,0,rev-3
ICC,4,14,2137,14400,1,0,1,0,0,0,rev-6
ICC,4,14,2137,14400,1,0,0,0,0,0,rev-5
ICC,4,14,2137,14400,1,0,0,0,0,0,rev-3
ICC,4,14,2137,14400,1,1,0,1,0.863,0.994,rev-3
ICC,4,14,2137,14400,1,0,0,0,0,0,rev-6
ICC,4,14,2137,14400,1,0,0,0,0,0,rev-5
ICC,4,15,2137,14400,1,1,0,1,0.661,0.581,rev-5
ICC,4,15,2137,14400,1,0,0,0,0,0,rev-3
ICC,4,15,2137,14400,1,0,0,0,0,0,rev-6
ICC,4,15,2137,14400,1,0,0,0,0,0,rev-4
ICC,4,15,2137,14400,1,0,0,0,0,0,rev-4
ICC,4,15,2137,14400,1,0,0,0,0,0,rev-4
ICC,4,15,2137,14400,1,1,0,1,0.572,0.906,rev-4
ICC,4,15,2137,14400,1,1,0,1,0.696,0.7,rev-1
ICC,4,15,2137,14400,1,0,0,0,0,0,rev-3
ICC,4,15,2137,14400,1,1,0,1,0.818,0.964,rev-5
ICC,4,16,2137,14400,1,0,0,0,0,0,rev-1
ICC,4,16,2137,14400,1,1,0,1,0.871,0.775,rev-6
ICC,4,16,2137,14400,1,1,0,1,0.551,0.912,rev-4
ICC,4,16,2137,14400,1,0,0,0,0,0,rev-4
ICC,4,16,2137,14400,1,1,0,1,0.916,0.53,rev-6
ICC,4,16,2137,14400,1,1,0,1,0.474,0.713,rev-5
ICC,4,16,2137,14400,1,0,0,0,0,0,rev-4
ICC,4,16,2137,14400,1,0,0,0,0,0,rev-4
ICC,4,16,2137,14400,1,0,0,0,0,0,rev-3
ICC,4,16,2137,14400,1,1,1,0,0,0,rev-6
ICC,4,17,2137,14400,1,1,0,1,0.54,0.984,rev-5
ICC,4,17,2137,14400,1,0,0,0,0,0,rev-6
ICC,4,17,2137,14400,1,0,0,0,0,0,rev-4
ICC,4,17,2137,14400,1,1,0,1,0.923,0.601,rev-4
ICC,4,17,2137,14400,1,0,0,0,0,0,rev-5
ICC,4,17,2137,14400,1,0,0,0,0,0,rev-5
ICC,4,17,2137,14400,1,0,0,0,0,0,rev-2
ICC,4,17,2137,14400,1,0,0,0,0,0,rev-6
ICC,4,17,2137,14400,1,0,0,0,0,0,rev-1
ICC,4,17,2137,14400,1,0,0,0,0,0,rev-6
ICC,4,18,2137,14400,1,1,0,1,0.851,0.544,rev-5
ICC,4,18,2137,14400,1,0,0,0,0,0,rev-2
ICC,4,18,2137,14400,1,0,1,0,0,0,rev-3
ICC,4,18,2137,14400,1,0,0,0,0,0,rev-6
ICC,4,18,2137,14400,1,0,0,0,0,0,rev-1
ICC,4,18,2137,14400,1,1,0,1,0.67,0.675,rev-1
ICC,4,18,2137,14400,1,1,0,1,0.695,0.549,rev-4
ICC,4,18,2137,14400,1,0,0,0,0,0,rev-5
ICC,4,18,2137,14400,1,1,0,1,0.822,0.59,rev-5
ICC,4,18,2137,14400,1,0,0,0,0,0,rev-4
ICC,4,19,2137,14400,1,0,0,0,0,0,rev-2
ICC,4,19,2137,14400,1,0,0,0,0,0,rev-6
ICC,4,19,2137,14400,1,0,0,0,0,0,rev-1
ICC,4,19,2137,14400,1,0,0,0,0,0,rev-6
ICC,4,19,2137,14400,1,0,1,0,0,0,rev-6
ICC,4,19,2137,14400,1,1,1,0,0,0,rev-4
ICC,4,19,2137,14400,1,0,0,0,0,0,rev-2
ICC,4,19,2137,14400,1,0,0,0,0,0,rev-1
ICC,4,19,2137,14400,1,0,0,0,0,0,rev-2
ICC,4,19,2137,14400,1,0,0,0,0,0,rev-6
ICC,4,20,2137,14400,1,0,0,0,0,0,rev-5
ICC,4,20,2137,14400,1,0,0,0,0,0,rev-6
ICC,4,20,2137,14400,1,1,1,0,0,0,rev-4
ICC,4,20,2137,14400,1,0,0,0,0,0,rev-6
ICC,4,20,2137,14400,1,0,0,0,0,0,rev-2
ICC,4,20,2137,14400,1,0,0,0,0,0,rev-4
ICC,4,20,2137,14400,1,0,0,0,0,0,rev-4
ICC,4,20,2137,14400,1,0,0,0,0,0,rev-2
ICC,4,20,2137,14400,1,0,0,0,0,0,rev-3
ICC,4,20,2137,14400,1,0,0,0,0,0,rev-6
ICC,4,21,2137,14400,1,0,0,0,0,0,rev-3
ICC,4,21,2137,14400,1,1,0,1,0.958,0.924,rev-6
ICC,4,21,2137,14400,1,0,1,0,0,0,rev-6
ICC,4,21,2137,14400,1,0,0,0,0,0,rev-5
ICC,4,21,2137,14400,1,0,0,0,0,0,rev-4
ICC,4,21,2137,14400,1,0,0,0,0,0,rev-3
ICC,4,21,2137,14400,1,1,0,1,0.519,0.94,rev-1
ICC,4,21,2137,14400,1,0,0,0,0,0,rev-4
ICC,4,21,2137,14400,1,1,0,1,0.931,0.975,rev-1
ICC,4,21,2137,14400,1,0,0,0,0,0,rev-5
ICC,4,22,2137,14400,1,1,0,1,0.774,0.708,rev-3
ICC,4,22,2137,14400,1,0,0,0,0,0,rev-4
ICC,4,22,2137,14400,1,1,0,1,0.909,0.836,rev-4
ICC,4,22,2137,14400,1,0,0,0,0,0,rev-6
ICC,4,22,2137,14400,1,0,0,0,0,0,rev-4
ICC,4,22,2137,14400,1,0,0,0,0,0,rev-3
ICC,4,22,2137,14400,1,0,0,0,0,0,rev-6
ICC,4,22,2137,14400,1,0,0,0,0,0,rev-2
ICC,4,22,2137,14400,1,0,1,0,0,0,rev-4
ICC,4,22,2137,14400,1,0,0,0,0,0,rev-6
ICC,4,23,2137,14400,1,0,0,0,0,0,rev-1
ICC,4,23,2137,14400,1,0,0,0,0,0,rev-2
ICC,4,23,2137,14400,1,0,0,0,0,0,rev-6
ICC,4,23,2137,14400,1,0,0,0,0,0,rev-1
ICC,4,23,2137,14400,1,0,0,0,0,0,rev-4
ICC,4,23,2137,14400,1,0,0,0,0,0,rev-4
ICC,4,23,2137,14400,1,1,0,1,0.494,0.6,rev-6
ICC,4,23,2137,14400,1,0,0,0,0,0,rev-2
ICC,4,23,2137,14400,1,1,0,1,0.535,0.674,rev-3
ICC,4,23,2137,14400,1,1,0,1,0.626,0.703,rev-2
ICC,5,0,2137,14400,1,0,0,0,0,0,rev-1
ICC,5,0,2137,14400,1,0,0,0,0,0,rev-4
ICC,5,0,2137,14400,1,0,0,0,0,0,rev-3
ICC,5,0,2137,14400,1,0,0,0,0,0,rev-4
ICC,5,0,2137,14400,1,0,1,0,0,0,rev-5
ICC,5,0,2137,14400,1,0,0,0,0,0,rev-2
ICC,5,0,2137,14400,1,0,0,0,0,0,rev-5
ICC,5,0,2137,14400,1,0,0,0,0,0,rev-1
ICC,5,0,2137,14400,1,1,0,1,0.693,0.766,rev-2
ICC,5,0,2137,14400,1,0,0,0,0,0,rev-1
ICC,5,1,2137,14400,1,1,1,0,0,0,rev-1
ICC,5,1,2137,14400,1,1,1,0,0,0,rev-6
ICC,5,1,2137,14400,1,1,0,1,0.432,0.61,rev-4
ICC,5,1,2137,14400,1,0,0,0,0,0,rev-5
ICC,5,1,2137,14400,1,1,0,1,0.697,0.864,rev-6
ICC,5,1,2137,14400,1,0,0,0,0,0,rev-4
ICC,5,1,2137,14400,1,1,0,1,0.826,0.928,rev-3
ICC,5,1,2137,14400,1,0,0,0,0,0,rev-1
ICC,5,1,2137,14400,1,0,0,0,0,0,rev-6
ICC,5,1,2137,14400,1,0,0,0,0,0,rev-1
ICC,5,2,2137,14400,1,1,0,1,0.462,0.857,rev-6
ICC,5,2,2137,14400,1,1,0,1,0.833,0.697,rev-6
ICC,5,2,2137,14400,1,1,0,1,0.974,0.859,rev-1
ICC,5,2,2137,14400,1,1,0,1,0.421,0.839,rev-1
ICC,5,2,2137,14400,1,0,0,0,0,0,rev-4
ICC,5,2,2137,14400,1,1,0,1,0.914,0.72,rev-5
ICC,5,2,2137,14400,1,0,0,0,0,0,rev-5
ICC,5,2,2137,14400,1,0,0,0,0,0,rev-3
ICC,5,2,2137,14400,1,0,0,0,0,0,rev-3
ICC,5,2,2137,14400,1,1,0,1,0.46,0.704,rev-6
ICC,5,3,2137,14400,1,1,1,0,0,0,rev-4
ICC,5,3,2137,14400,1,0,0,0,0,0,rev-6
ICC,5,3,2137,14400,1,1,0,1,0.621,0.887,rev-3
ICC,5,3,2137,14400,1,1,0,1,0.402,0.614,rev-5
ICC,5,3,2137,14400,1,0,0,0,0,0,rev-3
ICC,5,3,2137,14400,1,1,0,1,0.7,0.693,rev-5
ICC,5,3,2137,14400,1,1,0,1,0.999,0.536,rev-5
ICC,5,3,2137,14400,1,0,0,0,0,0,rev-5
ICC,5,3,2137,14400,1,1,0,1,0.965,0.762,rev-1
ICC,5,3,2137,14400,1,0,0,0,0,0,rev-2
ICC,5,4,2137,14400,1,0,0,0,0,0,rev-6
ICC,5,4,2137,14400,1,1,0,1,0.528,0.575,rev-2
ICC,5,4,2137,14400,1,1,1,0,0,0,rev-2
ICC,5,4,2137,14400,1,0,0,0,0,0,rev-6
ICC,5,4,2137,14400,1,0,0,0,0,0,rev-5
ICC,5,4,2137,14400,1,0,0,0,0,0,rev-1
ICC,5,4,2137,14400,1,0,0,0,0,0,rev-1
ICC,5,4,2137,14400,1,0,0,0,0,0,rev-4
ICC,5,4,2137,14400,1,0,0,0,0,0,rev-6
ICC,5,4,2137,14400,1,0,0,0,0,0,rev-3
ICC,5,5,2137,14400,1,0,0,0,0,0,rev-4
ICC,5,5,2137,14400,1,1,0,1,0.578,0.856,rev-6
ICC,5,5,2137,14400,1,0,0,0,0,0,rev-4
ICC,5,5,2137,14400,1,1,0,1,0.811,0.667,rev-3
ICC,5,5,2137,14400,1,0,0,0,0,0,rev-5
ICC,5,5,2137,14400,1,0,0,0,0,0,rev-6
ICC,5,5,2137,14400,1,0,0,0,0,0,rev-1
ICC,5,5,2137,14400,1,0,0,0,0,0,rev-1
ICC,5,5,2137,14400,1,0,0,0,0,0,rev-3
ICC,5,5,2137,14400,1,1,0,1,0.814,0.664,rev-3
ICC,5,6,2137,14400,1,1,0,1,0.596,0.807,rev-5
ICC,5,6,2137,14400,1,1,0,1,0.634,0.803,rev-3
ICC,5,6,2137,14400,1,0,0,0,0,0,rev-4
ICC,5,6,2137,14400,1,0,0,0,0,0,rev-2
ICC,5,6,2137,14400,1,1,0,1,0.97,0.675,rev-5
ICC,5,6,2137,14400,1,1,0,1,0.931,0.986,rev-3
ICC,5,6,2137,14400,1,0,0,0,0,0,rev-6
ICC,5,6,2137,14400,1,0,0,0,0,0,rev-4
ICC,5,6,2137,14400,1,1,0,1,0.661,0.647,rev-1
ICC,5,6,2137,14400,1,0,0,0,0,0,rev-4
ICC,5,7,2137,14400,1,0,0,0,0,0,rev-3
ICC,5,7,2137,14400,1,0,0,0,0,0,rev-2
ICC,5,7,2137,14400,1,0,0,0,0,0,rev-2
ICC,5,7,2137,14400,1,1,0,1,0.684,0.536,rev-5
ICC,5,7,2137,14400,1,0,0,0,0,0,rev-5
ICC,5,7,2137,14400,1,1,0,1,0.935,0.83,rev-6
ICC,5,7,2137,14400,1,1,0,1,0.861,0.571,rev-6
ICC,5,7,2137,14400,1,1,0,1,0.413,0.953,rev-2
ICC,5,7,2137,14400,1,1,0,1,0.989,0.588,rev-6
ICC,5,7,2137,14400,1,0,0,0,0,0,rev-2
ICC,5,8,2137,14400,1,1,0,1,0.553,0.75,rev-1
ICC,5,8,2137,14400,1,0,0,0,0,0,rev-2
ICC,5,8,2137,14400,1,0,0,0,0,0,rev-4
ICC,5,8,2137,14400,1,0,0,0,0,0,rev-3
ICC,5,8,2137,14400,1,0,0,0,0,0,rev-2
ICC,5,8,2137,14400,1,0,0,0,0,0,rev-5
ICC,5,8,2137,14400,1,0,0,0,0,0,rev-4
ICC,5,8,2137,14400,1,0,0,0,0,0,rev-1
ICC,5,8,2137,14400,1,0,0,0,0,0,rev-5
ICC,5,8,2137,14400,1,1,1,0,0,0,rev-1
ICC,5,9,2137,14400,1,0,0,0,0,0,rev-4
ICC,5,9,2137,14400,1,1,0,1,0.423,0.94,rev-2
ICC,5,9,2137,14400,1,0,0,0,0,0,rev-3
ICC,5,9,2137,14400,1,0,0,0,0,0,rev-1
ICC,5,9,2137,14400,1,0,0,0,0,0,rev-5
ICC,5,9,2137,14400,1,1,0,1,0.583,0.608,rev-3
ICC,5,9,2137,14400,1,0,0,0,0,0,rev-2
ICC,5,9,2137,14400,1,0,0,0,0,0,rev-3
ICC,5,9,2137,14400,1,1,0,1,0.822,0.967,rev-6
ICC,5,9,2137,14400,1,0,0,0,0,0,rev-6
ICC,5,10,2137,14400,1,1,1,0,0,0,rev-4
ICC,5,10,2137,14400,1,0,0,0,0,0,rev-6
ICC,5,10,2137,14400,1,1,1,0,0,0,rev-5
ICC,5,10,2137,14400,1,1,0,1,0.437,0.5,rev-2
ICC,5,10,2137,14400,1,1,0,1,0.906,0.618,rev-2
ICC,5,10,2137,14400,1,0,0,0,0,0,rev-6
ICC,5,10,2137,14400,1,0,0,0,0,0,rev-3
ICC,5,10,2137,14400,1,1,0,1,0.611,0.974,rev-5
ICC,5,10,2137,14400,1,0,0,0,0,0,rev-6
ICC,5,10,2137,14400,1,1,0,1,0.519,0.892,rev-3
ICC,5,11,2137,14400,1,1,0,1,0.93,0.718,rev-5
ICC,5,11,2137,14400,1,0,0,0,0,0,rev-5
ICC,5,11,2137,14400,1,0,0,0,0,0,rev-1
ICC,5,11,2137,14400,1,1,0,1,0.962,0.523,rev-2
ICC,5,11,2137,14400,1,1,1,0,0,0,rev-3
ICC,5,11,2137,14400,1,0,0,0,0,0,rev-4
ICC,5,11,2137,14400,1,0,0,0,0,0,rev-4
ICC,5,11,2137,14400,1,0,0,0,0,0,rev-2
ICC,5,11,2137,14400,1,0,0,0,0,0,rev-2
ICC,5,11,2137,14400,1,1,0,1,0.5,0.547,rev-3
ICC,5,12,2137,14400,1,0,0,0,0,0,rev-2
ICC,5,12,2137,14400,1,0,0,0,0,0,rev-6
ICC,5,12,2137,14400,1,0,1,0,0,0,rev-1
ICC,5,12,2137,14400,1,1,0,1,0.793,0.959,rev-1
ICC,5,12,2137,14400,1,1,0,1,0.528,0.619,rev-5
ICC,5,12,2137,14400,1,0,0,0,0,0,rev-5
ICC,5,12,2137,14400,1,0,0,0,0,0,rev-5
ICC,5,12,2137,14400,1,0,0,0,0,0,rev-5
ICC,5,12,2137,14400,1,1,0,1,0.991,0.727,rev-5
ICC,5,12,2137,14400,1,0,0,0,0,0,rev-3
ICC,5,13,2137,14400,1,1,0,1,0.962,0.52,rev-4
ICC,5,13,2137,14400,1,1,0,1,0.938,0.633,rev-3
ICC,5,13,2137,14400,1,0,0,0,0,0,rev-3
ICC,5,13,2137,14400,1,1,0,1,0.866,0.873,rev-4
ICC,5,13,2137,14400,1,1,0,1,0.561,0.926,rev-3
ICC,5,13,2137,14400,1,1,1,0,0,0,rev-1
ICC,5,13,2137,14400,1,0,0,0,0,0,rev-5
ICC,5,13,2137,14400,1,1,0,1,0.441,0.831,rev-4
ICC,5,13,2137,14400,1,1,0,1,0.796,0.803,rev-5
ICC,5,13,2137,14400,1,1,0,1,0.436,0.638,rev-1
ICC,5,14,2137,14400,1,0,0,0,0,0,rev-4
ICC,5,14,2137,14400,1,1,0,1,0.681,0.669,rev-2
ICC,5,14,2137,14400,1,1,0,1,0.661,0.804,rev-6
ICC,5,14,2137,14400,1,0,0,0,0,0,rev-4
ICC,5,14,2137,14400,1,1,0,1,0.788,0.501,rev-5
ICC,5,14,2137,14400,1,0,0,0,0,0,rev-2
ICC,5,14,2137,14400,1,1,0,1,0.41,0.762,rev-1
ICC,5,14,2137,14400,1,0,0,0,0,0,rev-2
ICC,5,14,2137,14400,1,0,0,0,0,0,rev-4
ICC,5,14,2137,14400,1,1,1,0,0,0,rev-4
ICC,5,15,2137,14400,1,0,0,0,0,0,rev-1
ICC,5,15,2137,14400,1,0,0,0,0,0,rev-4
ICC,5,15,2137,14400,1,1,0,1,0.611,0.839,rev-5
ICC,5,15,2137,14400,1,0,0,0,0,0,rev-5
ICC,5,15,2137,14400,1,0,0,0,0,0,rev-6
ICC,5,15,2137,14400,1,1,0,1,0.626,0.775,rev-1
ICC,5,15,2137,14400,1,0,1,0,0,0,rev-4
ICC,5,15,2137,14400,1,1,0,1,0.734,0.687,rev-5
ICC,5,15,2137,14400,1,1,1,0,0,0,rev-5
ICC,5,15,2137,14400,1,0,0,0,0,0,rev-5
ICC,5,16,2137,14400,1,1,0,1,0.727,0.947,rev-5
ICC,5,16,2137,14400,1,0,0,0,0,0,rev-4
ICC,5,16,2137,14400,1,0,0,0,0,0,rev-6
ICC,5,16,2137,14400,1,0,0,0,0,0,rev-4
ICC,5,16,2137,14400,1,0,0,0,0,0,rev-2
ICC,5,16,2137,14400,1,1,0,1,0.835,0.939,rev-6
ICC,5,16,2137,14400,1,0,0,0,0,0,rev-1
ICC,5,16,2137,14400,1,0,0,0,0,0,rev-4
ICC,5,16,2137,14400,1,0,0,0,0,0,rev-1
ICC,5,16,2137,14400,1,1,1,0,0,0,rev-2
ICC,5,17,2137,14400,1,0,0,0,0,0,rev-6
ICC,5,17,2137,14400,1,0,0,0,0,0,rev-2
ICC,5,17,2137,14400,1,1,0,1,0.878,0.705,rev-3
ICC,5,17,2137,14400,1,1,0,1,0.803,0.78,rev-4
ICC,5,17,2137,14400,1,0,0,0,0,0,rev-1
ICC,5,17,2137,14400,1,0,0,0,0,0,rev-2
ICC,5,17,2137,14400,1,0,0,0,0,0,rev-5
ICC,5,17,2137,14400,1,0,0,0,0,0,rev-2
ICC,5,17,2137,14400,1,0,0,0,0,0,rev-6
ICC,5,17,2137,14400,1,0,0,0,0,0,rev-4
ICC,5,18,2137,14400,1,0,0,0,0,0,rev-4
ICC,5,18,2137,14400,1,0,0,0,0,0,rev-1
ICC,5,18,2137,14400,1,0,0,0,0,0,rev-1
ICC,5,18,2137,14400,1,1,0,1,0.88,0.861,rev-3
ICC,5,18,2137,14400,1,0,0,0,0,0,rev-1
ICC,5,18,2137,14400,1,0,0,0,0,0,rev-1
ICC,5,18,2137,14400,1,0,0,0,0,0,rev-1
ICC,5,18,2137,14400,1,0,1,0,0,0,rev-1
ICC,5,18,2137,14400,1,0,0,0,0,0,rev-4
ICC,5,18,2137,14400,1,0,0,0,0,0,rev-4
ICC,5,19,2137,14400,1,0,0,0,0,0,rev-5
ICC,5,19,2137,14400,1,1,0,1,0.865,0.772,rev-2
ICC,5,19,2137,14400,1,0,0,0,0,0,rev-2
ICC,5,19,2137,14400,1,0,0,0,0,0,rev-4
ICC,5,19,2137,14400,1,0,0,0,0,0,rev-2
ICC,5,19,2137,14400,1,0,0,0,0,0,rev-5
ICC,5,19,2137,14400,1,0,0,0,0,0,rev-2
ICC,5,19,2137,14400,1,1,0,1,0.666,0.936,rev-2
ICC,5,19,2137,14400,1,1,0,1,0.472,0.894,rev-4
ICC,5,19,2137,14400,1,1,0,1,0.9,0.629,rev-5
ICC,5,20,2137,14400,1,1,0,1,0.487,0.623,rev-4
ICC,5,20,2137,14400,1,0,0,0,0,0,rev-6
ICC,5,20,2137,14400,1,0,0,0,0,0,rev-1
ICC,5,20,2137,14400,1,1,0,1,0.581,0.902,rev-5
ICC,5,20,2137,14400,1,0,0,0,0,0,rev-2
ICC,5,20,2137,14400,1,1,0,1,0.416,0.653,rev-6
ICC,5,20,2137,14400,1,0,0,0,0,0,rev-5
ICC,5,20,2137,14400,1,1,0,1,0.878,0.904,rev-3
ICC,5,20,2137,14400,1,1,0,1,0.848,0.581,rev-1
ICC,5,20,2137,14400,1,1,0,1,0.974,0.902,rev-5
ICC,5,21,2137,14400,1,1,0,1,0.666,0.77,rev-6
ICC,5,21,2137,14400,1,1,0,1,0.932,0.567,rev-4
ICC,5,21,2137,14400,1,1,0,1,0.987,0.695,rev-6
ICC,5,21,2137,14400,1,0,0,0,0,0,rev-5
ICC,5,21,2137,14400,1,0,0,0,0,0,rev-4
ICC,5,21,2137,14400,1,0,0,0,0,0,rev-6
ICC,5,21,2137,14400,1,1,0,1,0.699,0.62,rev-4
ICC,5,21,2137,14400,1,0,0,0,0,0,rev-3
ICC,5,21,2137,14400,1,0,0,0,0,0,rev-1
ICC,5,21,2137,14400,1,0,0,0,0,0,rev-1
ICC,5,22,2137,14400,1,0,1,0,0,0,rev-5
ICC,5,22,2137,14400,1,0,0,0,0,0,rev-1
ICC,5,22,2137,14400,1,0,1,0,0,0,rev-2
ICC,5,22,2137,14400,1,1,0,1,0.991,0.675,rev-1
ICC,5,22,2137,14400,1,1,1,0,0,0,rev-5
ICC,5,22,2137,14400,1,0,0,0,0,0,rev-1
ICC,5,22,2137,14400,1,1,0,1,0.651,0.931,rev-5
ICC,5,22,2137,14400,1,0,0,0,0,0,rev-6
ICC,5,22,2137,14400,1,1,0,1,0.587,0.876,rev-1
ICC,5,22,2137,14400,1,1,0,1,0.603,0.705,rev-3
ICC,5,23,2137,14400,1,0,0,0,0,0,rev-5
ICC,5,23,2137,14400,1,0,0,0,0,0,rev-4
ICC,5,23,2137,14400,1,1,0,1,0.472,0.573,rev-3
ICC,5,23,2137,14400,1,0,0,0,0,0,rev-6
ICC,5,23,2137,14400,1,0,0,0,0,0,rev-4
ICC,5,23,2137,14400,1,0,0,0,0,0,rev-6
ICC,5,23,2137,14400,1,0,0,0,0,0,rev-4
ICC,5,23,2137,14400,1,1,0,1,0.843,0.887,rev-2
ICC,5,23,2137,14400,1,0,0,0,0,0,rev-2
ICC,6,0,2137,14400,1,0,0,0,0,0,rev-4
ICC,6,0,2137,14400,1,0,0,0,0,0,rev-3
ICC,6,0,2137,14400,1,0,0,0,0,0,rev-4
ICC,6,0,2137,14400,1,0,0,0,0,0,rev-4
ICC,6,0,2137,14400,1,0,0,0,0,0,rev-3
ICC,6,0,2137,14400,1,1,0,1,0.779,0.507,rev-2
ICC,6,0,2137,14400,1,0,0,0,0,0,rev-5
ICC,6,0,2137,14400,1,1,1,0,0,0,rev-2
ICC,6,0,2137,14400,1,0,0,0,0,0,rev-1
ICC,6,1,2137,14400,1,1,1,0,0,0,rev-2
ICC,6,1,2137,14400,1,1,0,1,0.699,0.511,rev-4
ICC,6,1,2137,14400,1,1,0,1,0.992,0.972,rev-2
ICC,6,1,2137,14400,1,0,0,0,0,0,rev-4
ICC,6,1,2137,14400,1,0,0,0,0,0,rev-1
ICC,6,1,2137,14400,1,0,0,0,0,0,rev-1
ICC,6,1,2137,14400,1,0,0,0,0,0,rev-2
ICC,6,1,2137,14400,1,1,1,0,0,0,rev-3
ICC,6,1,2137,14400,1,1,0,1,0.539,0.739,rev-6
ICC,6,2,2137,14400,1,0,0,0,0,0,rev-5
ICC,6,2,2137,14400,1,0,0,0,0,0,rev-2
ICC,6,2,2137,14400,1,1,0,1,0.558,0.831,rev-6
ICC,6,2,2137,14400,1,0,0,0,0,0,rev-1
ICC,6,2,2137,14400,1,0,0,0,0,0,rev-2
ICC,6,2,2137,14400,1,0,0,0,0,0,rev-4
ICC,6,2,2137,14400,1,1,1,0,0,0,rev-1
ICC,6,2,2137,14400,1,0,0,0,0,0,rev-1
ICC,6,2,2137,14400,1,0,0,0,0,0,rev-5
ICC,6,3,2137,14400,1,1,0,1,0.694,0.516,rev-1
ICC,6,3,2137,14400,1,0,0,0,0,0,rev-1
ICC,6,3,2137,14400,1,1,0,1,0.614,0.573,rev-6
ICC,6,3,2137,14400,1,0,0,0,0,0,rev-2
ICC,6,3,2137,14400,1,0,0,0,0,0,rev-2
ICC,6,3,2137,14400,1,0,0,0,0,0,rev-6
ICC,6,3,2137,14400,1,1,0,1,0.447,0.569,rev-1
ICC,6,3,2137,14400,1,1,0,1,0.828,0.752,rev-4
ICC,6,3,2137,14400,1,1,0,1,0.647,0.694,rev-1
ICC,6,4,2137,14400,1,0,0,0,0,0,rev-5
ICC,6,4,2137,14400,1,0,0,0,0,0,rev-4
ICC,6,4,2137,14400,1,0,0,0,0,0,rev-4
ICC,6,4,2137,14400,1,0,0,0,0,0,rev-2
ICC,6,4,2137,14400,1,0,0,0,0,0,rev-1
ICC,6,4,2137,14400,1,1,0,1,0.95,0.684,rev-3
ICC,6,4,2137,14400,1,0,0,0,0,0,rev-2
ICC,6,4,2137,14400,1,0,0,0,0,0,rev-3
ICC,6,4,2137,14400,1,0,1,0,0,0,rev-2
ICC,6,5,2137,14400,1,0,0,0,0,0,rev-2
ICC,6,5,2137,14400,1,0,0,0,0,0,rev-6
ICC,6,5,2137,14400,1,0,0,0,0,0,rev-6
ICC,6,5,2137,14400,1,0,0,0,0,0,rev-5
ICC,6,5,2137,14400,1,0,0,0,0,0,rev-6
ICC,6,5,2137,14400,1,0,0,0,0,0,rev-4
ICC,6,5,2137,14400,1,0,0,0,0,0,rev-1
ICC,6,5,2137,14400,1,1,0,1,0.476,0.924,rev-2
ICC,6,5,2137,14400,1,0,0,0,0,0,rev-1
ICC,6,6,2137,14400,1,1,0,1,0.717,0.562,rev-5
ICC,6,6,2137,14400,1,0,0,0,0,0,rev-6
ICC,6,6,2137,14400,1,1,0,1,0.464,0.783,rev-1
ICC,6,6,2137,14400,1,1,0,1,0.483,0.906,rev-3
ICC,6,6,2137,14400,1,1,0,1,0.88,0.528,rev-5
ICC,6,6,2137,14400,1,0,0,0,0,0,rev-3
ICC,6,6,2137,14400,1,1,0,1,0.846,0.657,rev-3
ICC,6,6,2137,14400,1,1,0,1,0.743,0.779,rev-6
ICC,6,6,2137,14400,1,0,0,0,0,0,rev-5
ICC,6,7,2137,14400,1,1,0,1,0.978,0.546,rev-5
ICC,6,7,2137,14400,1,0,0,0,0,0,rev-6
ICC,6,7,2137,14400,1,0,0,0,0,0,rev-4
ICC,6,7,2137,14400,1,0,0,0,0,0,rev-6
ICC,6,7,2137,14400,1,0,0,0,0,0,rev-3
ICC,6,7,2137,14400,1,0,0,0,0,0,rev-6
ICC,6,7,2137,14400,1,0,0,0,0,0,rev-4
ICC,6,7,2137,14400,1,0,1,0,0,0,rev-1
ICC,6,7,2137,14400,1,1,1,0,0,0,rev-3
ICC,6,8,2137,14400,1,1,0,1,0.879,0.806,rev-1
ICC,6,8,2137,14400,1,1,0,1,0.51,0.897,rev-2
ICC,6,8,2137,14400,1,1,0,1,0.498,0.964,rev-2
ICC,6,8,2137,14400,1,0,0,0,0,0,rev-2
ICC,6,8,2137,14400,1,0,0,0,0,0,rev-2
ICC,6,8,2137,14400,1,1,0,1,0.937,0.788,rev-3
ICC,6,8,2137,14400,1,0,0,0,0,0,rev-4
ICC,6,8,2137,14400,1,0,0,0,0,0,rev-6
ICC,6,8,2137,14400,1,0,0,0,0,0,rev-6
ICC,6,9,2137,14400,1,1,0,1,0.536,0.801,rev-1
ICC,6,9,2137,14400,1,1,1,0,0,0,rev-3
ICC,6,9,2137,14400,1,0,0,0,0,0,rev-3
ICC,6,9,2137,14400,1,0,0,0,0,0,rev-1
ICC,6,9,2137,14400,1,1,0,1,0.668,0.666,rev-2
ICC,6,9,2137,14400,1,0,0,0,0,0,rev-1
ICC,6,9,2137,14400,1,0,0,0,0,0,rev-3
ICC,6,9,2137,14400,1,1,1,0,0,0,rev-1
ICC,6,9,2137,14400,1,0,0,0,0,0,rev-2
ICC,6,10,2137,14400,1,1,0,1,0.864,0.779,rev-5
ICC,6,10,2137,14400,1,0,1,0,0,0,rev-6
ICC,6,10,2137,14400,1,0,0,0,0,0,rev-3
ICC,6,10,2137,14400,1,1,0,1,0.711,0.99,rev-5
ICC,6,10,2137,14400,1,1,0,1,0.965,0.95,rev-1
ICC,6,10,2137,14400,1,1,1,0,0,0,rev-2
ICC,6,10,2137,14400,1,0,0,0,0,0,rev-3
ICC,6,10,2137,14400,1,1,0,1,0.904,0.945,rev-6
ICC,6,10,2137,14400,1,0,0,0,0,0,rev-3
ICC,6,11,2137,14400,1,1,0,1,0.429,0.618,rev-2
ICC,6,11,2137,14400,1,1,1,0,0,0,rev-3
ICC,6,11,2137,14400,1,0,0,0,0,0,rev-4
ICC,6,11,2137,14400,1,0,0,0,0,0,rev-2
ICC,6,11,2137,14400,1,0,0,0,0,0,rev-5
ICC,6,11,2137,14400,1,0,0,0,0,0,rev-1
ICC,6,11,2137,14400,1,1,0,1,0.494,0.921,rev-6
ICC,6,11,2137,14400,1,1,0,1,0.918,0.829,rev-2
ICC,6,11,2137,14400,1,0,0,0,0,0,rev-5
ICC,6,12,2137,14400,1,0,0,0,0,0,rev-2
ICC,6,12,2137,14400,1,1,0,1,0.662,0.733,rev-6
ICC,6,12,2137,14400,1,0,0,0,0,0,rev-3
ICC,6,12,2137,14400,1,0,1,0,0,0,rev-2
ICC,6,12,2137,14400,1,1,0,1,0.908,0.712,rev-5
ICC,6,12,2137,14400,1,0,0,0,0,0,rev-6
ICC,6,12,2137,14400,1,0,0,0,0,0,rev-3
ICC,6,12,2137,14400,1,0,0,0,0,0,rev-2
ICC,6,12,2137,14400,1,0,0,0,0,0,rev-6
ICC,6,13,2137,14400,1,0,0,0,0,0,rev-2
ICC,6,13,2137,14400,1,0,0,0,0,0,rev-5
ICC,6,13,2137,14400,1,0,0,0,0,0,rev-6
ICC,6,13,2137,14400,1,0,0,0,0,0,rev-1
ICC,6,13,2137,14400,1,1,0,1,0.764,0.897,rev-5
ICC,6,13,2137,14400,1,0,0,0,0,0,rev-3
ICC,6,13,2137,14400,1,1,0,1,0.633,0.811,rev-1
ICC,6,13,2137,14400,1,0,0,0,0,0,rev-2
ICC,6,13,2137,14400,1,0,0,0,0,0,rev-4
ICC,6,14,2137,14400,1,0,0,0,0,0,rev-2
ICC,6,14,2137,14400,1,0,1,0,0,0,rev-4
ICC,6,14,2137,14400,1,0,0,0,0,0,rev-5
ICC,6,14,2137,14400,1,1,0,1,0.545,0.928,rev-4
ICC,6,14,2137,14400,1,1,0,1,0.494,0.922,rev-2
ICC,6,14,2137,14400,1,0,0,0,0,0,rev-2
ICC,6,14,2137,14400,1,1,0,1,0.761,0.907,rev-4
ICC,6,14,2137,14400,1,0,0,0,0,0,rev-2
ICC,6,14,2137,14400,1,1,0,1,0.63,0.777,rev-5
ICC,6,15,2137,14400,1,0,0,0,0,0,rev-4
ICC,6,15,2137,14400,1,1,0,1,0.48,0.529,rev-3
ICC,6,15,2137,14400,1,1,0,1,0.565,0.638,rev-6
ICC,6,15,2137,14400,1,0,0,0,0,0,rev-6
ICC,6,15,2137,14400,1,1,1,0,0,0,rev-6
ICC,6,15,2137,14400,1,1,0,1,0.517,0.608,rev-2
ICC,6,15,2137,14400,1,0,1,0,0,0,rev-4
ICC,6,15,2137,14400,1,1,0,1,0.971,0.535,rev-5
ICC,6,15,2137,14400,1,0,0,0,0,0,rev-6
ICC,6,16,2137,14400,1,0,0,0,0,0,rev-6
ICC,6,16,2137,14400,1,0,0,0,0,0,rev-2
ICC,6,16,2137,14400,1,1,0,1,0.98,0.936,rev-3
ICC,6,16,2137,14400,1,0,0,0,0,0,rev-5
ICC,6,16,2137,14400,1,0,0,0,0,0,rev-3
ICC,6,16,2137,14400,1,0,0,0,0,0,rev-5
ICC,6,16,2137,14400,1,1,0,1,0.588,0.913,rev-4
ICC,6,16,2137,14400,1,1,0,1,0.55,0.758,rev-6
ICC,6,16,2137,14400,1,1,1,0,0,0,rev-6
ICC,6,17,2137,14400,1,0,0,0,0,0,rev-1
ICC,6,17,2137,14400,1,0,0,0,0,0,rev-6
ICC,6,17,2137,14400,1,1,0,1,0.92,0.819,rev-5
ICC,6,17,2137,14400,1,0,0,0,0,0,rev-1
ICC,6,17,2137,14400,1,0,0,0,0,0,rev-3
ICC,6,17,2137,14400,1,0,0,0,0,0,rev-4
ICC,6,17,2137,14400,1,1,1,0,0,0,rev-3
ICC,6,17,2137,14400,1,0,0,0,0,0,rev-1
ICC,6,17,2137,14400,1,0,0,0,0,0,rev-4
ICC,6,18,2137,14400,1,0,0,0,0,0,rev-2
ICC,6,18,2137,14400,1,1,0,1,0.649,0.909,rev-1
ICC,6,18,2137,14400,1,0,0,0,0,0,rev-1
ICC,6,18,2137,14400,1,0,0,0,0,0,rev-4
ICC,6,18,2137,14400,1,0,0,0,0,0,rev-5
ICC,6,18,2137,14400,1,1,0,1,0.986,0.828,rev-2
ICC,6,18,2137,14400,1,0,0,0,0,0,rev-2
ICC,6,18,2137,14400,1,0,0,0,0,0,rev-2
ICC,6,18,2137,14400,1,0,0,0,0,0,rev-6
ICC,6,19,2137,14400,1,0,0,0,0,0,rev-6
ICC,6,19,2137,14400,1,1,0,1,0.454,0.806,rev-4
ICC,6,19,2137,14400,1,1,1,0,0,0,rev-6
ICC,6,19,2137,14400,1,1,0,1,0.986,0.626,rev-4
ICC,6,19,2137,14400,1,1,0,1,0.555,0.848,rev-2
ICC,6,19,2137,14400,1,1,0,1,0.669,0.976,rev-2
ICC,6,19,2137,14400,1,0,0,0,0,0,rev-1
ICC,6,19,2137,14400,1,0,0,0,0,0,rev-1
ICC,6,19,2137,14400,1,0,0,0,0,0,rev-5
ICC,6,20,2137,14400,1,1,0,1,0.942,0.529,rev-2
ICC,6,20,2137,14400,1,0,0,0,0,0,rev-4
ICC,6,20,2137,14400,1,0,0,0,0,0,rev-1
ICC,6,20,2137,14400,1,0,0,0,0,0,rev-5
ICC,6,20,2137,14400,1,0,0,0,0,0,rev-5
ICC,6,20,2137,14400,1,1,0,1,0.592,0.745,rev-4
ICC,6,20,2137,14400,1,0,0,0,0,0,rev-4
ICC,6,20,2137,14400,1,0,0,0,0,0,rev-5
ICC,6,20,2137,14400,1,1,1,0,0,0,rev-2
ICC,6,21,2137,14400,1,1,0,1,0.747,0.678,rev-5
ICC,6,21,2137,14400,1,1,0,1,0.663,0.955,rev-1
ICC,6,21,2137,14400,1,0,0,0,0,0,rev-2
ICC,6,21,2137,14400,1,0,0,0,0,0,rev-3
ICC,6,21,2137,14400,1,0,0,0,0,0,rev-5
ICC,6,21,2137,14400,1,0,0,0,0,0,rev-5
ICC,6,21,2137,14400,1,0,0,0,0,0,rev-6
ICC,6,21,2137,14400,1,1,0,1,0.896,0.982,rev-3
ICC,6,21,2137,14400,1,1,0,1,0.887,0.878,rev-1
ICC,6,22,2137,14400,1,1,0,1,0.881,0.553,rev-6
ICC,6,22,2137,14400,1,0,0,0,0,0,rev-5
ICC,6,22,2137,14400,1,0,0,0,0,0,rev-3
ICC,6,22,2137,14400,1,1,0,1,0.743,0.911,rev-6
ICC,6,22,2137,14400,1,1,0,1,0.444,0.919,rev-5
ICC,6,22,2137,14400,1,0,0,0,0,0,rev-5
ICC,6,22,2137,14400,1,0,0,0,0,0,rev-3
ICC,6,22,2137,14400,1,0,0,0,0,0,rev-6
ICC,6,22,2137,14400,1,1,0,1,0.569,0.728,rev-2
ICC,6,23,2137,14400,1,0,0,0,0,0,rev-1
ICC,6,23,2137,14400,1,1,1,0,0,0,rev-6
ICC,6,23,2137,14400,1,0,0,0,0,0,rev-4
ICC,6,23,2137,14400,1,1,0,1,0.928,0.663,rev-2
ICC,6,23,2137,14400,1,0,0,0,0,0,rev-1
ICC,6,23,2137,14400,1,1,0,1,0.919,0.908,rev-4
ICC,6,23,2137,14400,1,0,0,0,0,0,rev-6
ICC,6,23,2137,14400,1,1,0,1,0.829,0.778,rev-3
ICC,6,23,2137,14400,1,0,1,0,0,0,rev-2
ICC,7,0,2137,14400,1,1,0,1,0.823,0.872,rev-3
ICC,7,0,2137,14400,1,0,0,0,0,0,rev-4
ICC,7,0,2137,14400,1,0,0,0,0,0,rev-5
ICC,7,0,2137,14400,1,1,0,1,0.495,0.763,rev-3
ICC,7,0,2137,14400,1,0,0,0,0,0,rev-1
ICC,7,0,2137,14400,1,0,0,0,0,0,rev-3
ICC,7,0,2137,14400,1,0,0,0,0,0,rev-2
ICC,7,0,2137,14400,1,1,0,1,0.985,0.989,rev-6
ICC,7,0,2137,14400,1,0,0,0,0,0,rev-2
ICC,7,1,2137,14400,1,1,0,1,0.497,0.666,rev-5
ICC,7,1,2137,14400,1,0,0,0,0,0,rev-3
ICC,7,1,2137,14400,1,1,1,0,0,0,rev-4
ICC,7,1,2137,14400,1,1,0,1,0.451,0.893,rev-3
ICC,7,1,2137,14400,1,0,0,0,0,0,rev-2
ICC,7,1,2137,14400,1,0,0,0,0,0,rev-2
ICC,7,1,2137,14400,1,0,0,0,0,0,rev-1
ICC,7,1,2137,14400,1,0,0,0,0,0,rev-1
ICC,7,1,2137,14400,1,1,0,1,0.612,0.765,rev-3
ICC,7,2,2137,14400,1,0,0,0,0,0,rev-3
ICC,7,2,2137,14400,1,1,0,1,0.899,0.722,rev-6
ICC,7,2,2137,14400,1,0,0,0,0,0,rev-3
ICC,7,2,2137,14400,1,0,0,0,0,0,rev-1
ICC,7,2,2137,14400,1,0,0,0,0,0,rev-6
ICC,7,2,2137,14400,1,0,0,0,0,0,rev-5
ICC,7,2,2137,14400,1,0,0,0,0,0,rev-3
ICC,7,2,2137,14400,1,0,0,0,0,0,rev-5
ICC,7,2,2137,14400,1,0,0,0,0,0,rev-6
ICC,7,3,2137,14400,1,1,0,1,0.443,0.509,rev-6
ICC,7,3,2137,14400,1,1,0,1,0.769,0.602,rev-1
ICC,7,3,2137,14400,1,0,0,0,0,0,rev-4
ICC,7,3,2137,14400,1,0,0,0,0,0,rev-1
ICC,7,3,2137,14400,1,1,1,0,0,0,rev-6
ICC,7,3,2137,14400,1,1,0,1,0.416,0.899,rev-4
ICC,7,3,2137,14400,1,0,0,0,0,0,rev-1
ICC,7,3,2137,14400,1,1,0,1,0.794,0.816,rev-6
ICC,7,3,2137,14400,1,0,0,0,0,0,rev-3
ICC,7,4,2137,14400,1,1,0,1,0.453,0.883,rev-2
ICC,7,4,2137,14400,1,0,0,0,0,0,rev-5
ICC,7,4,2137,14400,1,0,0,0,0,0,rev-1
ICC,7,4,2137,14400,1,0,0,0,0,0,rev-3
ICC,7,4,2137,14400,1,1,0,1,0.96,0.68,rev-5
ICC,7,4,2137,14400,1,1,0,1,0.61,0.55,rev-4
ICC,7,4,2137,14400,1,0,0,0,0,0,rev-1
ICC,7,4,2137,14400,1,1,0,1,0.602,0.819,rev-2
ICC,7,4,2137,14400,1,1,1,0,0,0,rev-4
ICC,7,5,2137,14400,1,0,0,0,0,0,rev-4
ICC,7,5,2137,14400,1,0,0,0,0,0,rev-3
ICC,7,5,2137,14400,1,1,0,1,0.646,0.66,rev-2
ICC,7,5,2137,14400,1,1,0,1,0.791,0.643,rev-3
ICC,7,5,2137,14400,1,0,0,0,0,0,rev-3
ICC,7,5,2137,14400,1,0,0,0,0,0,rev-4
ICC,7,5,2137,14400,1,1,0,1,0.57,0.776,rev-5
ICC,7,5,2137,14400,1,0,0,0,0,0,rev-1
ICC,7,5,2137,14400,1,0,0,0,0,0,rev-1
ICC,7,6,2137,14400,1,1,0,1,0.812,0.915,rev-3
ICC,7,6,2137,14400,1,1,0,1,0.999,0.829,rev-3
ICC,7,6,2137,14400,1,1,0,1,0.928,0.724,rev-3
ICC,7,6,2137,14400,1,1,1,0,0,0,rev-1
ICC,7,6,2137,14400,1,0,1,0,0,0,rev-4
ICC,7,6,2137,14400,1,1,0,1,0.953,0.613,rev-2
ICC,7,6,2137,14400,1,1,0,1,0.501,0.643,rev-4
ICC,7,6,2137,14400,1,1,1,0,0,0,rev-6
ICC,7,6,2137,14400,1,1,0,1,0.98,0.528,rev-1
ICC,7,7,2137,14400,1,1,0,1,0.825,0.943,rev-5
ICC,7,7,2137,14400,1,0,0,0,0,0,rev-2
ICC,7,7,2137,14400,1,0,0,0,0,0,rev-2
ICC,7,7,2137,14400,1,1,0,1,0.613,0.508,rev-6
ICC,7,7,2137,14400,1,0,0,0,0,0,rev-2
ICC,7,7,2137,14400,1,0,0,0,0,0,rev-5
ICC,7,7,2137,14400,1,1,1,0,0,0,rev-2
ICC,7,7,2137,14400,1,1,0,1,0.587,0.747,rev-3
ICC,7,7,2137,14400,1,1,0,1,0.752,0.707,rev-3
ICC,7,8,2137,14400,1,0,1,0,0,0,rev-6
ICC,7,8,2137,14400,1,0,0,0,0,0,rev-2
ICC,7,8,2137,14400,1,1,0,1,0.706,0.567,rev-3
ICC,7,8,2137,14400,1,0,0,0,0,0,rev-1
ICC,7,8,2137,14400,1,0,0,0,0,0,rev-1
ICC,7,8,2137,14400,1,1,0,1,0.82,0.877,rev-3
ICC,7,8,2137,14400,1,0,0,0,0,0,rev-5
ICC,7,8,2137,14400,1,1,0,1,0.543,0.77,rev-4
ICC,7,8,2137,14400,1,1,0,1,0.619,0.915,rev-5
ICC,7,9,2137,14400,1,0,0,0,0,0,rev-2
ICC,7,9,2137,14400,1,0,0,0,0,0,rev-1
ICC,7,9,2137,14400,1,0,0,0,0,0,rev-6
ICC,7,9,2137,14400,1,0,0,0,0,0,rev-6
ICC,7,9,2137,14400,1,0,0,0,0,0,rev-3
ICC,7,9,2137,14400,1,0,0,0,0,0,rev-6
ICC,7,9,2137,14400,1,0,0,0,0,0,rev-6
ICC,7,9,2137,14400,1,0,0,0,0,0,rev-5
ICC,7,9,2137,14400,1,1,0,1,0.74,0.967,rev-2
ICC,7,10,2137,14400,1,0,0,0,0,0,rev-1
ICC,7,10,2137,14400,1,0,0,0,0,0,rev-4
ICC,7,10,2137,14400,1,0,0,0,0,0,rev-2
ICC,7,10,2137,14400,1,0,1,0,0,0,rev-5
ICC,7,10,2137,14400,1,0,0,0,0,0,rev-1
ICC,7,10,2137,14400,1,0,0,0,0,0,rev-1
ICC,7,10,2137,14400,1,0,0,0,0,0,rev-6
ICC,7,10,2137,14400,1,0,0,0,0,0,rev-3
ICC,7,10,2137,14400,1,1,0,1,0.807,0.723,rev-1
ICC,7,11,2137,14400,1,0,0,0,0,0,rev-3
ICC,7,11,2137,14400,1,1,0,1,0.918,0.992,rev-6
ICC,7,11,2137,14400,1,1,0,1,0.962,0.535,rev-3
ICC,7,11,2137,14400,1,1,0,1,0.6,0.518,rev-3
ICC,7,11,2137,14400,1,0,0,0,0,0,rev-5
ICC,7,11,2137,14400,1,0,0,0,0,0,rev-5
ICC,7,11,2137,14400,1,0,0,0,0,0,rev-5
ICC,7,11,2137,14400,1,1,0,1,0.944,0.565,rev-5
ICC,7,11,2137,14400,1,0,0,0,0,0,rev-1
ICC,7,12,2137,14400,1,1,0,1,0.852,0.799,rev-6
ICC,7,12,2137,14400,1,1,0,1,0.76,0.801,rev-1
ICC,7,12,2137,14400,1,0,0,0,0,0,rev-6
ICC,7,12,2137,14400,1,1,0,1,0.943,0.66,rev-3
ICC,7,12,2137,14400,1,0,0,0,0,0,rev-2
ICC,7,12,2137,14400,1,0,0,0,0,0,rev-5
ICC,7,12,2137,14400,1,0,0,0,0,0,rev-5
ICC,7,12,2137,14400,1,0,0,0,0,0,rev-1
ICC,7,12,2137,14400,1,1,0,1,0.979,0.669,rev-5
ICC,7,13,2137,14400,1,0,0,0,0,0,rev-2
ICC,7,13,2137,14400,1,1,0,1,0.776,0.848,rev-4
ICC,7,13,2137,14400,1,0,0,0,0,0,rev-1
ICC,7,13,2137,14400,1,0,0,0,0,0,rev-4
ICC,7,13,2137,14400,1,1,0,1,0.748,0.865,rev-1
ICC,7,13,2137,14400,1,0,0,0,0,0,rev-2
ICC,7,13,2137,14400,1,1,0,1,0.858,0.72,rev-1
ICC,7,13,2137,14400,1,1,0,1,0.62,0.686,rev-1
ICC,7,13,2137,14400,1,0,0,0,0,0,rev-6
ICC,7,14,2137,14400,1,1,0,1,0.718,0.788,rev-6
ICC,7,14,2137,14400,1,0,0,0,0,0,rev-5
ICC,7,14,2137,14400,1,0,0,0,0,0,rev-3
ICC,7,14,2137,14400,1,0,0,0,0,0,rev-3
ICC,7,14,2137,14400,1,1,0,1,0.935,0.753,rev-3
ICC,7,14,2137,14400,1,1,0,1,0.629,0.586,rev-2
ICC,7,14,2137,14400,1,0,0,0,0,0,rev-1
ICC,7,14,2137,14400,1,0,0,0,0,0,rev-4
ICC,7,14,2137,14400,1,1,1,0,0,0,rev-4
ICC,7,15,2137,14400,1,1,0,1,0.712,0.715,rev-6
ICC,7,15,2137,14400,1,1,0,1,0.455,0.542,rev-3
ICC,7,15,2137,14400,1,0,0,0,0,0,rev-2
ICC,7,15,2137,14400,1,1,1,0,0,0,rev-4
ICC,7,15,2137,14400,1,1,0,1,0.625,0.676,rev-5
ICC,7,15,2137,14400,1,0,0,0,0,0,rev-2
ICC,7,15,2137,14400,1,1,0,1,0.412,0.949,rev-6
ICC,7,15,2137,14400,1,0,0,0,0,0,rev-3
ICC,7,15,2137,14400,1,0,0,0,0,0,rev-5
ICC,7,16,2137,14400,1,1,0,1,0.647,0.766,rev-2
ICC,7,16,2137,14400,1,1,0,1,0.96,0.61,rev-6
ICC,7,16,2137,14400,1,0,0,0,0,0,rev-1
ICC,7,16,2137,14400,1,0,0,0,0,0,rev-6
ICC,7,16,2137,14400,1,0,0,0,0,0,rev-2
ICC,7,16,2137,14400,1,1,0,1,0.624,0.754,rev-1
ICC,7,16,2137,14400,1,0,0,0,0,0,rev-5
ICC,7,16,2137,14400,1,0,0,0,0,0,rev-3
ICC,7,16,2137,14400,1,1,0,1,0.526,0.91,rev-4
ICC,7,17,2137,14400,1,0,0,0,0,0,rev-1
ICC,7,17,2137,14400,1,1,0,1,0.673,0.695,rev-2
ICC,7,17,2137,14400,1,0,0,0,0,0,rev-5
ICC,7,17,2137,14400,1,0,0,0,0,0,rev-6
ICC,7,17,2137,14400,1,1,0,1,0.971,0.652,rev-3
ICC,7,17,2137,14400,1,0,1,0,0,0,rev-3
ICC,7,17,2137,14400,1,1,0,1,0.92,0.649,rev-5
ICC,7,17,2137,14400,1,0,0,0,0,0,rev-1
ICC,7,17,2137,14400,1,1,1,0,0,0,rev-3
ICC,7,18,2137,14400,1,0,0,0,0,0,rev-2
ICC,7,18,2137,14400,1,0,0,0,0,0,rev-3
ICC,7,18,2137,14400,1,1,0,1,0.948,0.552,rev-6
ICC,7,18,2137,14400,1,1,0,1,0.887,0.629,rev-1
ICC,7,18,2137,14400,1,1,0,1,0.609,0.999,rev-4
ICC,7,18,2137,14400,1,1,0,1,0.744,0.757,rev-1
ICC,7,18,2137,14400,1,0,1,0,0,0,rev-4
ICC,7,18,2137,14400,1,0,0,0,0,0,rev-2
ICC,7,18,2137,14400,1,0,0,0,0,0,rev-2
ICC,7,19,2137,14400,1,0,0,0,0,0,rev-6
ICC,7,19,2137,14400,1,1,0,1,0.853,0.935,rev-6
ICC,7,19,2137,14400,1,0,0,0,0,0,rev-5
ICC,7,19,2137,14400,1,0,0,0,0,0,rev-6
ICC,7,19,2137,14400,1,0,0,0,0,0,rev-5
ICC,7,19,2137,14400,1,0,0,0,0,0,rev-4
ICC,7,19,2137,14400,1,0,0,0,0,0,rev-4
ICC,7,19,2137,14400,1,0,0,0,0,0,rev-6
ICC,7,19,2137,14400,1,0,0,0,0,0,rev-3
ICC,7,20,2137,14400,1,1,0,1,0.978,0.576,rev-1
ICC,7,20,2137,14400,1,0,0,0,0,0,rev-3
ICC,7,20,2137,14400,1,0,0,0,0,0,rev-5
ICC,7,20,2137,14400,1,1,0,1,0.535,0.819,rev-1
ICC,7,20,2137,14400,1,1,0,1,0.759,0.521,rev-2
ICC,7,20,2137,14400,1,0,0,0,0,0,rev-3
ICC,7,20,2137,14400,1,1,0,1,0.88,0.912,rev-5
ICC,7,20,2137,14400,1,1,0,1,0.725,0.959,rev-6
ICC,7,20,2137,14400,1,1,0,1,0.839,0.741,rev-5
ICC,7,21,2137,14400,1,0,0,0,0,0,rev-3
ICC,7,21,2137,14400,1,0,0,0,0,0,rev-4
ICC,7,21,2137,14400,1,0,0,0,0,0,rev-4
ICC,7,21,2137,14400,1,1,0,1,0.762,0.772,rev-6
ICC,7,21,2137,14400,1,0,0,0,0,0,rev-2
ICC,7,21,2137,14400,1,0,0,0,0,0,rev-6
ICC,7,21,2137,14400,1,0,0,0,0,0,rev-1
ICC,7,21,2137,14400,1,0,0,0,0,0,rev-6
ICC,7,21,2137,14400,1,0,0,0,0,0,rev-2
ICC,7,22,2137,14400,1,0,0,0,0,0,rev-4
ICC,7,22,2137,14400,1,0,0,0,0,0,rev-2
ICC,7,22,2137,14400,1,0,0,0,0,0,rev-6
ICC,7,22,2137,14400,1,1,0,1,0.476,0.537,rev-6
ICC,7,22,2137,14400,1,0,1,0,0,0,rev-6
ICC,7,22,2137,14400,1,0,0,0,0,0,rev-1
ICC,7,22,2137,14400,1,1,0,1,0.704,0.571,rev-6
ICC,7,22,2137,14400,1,1,0,1,0.586,0.888,rev-5
ICC,7,22,2137,14400,1,0,0,0,0,0,rev-4
ICC,7,23,2137,14400,1,1,0,1,0.937,0.903,rev-6
ICC,7,23,2137,14400,1,0,0,0,0,0,rev-2
ICC,7,23,2137,14400,1,1,0,1,0.998,0.787,rev-3
ICC,7,23,2137,14400,1,1,0,1,0.854,0.903,rev-2
ICC,7,23,2137,14400,1,1,0,1,0.56,0.584,rev-6
ICC,7,23,2137,14400,1,1,0,1,0.916,0.737,rev-2
ICC,7,23,2137,14400,1,0,0,0,0,0,rev-4
ICC,7,23,2137,14400,1,1,1,0,0,0,rev-3
ICC,7,23,2137,14400,1,1,0,1,0.698,0.572,rev-1
NULL,0,0,2137,14400,1,0,1,0,0,0,rev-3
NULL,0,0,2137,14400,1,1,0,1,0.547,0.594,rev-5
NULL,0,0,2137,14400,1,1,0,1,0.893,0.738,rev-5
NULL,0,0,2137,14400,1,0,0,0,0,0,rev-6
NULL,0,0,2137,14400,1,0,0,0,0,0,rev-6
NULL,0,0,2137,14400,1,1,0,1,0.782,0.715,rev-2
NULL,0,0,2137,14400,1,0,0,0,0,0,rev-5
NULL,0,0,2137,14400,1,0,0,0,0,0,rev-1
NULL,0,0,2137,14400,1,0,0,0,0,0,rev-6
NULL,0,0,2137,14400,1,0,0,0,0,0,rev-1
NULL,0,1,2137,14400,1,0,0,0,0,0,rev-6
NULL,0,1,2137,14400,1,0,0,0,0,0,rev-1
NULL,0,1,2137,14400,1,0,0,0,0,0,rev-3
NULL,0,1,2137,14400,1,0,0,0,0,0,rev-1
NULL,0,1,2137,14400,1,0,0,0,0,0,rev-4
NULL,0,1,2137,14400,1,0,0,0,0,0,rev-4
NULL,0,1,2137,14400,1,0,0,0,0,0,rev-3
NULL,0,1,2137,14400,1,0,0,0,0,0,rev-3
NULL,0,1,2137,14400,1,0,0,0,0,0,rev-1
NULL,0,1,2137,14400,1,0,0,0,0,0,rev-6
NULL,0,2,2137,14400,1,0,0,0,0,0,rev-4
NULL,0,2,2137,14400,1,0,0,0,0,0,rev-1
NULL,0,2,2137,14400,1,0,0,0,0,0,rev-4
NULL,0,2,2137,14400,1,1,0,1,0.891,0.777,rev-5
NULL,0,2,2137,14400,1,0,0,0,0,0,rev-3
NULL,0,2,2137,14400,1,0,0,0,0,0,rev-5
NULL,0,2,2137,14400,1,0,0,0,0,0,rev-6
NULL,0,2,2137,14400,1,0,0,0,0,0,rev-5
NULL,0,2,2137,14400,1,0,0,0,0,0,rev-1
NULL,0,2,2137,14400,1,0,0,0,0,0,rev-6
NULL,0,3,2137,14400,1,0,0,0,0,0,rev-1
NULL,0,3,2137,14400,1,0,0,0,0,0,rev-3
NULL,0,3,2137,14400,1,1,0,1,0.626,0.558,rev-5
NULL,0,3,2137,14400,1,0,0,0,0,0,rev-5
NULL,0,3,2137,14400,1,0,0,0,0,0,rev-3
NULL,0,3,2137,14400,1,0,0,0,0,0,rev-2
NULL,0,3,2137,14400,1,0,0,0,0,0,rev-1
NULL,0,3,2137,14400,1,0,0,0,0,0,rev-6
NULL,0,3,2137,14400,1,0,0,0,0,0,rev-3
NULL,0,3,2137,14400,1,0,0,0,0,0,rev-1
NULL,0,4,2137,14400,1,0,0,0,0,0,rev-6
NULL,0,4,2137,14400,1,0,0,0,0,0,rev-4
NULL,0,4,2137,14400,1,0,0,0,0,0,rev-4
NULL,0,4,2137,14400,1,0,1,0,0,0,rev-1
NULL,0,4,2137,14400,1,0,0,0,0,0,rev-5
NULL,0,4,2137,14400,1,0,0,0,0,0,rev-2
NULL,0,4,2137,14400,1,0,0,0,0,0,rev-5
NULL,0,4,2137,14400,1,0,0,0,0,0,rev-6
NULL,0,4,2137,14400,1,0,0,0,0,0,rev-1
NULL,0,4,2137,14400,1,0,0,0,0,0,rev-3
NULL,0,5,2137,14400,1,0,0,0,0,0,rev-1
NULL,0,5,2137,14400,1,0,0,0,0,0,rev-6
NULL,0,5,2137,14400,1,0,1,0,0,0,rev-4
NULL,0,5,2137,14400,1,0,0,0,0,0,rev-2
NULL,0,5,2137,14400,1,0,0,0,0,0,rev-1
NULL,0,5,2137,14400,1,0,0,0,0,0,rev-6
NULL,0,5,2137,14400,1,0,0,0,0,0,rev-3
NULL,0,5,2137,14400,1,0,0,0,0,0,rev-6
NULL,0,5,2137,14400,1,0,0,0,0,0,rev-1
NULL,0,5,2137,14400,1,0,0,0,0,0,rev-6
NULL,0,6,2137,14400,1,0,1,0,0,0,rev-5
NULL,0,6,2137,14400,1,0,0,0,0,0,rev-6
NULL,0,6,2137,14400,1,1,0,1,0.569,0.988,rev-2
NULL,0,6,2137,14400,1,0,0,0,0,0,rev-4
NULL,0,6,2137,14400,1,0,0,0,0,0,rev-3
NULL,0,6,2137,14400,1,0,0,0,0,0,rev-1
NULL,0,6,2137,14400,1,0,0,0,0,0,rev-4
NULL,0,6,2137,14400,1,0,0,0,0,0,rev-2
NULL,0,6,2137,14400,1,0,1,0,0,0,rev-6
NULL,0,6,2137,14400,1,1,0,1,0.796,0.543,rev-6
NULL,0,7,2137,14400,1,0,0,0,0,0,rev-4
NULL,0,7,2137,14400,1,0,0,0,0,0,rev-4
NULL,0,7,2137,14400,1,0,0,0,0,0,rev-3
NULL,0,7,2137,14400,1,0,0,0,0,0,rev-5
NULL,0,7,2137,14400,1,0,1,0,0,0,rev-3
NULL,0,7,2137,14400,1,0,0,0,0,0,rev-2
NULL,0,7,2137,14400,1,0,0,0,0,0,rev-5
NULL,0,7,2137,14400,1,0,0,0,0,0,rev-5
NULL,0,7,2137,14400,1,0,0,0,0,0,rev-2
NULL,0,7,2137,14400,1,1,0,1,0.605,0.562,rev-4
NULL,0,8,2137,14400,1,0,0,0,0,0,rev-6
NULL,0,8,2137,14400,1,0,0,0,0,0,rev-6
NULL,0,8,2137,14400,1,0,0,0,0,0,rev-5
NULL,0,8,2137,14400,1,0,0,0,0,0,rev-4
NULL,0,8,2137,14400,1,0,0,0,0,0,rev-5
NULL,0,8,2137,14400,1,0,0,0,0,0,rev-6
NULL,0,8,2137,14400,1,0,0,0,0,0,rev-2
NULL,0,8,2137,14400,1,0,0,0,0,0,rev-6
NULL,0,8,2137,14400,1,0,0,0,0,0,rev-4
NULL,0,8,2137,14400,1,0,1,0,0,0,rev-2
NULL,0,9,2137,14400,1,0,0,0,0,0,rev-2
NULL,0,9,2137,14400,1,0,1,0,0,0,rev-6
NULL,0,9,2137,14400,1,0,0,0,0,0,rev-6
NULL,0,9,2137,14400,1,1,1,0,0,0,rev-1
NULL,0,9,2137,14400,1,0,0,0,0,0,rev-2
NULL,0,9,2137,14400,1,0,0,0,0,0,rev-2
NULL,0,9,2137,14400,1,0,0,0,0,0,rev-2
NULL,0,9,2137,14400,1,0,1,0,0,0,rev-1
NULL,0,9,2137,14400,1,1,0,1,0.873,0.757,rev-2
NULL,0,9,2137,14400,1,0,1,0,0,0,rev-4
NULL,0,10,2137,14400,1,0,0,0,0,0,rev-6
NULL,0,10,2137,14400,1,0,0,0,0,0,rev-5
NULL,0,10,2137,14400,1,0,0,0,0,0,rev-6
NULL,0,10,2137,14400,1,0,0,0,0,0,rev-6
NULL,0,10,2137,14400,1,0,0,0,0,0,rev-2
NULL,0,10,2137,14400,1,0,0,0,0,0,rev-3
NULL,0,10,2137,14400,1,0,0,0,0,0,rev-2
NULL,0,10,2137,14400,1,0,1,0,0,0,rev-2
NULL,0,10,2137,14400,1,0,0,0,0,0,rev-1
NULL,0,10,2137,14400,1,0,0,0,0,0,rev-5
NULL,0,11,2137,14400,1,0,0,0,0,0,rev-5
NULL,0,11,2137,14400,1,0,0,0,0,0,rev-6
NULL,0,11,2137,14400,1,0,0,0,0,0,rev-5
NULL,0,11,2137,14400,1,0,0,0,0,0,rev-1
NULL,0,11,2137,14400,1,0,0,0,0,0,rev-6
NULL,0,11,2137,14400,1,0,0,0,0,0,rev-6
NULL,0,11,2137,14400,1,0,0,0,0,0,rev-5
NULL,0,11,2137,14400,1,0,0,0,0,0,rev-4
NULL,0,11,2137,14400,1,0,0,0,0,0,rev-5
NULL,0,11,2137,14400,1,0,0,0,0,0,rev-6
NULL,0,12,2137,14400,1,0,0,0,0,0,rev-3
NULL,0,12,2137,14400,1,1,0,1,0.617,0.614,rev-5
NULL,0,12,2137,14400,1,0,0,0,0,0,rev-2
NULL,0,12,2137,14400,1,0,1,0,0,0,rev-5
NULL,0,12,2137,14400,1,0,1,0,0,0,rev-4
NULL,0,12,2137,14400,1,0,0,0,0,0,rev-5
NULL,0,12,2137,14400,1,0,0,0,0,0,rev-4
NULL,0,12,2137,14400,1,0,0,0,0,0,rev-1
NULL,0,12,2137,14400,1,0,0,0,0,0,rev-2
NULL,0,12,2137,14400,1,0,0,0,0,0,rev-1
NULL,0,13,2137,14400,1,0,0,0,0,0,rev-1
NULL,0,13,2137,14400,1,0,0,0,0,0,rev-6
NULL,0,13,2137,14400,1,0,0,0,0,0,rev-4
NULL,0,13,2137,14400,1,0,0,0,0,0,rev-1
NULL,0,13,2137,14400,1,0,0,0,0,0,rev-3
NULL,0,13,2137,14400,1,0,0,0,0,0,rev-1
NULL,0,13,2137,14400,1,0,0,0,0,0,rev-3
NULL,0,13,2137,14400,1,0,0,0,0,0,rev-1
NULL,0,13,2137,14400,1,0,0,0,0,0,rev-1
NULL,0,13,2137,14400,1,0,0,0,0,0,rev-6
NULL,0,14,2137,14400,1,0,0,0,0,0,rev-2
NULL,0,14,2137,14400,1,1,0,1,0.521,0.97,rev-5
NULL,0,14,2137,14400,1,0,0,0,0,0,rev-3
NULL,0,14,2137,14400,1,0,0,0,0,0,rev-4
NULL,0,14,2137,14400,1,0,0,0,0,0,rev-4
NULL,0,14,2137,14400,1,0,0,0,0,0,rev-5
NULL,0,14,2137,14400,1,0,0,0,0,0,rev-1
NULL,0,14,2137,14400,1,0,0,0,0,0,rev-5
NULL,0,14,2137,14400,1,0,0,0,0,0,rev-2
NULL,0,14,2137,14400,1,0,1,0,0,0,rev-6
NULL,0,15,2137,14400,1,0,0,0,0,0,rev-6
NULL,0,15,2137,14400,1,0,0,0,0,0,rev-1
NULL,0,15,2137,14400,1,0,0,0,0,0,rev-2
NULL,0,15,2137,14400,1,0,0,0,0,0,rev-1
NULL,0,15,2137,14400,1,0,1,0,0,0,rev-6
NULL,0,15,2137,14400,1,0,1,0,0,0,rev-4
NULL,0,15,2137,14400,1,0,0,0,0,0,rev-4
NULL,0,15,2137,14400,1,0,0,0,0,0,rev-5
NULL,0,15,2137,14400,1,0,0,0,0,0,rev-4
NULL,0,15,2137,14400,1,0,0,0,0,0,rev-4
NULL,0,16,2137,14400,1,0,0,0,0,0,rev-4
NULL,0,16,2137,14400,1,0,1,0,0,0,rev-6
NULL,0,16,2137,14400,1,0,0,0,0,0,rev-1
NULL,0,16,2137,14400,1,0,0,0,0,0,rev-4
NULL,0,16,2137,14400,1,0,0,0,0,0,rev-6
NULL,0,16,2137,14400,1,0,0,0,0,0,rev-5
NULL,0,16,2137,14400,1,0,0,0,0,0,rev-3
NULL,0,16,2137,14400,1,0,0,0,0,0,rev-5
NULL,0,16,2137,14400,1,1,0,1,0.583,0.886,rev-1
NULL,0,16,2137,14400,1,0,0,0,0,0,rev-2
NULL,0,17,2137,14400,1,0,0,0,0,0,rev-4
NULL,0,17,2137,14400,1,0,0,0,0,0,rev-2
NULL,0,17,2137,14400,1,0,0,0,0,0,rev-1
NULL,0,17,2137,14400,1,0,0,0,0,0,rev-4
NULL,0,17,2137,14400,1,0,0,0,0,0,rev-1
NULL,0,17,2137,14400,1,0,0,0,0,0,rev-4
NULL,0,17,2137,14400,1,1,0,1,0.909,0.715,rev-2
NULL,0,17,2137,14400,1,0,0,0,0,0,rev-3
NULL,0,17,2137,14400,1,0,0,0,0,0,rev-4
NULL,0,17,2137,14400,1,1,0,1,0.444,0.645,rev-6
NULL,0,18,2137,14400,1,1,0,1,0.715,0.666,rev-5
NULL,0,18,2137,14400,1,0,0,0,0,0,rev-6
NULL,0,18,2137,14400,1,0,0,0,0,0,rev-4
NULL,0,18,2137,14400,1,0,1,0,0,0,rev-4
NULL,0,18,2137,14400,1,0,0,0,0,0,rev-2
NULL,0,18,2137,14400,1,0,1,0,0,0,rev-2
NULL,0,18,2137,14400,1,0,0,0,0,0,rev-4
NULL,0,18,2137,14400,1,0,0,0,0,0,rev-1
NULL,0,18,2137,14400,1,0,0,0,0,0,rev-4
NULL,0,18,2137,14400,1,1,0,1,0.442,0.611,rev-2
NULL,0,19,2137,14400,1,0,0,0,0,0,rev-2
NULL,0,19,2137,14400,1,1,0,1,0.712,0.718,rev-4
NULL,0,19,2137,14400,1,0,0,0,0,0,rev-5
NULL,0,19,2137,14400,1,0,0,0,0,0,rev-6
NULL,0,19,2137,14400,1,0,0,0,0,0,rev-2
NULL,0,19,2137,14400,1,0,1,0,0,0,rev-2
NULL,0,19,2137,14400,1,0,1,0,0,0,rev-2
NULL,0,19,2137,14400,1,0,0,0,0,0,rev-6
NULL,0,19,2137,14400,1,0,0,0,0,0,rev-2
NULL,0,19,2137,14400,1,0,0,0,0,0,rev-5
NULL,0,20,2137,14400,1,0,0,0,0,0,rev-5
NULL,0,20,2137,14400,1,0,0,0,0,0,rev-2
NULL,0,20,2137,14400,1,0,0,0,0,0,rev-2
NULL,0,20,2137,14400,1,0,0,0,0,0,rev-2
NULL,0,20,2137,14400,1,1,1,0,0,0,rev-3
NULL,0,20,2137,14400,1,0,0,0,0,0,rev-3
NULL,0,20,2137,14400,1,0,1,0,0,0,rev-6
NULL,0,20,2137,14400,1,0,0,0,0,0,rev-1
NULL,0,20,2137,14400,1,0,0,0,0,0,rev-6
NULL,0,20,2137,14400,1,0,0,0,0,0,rev-3
NULL,0,21,2137,14400,1,0,0,0,0,0,rev-2
NULL,0,21,2137,14400,1,0,0,0,0,0,rev-5
NULL,0,21,2137,14400,1,0,0,0,0,0,rev-6
NULL,0,21,2137,14400,1,0,1,0,0,0,rev-1
NULL,0,21,2137,14400,1,0,1,0,0,0,rev-2
NULL,0,21,2137,14400,1,0,0,0,0,0,rev-2
NULL,0,21,2137,14400,1,0,1,0,0,0,rev-4
NULL,0,21,2137,14400,1,0,0,0,0,0,rev-6
NULL,0,21,2137,14400,1,0,1,0,0,0,rev-3
NULL,0,21,2137,14400,1,0,0,0,0,0,rev-2
NULL,0,22,2137,14400,1,0,0,0,0,0,rev-6
NULL,0,22,2137,14400,1,0,0,0,0,0,rev-4
NULL,0,22,2137,14400,1,0,0,0,0,0,rev-4
NULL,0,22,2137,14400,1,0,0,0,0,0,rev-3
NULL,0,22,2137,14400,1,0,0,0,0,0,rev-3
NULL,0,22,2137,14400,1,0,0,0,0,0,rev-2
NULL,0,22,2137,14400,1,0,0,0,0,0,rev-4
NULL,0,22,2137,14400,1,0,0,0,0,0,rev-4
NULL,0,22,2137,14400,1,0,1,0,0,0,rev-4
NULL,0,22,2137,14400,1,0,0,0,0,0,rev-1
NULL,0,23,2137,14400,1,0,1,0,0,0,rev-3
NULL,0,23,2137,14400,1,0,0,0,0,0,rev-2
NULL,0,23,2137,14400,1,0,0,0,0,0,rev-2
NULL,0,23,2137,14400,1,0,0,0,0,0,rev-1
NULL,0,23,2137,14400,1,0,0,0,0,0,rev-1
NULL,0,23,2137,14400,1,0,0,0,0,0,rev-1
NULL,0,23,2137,14400,1,0,0,0,0,0,rev-3
NULL,0,23,2137,14400,1,0,0,0,0,0,rev-3
NULL,0,23,2137,14400,1,0,0,0,0,0,rev-1
NULL,0,23,2137,14400,1,0,0,0,0,0,rev-3
NULL,1,0,2137,14400,1,1,0,1,0.42,0.805,rev-6
NULL,1,0,2137,14400,1,0,0,0,0,0,rev-3
NULL,1,0,2137,14400,1,0,1,0,0,0,rev-6
NULL,1,0,2137,14400,1,1,1,0,0,0,rev-6
NULL,1,0,2137,14400,1,0,1,0,0,0,rev-1
NULL,1,0,2137,14400,1,1,0,1,0.543,0.503,rev-4
NULL,1,0,2137,14400,1,0,0,0,0,0,rev-4
NULL,1,0,2137,14400,1,0,0,0,0,0,rev-4
NULL,1,0,2137,14400,1,0,1,0,0,0,rev-1
NULL,1,0,2137,14400,1,0,1,0,0,0,rev-5
NULL,1,1,2137,14400,1,0,0,0,0,0,rev-2
NULL,1,1,2137,14400,1,0,0,0,0,0,rev-2
NULL,1,1,2137,14400,1,0,0,0,0,0,rev-1
NULL,1,1,2137,14400,1,0,0,0,0,0,rev-1
NULL,1,1,2137,14400,1,0,0,0,0,0,rev-6
NULL,1,1,2137,14400,1,0,0,0,0,0,rev-3
NULL,1,1,2137,14400,1,0,0,0,0,0,rev-1
NULL,1,1,2137,14400,1,0,0,0,0,0,rev-2
NULL,1,1,2137,14400,1,0,0,0,0,0,rev-1
NULL,1,1,2137,14400,1,0,0,0,0,0,rev-2
NULL,1,2,2137,14400,1,0,0,0,0,0,rev-3
NULL,1,2,2137,14400,1,0,0,0,0,0,rev-6
NULL,1,2,2137,14400,1,0,0,0,0,0,rev-3
NULL,1,2,2137,14400,1,0,0,0,0,0,rev-6
NULL,1,2,2137,14400,1,0,0,0,0,0,rev-4
NULL,1,2,2137,14400,1,0,0,0,0,0,rev-4
NULL,1,2,2137,14400,1,0,0,0,0,0,rev-3
NULL,1,2,2137,14400,1,0,1,0,0,0,rev-2
NULL,1,2,2137,14400,1,0,0,0,0,0,rev-3
NULL,1,2,2137,14400,1,0,0,0,0,0,rev-1
NULL,1,3,2137,14400,1,0,0,0,0,0,rev-1
NULL,1,3,2137,14400,1,0,0,0,0,0,rev-4
NULL,1,3,2137,14400,1,0,0,0,0,0,rev-4
NULL,1,3,2137,14400,1,0,0,0,0,0,rev-6
NULL,1,3,2137,14400,1,0,0,0,0,0,rev-5
NULL,1,3,2137,14400,1,1,0,1,0.508,0.75,rev-6
NULL,1,3,2137,14400,1,0,0,0,0,0,rev-1
NULL,1,3,2137,14400,1,0,0,0,0,0,rev-2
NULL,1,3,2137,14400,1,0,1,0,0,0,rev-5
NULL,1,3,2137,14400,1,0,1,0,0,0,rev-1
NULL,1,4,2137,14400,1,0,0,0,0,0,rev-5
NULL,1,4,2137,14400,1,0,0,0,0,0,rev-4
NULL,1,4,2137,14400,1,0,0,0,0,0,rev-5
NULL,1,4,2137,14400,1,0,0,0,0,0,rev-6
NULL,1,4,2137,14400,1,0,1,0,0,0,rev-6
NULL,1,4,2137,14400,1,0,0,0,0,0,rev-2
NULL,1,4,2137,14400,1,0,0,0,0,0,rev-5
NULL,1,4,2137,14400,1,0,1,0,0,0,rev-2
NULL,1,4,2137,14400,1,0,0,0,0,0,rev-4
NULL,1,4,2137,14400,1,0,1,0,0,0,rev-3
NULL,1,5,2137,14400,1,0,0,0,0,0,rev-3
NULL,1,5,2137,14400,1,1,0,1,0.957,0.691,rev-3
NULL,1,5,2137,14400,1,0,0,0,0,0,rev-1
NULL,1,5,2137,14400,1,0,0,0,0,0,rev-1
NULL,1,5,2137,14400,1,0,0,0,0,0,rev-2
NULL,1,5,2137,14400,1,1,0,1,0.433,0.538,rev-3
NULL,1,5,2137,14400,1,0,0,0,0,0,rev-6
NULL,1,5,2137,14400,1,0,0,0,0,0,rev-6
NULL,1,5,2137,14400,1,0,0,0,0,0,rev-3
NULL,1,5,2137,14400,1,0,0,0,0,0,rev-6
NULL,1,6,2137,14400,1,0,0,0,0,0,rev-6
NULL,1,6,2137,14400,1,0,0,0,0,0,rev-4
NULL,1,6,2137,14400,1,0,0,0,0,0,rev-6
NULL,1,6,2137,14400,1,0,0,0,0,0,rev-6
NULL,1,6,2137,14400,1,0,0,0,0,0,rev-6
NULL,1,6,2137,14400,1,0,0,0,0,0,rev-3
NULL,1,6,2137,14400,1,0,0,0,0,0,rev-6
NULL,1,6,2137,14400,1,0,0,0,0,0,rev-4
NULL,1,6,2137,14400,1,0,0,0,0,0,rev-2
NULL,1,6,2137,14400,1,0,0,0,0,0,rev-1
NULL,1,7,2137,14400,1,0,1,0,0,0,rev-5
NULL,1,7,2137,14400,1,0,0,0,0,0,rev-2
NULL,1,7,2137,14400,1,0,0,0,0,0,rev-5
NULL,1,7,2137,14400,1,0,0,0,0,0,rev-2
NULL,1,7,2137,14400,1,0,0,0,0,0,rev-4
NULL,1,7,2137,14400,1,0,0,0,0,0,rev-2
NULL,1,7,2137,14400,1,0,0,0,0,0,rev-3
NULL,1,7,2137,14400,1,0,0,0,0,0,rev-3
NULL,1,7,2137,14400,1,0,1,0,0,0,rev-2
NULL,1,7,2137,14400,1,1,1,0,0,0,rev-2
NULL,1,8,2137,14400,1,0,0,0,0,0,rev-5
NULL,1,8,2137,14400,1,1,0,1,0.591,0.71,rev-2
NULL,1,8,2137,14400,1,0,1,0,0,0,rev-5
NULL,1,8,2137,14400,1,0,0,0,0,0,rev-3
NULL,1,8,2137,14400,1,0,0,0,0,0,rev-4
NULL,1,8,2137,14400,1,0,1,0,0,0,rev-3
NULL,1,8,2137,14400,1,0,0,0,0,0,rev-1
NULL,1,8,2137,14400,1,0,0,0,0,0,rev-4
NULL,1,8,2137,14400,1,0,0,0,0,0,rev-3
NULL,1,8,2137,14400,1,0,0,0,0,0,rev-5
NULL,1,9,2137,14400,1,0,0,0,0,0,rev-5
NULL,1,9,2137,14400,1,1,0,1,0.645,0.73,rev-6
NULL,1,9,2137,14400,1,0,0,0,0,0,rev-3
NULL,1,9,2137,14400,1,0,0,0,0,0,rev-5
NULL,1,9,2137,14400,1,0,0,0,0,0,rev-3
NULL,1,9,2137,14400,1,0,1,0,0,0,rev-4
NULL,1,9,2137,14400,1,0,0,0,0,0,rev-3
NULL,1,9,2137,14400,1,0,0,0,0,0,rev-6
NULL,1,9,2137,14400,1,0,0,0,0,0,rev-1
NULL,1,9,2137,14400,1,0,0,0,0,0,rev-6
NULL,1,10,2137,14400,1,0,0,0,0,0,rev-3
NULL,1,10,2137,14400,1,0,0,0,0,0,rev-1
NULL,1,10,2137,14400,1,0,0,0,0,0,rev-3
NULL,1,10,2137,14400,1,0,0,0,0,0,rev-4
NULL,1,10,2137,14400,1,0,0,0,0,0,rev-1
NULL,1,10,2137,14400,1,0,0,0,0,0,rev-1
NULL,1,10,2137,14400,1,1,0,1,0.811,0.82,rev-5
NULL,1,10,2137,14400,1,0,0,0,0,0,rev-5
NULL,1,10,2137,14400,1,0,0,0,0,0,rev-4
NULL,1,10,2137,14400,1,0,1,0,0,0,rev-1
NULL,1,11,2137,14400,1,0,0,0,0,0,rev-3
NULL,1,11,2137,14400,1,0,0,0,0,0,rev-4
NULL,1,11,2137,14400,1,1,0,1,0.409,0.656,rev-1
NULL,1,11,2137,14400,1,0,0,0,0,0,rev-6
NULL,1,11,2137,14400,1,0,1,0,0,0,rev-2
NULL,1,11,2137,14400,1,0,0,0,0,0,rev-5
NULL,1,11,2137,14400,1,0,0,0,0,0,rev-4
NULL,1,11,2137,14400,1,0,0,0,0,0,rev-4
NULL,1,11,2137,14400,1,1,1,0,0,0,rev-3
NULL,1,11,2137,14400,1,0,0,0,0,0,rev-2
NULL,1,12,2137,14400,1,0,1,0,0,0,rev-2
NULL,1,12,2137,14400,1,0,0,0,0,0,rev-2
NULL,1,12,2137,14400,1,0,1,0,0,0,rev-4
NULL,1,12,2137,14400,1,0,1,0,0,0,rev-1
NULL,1,12,2137,14400,1,0,0,0,0,0,rev-2
NULL,1,12,2137,14400,1,0,1,0,0,0,rev-2
NULL,1,12,2137,14400,1,0,0,0,0,0,rev-6
NULL,1,12,2137,14400,1,0,0,0,0,0,rev-2
NULL,1,12,2137,14400,1,0,0,0,0,0,rev-6
NULL,1,12,2137,14400,1,0,0,0,0,0,rev-5
NULL,1,13,2137,14400,1,1,0,1,0.461,0.766,rev-2
NULL,1,13,2137,14400,1,0,0,0,0,0,rev-6
NULL,1,13,2137,14400,1,0,1,0,0,0,rev-5
NULL,1,13,2137,14400,1,0,0,0,0,0,rev-5
NULL,1,13,2137,14400,1,0,0,0,0,0,rev-3
NULL,1,13,2137,14400,1,1,0,1,0.614,0.922,rev-3
NULL,1,13,2137,14400,1,0,0,0,0,0,rev-6
NULL,1,13,2137,14400,1,0,0,0,0,0,rev-3
NULL,1,13,2137,14400,1,0,0,0,0,0,rev-4
NULL,1,13,2137,14400,1,0,1,0,0,0,rev-6
NULL,1,14,2137,14400,1,0,1,0,0,0,rev-1
NULL,1,14,2137,14400,1,0,0,0,0,0,rev-1
NULL,1,14,2137,14400,1,0,0,0,0,0,rev-2
NULL,1,14,2137,14400,1,0,0,0,0,0,rev-1
NULL,1,14,2137,14400,1,0,0,0,0,0,rev-5
NULL,1,14,2137,14400,1,0,0,0,0,0,rev-4
NULL,1,14,2137,14400,1,0,0,0,0,0,rev-1
NULL,1,14,2137,14400,1,0,0,0,0,0,rev-6
NULL,1,14,2137,14400,1,0,0,0,0,0,rev-1
NULL,1,14,2137,14400,1,0,1,0,0,0,rev-5
NULL,1,15,2137,14400,1,0,1,0,0,0,rev-1
NULL,1,15,2137,14400,1,0,0,0,0,0,rev-4
NULL,1,15,2137,14400,1,0,0,0,0,0,rev-4
NULL,1,15,2137,14400,1,0,0,0,0,0,rev-5
NULL,1,15,2137,14400,1,0,0,0,0,0,rev-2
NULL,1,15,2137,14400,1,0,0,0,0,0,rev-5
NULL,1,15,2137,14400,1,0,0,0,0,0,rev-6
NULL,1,15,2137,14400,1,0,0,0,0,0,rev-4
NULL,1,15,2137,14400,1,0,0,0,0,0,rev-2
NULL,1,15,2137,14400,1,0,0,0,0,0,rev-3
NULL,1,16,2137,14400,1,0,0,0,0,0,rev-6
NULL,1,16,2137,14400,1,0,0,0,0,0,rev-5
NULL,1,16,2137,14400,1,0,0,0,0,0,rev-6
NULL,1,16,2137,14400,1,1,0,1,0.853,0.96,rev-4
NULL,1,16,2137,14400,1,0,0,0,0,0,rev-1
NULL,1,16,2137,14400,1,0,0,0,0,0,rev-5
NULL,1,16,2137,14400,1,0,0,0,0,0,rev-1
NULL,1,16,2137,14400,1,0,0,0,0,0,rev-6
NULL,1,16,2137,14400,1,0,0,0,0,0,rev-5
NULL,1,16,2137,14400,1,0,0,0,0,0,rev-5
NULL,1,17,2137,14400,1,0,0,0,0,0,rev-3
NULL,1,17,2137,14400,1,0,0,0,0,0,rev-1
NULL,1,17,2137,14400,1,0,0,0,0,0,rev-6
NULL,1,17,2137,14400,1,0,0,0,0,0,rev-3
NULL,1,17,2137,14400,1,0,1,0,0,0,rev-6
NULL,1,17,2137,14400,1,0,0,0,0,0,rev-2
NULL,1,17,2137,14400,1,0,0,0,0,0,rev-4
NULL,1,17,2137,14400,1,0,0,0,0,0,rev-2
NULL,1,17,2137,14400,1,0,0,0,0,0,rev-2
NULL,1,17,2137,14400,1,0,0,0,0,0,rev-5
NULL,1,18,2137,14400,1,0,0,0,0,0,rev-4
NULL,1,18,2137,14400,1,0,0,0,0,0,rev-3
NULL,1,18,2137,14400,1,0,0,0,0,0,rev-5
NULL,1,18,2137,14400,1,1,0,1,0.875,0.812,rev-5
NULL,1,18,2137,14400,1,0,1,0,0,0,rev-5
NULL,1,18,2137,14400,1,0,0,0,0,0,rev-3
NULL,1,18,2137,14400,1,0,0,0,0,0,rev-5
NULL,1,18,2137,14400,1,0,0,0,0,0,rev-3
NULL,1,18,2137,14400,1,0,0,0,0,0,rev-4
NULL,1,18,2137,14400,1,0,1,0,0,0,rev-4
NULL,1,19,2137,14400,1,1,1,0,0,0,rev-3
NULL,1,19,2137,14400,1,0,1,0,0,0,rev-3
NULL,1,19,2137,14400,1,0,0,0,0,0,rev-4
NULL,1,19,2137,14400,1,0,0,0,0,0,rev-2
NULL,1,19,2137,14400,1,0,1,0,0,0,rev-3
NULL,1,19,2137,14400,1,0,0,0,0,0,rev-1
NULL,1,19,2137,14400,1,0,0,0,0,0,rev-6
NULL,1,19,2137,14400,1,0,0,0,0,0,rev-2
NULL,1,19,2137,14400,1,0,0,0,0,0,rev-3
NULL,1,19,2137,14400,1,0,1,0,0,0,rev-2
NULL,1,20,2137,14400,1,0,0,0,0,0,rev-5
NULL,1,20,2137,14400,1,0,1,0,0,0,rev-2
NULL,1,20,2137,14400,1,0,0,0,0,0,rev-4
NULL,1,20,2137,14400,1,0,0,0,0,0,rev-6
NULL,1,20,2137,14400,1,0,0,0,0,0,rev-3
NULL,1,20,2137,14400,1,0,0,0,0,0,rev-5
NULL,1,20,2137,14400,1,0,1,0,0,0,rev-1
NULL,1,20,2137,14400,1,0,0,0,0,0,rev-6
NULL,1,20,2137,14400,1,0,0,0,0,0,rev-3
NULL,1,20,2137,14400,1,0,0,0,0,0,rev-2
NULL,1,21,2137,14400,1,0,0,0,0,0,rev-5
NULL,1,21,2137,14400,1,0,0,0,0,0,rev-1
NULL,1,21,2137,14400,1,0,0,0,0,0,rev-2
NULL,1,21,2137,14400,1,0,0,0,0,0,rev-1
NULL,1,21,2137,14400,1,0,0,0,0,0,rev-3
NULL,1,21,2137,14400,1,0,0,0,0,0,rev-5
NULL,1,21,2137,14400,1,0,0,0,0,0,rev-1
NULL,1,21,2137,14400,1,0,0,0,0,0,rev-6
NULL,1,21,2137,14400,1,0,1,0,0,0,rev-6
NULL,1,21,2137,14400,1,0,0,0,0,0,rev-4
NULL,1,22,2137,14400,1,0,0,0,0,0,rev-3
NULL,1,22,2137,14400,1,0,0,0,0,0,rev-2
NULL,1,22,2137,14400,1,0,0,0,0,0,rev-2
NULL,1,22,2137,14400,1,0,1,0,0,0,rev-5
NULL,1,22,2137,14400,1,0,0,0,0,0,rev-1
NULL,1,22,2137,14400,1,0,0,0,0,0,rev-6
NULL,1,22,2137,14400,1,0,0,0,0,0,rev-5
NULL,1,22,2137,14400,1,0,0,0,0,0,rev-6
NULL,1,22,2137,14400,1,0,0,0,0,0,rev-3
NULL,1,22,2137,14400,1,0,0,0,0,0,rev-1
NULL,1,23,2137,14400,1,1,0,1,0.487,0.512,rev-3
NULL,1,23,2137,14400,1,0,0,0,0,0,rev-1
NULL,1,23,2137,14400,1,1,0,1,0.459,0.874,rev-5
NULL,1,23,2137,14400,1,0,0,0,0,0,rev-4
NULL,1,23,2137,14400,1,1,0,1,0.661,0.779,rev-6
NULL,1,23,2137,14400,1,0,0,0,0,0,rev-2
NULL,1,23,2137,14400,1,0,0,0,0,0,rev-5
NULL,1,23,2137,14400,1,0,0,0,0,0,rev-4
NULL,1,23,2137,14400,1,0,1,0,0,0,rev-4
NULL,1,23,2137,14400,1,0,1,0,0,0,rev-2
NULL,2,0,2137,14400,1,0,0,0,0,0,rev-2
NULL,2,0,2137,14400,1,0,0,0,0,0,rev-3
NULL,2,0,2137,14400,1,0,0,0,0,0,rev-1
NULL,2,0,2137,14400,1,0,0,0,0,0,rev-6
NULL,2,0,2137,14400,1,0,0,0,0,0,rev-4
NULL,2,0,2137,14400,1,0,0,0,0,0,rev-6
NULL,2,0,2137,14400,1,0,0,0,0,0,rev-2
NULL,2,0,2137,14400,1,0,0,0,0,0,rev-1
NULL,2,0,2137,14400,1,0,0,0,0,0,rev-5
NULL,2,0,2137,14400,1,0,0,0,0,0,rev-6
NULL,2,1,2137,14400,1,0,0,0,0,0,rev-5
NULL,2,1,2137,14400,1,0,0,0,0,0,rev-1
NULL,2,1,2137,14400,1,0,0,0,0,0,rev-6
NULL,2,1,2137,14400,1,0,0,0,0,0,rev-2
NULL,2,1,2137,14400,1,0,0,0,0,0,rev-3
NULL,2,1,2137,14400,1,0,0,0,0,0,rev-3
NULL,2,1,2137,14400,1,0,0,0,0,0,rev-1
NULL,2,1,2137,14400,1,0,0,0,0,0,rev-4
NULL,2,1,2137,14400,1,0,0,0,0,0,rev-6
NULL,2,1,2137,14400,1,0,0,0,0,0,rev-2
NULL,2,2,2137,14400,1,0,0,0,0,0,rev-2
NULL,2,2,2137,14400,1,0,0,0,0,0,rev-6
NULL,2,2,2137,14400,1,0,0,0,0,0,rev-4
NULL,2,2,2137,14400,1,0,0,0,0,0,rev-1
NULL,2,2,2137,14400,1,0,0,0,0,0,rev-1
NULL,2,2,2137,14400,1,1,0,1,0.817,0.896,rev-4
NULL,2,2,2137,14400,1,0,0,0,0,0,rev-4
NULL,2,2,2137,14400,1,0,0,0,0,0,rev-4
NULL,2,2,2137,14400,1,0,0,0,0,0,rev-3
NULL,2,2,2137,14400,1,1,0,1,0.761,0.597,rev-4
NULL,2,3,2137,14400,1,1,0,1,0.791,0.828,rev-3
NULL,2,3,2137,14400,1,0,0,0,0,0,rev-2
NULL,2,3,2137,14400,1,0,0,0,0,0,rev-1
NULL,2,3,2137,14400,1,0,0,0,0,0,rev-3
NULL,2,3,2137,14400,1,0,0,0,0,0,rev-4
NULL,2,3,2137,14400,1,0,0,0,0,0,rev-2
NULL,2,3,2137,14400,1,0,0,0,0,0,rev-3
NULL,2,3,2137,14400,1,0,0,0,0,0,rev-2
NULL,2,3,2137,14400,1,0,0,0,0,0,rev-6
NULL,2,3,2137,14400,1,0,0,0,0,0,rev-4
NULL,2,4,2137,14400,1,0,0,0,0,0,rev-5
NULL,2,4,2137,14400,1,0,0,0,0,0,rev-3
NULL,2,4,2137,14400,1,0,0,0,0,0,rev-3
NULL,2,4,2137,14400,1,0,1,0,0,0,rev-4
NULL,2,4,2137,14400,1,0,0,0,0,0,rev-5
NULL,2,4,2137,14400,1,0,0,0,0,0,rev-1
NULL,2,4,2137,14400,1,0,0,0,0,0,rev-1
NULL,2,4,2137,14400,1,0,0,0,0,0,rev-2
NULL,2,4,2137,14400,1,0,1,0,0,0,rev-6
NULL,2,4,2137,14400,1,0,0,0,0,0,rev-3
NULL,2,5,2137,14400,1,0,0,0,0,0,rev-1
NULL,2,5,2137,14400,1,0,0,0,0,0,rev-1
NULL,2,5,2137,14400,1,0,0,0,0,0,rev-3
NULL,2,5,2137,14400,1,0,1,0,0,0,rev-5
NULL,2,5,2137,14400,1,0,0,0,0,0,rev-3
NULL,2,5,2137,14400,1,0,0,0,0,0,rev-5
NULL,2,5,2137,14400,1,0,0,0,0,0,rev-5
NULL,2,5,2137,14400,1,0,0,0,0,0,rev-1
NULL,2,5,2137,14400,1,0,0,0,0,0,rev-6
NULL,2,5,2137,14400,1,0,1,0,0,0,rev-4
NULL,2,6,2137,14400,1,0,0,0,0,0,rev-4
NULL,2,6,2137,14400,1,0,0,0,0,0,rev-2
NULL,2,6,2137,14400,1,0,0,0,0,0,rev-2
NULL,2,6,2137,14400,1,0,0,0,0,0,rev-4
NULL,2,6,2137,14400,1,0,0,0,0,0,rev-4
NULL,2,6,2137,14400,1,0,0,0,0,0,rev-5
NULL,2,6,2137,14400,1,0,1,0,0,0,rev-4
NULL,2,6,2137,14400,1,0,0,0,0,0,rev-3
NULL,2,6,2137,14400,1,0,0,0,0,0,rev-3
NULL,2,6,2137,14400,1,0,0,0,0,0,rev-2
NULL,2,7,2137,14400,1,0,0,0,0,0,rev-1
NULL,2,7,2137,14400,1,0,0,0,0,0,rev-5
NULL,2,7,2137,14400,1,0,0,0,0,0,rev-2
NULL,2,7,2137,14400,1,0,0,0,0,0,rev-2
NULL,2,7,2137,14400,1,0,0,0,0,0,rev-4
NULL,2,7,2137,14400,1,0,1,0,0,0,rev-3
NULL,2,7,2137,14400,1,0,0,0,0,0,rev-2
NULL,2,7,2137,14400,1,0,0,0,0,0,rev-4
NULL,2,7,2137,14400,1,0,0,0,0,0,rev-2
NULL,2,7,2137,14400,1,0,0,0,0,0,rev-5
NULL,2,8,2137,14400,1,0,0,0,0,0,rev-1
NULL,2,8,2137,14400,1,0,0,0,0,0,rev-1
NULL,2,8,2137,14400,1,0,0,0,0,0,rev-5
NULL,2,8,2137,14400,1,0,0,0,0,0,rev-5
NULL,2,8,2137,14400,1,0,0,0,0,0,rev-1
NULL,2,8,2137,14400,1,0,0,0,0,0,rev-5
NULL,2,8,2137,14400,1,0,0,0,0,0,rev-3
NULL,2,8,2137,14400,1,0,1,0,0,0,rev-1
NULL,2,8,2137,14400,1,1,0,1,0.944,0.92,rev-5
NULL,2,8,2137,14400,1,0,0,0,0,0,rev-1
NULL,2,9,2137,14400,1,0,0,0,0,0,rev-2
NULL,2,9,2137,14400,1,0,0,0,0,0,rev-5
NULL,2,9,2137,14400,1,0,0,0,0,0,rev-3
NULL,2,9,2137,14400,1,0,0,0,0,0,rev-6
NULL,2,9,2137,14400,1,0,0,0,0,0,rev-4
NULL,2,9,2137,14400,1,0,0,0,0,0,rev-2
NULL,2,9,2137,14400,1,0,1,0,0,0,rev-1
NULL,2,9,2137,14400,1,0,0,0,0,0,rev-2
NULL,2,9,2137,14400,1,0,1,0,0,0,rev-6
NULL,2,9,2137,14400,1,0,0,0,0,0,rev-2
NULL,2,10,2137,14400,1,0,1,0,0,0,rev-5
NULL,2,10,2137,14400,1,0,1,0,0,0,rev-3
NULL,2,10,2137,14400,1,0,0,0,0,0,rev-2
NULL,2,10,2137,14400,1,0,1,0,0,0,rev-5
NULL,2,10,2137,14400,1,0,0,0,0,0,rev-3
NULL,2,10,2137,14400,1,0,0,0,0,0,rev-1
NULL,2,10,2137,14400,1,0,0,0,0,0,rev-1
NULL,2,10,2137,14400,1,0,0,0,0,0,rev-3
NULL,2,10,2137,14400,1,0,0,0,0,0,rev-3
NULL,2,10,2137,14400,1,0,0,0,0,0,rev-1
NULL,2,11,2137,14400,1,0,0,0,0,0,rev-6
NULL,2,11,2137,14400,1,0,0,0,0,0,rev-2
NULL,2,11,2137,14400,1,0,0,0,0,0,rev-3
NULL,2,11,2137,14400,1,0,1,0,0,0,rev-1
NULL,2,11,2137,14400,1,0,0,0,0,0,rev-4
NULL,2,11,2137,14400,1,0,0,0,0,0,rev-1
NULL,2,11,2137,14400,1,0,0,0,0,0,rev-1
NULL,2,11,2137,14400,1,0,1,0,0,0,rev-5
NULL,2,11,2137,14400,1,0,0,0,0,0,rev-6
NULL,2,11,2137,14400,1,0,1,0,0,0,rev-1
NULL,2,12,2137,14400,1,0,0,0,0,0,rev-1
NULL,2,12,2137,14400,1,0,0,0,0,0,rev-4
NULL,2,12,2137,14400,1,0,0,0,0,0,rev-6
NULL,2,12,2137,14400,1,0,0,0,0,0,rev-4
NULL,2,12,2137,14400,1,0,0,0,0,0,rev-4
NULL,2,12,2137,14400,1,0,0,0,0,0,rev-4
NULL,2,12,2137,14400,1,0,0,0,0,0,rev-1
NULL,2,12,2137,14400,1,0,1,0,0,0,rev-1
NULL,2,12,2137,14400,1,0,1,0,0,0,rev-6
NULL,2,12,2137,14400,1,0,0,0,0,0,rev-3
NULL,2,13,2137,14400,1,0,0,0,0,0,rev-2
NULL,2,13,2137,14400,1,0,0,0,0,0,rev-6
NULL,2,13,2137,14400,1,0,0,0,0,0,rev-6
NULL,2,13,2137,14400,1,0,1,0,0,0,rev-5
NULL,2,13,2137,14400,1,0,1,0,0,0,rev-4
NULL,2,13,2137,14400,1,0,0,0,0,0,rev-2
NULL,2,13,2137,14400,1,0,0,0,0,0,rev-4
NULL,2,13,2137,14400,1,0,0,0,0,0,rev-1
NULL,2,13,2137,14400,1,0,0,0,0,0,rev-2
NULL,2,13,2137,14400,1,0,0,0,0,0,rev-6
NULL,2,14,2137,14400,1,0,0,0,0,0,rev-4
NULL,2,14,2137,14400,1,0,0,0,0,0,rev-4
NULL,2,14,2137,14400,1,0,0,0,0,0,rev-2
NULL,2,14,2137,14400,1,0,0,0,0,0,rev-1
NULL,2,14,2137,14400,1,0,0,0,0,0,rev-4
NULL,2,14,2137,14400,1,1,0,1,0.41,0.671,rev-1
NULL,2,14,2137,14400,1,0,1,0,0,0,rev-5
NULL,2,14,2137,14400,1,0,0,0,0,0,rev-4
NULL,2,14,2137,14400,1,0,0,0,0,0,rev-4
NULL,2,14,2137,14400,1,0,0,0,0,0,rev-3
NULL,2,15,2137,14400,1,0,0,0,0,0,rev-6
NULL,2,15,2137,14400,1,0,0,0,0,0,rev-2
NULL,2,15,2137,14400,1,1,1,0,0,0,rev-3
NULL,2,15,2137,14400,1,0,0,0,0,0,rev-6
NULL,2,15,2137,14400,1,0,0,0,0,0,rev-1
NULL,2,15,2137,14400,1,0,1,0,0,0,rev-3
NULL,2,15,2137,14400,1,0,1,0,0,0,rev-4
NULL,2,15,2137,14400,1,0,0,0,0,0,rev-5
NULL,2,15,2137,14400,1,0,0,0,0,0,rev-1
NULL,2,15,2137,14400,1,0,0,0,0,0,rev-6
NULL,2,16,2137,14400,1,0,0,0,0,0,rev-3
NULL,2,16,2137,14400,1,0,0,0,0,0,rev-6
NULL,2,16,2137,14400,1,0,0,0,0,0,rev-2
NULL,2,16,2137,14400,1,0,0,0,0,0,rev-6
NULL,2,16,2137,14400,1,0,0,0,0,0,rev-4
NULL,2,16,2137,14400,1,0,0,0,0,0,rev-6
NULL,2,16,2137,14400,1,0,0,0,0,0,rev-2
NULL,2,16,2137,14400,1,1,0,1,0.568,0.863,rev-6
NULL,2,16,2137,14400,1,0,0,0,0,0,rev-3
NULL,2,16,2137,14400,1,0,0,0,0,0,rev-3
NULL,2,17,2137,14400,1,0,1,0,0,0,rev-3
NULL,2,17,2137,14400,1,0,0,0,0,0,rev-4
NULL,2,17,2137,14400,1,0,0,0,0,0,rev-4
NULL,2,17,2137,14400,1,0,0,0,0,0,rev-6
NULL,2,17,2137,14400,1,0,0,0,0,0,rev-5
NULL,2,17,2137,14400,1,0,0,0,0,0,rev-1
NULL,2,17,2137,14400,1,0,0,0,0,0,rev-2
NULL,2,17,2137,14400,1,0,0,0,0,0,rev-2
NULL,2,17,2137,14400,1,0,0,0,0,0,rev-1
NULL,2,17,2137,14400,1,0,0,0,0,0,rev-3
NULL,2,18,2137,14400,1,0,0,0,0,0,rev-2
NULL,2,18,2137,14400,1,0,0,0,0,0,rev-2
NULL,2,18,2137,14400,1,1,0,1,0.438,0.65,rev-5
NULL,2,18,2137,14400,1,0,0,0,0,0,rev-2
NULL,2,18,2137,14400,1,0,0,0,0,0,rev-2
NULL,2,18,2137,14400,1,0,0,0,0,0,rev-6
NULL,2,18,2137,14400,1,0,0,0,0,0,rev-3
NULL,2,18,2137,14400,1,0,0,0,0,0,rev-5
NULL,2,18,2137,14400,1,0,0,0,0,0,rev-1
NULL,2,18,2137,14400,1,0,0,0,0,0,rev-1
NULL,2,19,2137,14400,1,0,0,0,0,0,rev-5
NULL,2,19,2137,14400,1,0,0,0,0,0,rev-3
NULL,2,19,2137,14400,1,0,1,0,0,0,rev-1
NULL,2,19,2137,14400,1,0,1,0,0,0,rev-3
NULL,2,19,2137,14400,1,0,0,0,0,0,rev-4
NULL,2,19,2137,14400,1,0,0,0,0,0,rev-5
NULL,2,19,2137,14400,1,0,0,0,0,0,rev-3
NULL,2,19,2137,14400,1,0,0,0,0,0,rev-4
NULL,2,19,2137,14400,1,0,0,0,0,0,rev-3
NULL,2,19,2137,14400,1,0,0,0,0,0,rev-4
NULL,2,20,2137,14400,1,0,0,0,0,0,rev-1
NULL,2,20,2137,14400,1,0,0,0,0,0,rev-6
NULL,2,20,2137,14400,1,0,0,0,0,0,rev-2
NULL,2,20,2137,14400,1,0,0,0,0,0,rev-5
NULL,2,20,2137,14400,1,0,0,0,0,0,rev-3
NULL,2,20,2137,14400,1,0,1,0,0,0,rev-5
NULL,2,20,2137,14400,1,0,0,0,0,0,rev-3
NULL,2,20,2137,14400,1,0,0,0,0,0,rev-6
NULL,2,20,2137,14400,1,0,0,0,0,0,rev-4
NULL,2,20,2137,14400,1,0,0,0,0,0,rev-4
NULL,2,21,2137,14400,1,0,0,0,0,0,rev-4
NULL,2,21,2137,14400,1,0,0,0,0,0,rev-5
NULL,2,21,2137,14400,1,0,1,0,0,0,rev-2
NULL,2,21,2137,14400,1,0,0,0,0,0,rev-4
NULL,2,21,2137,14400,1,0,1,0,0,0,rev-1
NULL,2,21,2137,14400,1,0,0,0,0,0,rev-2
NULL,2,21,2137,14400,1,0,0,0,0,0,rev-3
NULL,2,21,2137,14400,1,0,1,0,0,0,rev-5
NULL,2,21,2137,14400,1,0,0,0,0,0,rev-2
NULL,2,21,2137,14400,1,0,0,0,0,0,rev-3
NULL,2,22,2137,14400,1,0,1,0,0,0,rev-6
NULL,2,22,2137,14400,1,0,0,0,0,0,rev-1
NULL,2,22,2137,14400,1,0,0,0,0,0,rev-3
NULL,2,22,2137,14400,1,1,0,1,0.636,0.828,rev-2
NULL,2,22,2137,14400,1,0,0,0,0,0,rev-4
NULL,2,22,2137,14400,1,0,0,0,0,0,rev-1
NULL,2,22,2137,14400,1,0,1,0,0,0,rev-6
NULL,2,22,2137,14400,1,0,1,0,0,0,rev-2
NULL,2,22,2137,14400,1,0,0,0,0,0,rev-3
NULL,2,22,2137,14400,1,1,0,1,0.496,0.668,rev-6
NULL,2,23,2137,14400,1,0,1,0,0,0,rev-3
NULL,2,23,2137,14400,1,0,0,0,0,0,rev-2
NULL,2,23,2137,14400,1,1,0,1,0.54,0.952,rev-3
NULL,2,23,2137,14400,1,0,0,0,0,0,rev-3
NULL,2,23,2137,14400,1,0,0,0,0,0,rev-3
NULL,2,23,2137,14400,1,1,0,1,0.411,0.745,rev-5
NULL,2,23,2137,14400,1,0,0,0,0,0,rev-4
NULL,2,23,2137,14400,1,0,0,0,0,0,rev-3
NULL,2,23,2137,14400,1,0,0,0,0,0,rev-2
NULL,2,23,2137,14400,1,0,0,0,0,0,rev-2
NULL,3,0,2137,14400,1,0,0,0,0,0,rev-1
NULL,3,0,2137,14400,1,0,0,0,0,0,rev-2
NULL,3,0,2137,14400,1,1,0,1,0.896,0.647,rev-6
NULL,3,0,2137,14400,1,0,0,0,0,0,rev-1
NULL,3,0,2137,14400,1,0,0,0,0,0,rev-2
NULL,3,0,2137,14400,1,0,0,0,0,0,rev-3
NULL,3,0,2137,14400,1,1,0,1,0.654,0.78,rev-4
NULL,3,0,2137,14400,1,0,0,0,0,0,rev-2
NULL,3,0,2137,14400,1,0,0,0,0,0,rev-2
NULL,3,0,2137,14400,1,0,1,0,0,0,rev-3
NULL,3,1,2137,14400,1,0,0,0,0,0,rev-5
NULL,3,1,2137,14400,1,0,0,0,0,0,rev-5
NULL,3,1,2137,14400,1,0,1,0,0,0,rev-1
NULL,3,1,2137,14400,1,0,0,0,0,0,rev-3
NULL,3,1,2137,14400,1,0,0,0,0,0,rev-2
NULL,3,1,2137,14400,1,0,0,0,0,0,rev-5
NULL,3,1,2137,14400,1,0,0,0,0,0,rev-6
NULL,3,1,2137,14400,1,0,0,0,0,0,rev-6
NULL,3,1,2137,14400,1,0,0,0,0,0,rev-4
NULL,3,1,2137,14400,1,0,0,0,0,0,rev-1
NULL,3,2,2137,14400,1,0,0,0,0,0,rev-5
NULL,3,2,2137,14400,1,0,0,0,0,0,rev-4
NULL,3,2,2137,14400,1,0,1,0,0,0,rev-4
NULL,3,2,2137,14400,1,0,1,0,0,0,rev-6
NULL,3,2,2137,14400,1,0,0,0,0,0,rev-5
NULL,3,2,2137,14400,1,0,0,0,0,0,rev-4
NULL,3,2,2137,14400,1,0,0,0,0,0,rev-5
NULL,3,2,2137,14400,1,0,0,0,0,0,rev-2
NULL,3,2,2137,14400,1,0,0,0,0,0,rev-4
NULL,3,2,2137,14400,1,0,0,0,0,0,rev-6
NULL,3,3,2137,14400,1,1,0,1,0.696,0.867,rev-5
NULL,3,3,2137,14400,1,0,0,0,0,0,rev-2
NULL,3,3,2137,14400,1,1,0,1,0.697,0.55,rev-1
NULL,3,3,2137,14400,1,0,0,0,0,0,rev-3
NULL,3,3,2137,14400,1,1,0,1,0.987,0.875,rev-1
NULL,3,3,2137,14400,1,0,1,0,0,0,rev-3
NULL,3,3,2137,14400,1,0,1,0,0,0,rev-6
NULL,3,3,2137,14400,1,0,0,0,0,0,rev-1
NULL,3,3,2137,14400,1,0,0,0,0,0,rev-1
NULL,3,3,2137,14400,1,0,1,0,0,0,rev-3
NULL,3,4,2137,14400,1,0,0,0,0,0,rev-4
NULL,3,4,2137,14400,1,0,0,0,0,0,rev-4
NULL,3,4,2137,14400,1,0,0,0,0,0,rev-3
NULL,3,4,2137,14400,1,0,0,0,0,0,rev-4
NULL,3,4,2137,14400,1,0,1,0,0,0,rev-6
NULL,3,4,2137,14400,1,0,0,0,0,0,rev-2
NULL,3,4,2137,14400,1,0,1,0,0,0,rev-6
NULL,3,4,2137,14400,1,0,0,0,0,0,rev-5
NULL,3,4,2137,14400,1,0,0,0,0,0,rev-2
NULL,3,4,2137,14400,1,0,0,0,0,0,rev-4
NULL,3,5,2137,14400,1,0,0,0,0,0,rev-6
NULL,3,5,2137,14400,1,0,0,0,0,0,rev-5
NULL,3,5,2137,14400,1,0,0,0,0,0,rev-1
NULL,3,5,2137,14400,1,0,0,0,0,0,rev-4
NULL,3,5,2137,14400,1,0,0,0,0,0,rev-2
NULL,3,5,2137,14400,1,0,1,0,0,0,rev-5
NULL,3,5,2137,14400,1,0,0,0,0,0,rev-6
NULL,3,5,2137,14400,1,0,0,0,0,0,rev-6
NULL,3,5,2137,14400,1,0,0,0,0,0,rev-2
NULL,3,5,2137,14400,1,0,0,0,0,0,rev-2
NULL,3,6,2137,14400,1,0,0,0,0,0,rev-3
NULL,3,6,2137,14400,1,0,0,0,0,0,rev-4
NULL,3,6,2137,14400,1,1,0,1,0.87,0.537,rev-2
NULL,3,6,2137,14400,1,1,0,1,0.515,0.653,rev-4
NULL,3,6,2137,14400,1,0,0,0,0,0,rev-6
NULL,3,6,2137,14400,1,0,1,0,0,0,rev-6
NULL,3,6,2137,14400,1,0,0,0,0,0,rev-6
NULL,3,6,2137,14400,1,0,0,0,0,0,rev-4
NULL,3,6,2137,14400,1,0,0,0,0,0,rev-5
NULL,3,6,2137,14400,1,0,0,0,0,0,rev-2
NULL,3,7,2137,14400,1,0,1,0,0,0,rev-4
NULL,3,7,2137,14400,1,0,0,0,0,0,rev-2
NULL,3,7,2137,14400,1,0,0,0,0,0,rev-3
NULL,3,7,2137,14400,1,0,0,0,0,0,rev-3
NULL,3,7,2137,14400,1,0,0,0,0,0,rev-2
NULL,3,7,2137,14400,1,0,0,0,0,0,rev-4
NULL,3,7,2137,14400,1,0,1,0,0,0,rev-2
NULL,3,7,2137,14400,1,0,0,0,0,0,rev-1
NULL,3,7,2137,14400,1,1,0,1,0.911,0.956,rev-5
NULL,3,7,2137,14400,1,1,0,1,0.602,0.931,rev-1
NULL,3,8,2137,14400,1,0,0,0,0,0,rev-3
NULL,3,8,2137,14400,1,0,0,0,0,0,rev-2
NULL,3,8,2137,14400,1,0,1,0,0,0,rev-2
NULL,3,8,2137,14400,1,0,0,0,0,0,rev-4
NULL,3,8,2137,14400,1,0,0,0,0,0,rev-2
NULL,3,8,2137,14400,1,0,0,0,0,0,rev-6
NULL,3,8,2137,14400,1,0,0,0,0,0,rev-6
NULL,3,8,2137,14400,1,1,0,1,0.762,0.574,rev-1
NULL,3,8,2137,14400,1,1,0,1,0.804,0.551,rev-6
NULL,3,8,2137,14400,1,0,0,0,0,0,rev-2
NULL,3,9,2137,14400,1,0,1,0,0,0,rev-1
NULL,3,9,2137,14400,1,0,1,0,0,0,rev-3
NULL,3,9,2137,14400,1,1,0,1,0.511,0.676,rev-1
NULL,3,9,2137,14400,1,0,0,0,0,0,rev-3
NULL,3,9,2137,14400,1,0,1,0,0,0,rev-1
NULL,3,9,2137,14400,1,0,0,0,0,0,rev-1
NULL,3,9,2137,14400,1,0,1,0,0,0,rev-3
NULL,3,9,2137,14400,1,0,0,0,0,0,rev-5
NULL,3,9,2137,14400,1,0,0,0,0,0,rev-1
NULL,3,9,2137,14400,1,0,0,0,0,0,rev-3
NULL,3,10,2137,14400,1,0,1,0,0,0,rev-3
NULL,3,10,2137,14400,1,0,0,0,0,0,rev-5
NULL,3,10,2137,14400,1,0,0,0,0,0,rev-1
NULL,3,10,2137,14400,1,0,1,0,0,0,rev-4
NULL,3,10,2137,14400,1,0,0,0,0,0,rev-3
NULL,3,10,2137,14400,1,0,0,0,0,0,rev-6
NULL,3,10,2137,14400,1,0,0,0,0,0,rev-6
NULL,3,10,2137,14400,1,0,0,0,0,0,rev-4
NULL,3,10,2137,14400,1,0,0,0,0,0,rev-5
NULL,3,10,2137,14400,1,0,1,0,0,0,rev-2
NULL,3,11,2137,14400,1,0,1,0,0,0,rev-2
NULL,3,11,2137,14400,1,0,0,0,0,0,rev-2
NULL,3,11,2137,14400,1,0,0,0,0,0,rev-6
NULL,3,11,2137,14400,1,0,1,0,0,0,rev-2
NULL,3,11,2137,14400,1,0,0,0,0,0,rev-3
NULL,3,11,2137,14400,1,0,0,0,0,0,rev-5
NULL,3,11,2137,14400,1,0,0,0,0,0,rev-3
NULL,3,11,2137,14400,1,0,0,0,0,0,rev-2
NULL,3,11,2137,14400,1,0,1,0,0,0,rev-3
NULL,3,11,2137,14400,1,0,0,0,0,0,rev-3
NULL,3,12,2137,14400,1,0,0,0,0,0,rev-4
NULL,3,12,2137,14400,1,0,0,0,0,0,rev-4
NULL,3,12,2137,14400,1,0,0,0,0,0,rev-1
NULL,3,12,2137,14400,1,1,0,1,0.44,0.98,rev-1
NULL,3,12,2137,14400,1,0,0,0,0,0,rev-5
NULL,3,12,2137,14400,1,0,0,0,0,0,rev-5
NULL,3,12,2137,14400,1,0,0,0,0,0,rev-5
NULL,3,12,2137,14400,1,0,0,0,0,0,rev-3
NULL,3,12,2137,14400,1,0,0,0,0,0,rev-1
NULL,3,12,2137,14400,1,0,0,0,0,0,rev-6
NULL,3,13,2137,14400,1,1,0,1,0.788,0.772,rev-6
NULL,3,13,2137,14400,1,0,0,0,0,0,rev-2
NULL,3,13,2137,14400,1,0,0,0,0,0,rev-4
NULL,3,13,2137,14400,1,0,0,0,0,0,rev-6
NULL,3,13,2137,14400,1,0,0,0,0,0,rev-3
NULL,3,13,2137,14400,1,0,1,0,0,0,rev-1
NULL,3,13,2137,14400,1,0,0,0,0,0,rev-2
NULL,3,13,2137,14400,1,0,0,0,0,0,rev-2
NULL,3,13,2137,14400,1,0,0,0,0,0,rev-4
NULL,3,13,2137,14400,1,0,0,0,0,0,rev-5
NULL,3,14,2137,14400,1,0,0,0,0,0,rev-2
NULL,3,14,2137,14400,1,0,0,0,0,0,rev-3
NULL,3,14,2137,14400,1,0,0,0,0,0,rev-4
NULL,3,14,2137,14400,1,1,0,1,0.69,0.9,rev-5
NULL,3,14,2137,14400,1,0,0,0,0,0,rev-5
NULL,3,14,2137,14400,1,0,1,0,0,0,rev-4
NULL,3,14,2137,14400,1,0,0,0,0,0,rev-2
NULL,3,14,2137,14400,1,0,0,0,0,0,rev-1
NULL,3,14,2137,14400,1,0,1,0,0,0,rev-4
NULL,3,14,2137,14400,1,0,0,0,0,0,rev-4
NULL,3,15,2137,14400,1,0,0,0,0,0,rev-6
NULL,3,15,2137,14400,1,1,1,0,0,0,rev-5
NULL,3,15,2137,14400,1,0,0,0,0,0,rev-1
NULL,3,15,2137,14400,1,0,0,0,0,0,rev-4
NULL,3,15,2137,14400,1,0,0,0,0,0,rev-1
NULL,3,15,2137,14400,1,0,0,0,0,0,rev-5
NULL,3,15,2137,14400,1,0,0,0,0,0,rev-1
NULL,3,15,2137,14400,1,0,0,0,0,0,rev-1
NULL,3,15,2137,14400,1,0,0,0,0,0,rev-6
NULL,3,15,2137,14400,1,0,0,0,0,0,rev-5
NULL,3,16,2137,14400,1,0,0,0,0,0,rev-3
NULL,3,16,2137,14400,1,0,0,0,0,0,rev-2
NULL,3,16,2137,14400,1,0,0,0,0,0,rev-3
NULL,3,16,2137,14400,1,0,0,0,0,0,rev-2
NULL,3,16,2137,14400,1,0,1,0,0,0,rev-2
NULL,3,16,2137,14400,1,0,0,0,0,0,rev-6
NULL,3,16,2137,14400,1,0,0,0,0,0,rev-3
NULL,3,16,2137,14400,1,0,0,0,0,0,rev-3
NULL,3,16,2137,14400,1,0,0,0,0,0,rev-4
NULL,3,16,2137,14400,1,0,1,0,0,0,rev-3
NULL,3,17,2137,14400,1,0,0,0,0,0,rev-5
NULL,3,17,2137,14400,1,0,0,0,0,0,rev-5
NULL,3,17,2137,14400,1,0,1,0,0,0,rev-3
NULL,3,17,2137,14400,1,0,1,0,0,0,rev-3
NULL,3,17,2137,14400,1,0,0,0,0,0,rev-3
NULL,3,17,2137,14400,1,0,0,0,0,0,rev-3
NULL,3,17,2137,14400,1,0,0,0,0,0,rev-6
NULL,3,17,2137,14400,1,0,1,0,0,0,rev-2
NULL,3,17,2137,14400,1,0,0,0,0,0,rev-1
NULL,3,17,2137,14400,1,0,0,0,0,0,rev-3
NULL,3,18,2137,14400,1,0,0,0,0,0,rev-1
NULL,3,18,2137,14400,1,0,0,0,0,0,rev-1
NULL,3,18,2137,14400,1,0,1,0,0,0,rev-5
NULL,3,18,2137,14400,1,0,0,0,0,0,rev-2
NULL,3,18,2137,14400,1,0,0,0,0,0,rev-6
NULL,3,18,2137,14400,1,0,0,0,0,0,rev-1
NULL,3,18,2137,14400,1,1,0,1,0.898,0.528,rev-2
NULL,3,18,2137,14400,1,0,0,0,0,0,rev-1
NULL,3,18,2137,14400,1,0,0,0,0,0,rev-1
NULL,3,18,2137,14400,1,0,0,0,0,0,rev-4
NULL,3,19,2137,14400,1,0,0,0,0,0,rev-3
NULL,3,19,2137,14400,1,0,0,0,0,0,rev-2
NULL,3,19,2137,14400,1,0,0,0,0,0,rev-1
NULL,3,19,2137,14400,1,0,0,0,0,0,rev-1
NULL,3,19,2137,14400,1,0,0,0,0,0,rev-1
NULL,3,19,2137,14400,1,0,0,0,0,0,rev-4
NULL,3,19,2137,14400,1,0,0,0,0,0,rev-2
NULL,3,19,2137,14400,1,0,1,0,0,0,rev-3
NULL,3,19,2137,14400,1,0,0,0,0,0,rev-1
NULL,3,19,2137,14400,1,0,0,0,0,0,rev-3
NULL,3,20,2137,14400,1,0,0,0,0,0,rev-2
NULL,3,20,2137,14400,1,0,0,0,0,0,rev-3
NULL,3,20,2137,14400,1,0,0,0,0,0,rev-4
NULL,3,20,2137,14400,1,0,1,0,0,0,rev-6
NULL,3,20,2137,14400,1,0,0,0,0,0,rev-5
NULL,3,20,2137,14400,1,0,0,0,0,0,rev-2
NULL,3,20,2137,14400,1,0,1,0,0,0,rev-2
NULL,3,20,2137,14400,1,0,0,0,0,0,rev-6
NULL,3,20,2137,14400,1,1,0,1,0.805,0.649,rev-1
NULL,3,20,2137,14400,1,0,0,0,0,0,rev-4
NULL,3,21,2137,14400,1,0,0,0,0,0,rev-4
NULL,3,21,2137,14400,1,0,0,0,0,0,rev-4
NULL,3,21,2137,14400,1,0,0,0,0,0,rev-1
NULL,3,21,2137,14400,1,0,0,0,0,0,rev-6
NULL,3,21,2137,14400,1,0,0,0,0,0,rev-4
NULL,3,21,2137,14400,1,1,0,1,0.402,0.752,rev-4
NULL,3,21,2137,14400,1,0,0,0,0,0,rev-6
NULL,3,21,2137,14400,1,0,0,0,0,0,rev-1
NULL,3,21,2137,14400,1,0,0,0,0,0,rev-2
NULL,3,21,2137,14400,1,0,0,0,0,0,rev-2
NULL,3,22,2137,14400,1,0,1,0,0,0,rev-3
NULL,3,22,2137,14400,1,0,1,0,0,0,rev-3
NULL,3,22,2137,14400,1,0,0,0,0,0,rev-2
NULL,3,22,2137,14400,1,0,0,0,0,0,rev-3
NULL,3,22,2137,14400,1,0,0,0,0,0,rev-2
NULL,3,22,2137,14400,1,0,0,0,0,0,rev-1
NULL,3,22,2137,14400,1,0,0,0,0,0,rev-6
NULL,3,22,2137,14400,1,0,0,0,0,0,rev-5
NULL,3,22,2137,14400,1,0,0,0,0,0,rev-2
NULL,3,22,2137,14400,1,0,0,0,0,0,rev-3
NULL,3,23,2137,14400,1,0,0,0,0,0,rev-5
NULL,3,23,2137,14400,1,0,0,0,0,0,rev-3
NULL,3,23,2137,14400,1,0,0,0,0,0,rev-2
NULL,3,23,2137,14400,1,0,0,0,0,0,rev-1
NULL,3,23,2137,14400,1,0,1,0,0,0,rev-6
NULL,3,23,2137,14400,1,0,0,0,0,0,rev-4
NULL,3,23,2137,14400,1,0,0,0,0,0,rev-2
NULL,3,23,2137,14400,1,0,0,0,0,0,rev-4
NULL,3,23,2137,14400,1,0,0,0,0,0,rev-2
NULL,3,23,2137,14400,1,1,1,0,0,0,rev-5
NULL,4,0,2137,14400,1,0,1,0,0,0,rev-3
NULL,4,0,2137,14400,1,0,0,0,0,0,rev-2
NULL,4,0,2137,14400,1,0,0,0,0,0,rev-5
NULL,4,0,2137,14400,1,0,0,0,0,0,rev-5
NULL,4,0,2137,14400,1,0,1,0,0,0,rev-2
NULL,4,0,2137,14400,1,0,0,0,0,0,rev-3
NULL,4,0,2137,14400,1,0,0,0,0,0,rev-1
NULL,4,0,2137,14400,1,0,1,0,0,0,rev-4
NULL,4,0,2137,14400,1,0,0,0,0,0,rev-3
NULL,4,0,2137,14400,1,0,0,0,0,0,rev-1
NULL,4,1,2137,14400,1,0,0,0,0,0,rev-3
NULL,4,1,2137,14400,1,0,0,0,0,0,rev-2
NULL,4,1,2137,14400,1,0,0,0,0,0,rev-1
NULL,4,1,2137,14400,1,0,0,0,0,0,rev-5
NULL,4,1,2137,14400,1,0,0,0,0,0,rev-5
NULL,4,1,2137,14400,1,0,1,0,0,0,rev-3
NULL,4,1,2137,14400,1,0,0,0,0,0,rev-5
NULL,4,1,2137,14400,1,0,0,0,0,0,rev-1
NULL,4,1,2137,14400,1,0,0,0,0,0,rev-4
NULL,4,1,2137,14400,1,0,0,0,0,0,rev-6
NULL,4,2,2137,14400,1,0,0,0,0,0,rev-2
NULL,4,2,2137,14400,1,0,0,0,0,0,rev-4
NULL,4,2,2137,14400,1,0,0,0,0,0,rev-5
NULL,4,2,2137,14400,1,0,0,0,0,0,rev-1
NULL,4,2,2137,14400,1,0,0,0,0,0,rev-4
NULL,4,2,2137,14400,1,0,0,0,0,0,rev-5
NULL,4,2,2137,14400,1,0,0,0,0,0,rev-2
NULL,4,2,2137,14400,1,0,1,0,0,0,rev-6
NULL,4,2,2137,14400,1,0,0,0,0,0,rev-6
NULL,4,2,2137,14400,1,0,0,0,0,0,rev-5
NULL,4,3,2137,14400,1,0,0,0,0,0,rev-5
NULL,4,3,2137,14400,1,0,0,0,0,0,rev-3
NULL,4,3,2137,14400,1,0,0,0,0,0,rev-2
NULL,4,3,2137,14400,1,0,0,0,0,0,rev-2
NULL,4,3,2137,14400,1,0,0,0,0,0,rev-3
NULL,4,3,2137,14400,1,0,0,0,0,0,rev-2
NULL,4,3,2137,14400,1,0,0,0,0,0,rev-6
NULL,4,3,2137,14400,1,0,0,0,0,0,rev-6
NULL,4,3,2137,14400,1,0,0,0,0,0,rev-2
NULL,4,3,2137,14400,1,1,0,1,0.863,0.761,rev-4
NULL,4,4,2137,14400,1,0,0,0,0,0,rev-5
NULL,4,4,2137,14400,1,0,0,0,0,0,rev-3
NULL,4,4,2137,14400,1,0,0,0,0,0,rev-3
NULL,4,4,2137,14400,1,0,0,0,0,0,rev-4
NULL,4,4,2137,14400,1,0,0,0,0,0,rev-6
NULL,4,4,2137,14400,1,0,0,0,0,0,rev-5
NULL,4,4,2137,14400,1,0,1,0,0,0,rev-3
NULL,4,4,2137,14400,1,0,1,0,0,0,rev-6
NULL,4,4,2137,14400,1,0,0,0,0,0,rev-4
NULL,4,4,2137,14400,1,0,0,0,0,0,rev-5
NULL,4,5,2137,14400,1,0,0,0,0,0,rev-2
NULL,4,5,2137,14400,1,0,0,0,0,0,rev-5
NULL,4,5,2137,14400,1,0,0,0,0,0,rev-6
NULL,4,5,2137,14400,1,0,0,0,0,0,rev-4
NULL,4,5,2137,14400,1,0,1,0,0,0,rev-1
NULL,4,5,2137,14400,1,0,0,0,0,0,rev-3
NULL,4,5,2137,14400,1,0,0,0,0,0,rev-3
NULL,4,5,2137,14400,1,0,0,0,0,0,rev-5
NULL,4,5,2137,14400,1,1,0,1,0.421,0.929,rev-4
NULL,4,5,2137,14400,1,0,1,0,0,0,rev-6
NULL,4,6,2137,14400,1,0,0,0,0,0,rev-5
NULL,4,6,2137,14400,1,0,0,0,0,0,rev-5
NULL,4,6,2137,14400,1,0,0,0,0,0,rev-4
NULL,4,6,2137,14400,1,0,0,0,0,0,rev-3
NULL,4,6,2137,14400,1,0,0,0,0,0,rev-5
NULL,4,6,2137,14400,1,0,1,0,0,0,rev-4
NULL,4,6,2137,14400,1,0,0,0,0,0,rev-5
NULL,4,6,2137,14400,1,0,0,0,0,0,rev-5
NULL,4,6,2137,14400,1,0,0,0,0,0,rev-5
NULL,4,6,2137,14400,1,0,0,0,0,0,rev-2
NULL,4,7,2137,14400,1,1,0,1,0.94,0.819,rev-6
NULL,4,7,2137,14400,1,1,0,1,0.986,0.509,rev-5
NULL,4,7,2137,14400,1,0,0,0,0,0,rev-2
NULL,4,7,2137,14400,1,0,0,0,0,0,rev-4
NULL,4,7,2137,14400,1,0,0,0,0,0,rev-2
NULL,4,7,2137,14400,1,0,0,0,0,0,rev-2
NULL,4,7,2137,14400,1,0,0,0,0,0,rev-3
NULL,4,7,2137,14400,1,0,0,0,0,0,rev-3
NULL,4,7,2137,14400,1,0,0,0,0,0,rev-2
NULL,4,7,2137,14400,1,0,1,0,0,0,rev-6
NULL,4,8,2137,14400,1,0,0,0,0,0,rev-2
NULL,4,8,2137,14400,1,0,0,0,0,0,rev-2
NULL,4,8,2137,14400,1,0,0,0,0,0,rev-3
NULL,4,8,2137,14400,1,0,0,0,0,0,rev-5
NULL,4,8,2137,14400,1,1,0,1,0.721,0.75,rev-4
NULL,4,8,2137,14400,1,1,0,1,0.494,0.589,rev-4
NULL,4,8,2137,14400,1,0,0,0,0,0,rev-6
NULL,4,8,2137,14400,1,0,1,0,0,0,rev-4
NULL,4,8,2137,14400,1,1,0,1,0.807,0.558,rev-5
NULL,4,8,2137,14400,1,0,1,0,0,0,rev-6
NULL,4,9,2137,14400,1,0,0,0,0,0,rev-3
NULL,4,9,2137,14400,1,0,0,0,0,0,rev-6
NULL,4,9,2137,14400,1,0,0,0,0,0,rev-6
NULL,4,9,2137,14400,1,0,0,0,0,0,rev-2
NULL,4,9,2137,14400,1,0,0,0,0,0,rev-4
NULL,4,9,2137,14400,1,0,0,0,0,0,rev-2
NULL,4,9,2137,14400,1,0,1,0,0,0,rev-4
NULL,4,9,2137,14400,1,0,0,0,0,0,rev-4
NULL,4,9,2137,14400,1,0,1,0,0,0,rev-4
NULL,4,9,2137,14400,1,0,0,0,0,0,rev-5
NULL,4,10,2137,14400,1,0,0,0,0,0,rev-4
NULL,4,10,2137,14400,1,0,0,0,0,0,rev-4
NULL,4,10,2137,14400,1,0,0,0,0,0,rev-5
NULL,4,10,2137,14400,1,0,0,0,0,0,rev-3
NULL,4,10,2137,14400,1,0,0,0,0,0,rev-1
NULL,4,10,2137,14400,1,0,1,0,0,0,rev-5
NULL,4,10,2137,14400,1,0,0,0,0,0,rev-4
NULL,4,10,2137,14400,1,0,0,0,0,0,rev-1
NULL,4,10,2137,14400,1,0,0,0,0,0,rev-4
NULL,4,10,2137,14400,1,1,0,1,0.614,0.836,rev-2
NULL,4,11,2137,14400,1,0,0,0,0,0,rev-2
NULL,4,11,2137,14400,1,0,0,0,0,0,rev-3
NULL,4,11,2137,14400,1,0,0,0,0,0,rev-1
NULL,4,11,2137,14400,1,0,0,0,0,0,rev-5
NULL,4,11,2137,14400,1,0,1,0,0,0,rev-6
NULL,4,11,2137,14400,1,0,0,0,0,0,rev-6
NULL,4,11,2137,14400,1,0,0,0,0,0,rev-4
NULL,4,11,2137,14400,1,1,0,1,0.685,0.573,rev-2
NULL,4,11,2137,14400,1,0,0,0,0,0,rev-4
NULL,4,11,2137,14400,1,0,1,0,0,0,rev-3
NULL,4,12,2137,14400,1,0,0,0,0,0,rev-4
NULL,4,12,2137,14400,1,0,0,0,0,0,rev-3
NULL,4,12,2137,14400,1,0,0,0,0,0,rev-2
NULL,4,12,2137,14400,1,0,0,0,0,0,rev-6
NULL,4,12,2137,14400,1,0,0,0,0,0,rev-2
NULL,4,12,2137,14400,1,0,1,0,0,0,rev-1
NULL,4,12,2137,14400,1,0,0,0,0,0,rev-4
NULL,4,12,2137,14400,1,0,0,0,0,0,rev-2
NULL,4,12,2137,14400,1,0,0,0,0,0,rev-1
NULL,4,12,2137,14400,1,0,1,0,0,0,rev-4
NULL,4,13,2137,14400,1,0,0,0,0,0,rev-1
NULL,4,13,2137,14400,1,0,0,0,0,0,rev-6
NULL,4,13,2137,14400,1,0,0,0,0,0,rev-4
NULL,4,13,2137,14400,1,0,0,0,0,0,rev-4
NULL,4,13,2137,14400,1,0,1,0,0,0,rev-5
NULL,4,13,2137,14400,1,0,0,0,0,0,rev-4
NULL,4,13,2137,14400,1,0,0,0,0,0,rev-3
NULL,4,13,2137,14400,1,0,0,0,0,0,rev-1
NULL,4,13,2137,14400,1,0,0,0,0,0,rev-5
NULL,4,13,2137,14400,1,0,0,0,0,0,rev-2
NULL,4,14,2137,14400,1,0,0,0,0,0,rev-3
NULL,4,14,2137,14400,1,0,1,0,0,0,rev-2
NULL,4,14,2137,14400,1,1,0,1,0.872,0.553,rev-3
NULL,4,14,2137,14400,1,0,0,0,0,0,rev-5
NULL,4,14,2137,14400,1,0,0,0,0,0,rev-5
NULL,4,14,2137,14400,1,0,1,0,0,0,rev-4
NULL,4,14,2137,14400,1,0,1,0,0,0,rev-4
NULL,4,14,2137,14400,1,1,0,1,0.534,0.771,rev-3
NULL,4,14,2137,14400,1,1,1,0,0,0,rev-6
NULL,4,14,2137,14400,1,0,0,0,0,0,rev-1
NULL,4,15,2137,14400,1,0,0,0,0,0,rev-1
NULL,4,15,2137,14400,1,0,0,0,0,0,rev-6
NULL,4,15,2137,14400,1,0,0,0,0,0,rev-6
NULL,4,15,2137,14400,1,0,0,0,0,0,rev-5
NULL,4,15,2137,14400,1,0,0,0,0,0,rev-5
NULL,4,15,2137,14400,1,1,0,1,0.695,0.549,rev-2
NULL,4,15,2137,14400,1,0,1,0,0,0,rev-5
NULL,4,15,2137,14400,1,0,0,0,0,0,rev-6
NULL,4,15,2137,14400,1,0,1,0,0,0,rev-3
NULL,4,15,2137,14400,1,0,0,0,0,0,rev-1
NULL,4,16,2137,14400,1,0,0,0,0,0,rev-6
NULL,4,16,2137,14400,1,0,0,0,0,0,rev-1
NULL,4,16,2137,14400,1,0,0,0,0,0,rev-3
NULL,4,16,2137,14400,1,0,0,0,0,0,rev-1
NULL,4,16,2137,14400,1,0,0,0,0,0,rev-3
NULL,4,16,2137,14400,1,0,0,0,0,0,rev-6
NULL,4,16,2137,14400,1,0,0,0,0,0,rev-1
NULL,4,16,2137,14400,1,0,0,0,0,0,rev-6
NULL,4,16,2137,14400,1,0,0,0,0,0,rev-5
NULL,4,16,2137,14400,1,0,0,0,0,0,rev-5
NULL,4,17,2137,14400,1,0,0,0,0,0,rev-6
NULL,4,17,2137,14400,1,0,0,0,0,0,rev-5
NULL,4,17,2137,14400,1,0,1,0,0,0,rev-3
NULL,4,17,2137,14400,1,0,0,0,0,0,rev-1
NULL,4,17,2137,14400,1,0,0,0,0,0,rev-5
NULL,4,17,2137,14400,1,1,1,0,0,0,rev-4
NULL,4,17,2137,14400,1,0,0,0,0,0,rev-1
NULL,4,17,2137,14400,1,0,0,0,0,0,rev-2
NULL,4,17,2137,14400,1,1,1,0,0,0,rev-1
NULL,4,17,2137,14400,1,0,0,0,0,0,rev-2
NULL,4,18,2137,14400,1,0,0,0,0,0,rev-5
NULL,4,18,2137,14400,1,0,0,0,0,0,rev-4
NULL,4,18,2137,14400,1,1,0,1,0.783,0.567,rev-6
NULL,4,18,2137,14400,1,0,1,0,0,0,rev-3
NULL,4,18,2137,14400,1,0,0,0,0,0,rev-4
NULL,4,18,2137,14400,1,0,0,0,0,0,rev-1
NULL,4,18,2137,14400,1,0,0,0,0,0,rev-5
NULL,4,18,2137,14400,1,0,0,0,0,0,rev-6
NULL,4,18,2137,14400,1,0,0,0,0,0,rev-1
NULL,4,18,2137,14400,1,0,0,0,0,0,rev-2
NULL,4,19,2137,14400,1,0,1,0,0,0,rev-6
NULL,4,19,2137,14400,1,0,0,0,0,0,rev-2
NULL,4,19,2137,14400,1,0,0,0,0,0,rev-4
NULL,4,19,2137,14400,1,0,0,0,0,0,rev-5
NULL,4,19,2137,14400,1,0,0,0,0,0,rev-1
NULL,4,19,2137,14400,1,1,0,1,0.887,0.553,rev-5
NULL,4,19,2137,14400,1,0,0,0,0,0,rev-5
NULL,4,19,2137,14400,1,0,0,0,0,0,rev-5
NULL,4,19,2137,14400,1,0,0,0,0,0,rev-2
NULL,4,19,2137,14400,1,0,0,0,0,0,rev-1
NULL,4,20,2137,14400,1,0,0,0,0,0,rev-4
NULL,4,20,2137,14400,1,0,0,0,0,0,rev-2
NULL,4,20,2137,14400,1,0,0,0,0,0,rev-3
NULL,4,20,2137,14400,1,0,0,0,0,0,rev-1
NULL,4,20,2137,14400,1,0,0,0,0,0,rev-4
NULL,4,20,2137,14400,1,0,0,0,0,0,rev-6
NULL,4,20,2137,14400,1,0,0,0,0,0,rev-1
NULL,4,20,2137,14400,1,0,0,0,0,0,rev-2
NULL,4,20,2137,14400,1,0,0,0,0,0,rev-6
NULL,4,20,2137,14400,1,0,0,0,0,0,rev-4
NULL,4,21,2137,14400,1,0,0,0,0,0,rev-2
NULL,4,21,2137,14400,1,0,0,0,0,0,rev-3
NULL,4,21,2137,14400,1,1,0,1,0.515,0.666,rev-4
NULL,4,21,2137,14400,1,0,0,0,0,0,rev-5
NULL,4,21,2137,14400,1,0,1,0,0,0,rev-5
NULL,4,21,2137,14400,1,0,0,0,0,0,rev-2
NULL,4,21,2137,14400,1,0,0,0,0,0,rev-4
NULL,4,21,2137,14400,1,0,0,0,0,0,rev-2
NULL,4,21,2137,14400,1,0,1,0,0,0,rev-6
NULL,4,21,2137,14400,1,0,0,0,0,0,rev-6
NULL,4,22,2137,14400,1,0,0,0,0,0,rev-6
NULL,4,22,2137,14400,1,0,1,0,0,0,rev-2
NULL,4,22,2137,14400,1,0,0,0,0,0,rev-2
NULL,4,22,2137,14400,1,0,0,0,0,0,rev-5
NULL,4,22,2137,14400,1,0,0,0,0,0,rev-2
NULL,4,22,2137,14400,1,0,0,0,0,0,rev-3
NULL,4,22,2137,14400,1,0,0,0,0,0,rev-4
NULL,4,22,2137,14400,1,0,1,0,0,0,rev-1
NULL,4,22,2137,14400,1,0,0,0,0,0,rev-2
NULL,4,22,2137,14400,1,0,0,0,0,0,rev-6
NULL,4,23,2137,14400,1,0,0,0,0,0,rev-1
NULL,4,23,2137,14400,1,0,0,0,0,0,rev-3
NULL,4,23,2137,14400,1,0,0,0,0,0,rev-3
NULL,4,23,2137,14400,1,0,0,0,0,0,rev-6
NULL,4,23,2137,14400,1,0,0,0,0,0,rev-6
NULL,4,23,2137,14400,1,0,0,0,0,0,rev-2
NULL,4,23,2137,14400,1,0,0,0,0,0,rev-3
NULL,4,23,2137,14400,1,0,0,0,0,0,rev-6
NULL,4,23,2137,14400,1,0,1,0,0,0,rev-5
NULL,4,23,2137,14400,1,0,0,0,0,0,rev-6
NULL,5,0,2137,14400,1,0,0,0,0,0,rev-2
NULL,5,0,2137,14400,1,1,0,1,0.457,0.526,rev-2
NULL,5,0,2137,14400,1,0,0,0,0,0,rev-6
NULL,5,0,2137,14400,1,0,0,0,0,0,rev-5
NULL,5,0,2137,14400,1,0,0,0,0,0,rev-2
NULL,5,0,2137,14400,1,0,0,0,0,0,rev-2
NULL,5,0,2137,14400,1,0,0,0,0,0,rev-6
NULL,5,0,2137,14400,1,0,0,0,0,0,rev-2
NULL,5,0,2137,14400,1,0,0,0,0,0,rev-3
NULL,5,0,2137,14400,1,0,1,0,0,0,rev-4
NULL,5,1,2137,14400,1,0,0,0,0,0,rev-6
NULL,5,1,2137,14400,1,0,1,0,0,0,rev-2
NULL,5,1,2137,14400,1,0,0,0,0,0,rev-5
NULL,5,1,2137,14400,1,0,0,0,0,0,rev-4
NULL,5,1,2137,14400,1,0,0,0,0,0,rev-5
NULL,5,1,2137,14400,1,0,0,0,0,0,rev-4
NULL,5,1,2137,14400,1,0,0,0,0,0,rev-1
NULL,5,1,2137,14400,1,0,0,0,0,0,rev-4
NULL,5,1,2137,14400,1,0,0,0,0,0,rev-1
NULL,5,1,2137,14400,1,0,1,0,0,0,rev-1
NULL,5,2,2137,14400,1,0,0,0,0,0,rev-5
NULL,5,2,2137,14400,1,0,0,0,0,0,rev-4
NULL,5,2,2137,14400,1,0,0,0,0,0,rev-1
NULL,5,2,2137,14400,1,0,0,0,0,0,rev-1
NULL,5,2,2137,14400,1,0,0,0,0,0,rev-2
NULL,5,2,2137,14400,1,0,0,0,0,0,rev-1
NULL,5,2,2137,14400,1,0,1,0,0,0,rev-3
NULL,5,2,2137,14400,1,0,0,0,0,0,rev-1
NULL,5,2,2137,14400,1,1,0,1,0.905,0.795,rev-6
NULL,5,2,2137,14400,1,0,0,0,0,0,rev-2
NULL,5,3,2137,14400,1,0,1,0,0,0,rev-4
NULL,5,3,2137,14400,1,1,0,1,0.517,0.735,rev-5
NULL,5,3,2137,14400,1,0,1,0,0,0,rev-5
NULL,5,3,2137,14400,1,0,1,0,0,0,rev-6
NULL,5,3,2137,14400,1,0,0,0,0,0,rev-3
NULL,5,3,2137,14400,1,0,1,0,0,0,rev-2
NULL,5,3,2137,14400,1,0,0,0,0,0,rev-6
NULL,5,3,2137,14400,1,0,0,0,0,0,rev-3
NULL,5,3,2137,14400,1,0,0,0,0,0,rev-2
NULL,5,3,2137,14400,1,0,0,0,0,0,rev-2
NULL,5,4,2137,14400,1,0,0,0,0,0,rev-4
NULL,5,4,2137,14400,1,0,0,0,0,0,rev-1
NULL,5,4,2137,14400,1,0,0,0,0,0,rev-4
NULL,5,4,2137,14400,1,0,0,0,0,0,rev-1
NULL,5,4,2137,14400,1,0,0,0,0,0,rev-1
NULL,5,4,2137,14400,1,0,0,0,0,0,rev-4
NULL,5,4,2137,14400,1,0,0,0,0,0,rev-4
NULL,5,4,2137,14400,1,0,0,0,0,0,rev-2
NULL,5,4,2137,14400,1,0,0,0,0,0,rev-5
NULL,5,4,2137,14400,1,0,0,0,0,0,rev-6
NULL,5,5,2137,14400,1,0,0,0,0,0,rev-2
NULL,5,5,2137,14400,1,0,0,0,0,0,rev-5
NULL,5,5,2137,14400,1,0,0,0,0,0,rev-1
NULL,5,5,2137,14400,1,0,0,0,0,0,rev-5
NULL,5,5,2137,14400,1,0,0,0,0,0,rev-5
NULL,5,5,2137,14400,1,1,0,1,0.895,0.715,rev-1
NULL,5,5,2137,14400,1,0,0,0,0,0,rev-6
NULL,5,5,2137,14400,1,0,0,0,0,0,rev-3
NULL,5,5,2137,14400,1,0,0,0,0,0,rev-6
NULL,5,5,2137,14400,1,0,0,0,0,0,rev-1
NULL,5,6,2137,14400,1,0,0,0,0,0,rev-2
NULL,5,6,2137,14400,1,0,0,0,0,0,rev-4
NULL,5,6,2137,14400,1,0,0,0,0,0,rev-4
NULL,5,6,2137,14400,1,1,0,1,0.997,0.759,rev-2
NULL,5,6,2137,14400,1,0,0,0,0,0,rev-3
NULL,5,6,2137,14400,1,0,0,0,0,0,rev-6
NULL,5,6,2137,14400,1,0,0,0,0,0,rev-5
NULL,5,6,2137,14400,1,1,0,1,0.756,0.526,rev-3
NULL,5,6,2137,14400,1,0,0,0,0,0,rev-5
NULL,5,6,2137,14400,1,0,0,0,0,0,rev-2
NULL,5,7,2137,14400,1,0,0,0,0,0,rev-1
NULL,5,7,2137,14400,1,1,0,1,0.74,0.941,rev-2
NULL,5,7,2137,14400,1,0,0,0,0,0,rev-5
NULL,5,7,2137,14400,1,0,0,0,0,0,rev-2
NULL,5,7,2137,14400,1,0,0,0,0,0,rev-3
NULL,5,7,2137,14400,1,0,0,0,0,0,rev-4
NULL,5,7,2137,14400,1,0,0,0,0,0,rev-1
NULL,5,7,2137,14400,1,0,0,0,0,0,rev-3
NULL,5,7,2137,14400,1,0,0,0,0,0,rev-4
NULL,5,7,2137,14400,1,0,0,0,0,0,rev-6
NULL,5,8,2137,14400,1,0,0,0,0,0,rev-6
NULL,5,8,2137,14400,1,0,0,0,0,0,rev-6
NULL,5,8,2137,14400,1,0,0,0,0,0,rev-1
NULL,5,8,2137,14400,1,0,0,0,0,0,rev-3
NULL,5,8,2137,14400,1,0,0,0,0,0,rev-4
NULL,5,8,2137,14400,1,0,0,0,0,0,rev-6
NULL,5,8,2137,14400,1,0,0,0,0,0,rev-3
NULL,5,8,2137,14400,1,0,0,0,0,0,rev-5
NULL,5,8,2137,14400,1,0,0,0,0,0,rev-1
NULL,5,8,2137,14400,1,0,1,0,0,0,rev-2
NULL,5,9,2137,14400,1,0,1,0,0,0,rev-3
NULL,5,9,2137,14400,1,0,0,0,0,0,rev-2
NULL,5,9,2137,14400,1,0,0,0,0,0,rev-2
NULL,5,9,2137,14400,1,0,0,0,0,0,rev-2
NULL,5,9,2137,14400,1,0,0,0,0,0,rev-3
NULL,5,9,2137,14400,1,0,0,0,0,0,rev-6
NULL,5,9,2137,14400,1,0,0,0,0,0,rev-3
NULL,5,9,2137,14400,1,0,0,0,0,0,rev-3
NULL,5,9,2137,14400,1,0,0,0,0,0,rev-6
NULL,5,9,2137,14400,1,0,0,0,0,0,rev-1
NULL,5,10,2137,14400,1,1,0,1,0.61,0.759,rev-4
NULL,5,10,2137,14400,1,1,0,1,0.599,0.984,rev-2
NULL,5,10,2137,14400,1,0,1,0,0,0,rev-6
NULL,5,10,2137,14400,1,0,1,0,0,0,rev-1
NULL,5,10,2137,14400,1,0,1,0,0,0,rev-4
NULL,5,10,2137,14400,1,0,0,0,0,0,rev-2
NULL,5,10,2137,14400,1,0,0,0,0,0,rev-6
NULL,5,10,2137,14400,1,0,0,0,0,0,rev-1
NULL,5,10,2137,14400,1,0,0,0,0,0,rev-6
NULL,5,10,2137,14400,1,0,0,0,0,0,rev-6
NULL,5,11,2137,14400,1,0,0,0,0,0,rev-1
NULL,5,11,2137,14400,1,0,0,0,0,0,rev-6
NULL,5,11,2137,14400,1,0,0,0,0,0,rev-4
NULL,5,11,2137,14400,1,0,0,0,0,0,rev-6
NULL,5,11,2137,14400,1,0,1,0,0,0,rev-4
NULL,5,11,2137,14400,1,0,0,0,0,0,rev-1
NULL,5,11,2137,14400,1,0,0,0,0,0,rev-4
NULL,5,11,2137,14400,1,0,0,0,0,0,rev-1
NULL,5,11,2137,14400,1,0,0,0,0,0,rev-3
NULL,5,11,2137,14400,1,0,0,0,0,0,rev-1
NULL,5,12,2137,14400,1,0,1,0,0,0,rev-2
NULL,5,12,2137,14400,1,0,0,0,0,0,rev-6
NULL,5,12,2137,14400,1,0,0,0,0,0,rev-3
NULL,5,12,2137,14400,1,0,0,0,0,0,rev-4
NULL,5,12,2137,14400,1,0,0,0,0,0,rev-3
NULL,5,12,2137,14400,1,0,0,0,0,0,rev-3
NULL,5,12,2137,14400,1,0,0,0,0,0,rev-5
NULL,5,12,2137,14400,1,0,0,0,0,0,rev-5
NULL,5,12,2137,14400,1,0,0,0,0,0,rev-1
NULL,5,12,2137,14400,1,0,0,0,0,0,rev-3
NULL,5,13,2137,14400,1,0,0,0,0,0,rev-2
NULL,5,13,2137,14400,1,0,0,0,0,0,rev-1
NULL,5,13,2137,14400,1,0,0,0,0,0,rev-5
NULL,5,13,2137,14400,1,0,0,0,0,0,rev-2
NULL,5,13,2137,14400,1,0,0,0,0,0,rev-6
NULL,5,13,2137,14400,1,0,0,0,0,0,rev-3
NULL,5,13,2137,14400,1,0,1,0,0,0,rev-6
NULL,5,13,2137,14400,1,0,0,0,0,0,rev-3
NULL,5,13,2137,14400,1,0,0,0,0,0,rev-6
NULL,5,13,2137,14400,1,0,0,0,0,0,rev-6
NULL,5,14,2137,14400,1,0,0,0,0,0,rev-3
NULL,5,14,2137,14400,1,0,0,0,0,0,rev-4
NULL,5,14,2137,14400,1,0,0,0,0,0,rev-6
NULL,5,14,2137,14400,1,0,1,0,0,0,rev-5
NULL,5,14,2137,14400,1,0,0,0,0,0,rev-1
NULL,5,14,2137,14400,1,0,1,0,0,0,rev-5
NULL,5,14,2137,14400,1,0,0,0,0,0,rev-4
NULL,5,14,2137,14400,1,0,1,0,0,0,rev-3
NULL,5,14,2137,14400,1,0,0,0,0,0,rev-5
NULL,5,14,2137,14400,1,0,0,0,0,0,rev-3
NULL,5,15,2137,14400,1,0,0,0,0,0,rev-4
NULL,5,15,2137,14400,1,0,0,0,0,0,rev-3
NULL,5,15,2137,14400,1,0,0,0,0,0,rev-5
NULL,5,15,2137,14400,1,0,0,0,0,0,rev-5
NULL,5,15,2137,14400,1,0,1,0,0,0,rev-3
NULL,5,15,2137,14400,1,0,0,0,0,0,rev-4
NULL,5,15,2137,14400,1,0,0,0,0,0,rev-4
NULL,5,15,2137,14400,1,0,0,0,0,0,rev-1
NULL,5,15,2137,14400,1,0,1,0,0,0,rev-2
NULL,5,15,2137,14400,1,0,0,0,0,0,rev-6
NULL,5,16,2137,14400,1,0,0,0,0,0,rev-5
NULL,5,16,2137,14400,1,0,0,0,0,0,rev-1
NULL,5,16,2137,14400,1,1,0,1,0.802,0.603,rev-1
NULL,5,16,2137,14400,1,0,0,0,0,0,rev-3
NULL,5,16,2137,14400,1,0,0,0,0,0,rev-1
NULL,5,16,2137,14400,1,0,0,0,0,0,rev-6
NULL,5,16,2137,14400,1,1,0,1,0.616,0.738,rev-6
NULL,5,16,2137,14400,1,0,0,0,0,0,rev-1
NULL,5,16,2137,14400,1,0,0,0,0,0,rev-4
NULL,5,16,2137,14400,1,0,0,0,0,0,rev-3
NULL,5,17,2137,14400,1,0,0,0,0,0,rev-2
NULL,5,17,2137,14400,1,0,0,0,0,0,rev-1
NULL,5,17,2137,14400,1,0,1,0,0,0,rev-6
NULL,5,17,2137,14400,1,0,0,0,0,0,rev-4
NULL,5,17,2137,14400,1,0,0,0,0,0,rev-5
NULL,5,17,2137,14400,1,1,0,1,0.716,0.761,rev-3
NULL,5,17,2137,14400,1,0,1,0,0,0,rev-3
NULL,5,17,2137,14400,1,0,0,0,0,0,rev-3
NULL,5,17,2137,14400,1,0,0,0,0,0,rev-3
NULL,5,17,2137,14400,1,1,0,1,0.719,0.767,rev-4
NULL,5,18,2137,14400,1,0,0,0,0,0,rev-3
NULL,5,18,2137,14400,1,0,0,0,0,0,rev-6
NULL,5,18,2137,14400,1,0,0,0,0,0,rev-3
NULL,5,18,2137,14400,1,0,0,0,0,0,rev-3
NULL,5,18,2137,14400,1,0,0,0,0,0,rev-5
NULL,5,18,2137,14400,1,0,0,0,0,0,rev-1
NULL,5,18,2137,14400,1,0,0,0,0,0,rev-5
NULL,5,18,2137,14400,1,0,0,0,0,0,rev-6
NULL,5,18,2137,14400,1,1,1,0,0,0,rev-5
NULL,5,18,2137,14400,1,1,0,1,0.911,0.806,rev-4
NULL,5,19,2137,14400,1,0,1,0,0,0,rev-6
NULL,5,19,2137,14400,1,0,0,0,0,0,rev-6
NULL,5,19,2137,14400,1,0,1,0,0,0,rev-2
NULL,5,19,2137,14400,1,0,0,0,0,0,rev-3
NULL,5,19,2137,14400,1,0,0,0,0,0,rev-4
NULL,5,19,2137,14400,1,0,1,0,0,0,rev-2
NULL,5,19,2137,14400,1,0,0,0,0,0,rev-5
NULL,5,19,2137,14400,1,0,0,0,0,0,rev-5
NULL,5,19,2137,14400,1,0,0,0,0,0,rev-6
NULL,5,19,2137,14400,1,0,0,0,0,0,rev-5
NULL,5,20,2137,14400,1,0,0,0,0,0,rev-3
NULL,5,20,2137,14400,1,0,0,0,0,0,rev-3
NULL,5,20,2137,14400,1,0,0,0,0,0,rev-3
NULL,5,20,2137,14400,1,0,0,0,0,0,rev-2
NULL,5,20,2137,14400,1,0,1,0,0,0,rev-4
NULL,5,20,2137,14400,1,0,0,0,0,0,rev-6
NULL,5,20,2137,14400,1,0,0,0,0,0,rev-2
NULL,5,20,2137,14400,1,0,0,0,0,0,rev-3
NULL,5,20,2137,14400,1,0,0,0,0,0,rev-5
NULL,5,20,2137,14400,1,0,0,0,0,0,rev-3
NULL,5,21,2137,14400,1,0,0,0,0,0,rev-1
NULL,5,21,2137,14400,1,0,0,0,0,0,rev-3
NULL,5,21,2137,14400,1,0,0,0,0,0,rev-4
NULL,5,21,2137,14400,1,0,0,0,0,0,rev-5
NULL,5,21,2137,14400,1,0,0,0,0,0,rev-1
NULL,5,21,2137,14400,1,0,0,0,0,0,rev-2
NULL,5,21,2137,14400,1,0,0,0,0,0,rev-2
NULL,5,21,2137,14400,1,0,0,0,0,0,rev-4
NULL,5,21,2137,14400,1,0,0,0,0,0,rev-1
NULL,5,21,2137,14400,1,0,0,0,0,0,rev-1
NULL,5,22,2137,14400,1,0,0,0,0,0,rev-2
NULL,5,22,2137,14400,1,0,0,0,0,0,rev-6
NULL,5,22,2137,14400,1,0,0,0,0,0,rev-5
NULL,5,22,2137,14400,1,0,0,0,0,0,rev-6
NULL,5,22,2137,14400,1,0,0,0,0,0,rev-6
NULL,5,22,2137,14400,1,0,0,0,0,0,rev-1
NULL,5,22,2137,14400,1,0,0,0,0,0,rev-3
NULL,5,22,2137,14400,1,0,0,0,0,0,rev-3
NULL,5,22,2137,14400,1,0,0,0,0,0,rev-2
NULL,5,22,2137,14400,1,0,1,0,0,0,rev-6
NULL,5,23,2137,14400,1,0,0,0,0,0,rev-2
NULL,5,23,2137,14400,1,0,0,0,0,0,rev-3
NULL,5,23,2137,14400,1,0,0,0,0,0,rev-6
NULL,5,23,2137,14400,1,0,0,0,0,0,rev-5
NULL,5,23,2137,14400,1,0,0,0,0,0,rev-4
NULL,5,23,2137,14400,1,0,0,0,0,0,rev-3
NULL,5,23,2137,14400,1,0,1,0,0,0,rev-4
NULL,5,23,2137,14400,1,0,0,0,0,0,rev-2
NULL,5,23,2137,14400,1,0,0,0,0,0,rev-6
NULL,6,0,2137,14400,1,0,0,0,0,0,rev-2
NULL,6,0,2137,14400,1,0,0,0,0,0,rev-3
NULL,6,0,2137,14400,1,0,0,0,0,0,rev-3
NULL,6,0,2137,14400,1,0,1,0,0,0,rev-5
NULL,6,0,2137,14400,1,0,0,0,0,0,rev-6
NULL,6,0,2137,14400,1,0,0,0,0,0,rev-3
NULL,6,0,2137,14400,1,0,1,0,0,0,rev-3
NULL,6,0,2137,14400,1,0,0,0,0,0,rev-3
NULL,6,0,2137,14400,1,0,0,0,0,0,rev-4
NULL,6,1,2137,14400,1,1,0,1,0.73,0.754,rev-1
NULL,6,1,2137,14400,1,0,0,0,0,0,rev-5
NULL,6,1,2137,14400,1,0,1,0,0,0,rev-4
NULL,6,1,2137,14400,1,0,0,0,0,0,rev-1
NULL,6,1,2137,14400,1,0,0,0,0,0,rev-2
NULL,6,1,2137,14400,1,0,0,0,0,0,rev-6
NULL,6,1,2137,14400,1,0,0,0,0,0,rev-1
NULL,6,1,2137,14400,1,0,0,0,0,0,rev-1
NULL,6,1,2137,14400,1,0,0,0,0,0,rev-4
NULL,6,2,2137,14400,1,0,0,0,0,0,rev-6
NULL,6,2,2137,14400,1,0,0,0,0,0,rev-6
NULL,6,2,2137,14400,1,0,0,0,0,0,rev-5
NULL,6,2,2137,14400,1,0,0,0,0,0,rev-1
NULL,6,2,2137,14400,1,0,0,0,0,0,rev-6
NULL,6,2,2137,14400,1,1,0,1,0.482,0.703,rev-1
NULL,6,2,2137,14400,1,0,1,0,0,0,rev-2
NULL,6,2,2137,14400,1,0,1,0,0,0,rev-5
NULL,6,2,2137,14400,1,0,1,0,0,0,rev-2
NULL,6,3,2137,14400,1,0,1,0,0,0,rev-4
NULL,6,3,2137,14400,1,0,0,0,0,0,rev-2
NULL,6,3,2137,14400,1,0,0,0,0,0,rev-1
NULL,6,3,2137,14400,1,0,1,0,0,0,rev-4
NULL,6,3,2137,14400,1,0,0,0,0,0,rev-3
NULL,6,3,2137,14400,1,0,0,0,0,0,rev-2
NULL,6,3,2137,14400,1,0,0,0,0,0,rev-4
NULL,6,3,2137,14400,1,0,0,0,0,0,rev-4
NULL,6,3,2137,14400,1,0,0,0,0,0,rev-4
NULL,6,4,2137,14400,1,0,1,0,0,0,rev-5
NULL,6,4,2137,14400,1,1,0,1,0.505,0.953,rev-5
NULL,6,4,2137,14400,1,0,0,0,0,0,rev-5
NULL,6,4,2137,14400,1,0,0,0,0,0,rev-2
NULL,6,4,2137,14400,1,0,1,0,0,0,rev-5
NULL,6,4,2137,14400,1,0,0,0,0,0,rev-3
NULL,6,4,2137,14400,1,0,0,0,0,0,rev-5
NULL,6,4,2137,14400,1,0,0,0,0,0,rev-3
NULL,6,4,2137,14400,1,0,0,0,0,0,rev-4
NULL,6,5,2137,14400,1,0,0,0,0,0,rev-4
NULL,6,5,2137,14400,1,0,0,0,0,0,rev-1
NULL,6,5,2137,14400,1,0,0,0,0,0,rev-2
NULL,6,5,2137,14400,1,0,0,0,0,0,rev-3
NULL,6,5,2137,14400,1,0,0,0,0,0,rev-5
NULL,6,5,2137,14400,1,0,0,0,0,0,rev-4
NULL,6,5,2137,14400,1,0,1,0,0,0,rev-1
NULL,6,5,2137,14400,1,0,0,0,0,0,rev-1
NULL,6,5,2137,14400,1,0,0,0,0,0,rev-3
NULL,6,6,2137,14400,1,0,0,0,0,0,rev-5
NULL,6,6,2137,14400,1,0,0,0,0,0,rev-5
NULL,6,6,2137,14400,1,0,0,0,0,0,rev-6
NULL,6,6,2137,14400,1,0,0,0,0,0,rev-2
NULL,6,6,2137,14400,1,0,1,0,0,0,rev-5
NULL,6,6,2137,14400,1,0,0,0,0,0,rev-6
NULL,6,6,2137,14400,1,0,1,0,0,0,rev-6
NULL,6,6,2137,14400,1,0,0,0,0,0,rev-5
NULL,6,6,2137,14400,1,0,0,0,0,0,rev-1
NULL,6,7,2137,14400,1,0,0,0,0,0,rev-1
NULL,6,7,2137,14400,1,0,0,0,0,0,rev-6
NULL,6,7,2137,14400,1,0,0,0,0,0,rev-2
NULL,6,7,2137,14400,1,0,1,0,0,0,rev-3
NULL,6,7,2137,14400,1,1,0,1,0.664,0.647,rev-4
NULL,6,7,2137,14400,1,0,1,0,0,0,rev-5
NULL,6,7,2137,14400,1,0,0,0,0,0,rev-3
NULL,6,7,2137,14400,1,0,1,0,0,0,rev-2
NULL,6,7,2137,14400,1,0,0,0,0,0,rev-3
NULL,6,8,2137,14400,1,1,0,1,0.606,0.508,rev-6
NULL,6,8,2137,14400,1,0,1,0,0,0,rev-1
NULL,6,8,2137,14400,1,0,0,0,0,0,rev-3
NULL,6,8,2137,14400,1,0,0,0,0,0,rev-2
NULL,6,8,2137,14400,1,0,0,0,0,0,rev-1
NULL,6,8,2137,14400,1,0,0,0,0,0,rev-2
NULL,6,8,2137,14400,1,0,0,0,0,0,rev-1
NULL,6,8,2137,14400,1,0,0,0,0,0,rev-6
NULL,6,8,2137,14400,1,0,0,0,0,0,rev-6
NULL,6,9,2137,14400,1,0,1,0,0,0,rev-1
NULL,6,9,2137,14400,1,0,0,0,0,0,rev-2
NULL,6,9,2137,14400,1,0,1,0,0,0,rev-4
NULL,6,9,2137,14400,1,0,0,0,0,0,rev-3
NULL,6,9,2137,14400,1,0,0,0,0,0,rev-3
NULL,6,9,2137,14400,1,0,0,0,0,0,rev-6
NULL,6,9,2137,14400,1,0,0,0,0,0,rev-1
NULL,6,9,2137,14400,1,0,0,0,0,0,rev-2
NULL,6,9,2137,14400,1,0,0,0,0,0,rev-5
NULL,6,10,2137,14400,1,0,0,0,0,0,rev-3
NULL,6,10,2137,14400,1,0,0,0,0,0,rev-3
NULL,6,10,2137,14400,1,0,0,0,0,0,rev-4
NULL,6,10,2137,14400,1,0,0,0,0,0,rev-6
NULL,6,10,2137,14400,1,0,0,0,0,0,rev-2
NULL,6,10,2137,14400,1,0,0,0,0,0,rev-6
NULL,6,10,2137,14400,1,0,0,0,0,0,rev-6
NULL,6,10,2137,14400,1,0,0,0,0,0,rev-5
NULL,6,10,2137,14400,1,0,0,0,0,0,rev-2
NULL,6,11,2137,14400,1,0,0,0,0,0,rev-6
NULL,6,11,2137,14400,1,0,0,0,0,0,rev-2
NULL,6,11,2137,14400,1,0,0,0,0,0,rev-3
NULL,6,11,2137,14400,1,0,0,0,0,0,rev-6
NULL,6,11,2137,14400,1,0,0,0,0,0,rev-4
NULL,6,11,2137,14400,1,0,0,0,0,0,rev-1
NULL,6,11,2137,14400,1,0,0,0,0,0,rev-6
NULL,6,11,2137,14400,1,1,0,1,0.622,0.638,rev-4
NULL,6,11,2137,14400,1,0,0,0,0,0,rev-2
NULL,6,12,2137,14400,1,0,1,0,0,0,rev-3
NULL,6,12,2137,14400,1,0,0,0,0,0,rev-1
NULL,6,12,2137,14400,1,0,0,0,0,0,rev-2
NULL,6,12,2137,14400,1,0,0,0,0,0,rev-2
NULL,6,12,2137,14400,1,0,1,0,0,0,rev-3
NULL,6,12,2137,14400,1,0,0,0,0,0,rev-2
NULL,6,12,2137,14400,1,0,0,0,0,0,rev-3
NULL,6,12,2137,14400,1,0,0,0,0,0,rev-6
NULL,6,12,2137,14400,1,0,1,0,0,0,rev-2
NULL,6,13,2137,14400,1,0,0,0,0,0,rev-6
NULL,6,13,2137,14400,1,0,0,0,0,0,rev-1
NULL,6,13,2137,14400,1,0,0,0,0,0,rev-2
NULL,6,13,2137,14400,1,0,0,0,0,0,rev-1
NULL,6,13,2137,14400,1,1,0,1,0.626,0.732,rev-4
NULL,6,13,2137,14400,1,0,0,0,0,0,rev-4
NULL,6,13,2137,14400,1,0,0,0,0,0,rev-5
NULL,6,13,2137,14400,1,0,0,0,0,0,rev-2
NULL,6,13,2137,14400,1,1,1,0,0,0,rev-5
NULL,6,14,2137,14400,1,0,0,0,0,0,rev-3
NULL,6,14,2137,14400,1,0,1,0,0,0,rev-4
NULL,6,14,2137,14400,1,0,0,0,0,0,rev-5
NULL,6,14,2137,14400,1,0,1,0,0,0,rev-5
NULL,6,14,2137,14400,1,0,1,0,0,0,rev-3
NULL,6,14,2137,14400,1,0,0,0,0,0,rev-4
NULL,6,14,2137,14400,1,0,0,0,0,0,rev-6
NULL,6,14,2137,14400,1,1,0,1,0.52,0.805,rev-4
NULL,6,14,2137,14400,1,0,1,0,0,0,rev-3
NULL,6,15,2137,14400,1,0,0,0,0,0,rev-3
NULL,6,15,2137,14400,1,0,0,0,0,0,rev-1
NULL,6,15,2137,14400,1,0,0,0,0,0,rev-4
NULL,6,15,2137,14400,1,0,0,0,0,0,rev-3
NULL,6,15,2137,14400,1,0,0,0,0,0,rev-1
NULL,6,15,2137,14400,1,0,1,0,0,0,rev-1
NULL,6,15,2137,14400,1,0,0,0,0,0,rev-3
NULL,6,15,2137,14400,1,0,0,0,0,0,rev-5
NULL,6,15,2137,14400,1,0,0,0,0,0,rev-1
NULL,6,16,2137,14400,1,1,1,0,0,0,rev-4
NULL,6,16,2137,14400,1,0,0,0,0,0,rev-1
NULL,6,16,2137,14400,1,0,0,0,0,0,rev-2
NULL,6,16,2137,14400,1,0,0,0,0,0,rev-4
NULL,6,16,2137,14400,1,0,0,0,0,0,rev-4
NULL,6,16,2137,14400,1,0,0,0,0,0,rev-3
NULL,6,16,2137,14400,1,0,0,0,0,0,rev-5
NULL,6,16,2137,14400,1,0,0,0,0,0,rev-4
NULL,6,16,2137,14400,1,0,0,0,0,0,rev-6
NULL,6,17,2137,14400,1,0,0,0,0,0,rev-6
NULL,6,17,2137,14400,1,0,0,0,0,0,rev-5
NULL,6,17,2137,14400,1,0,0,0,0,0,rev-1
NULL,6,17,2137,14400,1,0,0,0,0,0,rev-6
NULL,6,17,2137,14400,1,1,0,1,0.764,0.646,rev-5
NULL,6,17,2137,14400,1,0,0,0,0,0,rev-1
NULL,6,17,2137,14400,1,1,1,0,0,0,rev-5
NULL,6,17,2137,14400,1,0,0,0,0,0,rev-4
NULL,6,17,2137,14400,1,0,0,0,0,0,rev-4
NULL,6,18,2137,14400,1,0,0,0,0,0,rev-3
NULL,6,18,2137,14400,1,0,1,0,0,0,rev-2
NULL,6,18,2137,14400,1,0,0,0,0,0,rev-3
NULL,6,18,2137,14400,1,0,0,0,0,0,rev-4
NULL,6,18,2137,14400,1,0,1,0,0,0,rev-6
NULL,6,18,2137,14400,1,0,0,0,0,0,rev-2
NULL,6,18,2137,14400,1,0,1,0,0,0,rev-3
NULL,6,18,2137,14400,1,0,1,0,0,0,rev-5
NULL,6,18,2137,14400,1,0,0,0,0,0,rev-1
NULL,6,19,2137,14400,1,0,0,0,0,0,rev-4
NULL,6,19,2137,14400,1,0,0,0,0,0,rev-6
NULL,6,19,2137,14400,1,0,0,0,0,0,rev-5
NULL,6,19,2137,14400,1,0,0,0,0,0,rev-6
NULL,6,19,2137,14400,1,0,0,0,0,0,rev-3
NULL,6,19,2137,14400,1,0,0,0,0,0,rev-6
NULL,6,19,2137,14400,1,0,0,0,0,0,rev-2
NULL,6,19,2137,14400,1,0,0,0,0,0,rev-2
NULL,6,19,2137,14400,1,1,1,0,0,0,rev-2
NULL,6,20,2137,14400,1,0,0,0,0,0,rev-6
NULL,6,20,2137,14400,1,0,1,0,0,0,rev-3
NULL,6,20,2137,14400,1,0,0,0,0,0,rev-3
NULL,6,20,2137,14400,1,0,0,0,0,0,rev-6
NULL,6,20,2137,14400,1,0,0,0,0,0,rev-6
NULL,6,20,2137,14400,1,0,0,0,0,0,rev-5
NULL,6,20,2137,14400,1,0,0,0,0,0,rev-6
NULL,6,20,2137,14400,1,0,0,0,0,0,rev-6
NULL,6,20,2137,14400,1,0,0,0,0,0,rev-3
NULL,6,21,2137,14400,1,0,0,0,0,0,rev-3
NULL,6,21,2137,14400,1,0,0,0,0,0,rev-3
NULL,6,21,2137,14400,1,0,0,0,0,0,rev-2
NULL,6,21,2137,14400,1,0,0,0,0,0,rev-1
NULL,6,21,2137,14400,1,0,0,0,0,0,rev-5
NULL,6,21,2137,14400,1,0,1,0,0,0,rev-6
NULL,6,21,2137,14400,1,0,0,0,0,0,rev-4
NULL,6,21,2137,14400,1,0,0,0,0,0,rev-1
NULL,6,21,2137,14400,1,0,0,0,0,0,rev-5
NULL,6,22,2137,14400,1,0,0,0,0,0,rev-4
NULL,6,22,2137,14400,1,1,0,1,0.96,0.684,rev-6
NULL,6,22,2137,14400,1,0,0,0,0,0,rev-3
NULL,6,22,2137,14400,1,0,0,0,0,0,rev-1
NULL,6,22,2137,14400,1,0,0,0,0,0,rev-2
NULL,6,22,2137,14400,1,0,1,0,0,0,rev-2
NULL,6,22,2137,14400,1,0,0,0,0,0,rev-2
NULL,6,22,2137,14400,1,0,1,0,0,0,rev-6
NULL,6,22,2137,14400,1,0,0,0,0,0,rev-4
NULL,6,23,2137,14400,1,0,0,0,0,0,rev-2
NULL,6,23,2137,14400,1,0,0,0,0,0,rev-3
NULL,6,23,2137,14400,1,1,0,1,0.473,0.681,rev-5
NULL,6,23,2137,14400,1,0,0,0,0,0,rev-3
NULL,6,23,2137,14400,1,0,0,0,0,0,rev-6
NULL,6,23,2137,14400,1,0,0,0,0,0,rev-2
NULL,6,23,2137,14400,1,0,0,0,0,0,rev-1
NULL,6,23,2137,14400,1,0,0,0,0,0,rev-6
NULL,6,23,2137,14400,1,0,0,0,0,0,rev-1
NULL,7,0,2137,14400,1,0,0,0,0,0,rev-1
NULL,7,0,2137,14400,1,0,0,0,0,0,rev-4
NULL,7,0,2137,14400,1,0,1,0,0,0,rev-2
NULL,7,0,2137,14400,1,0,0,0,0,0,rev-4
NULL,7,0,2137,14400,1,0,1,0,0,0,rev-6
NULL,7,0,2137,14400,1,0,1,0,0,0,rev-6
NULL,7,0,2137,14400,1,0,1,0,0,0,rev-4
NULL,7,0,2137,14400,1,0,0,0,0,0,rev-5
NULL,7,0,2137,14400,1,0,0,0,0,0,rev-2
NULL,7,1,2137,14400,1,1,0,1,0.759,0.901,rev-6
NULL,7,1,2137,14400,1,0,0,0,0,0,rev-2
NULL,7,1,2137,14400,1,0,0,0,0,0,rev-2
NULL,7,1,2137,14400,1,0,0,0,0,0,rev-1
NULL,7,1,2137,14400,1,0,0,0,0,0,rev-2
NULL,7,1,2137,14400,1,0,1,0,0,0,rev-5
NULL,7,1,2137,14400,1,0,0,0,0,0,rev-1
NULL,7,1,2137,14400,1,0,0,0,0,0,rev-6
NULL,7,1,2137,14400,1,0,0,0,0,0,rev-1
NULL,7,2,2137,14400,1,0,0,0,0,0,rev-2
NULL,7,2,2137,14400,1,0,0,0,0,0,rev-4
NULL,7,2,2137,14400,1,0,0,0,0,0,rev-1
NULL,7,2,2137,14400,1,0,0,0,0,0,rev-1
NULL,7,2,2137,14400,1,0,0,0,0,0,rev-5
NULL,7,2,2137,14400,1,0,0,0,0,0,rev-2
NULL,7,2,2137,14400,1,0,0,0,0,0,rev-4
NULL,7,2,2137,14400,1,0,0,0,0,0,rev-2
NULL,7,2,2137,14400,1,0,0,0,0,0,rev-5
NULL,7,3,2137,14400,1,0,0,0,0,0,rev-2
NULL,7,3,2137,14400,1,0,0,0,0,0,rev-5
NULL,7,3,2137,14400,1,0,0,0,0,0,rev-4
NULL,7,3,2137,14400,1,0,0,0,0,0,rev-2
NULL,7,3,2137,14400,1,0,0,0,0,0,rev-1
NULL,7,3,2137,14400,1,0,0,0,0,0,rev-3
NULL,7,3,2137,14400,1,0,0,0,0,0,rev-4
NULL,7,3,2137,14400,1,0,0,0,0,0,rev-3
NULL,7,3,2137,14400,1,0,1,0,0,0,rev-2
NULL,7,4,2137,14400,1,1,0,1,0.428,0.715,rev-4
NULL,7,4,2137,14400,1,0,1,0,0,0,rev-1
NULL,7,4,2137,14400,1,0,0,0,0,0,rev-6
NULL,7,4,2137,14400,1,0,0,0,0,0,rev-3
NULL,7,4,2137,14400,1,0,0,0,0,0,rev-5
NULL,7,4,2137,14400,1,0,0,0,0,0,rev-1
NULL,7,4,2137,14400,1,0,0,0,0,0,rev-2
NULL,7,4,2137,14400,1,1,0,1,0.735,0.977,rev-2
NULL,7,4,2137,14400,1,0,0,0,0,0,rev-3
NULL,7,5,2137,14400,1,0,0,0,0,0,rev-2
NULL,7,5,2137,14400,1,0,0,0,0,0,rev-1
NULL,7,5,2137,14400,1,0,0,0,0,0,rev-6
NULL,7,5,2137,14400,1,0,0,0,0,0,rev-3
NULL,7,5,2137,14400,1,0,0,0,0,0,rev-4
NULL,7,5,2137,14400,1,0,1,0,0,0,rev-4
NULL,7,5,2137,14400,1,0,0,0,0,0,rev-3
NULL,7,5,2137,14400,1,0,0,0,0,0,rev-5
NULL,7,5,2137,14400,1,0,0,0,0,0,rev-5
NULL,7,6,2137,14400,1,0,0,0,0,0,rev-3
NULL,7,6,2137,14400,1,0,0,0,0,0,rev-5
NULL,7,6,2137,14400,1,0,0,0,0,0,rev-1
NULL,7,6,2137,14400,1,0,0,0,0,0,rev-5
NULL,7,6,2137,14400,1,0,0,0,0,0,rev-5
NULL,7,6,2137,14400,1,0,0,0,0,0,rev-3
NULL,7,6,2137,14400,1,0,0,0,0,0,rev-5
NULL,7,6,2137,14400,1,0,0,0,0,0,rev-4
NULL,7,6,2137,14400,1,0,1,0,0,0,rev-4
NULL,7,7,2137,14400,1,0,0,0,0,0,rev-6
NULL,7,7,2137,14400,1,0,0,0,0,0,rev-1
NULL,7,7,2137,14400,1,0,0,0,0,0,rev-3
NULL,7,7,2137,14400,1,0,0,0,0,0,rev-2
NULL,7,7,2137,14400,1,0,0,0,0,0,rev-6
NULL,7,7,2137,14400,1,0,0,0,0,0,rev-5
NULL,7,7,2137,14400,1,0,0,0,0,0,rev-5
NULL,7,7,2137,14400,1,0,1,0,0,0,rev-3
NULL,7,7,2137,14400,1,0,0,0,0,0,rev-2
NULL,7,8,2137,14400,1,0,0,0,0,0,rev-4
NULL,7,8,2137,14400,1,0,0,0,0,0,rev-4
NULL,7,8,2137,14400,1,0,0,0,0,0,rev-2
NULL,7,8,2137,14400,1,0,0,0,0,0,rev-3
NULL,7,8,2137,14400,1,0,0,0,0,0,rev-5
NULL,7,8,2137,14400,1,0,0,0,0,0,rev-1
NULL,7,8,2137,14400,1,0,0,0,0,0,rev-1
NULL,7,8,2137,14400,1,0,0,0,0,0,rev-2
NULL,7,8,2137,14400,1,0,1,0,0,0,rev-2
NULL,7,9,2137,14400,1,0,0,0,0,0,rev-6
NULL,7,9,2137,14400,1,1,0,1,0.873,0.675,rev-3
NULL,7,9,2137,14400,1,0,0,0,0,0,rev-2
NULL,7,9,2137,14400,1,0,0,0,0,0,rev-1
NULL,7,9,2137,14400,1,0,0,0,0,0,rev-1
NULL,7,9,2137,14400,1,0,0,0,0,0,rev-1
NULL,7,9,2137,14400,1,0,0,0,0,0,rev-3
NULL,7,9,2137,14400,1,0,0,0,0,0,rev-5
NULL,7,9,2137,14400,1,0,0,0,0,0,rev-2
NULL,7,10,2137,14400,1,0,0,0,0,0,rev-4
NULL,7,10,2137,14400,1,0,0,0,0,0,rev-4
NULL,7,10,2137,14400,1,0,0,0,0,0,rev-1
NULL,7,10,2137,14400,1,0,0,0,0,0,rev-4
NULL,7,10,2137,14400,1,0,0,0,0,0,rev-6
NULL,7,10,2137,14400,1,0,0,0,0,0,rev-4
NULL,7,10,2137,14400,1,0,0,0,0,0,rev-1
NULL,7,10,2137,14400,1,0,0,0,0,0,rev-2
NULL,7,10,2137,14400,1,1,0,1,0.525,0.599,rev-6
NULL,7,11,2137,14400,1,0,0,0,0,0,rev-1
NULL,7,11,2137,14400,1,0,1,0,0,0,rev-6
NULL,7,11,2137,14400,1,0,0,0,0,0,rev-6
NULL,7,11,2137,14400,1,0,0,0,0,0,rev-4
NULL,7,11,2137,14400,1,0,0,0,0,0,rev-2
NULL,7,11,2137,14400,1,0,0,0,0,0,rev-2
NULL,7,11,2137,14400,1,0,0,0,0,0,rev-6
NULL,7,11,2137,14400,1,0,0,0,0,0,rev-3
NULL,7,11,2137,14400,1,0,0,0,0,0,rev-1
NULL,7,12,2137,14400,1,0,0,0,0,0,rev-5
NULL,7,12,2137,14400,1,0,0,0,0,0,rev-6
NULL,7,12,2137,14400,1,0,1,0,0,0,rev-6
NULL,7,12,2137,14400,1,0,0,0,0,0,rev-2
NULL,7,12,2137,14400,1,0,0,0,0,0,rev-3
NULL,7,12,2137,14400,1,0,0,0,0,0,rev-1
NULL,7,12,2137,14400,1,0,0,0,0,0,rev-3
NULL,7,12,2137,14400,1,0,0,0,0,0,rev-6
NULL,7,12,2137,14400,1,0,0,0,0,0,rev-3
NULL,7,13,2137,14400,1,0,0,0,0,0,rev-4
NULL,7,13,2137,14400,1,0,0,0,0,0,rev-3
NULL,7,13,2137,14400,1,0,0,0,0,0,rev-4
NULL,7,13,2137,14400,1,0,1,0,0,0,rev-1
NULL,7,13,2137,14400,1,0,0,0,0,0,rev-4
NULL,7,13,2137,14400,1,0,0,0,0,0,rev-4
NULL,7,13,2137,14400,1,0,0,0,0,0,rev-2
NULL,7,13,2137,14400,1,0,0,0,0,0,rev-5
NULL,7,13,2137,14400,1,0,0,0,0,0,rev-5
NULL,7,14,2137,14400,1,0,0,0,0,0,rev-3
NULL,7,14,2137,14400,1,0,1,0,0,0,rev-6
NULL,7,14,2137,14400,1,0,0,0,0,0,rev-4
NULL,7,14,2137,14400,1,0,0,0,0,0,rev-3
NULL,7,14,2137,14400,1,0,0,0,0,0,rev-5
NULL,7,14,2137,14400,1,0,0,0,0,0,rev-1
NULL,7,14,2137,14400,1,0,1,0,0,0,rev-2
NULL,7,14,2137,14400,1,1,0,1,0.97,0.697,rev-4
NULL,7,14,2137,14400,1,0,0,0,0,0,rev-6
NULL,7,15,2137,14400,1,0,0,0,0,0,rev-6
NULL,7,15,2137,14400,1,0,1,0,0,0,rev-3
NULL,7,15,2137,14400,1,0,0,0,0,0,rev-4
NULL,7,15,2137,14400,1,0,0,0,0,0,rev-1
NULL,7,15,2137,14400,1,0,0,0,0,0,rev-6
NULL,7,15,2137,14400,1,0,0,0,0,0,rev-5
NULL,7,15,2137,14400,1,0,1,0,0,0,rev-1
NULL,7,15,2137,14400,1,0,0,0,0,0,rev-1
NULL,7,15,2137,14400,1,0,0,0,0,0,rev-1
NULL,7,16,2137,14400,1,1,1,0,0,0,rev-6
NULL,7,16,2137,14400,1,0,0,0,0,0,rev-4
NULL,7,16,2137,14400,1,1,0,1,0.965,0.584,rev-4
NULL,7,16,2137,14400,1,0,0,0,0,0,rev-4
NULL,7,16,2137,14400,1,0,0,0,0,0,rev-6
NULL,7,16,2137,14400,1,1,0,1,0.679,0.671,rev-5
NULL,7,16,2137,14400,1,0,0,0,0,0,rev-6
NULL,7,16,2137,14400,1,0,0,0,0,0,rev-3
NULL,7,16,2137,14400,1,0,0,0,0,0,rev-5
NULL,7,17,2137,14400,1,0,0,0,0,0,rev-4
NULL,7,17,2137,14400,1,0,0,0,0,0,rev-1
NULL,7,17,2137,14400,1,0,1,0,0,0,rev-1
NULL,7,17,2137,14400,1,0,0,0,0,0,rev-5
NULL,7,17,2137,14400,1,0,0,0,0,0,rev-2
NULL,7,17,2137,14400,1,0,1,0,0,0,rev-6
NULL,7,17,2137,14400,1,0,0,0,0,0,rev-4
NULL,7,17,2137,14400,1,0,0,0,0,0,rev-3
NULL,7,17,2137,14400,1,0,1,0,0,0,rev-2
NULL,7,18,2137,14400,1,0,1,0,0,0,rev-5
NULL,7,18,2137,14400,1,0,1,0,0,0,rev-4
NULL,7,18,2137,14400,1,0,1,0,0,0,rev-1
NULL,7,18,2137,14400,1,0,0,0,0,0,rev-1
NULL,7,18,2137,14400,1,0,0,0,0,0,rev-1
NULL,7,18,2137,14400,1,0,0,0,0,0,rev-3
NULL,7,18,2137,14400,1,0,0,0,0,0,rev-5
NULL,7,18,2137,14400,1,0,0,0,0,0,rev-4
NULL,7,18,2137,14400,1,0,0,0,0,0,rev-3
NULL,7,19,2137,14400,1,0,0,0,0,0,rev-6
NULL,7,19,2137,14400,1,0,0,0,0,0,rev-2
NULL,7,19,2137,14400,1,0,0,0,0,0,rev-6
NULL,7,19,2137,14400,1,0,0,0,0,0,rev-4
NULL,7,19,2137,14400,1,0,0,0,0,0,rev-1
NULL,7,19,2137,14400,1,0,0,0,0,0,rev-1
NULL,7,19,2137,14400,1,0,0,0,0,0,rev-5
NULL,7,19,2137,14400,1,0,0,0,0,0,rev-2
NULL,7,19,2137,14400,1,0,0,0,0,0,rev-1
NULL,7,20,2137,14400,1,0,0,0,0,0,rev-3
NULL,7,20,2137,14400,1,0,0,0,0,0,rev-1
NULL,7,20,2137,14400,1,0,0,0,0,0,rev-1
NULL,7,20,2137,14400,1,1,0,1,0.411,0.545,rev-5
NULL,7,20,2137,14400,1,1,0,1,0.479,0.736,rev-1
NULL,7,20,2137,14400,1,0,0,0,0,0,rev-1
NULL,7,20,2137,14400,1,0,0,0,0,0,rev-1
NULL,7,20,2137,14400,1,0,0,0,0,0,rev-3
NULL,7,20,2137,14400,1,0,1,0,0,0,rev-3
NULL,7,21,2137,14400,1,0,0,0,0,0,rev-4
NULL,7,21,2137,14400,1,0,0,0,0,0,rev-1
NULL,7,21,2137,14400,1,0,0,0,0,0,rev-6
NULL,7,21,2137,14400,1,0,1,0,0,0,rev-5
NULL,7,21,2137,14400,1,0,0,0,0,0,rev-1
NULL,7,21,2137,14400,1,0,0,0,0,0,rev-3
NULL,7,21,2137,14400,1,0,1,0,0,0,rev-2
NULL,7,21,2137,14400,1,0,0,0,0,0,rev-5
NULL,7,21,2137,14400,1,0,1,0,0,0,rev-4
NULL,7,22,2137,14400,1,1,0,1,0.66,0.803,rev-4
NULL,7,22,2137,14400,1,0,0,0,0,0,rev-3
NULL,7,22,2137,14400,1,0,0,0,0,0,rev-1
NULL,7,22,2137,14400,1,0,0,0,0,0,rev-4
NULL,7,22,2137,14400,1,0,0,0,0,0,rev-4
NULL,7,22,2137,14400,1,0,0,0,0,0,rev-6
NULL,7,22,2137,14400,1,0,0,0,0,0,rev-1
NULL,7,22,2137,14400,1,0,1,0,0,0,rev-4
NULL,7,22,2137,14400,1,0,0,0,0,0,rev-5
NULL,7,23,2137,14400,1,0,0,0,0,0,rev-3
NULL,7,23,2137,14400,1,0,0,0,0,0,rev-6
NULL,7,23,2137,14400,1,0,0,0,0,0,rev-6
NULL,7,23,2137,14400,1,0,0,0,0,0,rev-6
NULL,7,23,2137,14400,1,0,0,0,0,0,rev-1
NULL,7,23,2137,14400,1,0,0,0,0,0,rev-4
NULL,7,23,2137,14400,1,0,0,0,0,0,rev-1
NULL,7,23,2137,14400,1,0,0,0,0,0,rev-2
NULL,7,23,2137,14400,1,0,1,0,0,0,rev-2
