dsh: reasoning:
Let me start by understanding the environment. The user says: "You are a bounded execution worker. Read handoff/map and comms. Take one class-bound task, emit valid JSON with IDs evidence hash falsifier, checkpoint, then exit. worker=085"

I need to look at the workspace for handoff/map and comms. Let me explore.
dsh: reasoning:
No handoff directory at top level. The swarm tar.gz was extracted presumably into workdir. Let's look at workdir, and the `${I}` directory (that's odd). Also look at launch_swarm.sh and supervise_swarm.sh for how workers are coordinated.
dsh: reasoning:
The swarm is at /data3/guoshaoyang/workdir/ai4math-swarm. Let me read HANDOFF.md, README.md, research_map, comms, runtime, ledger, schemas. The task says "Read handoff/map and comms. Take one class-bound task, emit valid JSON with IDs evidence hash falsifier, checkpoint, then exit. worker=085".

Let me read the key files.
dsh: reasoning:
Now let's read the comms PROTOCOL.md, check inbox for worker-085, and read the ASTRA_HANDOFF.md which likely describes the actual task. Also check runtime/state and runtime/control.
dsh: reasoning:
worker-085 already has an outbox file. Let me read it — maybe this worker already ran and I'm resuming. Also read the inbox for worker-085 (not listed in inbox... the inbox listing shows only up to worker-084; let me list all inbox files). Also read ASTRA_HANDOFF.md, OVERNIGHT_PLAN.md, WAKE_CHECKS, and the supervisor log tail.
dsh: reasoning:
I'm worker-085. The outbox shows worker-085 has already completed three tasks (W085-TOKENIZER-WINDOW-01, W085-APPROVAL-BINDING-02, W085-CANDIDATE-CLASSSEP-DIFF-03). The instruction says: "You are a bounded execution worker. Read handoff/map and comms. Take one class-bound task, emit valid JSON with IDs evidence hash falsifier, checkpoint, then exit. worker=085"

So I need to take ONE class-bound task. But there's no assignment card in my inbox (worker-085.jsonl doesn't exist in inbox). Wait — the last task in outbox was at 00:40:10, and current time is ~00:41. So this might be a fresh spawn of worker-085 (the runtime launches many workers). Actually the outbox may be from prior instances of worker-085 (a worker id reused?). Let me check runtime/instances for worker-085 to see if there are multiple instances. Also check the supervisor log, and whether there are new assignment cards for worker-085 now. Inbox doesn't have worker-085.jsonl at all.

Let me check the current state:
- Is there a pending/unassigned class-bound task pool? Perhaps `proposals/` or `proposed/` dirs.
- The task says "Read handoff/map and comms. Take one class-bound task" — so the pattern is: if no card, take one bounded task myself from the map, as previous worker-085 instances did.

Given prior worker-085 did three tasks in ~20 minutes, and this session is the fourth spawn (a new lifecycle), I should take one bounded class-bound task. There might be a queue of requested verification tasks. Let me look at the newest comms: astra-life04, lead notes, controller verification, overnight plan, and the pending/rejected events. Also check `runtime/instances` for worker-085 (maybe meta.json shows the prompt).

Let me investigate the most recent events to find high-value open tasks. Let me look at:
- runtime/instances/*085*
- supervisor.log tail
- comms/inbox/astra-lead-*.jsonl tails (assignments)
- artifacts/worker-085/ dir
- ledger/theorems.jsonl tail
- research_map/ASTRA_HANDOFF.md

Let me also check `.agents` maybe.
dsh: reasoning:
I'm instance worker-085-20260912T004117-968807, launched at 00:41:17. The prior instance (004117) was launched; there are 5 instances of worker-085. The last one at 00:41:17 is me. Previous worker-085 instances completed tasks at 00:23, 00:33, 00:40. So the pattern: each new lifecycle of worker-085 reads the map, picks a bounded class-bound verification task, produces artifact + report + claim + status events in outbox, checkpoints, then exits.

I should look at my instance dir to see the prompt (meta.json / prompt.txt) which may tell me the exact expected format.

Let me check runtime/instances/worker-085-20260912T004117-968807.
dsh: reasoning:
My instance matches. The prior worker-085 instances each:
1. Read handoff/map and comms
2. Took one bounded class-bound task (no inbox card)
3. Wrote artifacts under artifacts/worker-085/<task>/
4. Emitted JSON events into comms/outbox/worker-085.jsonl (status + artifact + claim + status complete)
5. Wrote checkpoint to runtime/state/w085_checkpoint_N.json
6. Exited

Note the PROTOCOL says only comms.py ingest writes events.jsonl; outbox is where any agent writes. Also a checker checkpoint mechanism `research_map/checkpoint.py`.

Now I need to pick ONE class-bound task that is genuinely useful and not duplicating prior tasks. Let me read the current state of the map and the newest handoff (ASTRA_HANDOFF.md, research_map/ASTRA_HANDOFF.md) and the latest leads' messages to find open falsifiers / requested reviews.

Let me read:
- research_map/ASTRA_HANDOFF.md
- runtime/state/current_checkpoint.json (summary)
- runtime/state/counts.tsv
- latest inbox astra.jsonl (downward)
- runtime/control Overnight plan already read.
- artifacts/worker-16/audit_calibration/CANDIDATE-PATCH.md (referenced)
- The controller_verification dir.

Also check `proposals/` and `proposed/` dirs.

First, let me look at the ASTRA_HANDOFF.md and the newest events in events.jsonl (tail) to see what's live. events.jsonl is 4.6MB; tail a bit.

Let me also check for open review requests directed at workers. There's "runtime/control/WAKE_CHECKS" says workers target=100.

I need to find a "class-bound task" — class ids like AF-WCC-VAC-GEN etc. The classes are from formulation taxonomy: AF = asymptotic flatness? WCC = weak cosmic censorship? Let me look at the research map schema and class definitions.

Let me read ASTRA_HANDOFF.md first.
dsh: reasoning:
I have a good picture. Now, what's the "one class-bound task" that adds value and is bounded, independent, read-only-ish, and can be completed in one session? Prior worker-085 instances did checker calibration/verification tasks. There are live open items:

1. CF-19: L0 freeze breach — ledger rewritten at 00:35:19 to a1674f094979 with no artifact event after owner's announced exit. Lead-literature has the reconcile card.
2. CF-16: 10 hard CLASSSEP findings, all metalinguistic mentions.
3. Gate coverage: F0/F1/F2a/F2b need accepts; L1 has 22 spot checks.
4. Clock discipline: 58 future-dated events.
5. `astra-life04-verify-gform-r2` / `verify-gf0-r2` (lead-audit) — those are leads' tasks.
6. `astra-life03-heldout-09` is assigned to worker-084 (a card exists in inbox worker-084).
7. N0 verification etc.

As a worker (not lead), the pattern is to take an independent bounded verification/measurement task that helps gates without claiming gate verdicts. The most valuable right now might be something tied to a class-bound claim and gated artifact. The instruction says "Take one class-bound task" — meaning a task bound to a specific class id (AF-WCC-VAC-GEN, AF-SCC-C2-VAC-GEN, AF-SCC-C0-VAC-GEN, AF-WCC-SCALAR-SPH).

Options:
A. Independent verification of the FROZEN rev28? Wait, FROZEN rev27 at pass end; worker-084 card says "rev12/FROZEN rev28 frozen bytes" and pin manifest sha256 2f358f6722d9... Hmm, the worker-084 card was created 00:38:41 and refers to rev28. The pass-04 handoff says FROZEN rev27. So rev28 may have landed at 00:38+. Let me check artifacts/formulation/FROZEN.json now.

B. A checker verification task on one of the live gates: e.g., independently verify that the F0 taxonomy's four class contracts are pairwise non-overlapping (class leakage) — but that's the formulation lead's job and likely covered.

C. Check the CF-19 L0 ledger drift (literature lead's card).

D. Evidence audit: the 10 hard CLASSSEP findings are all CF-16 metalinguistic mentions. An independent task could verify whether each of the 10 is genuinely a metalinguistic mention (i.e., the finding is a false positive of the checker) and quantify the false-positive rate. That's checker calibration, exactly what prior worker-085 did, and valuable for G-AUDIT. But is it duplicative? Worker-16/worker-093/prior 085 already did tokenizer/diff. Let me check if someone already did the 10-finding adjudication. Let me grep artifacts for "CF-16" and "metalinguistic".

E. The frozen manifest + F0 companion consistency check (REC-3 says supplement must be consistency-checked, not byte-identical). That's a class-bound task: check that F0 declared taxonomy and F0-R supplement agree on the four class ids, quantifiers, conclusion types. If the supplement contradicts the taxonomy, that's a real finding for G-F0. This is independent, read-only, class-bound, and directly relevant to an open gate item. But maybe lead-formulation is on it (astra-life04-freeze-hold). Let me check.

F. Another strong candidate: verify the L1 (literature) 22 spot checks? Not class-bound exactly.

G. Check class coverage: `ledger/class_coverage.csv` and `runtime/state/classsep_regression`. A task on "class_id binding" — e.g., verify that every claim in the map with class_ids ∈ four frozen classes actually is textually bound to the class contract (the two-stage pipeline). Worker-084 is doing heldout-09 for that. Not duplicative but overlapping.

Let me check what tasks are currently being done by other workers to avoid duplication. Recent instance launches at 00:41 include me. Let me check a few workers' outbox tails to see their current tasks (worker-084's heldout-09, worker-086, 087, etc.). Also check if any worker already took a task involving FROZEN rev28 consistency.

Let me grep the comms outbox for recent task claims (last few minutes) to build a picture of the current in-flight work.
dsh: reasoning:
Many workers are doing verification of F1/F2a/F2b rev12 at FROZEN rev27/28, heldout-09, freeze-hold integrity, N0 FDT, map regression replication, order inversion. I need to pick something distinct and valuable.

Let me check the live map's open queue / assignments and current open findings to find an unclaimed high-value item. Specifically:
- What are the gates waiting for? G-F0: F0 coverage 0 accepts (need ≥3?). G-FORM: F1/F2a/F2b need ≥? accepts each. G-LIT: L0 0 accepts, L1 22 spot checks. G-AUDIT: A0 0 accepts, A1 coverage 0/0/0/0/0 (need ≥2 each).

Workers are flooding formulation verification (F1/F2a/F2b). The scarce items for G-AUDIT: A1 coverage 0/0/0/0/0 need ≥2 each. Let me understand what A1 coverage means. Look at the map's gates section and assignments.

Also, F0 needs accepts — but F0 is the taxonomy, companion pair; verification of F0 companion consistency might be unclaimed (REC-3 says the supplement must be consistency-checked). Let me check who's doing F0 verification: search in-flight claims for F0.

Let me look at the map gates, assignments (especially any unassigned/pending), and the current CF list. The map is 2.4MB; use python to summarize.
dsh: reasoning:
Map gate keys are a list. Let me print gates properly and the most recent assignments with ids/tasks. The assignment records use different field names. Let me dump one recent assignment fully to see schema.

Also, I want to find "unclaimed" or high-value open items. Let me look at the newest assignments (by created_at) and the gate audit.

Let me also check FROZEN.json current revision and heldout status, and check what class-bound open task might be uniquely mine. Prior worker-085's tasks were about checker calibration: tokenizer window, approval binding, candidate diff. A natural continuation: the CF-16 10 hard CLASSSEP findings adjudication / evidence-audit calibration. Let me check whether any worker has already taken that.

Search outbox for "CF-16" and "CLASSSEP" and "metalinguistic".
dsh: reasoning:
The CF-16 adjudication is being done by worker-021, worker-035, worker-093. Avoid.

Now let me look at what's genuinely unclaimed. The key gates:
- G-F0: needs exactly 4 separate class ids; disjointness tests; 2 independent reviewer verdicts ✓(workers on F0: worker-040, deepseek-flash-17/19, worker-022?)
- G-FORM: F1/F2a/F2b reviewers accept with cited sha256 (workers 078, 022, 044, 088, ...)
- G-LIT: ledger locators, ≥3 spot checks
- G-NUM: N0 order measured + replicated within tolerance; C8 met; only open item N0 node verdict.
- G-AUDIT: A1 2 independent verdicts per formulation/literature target.

F0 disjointness tests: are the four class ids actually disjoint? F0 gate criteria explicitly says "exactly 4 separate class ids; disjointness tests". Is there a dedicated disjointness test artifact? Let me check: search artifacts for "disjoint".

Also G-AUDIT A1 coverage 0/0/0/0/0 means 2 independent verdicts per target at the frozen hashes. Many workers are producing verdicts for F1/F2a/F2b. Which target lacks coverage? Let me read the gate audit for details.

Actually, an interesting and distinctive class-bound task: **independent disjointness/overlap test of the four frozen classes at the rev27/rev28 F0 taxonomy**, i.e., check pairwise class leakage "C0 or C2" and the metalinguistic rule. But formulations leads/workers may have done this.

Alternative: an independent verification of the *frozen manifest* (rev28): the FROZEN.json lists logical artifacts and hashes; worker-095 is doing "HOLD-BIND-INTEGRITY-03" for the freeze-hold publication/binding. So that's taken.

Let me survey what workers have claimed in the last 5 minutes comprehensively (not just head -40), and compile the set of tasks. Then choose a gap.

Let me list all task claims after 00:38.
dsh: reasoning:
A huge amount of work is in flight. I need to pick something with no open owner and high value for the critical path, that can be completed quickly (bounded), and that my prior instances' style supports (checker calibration / instrumentation verification, read-only, hash-pinned).

Let me think about what's NOT covered:

1. G-LIT: L0/L1. Worker-093 doing L0 rev3 verdict, worker-073 L0 HF-14 post-repair, worker-035 L0 HF-01, worker-050/062 locator repairs, worker-075 source_meta census, worker-032 mapreg.

2. G-NUM: N0 order study (worker-081 FDT-02), lockguard (flash-12), C4 manifest (flash-12 earlier), C8 binding (worker-067).

3. G-AUDIT: A0/A1 coverage. Many F-verdicts being produced.

4. G-F0: F0 disjointness, F0 dual-source (worker-002), F0 pair dep-closure (worker-043), F0 mirror verify (worker-053, worker-041), F0 publication.

5. Checker/tooling calibration: my prior tasks. What remains unc alibrated in the tooling? Candidates:
   - `research_map/audit_evidence.py` — the evidence audit that computes "10 hard CLASSSEP findings" for G-AUDIT. Prior 085 verified candidate diff and tokenizer window, but has anyone verified audit_evidence.py's own section-3 routing/aggregation independently (e.g., the "< 2 MB" artifact size cutoff, the CLASSSEP-SOFT -> soft mapping, the claims scan)? Worker-021 and worker-035 are adjudicating the 10 findings, but the *instrument* audit_evidence.py itself may not be independently verified. That's precisely the checker-calibration niche of worker-085. A bounded task: verify audit_evidence.py's done-node artifact/evidence audit — e.g., the artifact-size cutoff (2 MB) and text-scan coverage: which artifacts are skipped due to size, whether any node artifact text >2MB exists that would hide class-separation findings, and whether the "nodes" selected for audit match the map's done/active set. That could reveal blind spots in the G-AUDIT evidence total.
   - `research_map/checkpoint.py` — checkpoint tooling.
   - `research_map/promote.py`.
   - `research_map/validate_map.py` — DAG + event schema validation: verify that validator actually catches a set of synthetic schema violations (mutation testing of the validator). Is that done? There's "map validation VALID". An independent adversarial test of validate_map.py could be valuable: does it actually enforce the event schema and DAG? If the validator has false negatives, all "VALID" claims are weakened. That's a classic calibration task, class-bound (map covers all four classes), read-only.
   - `research_map/comms.py ingest` — dedup/idempotence and reject path. Worker-032 did mapreg replication; worker-042 order inversion; worker-027 approval matcher; worker-032 approval matcher. The `ingest` dedup (applied_event_ids) has been touched by order-inversion? Let me check W042-ORDER-INVERSION-03 and W032-MAPREG-REPL-01 details.

Let me look at what blind spots remain in the checkpoint/gate audit machinery. A strong candidate: **audit_evidence.py artifact-size cutoff blindness** — that directly affects G-AUDIT's "10 hard, 0 soft" number which the controller keeps citing. If there is any node artifact >2MB containing a hard CLASSSEP pattern, the audit total is incomplete. Let me measure: scan all node artifact texts referenced in the map, compute sizes, find those >2MB, and check whether any skipped artifact contains class-separation patterns. Also verify the "10 hard findings" claim by re-running the same detector independently.

But wait — worker-021 (00:42) is doing "the 10 hard CLASSSEP findings" provenance/instrument result; worker-035 adjudicates them. Let me read worker-021's task precisely to avoid duplication. And worker-036 W036-CLASSSEP-DISJ-01 does detector disjointness.

Let me read the newest worker-021, worker-035, worker-036 lines and see.

Another candidate distinct area: **the `artifact_hashes.json` registry completeness** — done-node artifact exists on disk + sha256 in registry + reviewer verdict (PROTOCOL rule 2). `audit_evidence.py` checks done nodes. Is there an independent check that the registry itself is not stale (files changed after registration)? Worker-032 W032-MAPREG-REPL-01 re-measured map declared vs measured hashes. Hmm.

Another: **checkpoint_log continuity** — `checkpoint.py` 15-min snapshots; verify that checkpoint chain is complete and no gap; that current_checkpoint.json is consistent with checkpoint_log. Worker-033 VERDICT-LIFECYCLE operative accept sets...

Honestly, the highest-leverage unclaimed item might be the **G-AUDIT evidence-audit instrument**: verify the audit's blind spots (size cutoff, node selection, dedup, CLASSSEP-SOFT severity routing) with a bounded probe. This is exactly in the style of worker-085's previous work, is class-bound (the four AF classes appear in the audited texts), read-only, and produces actionable G-AUDIT findings. But I must check worker-021's task first, since it's about "the 10 hard CLASSSEP..." instrument/provenance.

Let me read worker-021's latest events and also check `research_map/audit_evidence.py` source.
dsh: reasoning:
The CF-16 adjudication is thoroughly covered by workers 021/035/036/093. So I should avoid CLASSSEP false-positive adjudication.

Let me look at audit_evidence.py's section 3 (the class-separation scan with the 2MB cutoff) and see if anyone verified it. Also maybe `validate_map.py` mutation testing is uncovered. Let me grep outbox for "audit_evidence" to see who's tested it.
dsh: reasoning:
audit_evidence.py has been covered: worker-024 did vacuity (fails open on empty maps), worker-045 CF-5, worker-035 patched copy.

Interesting angle: `validate_map.py` mutation testing isn't obviously done. deepseek-flash-17 had an erratum about event types. Let me check `research_map/validate_map.py` and `schemas.py`. Also `comms.py ingest` dedup. Let me check what validate_map does.

Actually, a possibly stronger gap: **the G-AUDIT A1 coverage criterion depends on `reviews/` verdict files and the "rebind" machinery (`reviews/A1-rebind-coverage.json`)**. There's a risk of stale/rebound verdicts. Worker-074 did GATEACCEPT-CHURN, worker-066 F2AGG verdict, worker-033 VERDICT-LIFECYCLE. Hmm.

Another gap to consider: **gate criteria vs. recorded evidence cross-check** — i.e., for each of the 5 gates, does the map's `criteria` string fully match what the gate audit actually measures, and does the audit count stale verdicts? Worker-074 did accept-churn; worker-067 did G-NUM C8 binding. The G-AUDIT "A1 coverage 0/0/0/0/0" computation could be verified: it counts "2 independent verdicts per formulation/literature target with cited sha256". An instrument task: independently recompute A1 coverage from `reviews/` + map and test the counter's edge cases (duplicate reviewer, self-review by the author, mismatched sha256, verdict file deleted but count cached). If the coverage counter over- or under-counts, the gate is mis-bound. That's squarely checker calibration and unclaimed as far as I can tell (worker-033's VERDICT-LIFECYCLE may overlap though: "operative accept sets for ... at the G-FORM canonical...").

Let me look at how the gate audit computes coverage — probably in `research_map/astra_lifecycle.py` or `A1-rebind-coverage.json`. Let me check `reviews/A1-rebind-coverage.json` and the astra_lifecycle code for coverage logic.

Actually, let me step back. Time budget: This is a bounded worker session. Prior 085 tasks took ~0.6-0.7h and produced ~4 artifacts each. I should choose a task that:
1. Is genuinely unclaimed/unowned (check in-flight list).
2. Is class-bound (all my prior events bind class ids; class_id field = "AF-WCC-VAC-GEN" with class_ids list).
3. Produces measurable machine-checkable evidence with falsifiers.
4. Directly supports a gate criterion.

Candidate list review from in-flight (00:30-00:42): F1/F2a/F2b verification (many), F0 mirror/dual-source/closure (many), L0 HF repairs, N0 FDT/lockguard/C4, map/registry replication, approval matcher, order inversion, CF-16 adjudication, classsep disjointness, locator repairs, source_meta census.

Unclaimed-ish areas I can see:
(a) **A1 coverage counter calibration** (G-AUDIT instrument) — check `reviews/A1-rebind-coverage.json` vs actual review files; test stale/superseded/duplicate/self-review handling. 
(b) **validate_map.py adversarial mutation test** (does VALID mean anything?) — deepseek-flash-17's erratum suggests event-type schema issues; maybe nobody has tested the validator's negative cases. The ongoing "map VALID" claims rest on it.
(c) **comms.py ingest idempotence/dedup** — worker-042 did order inversion, worker-032 mapreg replication.
(d) **checkpoint.py integrity chain** — nobody explicitly.
(e) **FROZEN.json logical_artifacts binding coverage** — worker-095/043/033 on it.
(f) **evidence_refs resolvability across all map claims** — a broad census; probably partially done.

Given my worker identity's prior three tasks were all about verifying controller/checker tooling (`class_separation.py`, `apply_events.py`), the natural fourth task in the same "instrument" niche: **validate_map.py adversarial calibration** — the tool whose VALID verdict every controller pass and gate cites. If validate_map has false negatives (e.g., accepts non-JSON-serializable, bad event types, duplicate event_ids, DAG cycles, unknown node refs, missing gate IDs), then "map VALID" is not strong evidence. A bounded task would:
- Pin validate_map.py, schemas.py, research_map.json hashes.
- Read the validator's stated rules.
- Build a synthetic battery of mutated maps (in memory / temp dir under artifacts/worker-085/) covering each claimed check: duplicate ids, dangling refs, cycles, bad verdict, bad event type, missing required fields, orphan nodes, non-list types, etc.
- Report which mutations are caught vs missed (false negatives), with controls.
- Also verify the live map passes as claimed at the pinned hash.
- Falsifier: any mutation that the validator's own stated rule says must fail but validate_map returns VALID for; or live map fails.

Is this "class-bound"? Yes — the map contains the four AF classes and the DAG/gates for them; the task can be bound to AF-WCC-VAC-GEN / AF-SCC-C2-VAC-GEN / AF-SCC-C0-VAC-GEN / AF-WCC-SCALAR-SPH, and any false negative on class separation could matter. Hmm, but "class-bound" in the protocol means the task is about a class (class_id). Prior tasks bound class_id=AF-WCC-VAC-GEN. Anything map-wide is arguably class-bound because the map encodes the four classes.

But wait: is validate_map.py already covered? Let me grep outbox for "validator" too. And check whether any in-flight worker (00:41+ launches) already took it. New workers launched at 00:41-00:42: I'm 085; also 015, 046, 091, 035, 089, 041, 052, 003, 034, 055, 060, 061, 067, 098, 069, 029, 036, 050, 094, 010, 012, 016, 044, 049, 053, 068, 097, 007, 019, 038, 075, 088, 093, 096, 042, 071, 004, 008, 048, 014, 058, 072... Some of those are older instances. Let me check for very recent claims mentioning validate/validator.

Let me grep both "validat" across recent outbox lines (>= 00:35).
dsh: reasoning:
validate_map.py: has checks for duplicate nodes, unknown deps, done node artifact/validation/evidence, cross edges, cycles. It does NOT validate gate verdicts, numerics_lock, event ids, claims, reviews, etc. Also notably: **the DAG cycle DFS is buggy** — `visited` marks nodes as visited even when a cycle exists; and more importantly, the "cycle detected" path: `if x in visiting: errors.append(...); return` — then `visiting.remove(x)` isn't executed for that path but that's fine. Actually the DFS is standard.

Potential false negatives:
- `n["id"]` KeyError if missing (crash rather than invalid — crash is arguably fail-closed since non-zero exit, but the traceback yields exit 1? Python uncaught exception exit code 1, so still fail-closed).
- Gate verdict validation absent entirely (audit_evidence covers partially).
- Duplicate group ids not checked.
- Event ids dup not checked (comms ingest handles `applied_event_ids`).
- Claims with class_ids not checked to be the four classes — that's class_separation's job.

Is mutation-testing validate_map.py the best use? Hmm. The map validation "VALID" claim is prominent in every pass. But a subtle issue: validate_map.py's `--map` default is `research_map/research_map.json` and `base=ROOT=research_map/`, so artifact paths are resolved relative to `research_map/` — which is wrong! Wait: `ROOT = Path(__file__).parent` = `research_map/`. Then `base / art` where art is like "artifacts/formulation/..." → `research_map/artifacts/...` which doesn't exist! That would make every done node with an artifact "declared artifact missing on disk" → INVALID. But the tool prints VALID... unless all current nodes are not `done` (F0/A0 were unmarked done per deepseek-flash-08's closure!). Interesting: at pass end, F0/A0 are active/unverified, and maybe no node is `done` at all. So the artifact-path check is vacuous in practice. Also `TAXONOMY` path is `research_map/formulation_taxonomy.yaml` — correct there.

Actually wait: `validate_map.py` is invoked in PROTOCOL as `python3 research_map/validate_map.py` from repo root. ROOT = research_map dir. So `base / art` resolves under research_map/. If art = "artifacts/..." then `research_map/artifacts/...` missing → error. Let me check what artifact paths look like in map nodes and whether any node is done. If a node is done with artifact "artifacts/..." then validate_map would report INVALID — but it reports VALID. So either no done nodes, or artifact paths are relative to research_map (unlikely).

Hold on — this could be a real defect: the validator's on-disk artifact check is mis-rooted, making it blind to missing artifacts for done nodes (false negative) or wrongfully invalid. Let me test: run validate_map.py and check. Also the `validate_events` requires `validate_event` schema.

This is a genuinely valuable checker-calibration finding: the standing validator resolves declared artifact paths against `research_map/` instead of the repo root, so its "artifact exists on disk" check is mis-rooted. Combined with the fact that audit_evidence.py uses `ROOT = Path(__file__).resolve().parent.parent` (repo root) — inconsistent roots. If a node is ever marked done with a repo-root-relative path, validate_map would flag it as missing even though it exists (false positive → INVALID), OR if paths were written relative to research_map, the audit would flag missing. Either way it's a calibration defect in a gate-relevant tool.

But careful: maybe node artifact paths in the map are relative to research_map? Let me check actual node data. Let me examine nodes' artifact fields and statuses.

Also, is validate_map.py the thing that prints VALID in the lifecycle? Let me check astra_lifecycle.py — maybe it uses its own validator or calls validate_map with base=ROOT. The protocol says `python3 research_map/validate_map.py`. The lifecycle report says validator VALID. Let me check how astra_lifecycle invokes it.

This is a promising, bounded, class-bound instrument task:
**W085-VALIDATOR-ROOTBIND-04**: independent calibration of research_map/validate_map.py's artifact-existence check at the pinned revision, measuring (i) the resolution root actually used, (ii) whether any done node ever exercises it (population census), (iii) synthetic controls showing a missing-artifact done node is not detected when its path is repo-root-relative, (iv) the live-map verdict reproduced, (v) comparison with audit_evidence.py's root, and (vi) the false-positive direction (a genuinely existing repo-root artifact flagged missing). Deliverable: probe + report + claim with falsifier, checkpoint, exit.

But first verify the hypothesis by reading the map node artifacts and statuses, and running the validator. Let me check whether nodes are done, what artifact paths look like, and whether `research_map/artifacts/...` exists (maybe there is a symlink!). Let me check.
dsh: reasoning:
Interesting! The node artifacts are actually **research_map-relative** for F0 (research_map/formulation_taxonomy.yaml) but repo-root-relative for F1 etc. (schemas/af_wcc_vacuum.yaml). So there's an inconsistency in the declared artifact paths themselves: F0 uses `research_map/...` while F1 uses `schemas/...`. The validator resolves everything against `research_map/` → F1's artifact check would look for `research_map/schemas/af_wcc_vacuum.yaml` (missing) — but no node is `done`, so the check never fires. All nodes are active/rejected/queued. So the validator's artifact check is currently unexercised (vacuous) for the live map.

The audit_evidence.py resolves against repo root → for F0 it looks for `<repo>/research_map/formulation_taxonomy.yaml` ✓ (correct) but F1 `<repo>/schemas/...` ✓ (correct). So audit_evidence's root is repo root and it handles both. But validate_map uses research_map/ as base, which would flag F1 as missing if F1 were done. And ProTOCOL says a node is done only when its declared artifact exists — the two tools disagree about where "exists" is.

That's a real, measurable inconsistency worth documenting: **validator vs evidence-audit artifact-root disagreement**; latent while no node is done, but it will bite exactly when a node is promoted to done (which is the critical path: F0/F1/F2a/F2b/L0/L1/A0/A1 are aiming for done). If F1 becomes done, validate_map.py (the cited validator) will say INVALID "declared artifact missing on disk: schemas/af_wcc_vacuum.yaml" while audit_evidence says the artifact exists and has a hash. That's a genuine process-blocking defect at the worst time.

But wait — how does `astra_lifecycle.py` call the validator? It may pass base=ROOT (repo root) and thus not exhibit this. Let me check. The lifecycle report says "validator VALID". If the lifecycle calls `validate_map(m, base=repo_root)` then the defect is only in the CLI (`python3 research_map/validate_map.py`), which is what PROTOCOL tells agents to run. Let me check astra_lifecycle.py's usage.

Also check the git history? Not needed.

Let me confirm how the validator is invoked in astra_lifecycle.py and other tools, plus where F0's artifact path style came from. Then decide.

Actually let me broaden: perhaps a better framing of the task is **artifact-path binding consistency between the two gate-relevant tools and the map's declared artifact paths** — measure:
1. `validate_map.py` default invocation: base=research_map/; check live map + synthetic done-node mutations.
2. `audit_evidence.py`: base=repo root; same mutations.
3. Live map declared paths: F0 research_map-relative, others repo-relative → demonstrate a done-node promotion scenario for each of the 12 nodes and record which tool accepts/rejects.
4. Whether the lifecycle's own validator call passes an explicit base (measured from source).
5. Controls: the live map VALID; synthetic done node with an existing repo-root path; synthetic done node with truly missing path.

This is a strong task: bounded, read-only (writes only under artifacts/worker-085/), hash-pinned, class-bound (all four class schemas F1/F2a/F2b are exactly the nodes whose promotion this blocks), with a crisp falsifier, and directly relevant to the critical path (G-FORM/G-F0 gate closure requires node done promotion).

Let me check astra_lifecycle.py's validator invocation and any other callers of validate_map.
dsh: reasoning:
Confirmed: all in-process callers (`astra_lifecycle.py`, `apply_events.py`, `checkpoint.py`, `astra_repair_03_resources.py`) call `validate_map(m)` **without** `base`, so base=research_map/ (the module's ROOT). This means the artifact-existence check in the validator resolves all node artifact paths relative to `research_map/`, while the map declares them repo-root-relative (except F0). Since no node is currently `done`, the check is vacuous. The moment F1 (or any node) is marked done, `validate_map` returns INVALID for F1/F2a/F2b/L0/L1/A0/A1 unless the path happens to exist under research_map/ (F0's path does: research_map/formulation_taxonomy.yaml resolves to research_map/research_map/formulation_taxonomy.yaml? Wait no.

Careful: base = ROOT = /data3/.../research_map. For F0, art = "research_map/formulation_taxonomy.yaml" → base/art = research_map/research_map/formulation_taxonomy.yaml — does that exist? No! So even F0 would be flagged missing. Let me verify: `research_map/research_map/` doesn't exist. Right — so for F0: repo-root relative path given → base/art = research_map/research_map/... missing. For F1: base/art = research_map/schemas/... missing. So ALL done-node artifact checks would fail once any node is done. Great — it's a total latent failure, not just a partial one.

Wait, but earlier the checkpoint note said "validate_map.py returned VALID because it never checked. Both demoted to..." — that suggests the artifact check was previously absent and integrated from worker-19's patch. The 23:30 checkpoint says the check was integrated, and F0/A0 were demoted because of it. Hmm, the note says "declared artifact missing on disk; validate_map.py returned VALID because it never checked. Both demoted to..." — so after integration, F0/A0 were demoted to active instead of done. That's why no node is done now. So the integration happened, but the base root is wrong (or the demotion avoided exercising it).

Interesting: if the check had the right root, F0's artifact research_map/formulation_taxonomy.yaml exists at repo root (yes, it does). So F0 could be done... but they demoted anyway.

Now, is this a real bug that matters? When the leads promote F1/F2a/F2b to done at rev12, validate_map(m) will emit "F1: declared artifact missing on disk: schemas/af_wcc_vacuum.yaml" and the lifecycle will record validator INVALID, potentially blocking the pass. Actually would it block? In astra_lifecycle.py, errs -> "validate_map": "INVALID" recorded; the audit might still proceed. But PROTOCOL says gates depend on validation. Either way it's a false-INVALID on a true artifact: an important calibration defect. And it also means the *positive* check is currently unexercised (vacuous) — nodes can't be verified as having on-disk artifacts by the validator.

Hmm, but wait: maybe the intended base for validate_map is repo root and `base=None` default is a bug; or the intended artifact paths are research_map-relative and the map entries are wrong. Which is authoritative? `audit_evidence.py` uses repo root, and node artifact paths like "schemas/af_wcc_vacuum.yaml" exist at repo root. `F0`'s "research_map/formulation_taxonomy.yaml" also exists at repo root. So repo root is clearly the intended root, and `validate_map`'s default base=ROOT is a defect. But hold on: `TAXONOMY = ROOT / "formulation_taxonomy.yaml"` uses research_map-relative, and validate_map has no taxonomy check. The `--map` default is `ROOT/"research_map.json"` = research_map/research_map.json — correct because validate_map lives in research_map/.

So the defect: `validate_map()`'s `base` default is `ROOT` (the research_map dir) rather than `ROOT.parent`. All 5 in-process callers pass no base. Consequence:
- Live/any node marked `done`: validator reports INVALID for every done node whose artifact path is repo-root-relative (all of them) even though the artifact exists. 
- If someone "fixes" by rewriting the map's paths to research_map-relative (e.g. F0's style), then audit_evidence.py (repo-root) would then report "done but artifact missing on disk" for those nodes → conflict between the two gate tools.
- Also directory-empty check works relative to base → same issue.

This is a solid finding. But is it *already* found? Let me search the outbox/artifacts for mentions of "base" / "artifact missing" / "root". The 23:30 checkpoint says the check was integrated due to an earlier finding (worker-19 patch, adjudicate_1 approved). Let me read the checkpoint note and the patch/paths to see whether the root issue was already noted. Let me look at `artifacts/audit/validate_map_evidence_patch/` and `runtime/state/checkpoints/ASTRA_CHECKPOINT_2330.md`.

Also search all outbox lines for "research_map/schemas" or "declared artifact missing" mentions.
dsh: reasoning:
Worker-024 at 00:43:25 just took W024-VALIDATE-MAP-VACUITY-01 and mentions "default base=repo root (ROOT.parent...)" — so the base issue is being noticed by worker-024 right now, at least partially. Let me read worker-024's full claim to see if they cover the root-binding consequence. Their task is about vacuity (fails open on stripped maps) and includes a proposal with default base=repo root. If they already cover the exact root mismatch, I should choose a different task to avoid duplication.

Let me read worker-024's latest lines in full.
dsh: reasoning:
Worker-024 just covered exactly the base inconsistency (D1/D2) and vacuity. So that is taken. Good thing I checked.

Now pick a different gap. Let me think about what else in the instrument layer is unclaimed and gate-relevant. Since worker-024 took the validator, and worker-021/035/036/093 took CLASSSEP adjudication, and many took F1/F2/F0/L0 verification, what remains?

Let me look at the current critical path again:
- G-F0: needs 2 independent reviewer verdicts at frozen hashes + disjointness tests. F0 reviewers: workers 040, 002, 087, 041, 053, 043.
- G-FORM: many workers.
- G-LIT: L0/L1 verdicts (093, 073, 035, 050, 062, 075...).
- G-NUM: N0 (081, 12...).
- G-AUDIT: A0 rubric + A1 coverage. A0 review by lead-audit. A1 = 2 independent verdicts per target.

What about **`research_map/checkpoint.py`**? It's the 15-minute checkpoint tool; every pass cites checkpoints. Has anyone calibrated it? Let me check checkpoint.py content and look for a specific defect hypothesis.

Another: **`research_map/schemas.py` + `comms.py ingest`** event-schema enforcement: `validate_events` uses `validate_event`; are unknown/extra fields accepted? The protocol says events need event_id/event_type/created_at/actor. If the schema is loose, invalid events could get applied. But worker-042 order inversion, worker-032 mapreg, worker-027/032/085 approval matcher cover ingest application. What about **duplicate event_id handling across the two paths** (outbox line repeated; ingested_ids.json; applied_event_ids)? An independent dedup/idempotence instrument test could be valuable but might overlap W042-ORDER-INVERSION-03. Let me read worker-042's task.

Alternative high-value area: **`research_map/class_separation.py` `_MERGE_ASSERT` prose-mode false positives** — covered.

Alternative: **numerics lock guard** (`numerics/gates.py`, `numerics_lock`) — flash-12 doing lockguard; worker-067 C8 binding.

Alternative: **FROZEN manifest rev28** binding: is every frozen logical artifact's hash currently matching disk, and does the manifest cover all gate-relevant canonical paths? Worker-095 does "HOLD-BIND-INTEGRITY-03" (freeze-hold publication/binding). Worker-043 dep-closure; worker-033 verdict lifecycle.

Alternative: **`reviews/` verdict integrity**: the A1 coverage criterion counts "2 independent verdicts per target with cited sha256". A key risk: verdict files cite a sha256 that doesn't match the current canonical artifact (stale verdicts counted as coverage). Worker-074 did "GATEACCEPT-CHURN-01: same-instant control on W036-GATE-REPRO-01 ... four recorded-vs-rerun accept-c..." Let me read worker-074's task and worker-033's to see if A1 coverage-count staleness is covered. Actually the controller's own gate audit at pass end already computes coverage=0 because rev27 voided rev11 verdicts (it does check cited sha256 vs current pins!). "Coverage at the measured hashes is now zero-to-low everywhere because the rev27 closure voided every rev11 verdict" — that means the audit does compare cited sha to current. So the staleness logic exists.

Alternative: **`runtime/state/artifact_hashes.json` registry completeness/consistency** — audit_evidence writes it; does it include the artifact for every done node? No done nodes. Worker-032 did mapreg replication of declared-vs-measured hashes.

Alternative: **the `A1` review *independence*** — "two independent verdicts" criterion. Are reviewer verdicts actually independent (different actor, not author, not same session)? A census/instrument task: for every review recorded in the map/reviews dir, measure reviewer identity vs artifact owner, duplicate reviewer pairs, same-session duplicates, verdicts citing hashes that don't exist in the map's artifact registry. This is exactly the kind of "gate counter calibration" that is high-value for G-AUDIT and likely unclaimed (many workers are *producing* verdicts; nobody may be auditing the review-integrity counter). But careful: "self-review" already may be a CF. Let me grep for "independence" in outbox.

Let me also consider a completely different, more domain-class-bound task: e.g., verify a specific claim about the four classes from the taxonomy — but the F-verification fleet is all over that.

Let me grep outbox for "independen" + "review" recent tasks to see coverage. And check what CF findings exist (CF-1..CF-19) to find an unaddressed one. Actually a genuinely useful task: **CF-15/CF-13?** Let me read the controller findings list from the map.
dsh: reasoning:
The F/L verification space is saturated. Let me consider the audit layer differently: G-AUDIT requires A1 coverage, and the controller audit counts "2 independent verdicts per target with cited sha256". Nobody appears to be auditing the count computation itself (`reviews/A1-rebind-coverage.json` vs live review files).

Actually — wait. Let me look for a different kind of instrument gap that is clearly on the critical path and unclaimed: **the class-separation regression harness itself** (`runtime/bin/classsep_regression.py`) is cited as gate evidence at c266dbce/corpus d69ad58468be. Prior worker-085 (me, earlier instance) verified tokenizer window etc. Worker-035 scored the corpus. Fine.

What about **`research_map/apply_events.py` decision applications**: my prior instance verified the approval matcher only. There are other event-type handlers: gate verdicts, assignments, claims, reviews, statuses, budget. Could there be an unverified path? Worker-042 did order inversion; worker-032 did mapreg replication; worker-027/032 did approval matcher. Hmm.

What about **checkpoint.py**? Let me read it. Possible defects: checkpoint writes `current_checkpoint.json` and appends to `checkpoint_log.jsonl`; does it include the map sha? Does it detect drift? The 15-min checkpoint is the ledger of record. A bounded calibration task could be: verify that checkpoint.py's snapshot is self-consistent (map sha matches current bytes; `artifact_hashes` registry entry count matches; checkpoint_log chain no gaps; current_checkpoint id within log; re-running checkpoint is idempotent; a concurrent map write between hash and checkpoint is detected). Plus a fail-open test on an empty map (same vacuity family as validate_map, but checkpoint may import validate_map's checks → worker-024 covers validate_map vacuity; checkpoint's own consistency is separate).

Actually, hold on. Let me look at what the *strongest* unclaimed thing might be: the **gate-coverage counter** for G-AUDIT (A1: "2 independent verdicts per formulation/literature target with cited sha256"). The controller computes coverage 0/0/0/0/0 at pass end. Dozens of new verdicts arrived between 00:30-00:42 for F1/F2a/F2b/L0 at rev12/rev27/rev28. The controller's next pass will recompute coverage. If the counter has a defect (e.g., counts reviews whose `reviewed_sha256` matches the frozen revision but reviewer is the artifact author; or counts a single reviewer twice via two files; or fails to map review target to class), the gate could pass with insufficient independence — or fail to pass with sufficient evidence. This is *the* G-AUDIT criterion. An independent instrument task on the coverage counter would be high-value.

But where is the coverage logic? Find `A1-rebind-coverage.json` generation code. Search for "coverage" in research_map/*.py and runtime/bin. `astra_lifecycle.py` emits coverage. Let me look at that code path.

Also check if any recent worker audited it. grep outbox for "coverage" + "counter"/"independen". W084-POSTREV-COVERAGE-01 measures class conformance coverage maybe. Let me search.
dsh: reasoning:
There's a `review_coverage(hashes)` function in astra_lifecycle.py. Let me read it (lines ~176-230) to understand the counter. If it's driven by `reviews/A1-rebind-coverage.json` targets plus map reviews, a calibration task could test it on synthetic review sets. But this may be too deep in controller territory.

Let me step back and think about what a *bounded worker* should deliver: one artifact-backed measurement with falsifier, ~30-60 min. The saturated areas are F/L verification and CLASSSEP. The instrument layer that is clearly uncalibrated and on the critical path... Let me check `checkpoint.py` — it's short (6KB) and central. Let me read it and form a hypothesis.

Actually, here's another thought: the **`numerics_lock` guard** — `numerics/gates.py` lock guard. flash-12 is doing N1 lock guard verification at 00:42. Covered.

Another: **`evaluation_rubric.yaml`** A0 — the gate criterion says "A0 rubric exists without a universal scalar score". A0 reviews exist (21, 22, lead-audit-r2). A calibration task: verify that the rubric contains no universal scalar score and that the review verdict interface is well-formed... probably covered by A0 reviewers.

Another: **`reviews/INDEX.md`** reconciliation (lead-audit card). Hmm.

Let me look at the two-stage pipeline acceptance tests for G-CLASSBIND (worker-084's heldout-09). The acceptance test H3: "run both stages per fixture: artifacts/formulation/tools/check_class_schema.py --json <f> and a second independent stage". This suggests there's a *second* stage whose identity/independence matters. A worker could verify that the "second independent stage" is genuinely independent from stage 1 (different implementation, not the same code path) — that's a classic independence audit, directly on the G-CLASSBIND/G-FORM critical path, and probably not covered (workers 084/068 do heldout corpora, but the *independence of the two stages* might be unclaimed).

Let me check `artifacts/formulation/tools/check_class_schema.py` and find the two-stage pipeline definition. Search for "stage" in artifacts/formulation/tools and the heldout manifest.

Actually — wait. Let me reconsider. Is there an even more compelling gap? The controller's gate audit says G-CLASSBIND is a gate. Let me check the map's gate list: gates are G-F0, G-FORM, G-LIT, G-NUM, G-AUDIT. G-CLASSBIND is referenced in assignments/tasks but maybe not a top gate. Worker-084's card: node A1, gate G-CLASSBIND.

Let me look at the two-stage union-escape pipeline. The "union escape" metric: a fixture escaping both stages. The claim is that the two stages are independent. If stage 2 is just another invocation of the same checker or trivially correlated, the union escape is understated. That's a serious measurement-validity issue for the class-binding evidence — and it's in the formulation lead's acceptance tests (H3, H6), meaning the lead cares.

Let me inspect the heldout-09 work and the two stages. Check `artifacts/formulation/tools/` listing and prior heldout reports (worker-16/heldout2/report.json).
dsh: reasoning:
The heldout-08 report says "union escape = accepted by BOTH stages". Let me read the stages detail in that report and the current heldout-09 (worker-084, in flight). The "second independent stage" — what is it? Let me look at report's stages and measure_semantic_escape.py.

Also note `verify_freeze_hold_findings.py` modified at 00:44 (just now by another worker — worker-095 maybe).

Let me check the heldout-08 stages.
dsh: reasoning:
Two stages:
1. Structural: `artifacts/formulation/tools/check_class_schema.py` (32KB, owned by formulation).
2. Semantic: `artifacts/worker-06/spec_conformance_audit.py`.

Union escape = 1.0 on rev13 (both stages accepted everything) — that's why heldout-09 exists.

Potential independent task: **measure the correlation/dependence between the two stages** (independence audit): do the two stages share code (imports), the same regexes/class-token lists, the same underlying assumptions? If stage 2 imports stage 1's internals or duplicates its checks, the "two independent stages" claim (H3/H6) is weakened: union escape is then not two independent opportunities to catch. This is a measurement-validity audit relevant to the lead's acceptance tests and the class-binding escape rate.

But is it unclaimed? Worker-084 (heldout-09) builds a fresh corpus and reports union escape with raw verdicts; worker-068 replicates. Neither explicitly audits stage independence, as far as I can tell. However, this task is "instrument/measurement validity" rather than a class-bound checker verification. It IS class-bound (AF-SCC-C0/C2, AF-WCC-VAC-GEN).

Hmm, but is it feasible in bounded time? I'd need to:
- Pin both stage tools' hashes and read them (32KB + worker-06 file).
- Static independence analysis: imports, shared modules, identical check families (e.g., both read the same rule spec?).
- Behavioral correlation: run both stages on the same synthetic fixture set (e.g., a set of mutations) and compute agreement statistics: P(stage2 catches | stage1 catches), P(stage2 catches | stage1 misses), phi coefficient. If stage 2 catches nothing stage 1 misses on all tested inputs, the "second stage" adds no coverage → union escape dominated by stage 1. This directly measures the value of stage 2.
- Use the existing frozen fixtures: worker-16's heldout corpus or worker-06's semantic fixtures (which exist). Running both stages on those is a re-analysis of existing data — allowed if read-only, pinning hashes.

Wait — but is this duplicating worker-084's heldout-09? Worker-084 builds a new corpus against FROZEN rev28 and measures union escape. My task would measure *stage dependence* on existing frozen corpora — a different question, but if worker-084's report includes per-fixture verdicts for both stages, a correlation analysis is a natural follow-up. There is overlap risk.

Let me look for something else. Let me examine the `check_class_schema.py` stage-1 tool: is the *canonical* structural gate itself verified? Workers verify the *schemas* (F1/F2a/F2b), but the gate tool `check_class_schema.py` at 32KB is the actual enforcer used in gate tests. Has anyone calibrated *its* false-negative rate on the frozen canonical schemas and controls? There's `artifacts/formulation/tools/run_gate_tests.py` and prior worker work. Let me grep for "check_class_schema" in outbox to see if it's been tested.

Actually, hold on. Let me reconsider the *overnight plan* priorities: (1) formulation resolve F0 canonical taxonomy vs companion; refresh bindings and frozen manifest; (2) audit blind reviewers; (3) literature; (4) numerics; (5) controller.

The controller instruction to me says "Take one class-bound task" — generic. Prior worker-085 chose instrument verification of the controller/checker layer. What's the most *useful* remaining instrument verification?

Checklist of gate-relevant instruments and their verification status:
- class_separation.py: heavily verified (me ×2, 021/035/036/093/024...).
- audit_evidence.py: worker-024 vacuity; worker-045; worker-035.
- validate_map.py: worker-024 (just now).
- apply_events.py: me (approval matcher), worker-027/032.
- comms.py ingest: worker-042? Let me check W042-ORDER-INVERSION-03 details.
- checkpoint.py: ??? 
- astra_lifecycle.py (the big one, 40KB): controller tool; the coverage counter, gate audit.
- classsep_regression.py: my first task (27 fixtures, tokenizer window) + worker-035 corpus scoring.
- schemas.py event schema: flash-17 erratum.
- numerics gates.py lock guard: flash-12, worker-067.
- check_class_schema.py: the G-FORM/G-CLASSBIND structural gate — need to check.
- evaluation tools: evaluation/ dir.

Let me check checkpoint.py and check_class_schema coverage. First grep outbox for check_class_schema and checkpoint.py.
dsh: reasoning:
Note: some events have future timestamps (deepseek-flash-06 events at 01:50 etc. — those are the 58 future-dated events, skew ~4961s). So the current real time is ~00:45.

Now, let me pick. I see `check_class_schema.py` is referenced by worker-064 (stage tools pinned) and heldout work. Nobody seems to have calibrated the structural gate itself adversarially (false negatives of `check_class_schema.py` on the canonical four class schemas). But worker-064's claim at 00:29 mentions the stage tools. Let me read worker-064's task.

Actually, let me look at this from the "what does the gate need" angle:
- G-FORM needs F1/F2a/F2b schemas with exact quantifiers/topology/regularity/genericity/I+/visibility/conclusion_type; no C0/C2 merge; reviewers 17,18 accept with cited sha256. The verification fleet is handling this.
- G-CLASSBIND (a gate in assignments) needs class-binding evidence: union escape.
- G-AUDIT needs A0 rubric + A1 2 independent verdicts per target.

A distinct task idea: **verify the "union escape = accepted by BOTH stages" arithmetic/counter implementation** (`artifacts/formulation/tools/measure_heldout.py` / `run_acceptance.py`) — i.e., the instrument that computes the headline escape metrics. If the counter mis-implements union/intersection, the headline number is wrong. Any worker-084 report will use these tools. This is a bounded instrument calibration with clear falsifiers, directly class-bound, and (I believe) unclaimed: workers are busy building corpora, not auditing the metric code.

Let me check `measure_heldout.py` and `run_acceptance.py` quickly for a concrete hypothesis (e.g., union vs intersection mix-up, control gating, escape denominator). If I find a plausible defect, great. If the code is trivially correct, the task still delivers a calibration receipt (counter correctness on synthetic verdict matrices + control gating + denominator/edge cases), which is useful.

Actually, let me read `measure_heldout.py` (2.7KB) and `run_acceptance.py` (6KB).
dsh: reasoning:
Look at `run_acceptance.py`: in the mutants loop, there's a duplicate `if p.name.startswith("control_"): pass` line followed by another identical if. That's a harmless duplicate line (dead code). But more importantly there's a real issue: `out["mutants"]["union_caught"]` is only set when at least one mutant is caught; if mutant count > 0 and none caught, `m.get("union_caught", 0) != m["total"]` still FAILs, so fine.

Wait, look closer at the control branch: `if p.name.startswith("control_"): pass` then `if p.name.startswith("control_"): ... continue`. Harmless.

Potential defects:
1. If there are zero mutants, verdict PASS (vacuous) — same fail-open family.
2. The structural stage crash handling: in `run()` with json_flag=True, `d.get("verdict","?")` — a crash returns "crash(exit1)" which is not "pass", so `ok` is False for canonical → FAIL. Fine. For mutants, `g == "fail"` only counts exact "fail"; a crash isn't counted as caught, and if the semantic stage catches it, union is fine. If both crash → union escape counted. That's fail-closed (counts as escape), fine.
3. Semantic stage's `run(..., json_flag=False)`: parses JSON; if no "verdict" key → pass iff rc==0. But docstring says semantic auditor "ALWAYS exits 0" — so if the JSON parse fails (crash, empty stdout), it returns pass! That's a **fail-open**: a semantic stage that crashes (or emits unparseable stdout) with exit 0 is scored as "pass", so a mutant would be counted as union-caught only if structural catches it; a crashing stage 2 cannot catch anything, which is fail-closed for mutants (it just means union escape), BUT for **controls** a crash + rc 0 is scored as "pass", so `ok` may be true for controls even though stage 2 didn't actually run. That weakens the control check (H5: if any control is rejected by either stage the corpus is format-dominated and run INVALID). A crashed stage-2 control being scored "pass" is a false control pass → fail-open.

Also `measure_heldout.py` has similar: for semantic `run(tool,p,False)`, if JSON fails → `"pass" if r.returncode==0 else "fail"`. Same fail-open.

Is that a genuine bounded finding? Yes: the acceptance/counter tooling treats a non-JSON or crashed stage-2 as "pass" because the semantic auditor is documented to always exit 0. A crash is exactly the case where you cannot conclude pass. This is a fail-open in the *control* gate (and in canonical checks: for canonical schemas, `s` would be "pass" on a crash → canonical row ok=True → no FAIL!). Wait, for canonical: `s, _ = run(SEM, p, False)` → if the semantic tool crashes with rc=0 and non-JSON stdout, `s="pass"`, so canonical `ok=True` even though stage 2 never produced a verdict. And in `run_acceptance.py`, stage 2 crashes yield rc==0 per contract. So a stage-2 crash is silently accepted as pass everywhere (except when stdout contains valid JSON with a fail verdict).

That is a real calibration/fail-open finding in the acceptance instrument. The worker-16 report's "controls must be accepted by both stages or valid=false" and H5's control validity could be void if stage 2 crashes — the report would still say valid. The count of "union_caught" is unaffected (crash can't catch), but the *controls* logic and canonical-pass logic are affected, and the report `valid` flag would be wrong.

But hold on: is the semantic auditor contract "always exits 0"? If it crashes (e.g., exception), Python exit code is 1, not 0. So rc==0 with non-JSON stdout requires the tool to print non-JSON and exit 0 — e.g., printing human-readable output when invoked without a flag? `measure_heldout.py` calls `[python, SEM, path]` (no --json); if the semantic tool prints human text and exits 0 in default mode... then `json.loads` fails, rc==0 → "pass". Let me test: run `spec_conformance_audit.py` on a canonical schema and see what it prints and its exit code. If it prints JSON always, fine. If it prints something else in default mode, the entire semantic stage's verdict parsing is wrong (everything scored pass). That would be a huge finding. Let me test carefully (read-only; the tool may write files — check).

Let me first read `spec_conformance_audit.py` header to see its output contract, then run it on a canonical schema in a temp dir under artifacts/worker-085 to be safe. Actually running it might write to canonical paths; must check. Let me read the file.
dsh: reasoning:
Important: the semantic auditor's real CLI contract:
- Usage: `spec_conformance_audit.py SCHEMA [--spec PATH] [--expect-class CLASS] [--json OUT]`
- Exit: 0 accept, 1 reject, 2 usage/input error.
- Line 648: `text = json.dumps(rep, indent=2, ...)`; line 651: `print(text if not a.json else json.dumps({...}))`.

So with no `--json` flag, it prints the full JSON report to stdout (indented) — so `json.loads(r.stdout)` works and `d.get("verdict")`... does `rep` have a "verdict" key? Let me check main(). If rep's key is e.g. "status" or "verdict" — need to verify. If the key is "verdict", parsing works. In `measure_heldout.py` and `run_acceptance.py`, the semantic stage is invoked WITHOUT `--json`, so stdout is the full JSON report, and rc is 0 accept / 1 reject.

Critical: in `run_acceptance.py`'s `run()` for non-json_flag:
```
try:
    d = json.loads(r.stdout)
    v = d.get("verdict")
    if v is None:
        return ("pass" if r.returncode == 0 else "fail"), []
    return ("pass" if str(v).lower() in ("accept","pass","ok") else "fail"), ...
except Exception:
    return ("pass" if r.returncode==0 else "fail"), []
```
If rep has no "verdict" key (e.g., "status": "accept"), then v is None → returns pass iff rc==0. That still correctly maps accept→pass (rc 0) and reject→fail (rc 1). OK.

But the fail-open is: if the tool **crashes with exit code 0** and non-JSON output (e.g., argparse usage prints to stderr and exits 2 — that's rc 2 → fail), or if it prints JSON without "verdict" and exits 0 despite an internal error... The documented contract is rc 0 = accept, so mapping rc→verdict is reasonable. Hmm, so the fail-open is weaker than I thought: `pass if rc==0` matches the tool's documented contract. A crash normally yields rc=1, which maps to fail. So not a bug.

What about `check_class_schema.py` structural stage in `run()` with json_flag=True: parses stdout JSON, takes "verdict"; on any exception returns `f"crash(exit{r.returncode})"`. For canonical: ok = (g=="pass" and s=="pass") → crash → FAIL (fail-closed). For mutants: g=="fail" is exact; crash isn't caught by structural → relies on semantic; if semantic also fails → counts escape. Fail-closed. OK.

So the acceptance counter is reasonably fail-closed. Not the finding.

Let me reconsider. Maybe check `main()` of spec_conformance_audit for the verdict key and the `--json` semantics — note that `--json` is an **output path**, not a boolean flag! Usage: `--json OUT`. In `run_acceptance.py`, structural gate is called with `--json <path>`; semantic is called without. In `measure_heldout.py`, structural `--json <path>`, semantic without. Fine.

But note `run_acceptance.py`'s `run()` docstring says "the semantic auditor prints JSON but ALWAYS exits 0" — contradicted by the auditor's docstring "Exit: 0 accept, 1 reject". So the comment is wrong, but the code handles both. Minor.

OK, so the acceptance counter is not badly broken. Let me look elsewhere.

Alternative: **`check_class_schema.py` — the structural gate.** It's invoked with `--json <path>`. Does it actually exit nonzero on reject, and does its `--json` output always parse? More importantly: is its *rule coverage* adequate (false negatives)? Worker-064 measured stage tools at rev25; worker-16/others too. Hmm.

Let me reconsider the highest-value *unclaimed* item. Maybe I should look at the *literature* side since formulation is saturated: G-LIT needs "ledger rows have resolvable locators; verification_status honest; >=3 independent re-fetch spot checks; unresolved marked unresolved". There are many L0 repair tasks in flight. But is anyone auditing the **citation_audit.csv / theorems.jsonl join consistency** — e.g., every theorem row's claims are backed by ledger rows, no orphan citations, no duplicate ids, locator resolvability? Worker-075 is doing source_meta census; worker-050/062 locator repairs. Probably covered.

What about **A0 rubric** — `evaluation_rubric.yaml`: gate says "exists without a universal scalar score". A0 reviews at 00:23 (21, 22, lead-audit-r2). The A0 gate criterion is narrow. Perhaps a calibration task: does the rubric indeed avoid a universal scalar (search for a single scalar formula), and do reviewers' verdict schema conform? Likely already reviewed.

Hmm, let me look at the *overnight plan item 2*: "Audit: dispatch two blind reviewers per final frozen hash; invalidate verdicts on any hash drift; close class leakage and protocol false positives." The fleet is doing that.

Given worker-085's identity and the instruction "Take one class-bound task, emit valid JSON with IDs evidence hash falsifier, checkpoint, then exit", maybe the most useful contribution now is a **replication/verification of one of the newly-landed verdicts at the newest freeze (rev28)** — but that's exactly what 20 workers are doing.

Wait — maybe there's a distinctive niche: **verify that the frozen rev28 manifest's `logical_artifacts` binding matches disk for the *four class schemas + F0 taxonomy***, and that the manifest itself correctly *excludes* the paths that drifted (L0 at a1674f09, CF-19). Worker-095 is doing "HOLD-BIND-INTEGRITY-03" on the freeze-hold's publication/binding. Worker-030 did FROZEN rev27 transition. Let me check FROZEN.json now (rev28?) and worker-095's exact scope to see if there's a gap: e.g., verify the manifest's *declared* hashes against disk for all entries, including `logical_artifacts` that are directories or absent; verify revision monotonicity (rev27→rev28 diffs only expected files); verify `frozen_at` vs mtimes (no file modified after freeze without a manifest revision bump — that's the CF-19 class of issue).

That is a good candidate: **freeze-integrity drift audit**: for the current FROZEN revision, measure mtimes/sha of every listed path vs manifest, and check for canonical gate-relevant paths modified *after* frozen_at that are NOT in a later revision. CF-19 was exactly this (L0 rewritten after owner exit). A systematic sweep could catch other post-freeze drifts (F1/F2a/F2b, protocol, N0, A0, taxonomy). But worker-095's "HOLD-BIND-INTEGRITY" likely covers the freeze-hold. Let me read worker-095's two tasks to know exactly.

Let me read worker-095's current claim lines.
dsh: reasoning:
Freeze-hold integrity is covered by worker-095 (well). CF-19 style drift covered.

OK. Let me now think about what is *actually* on the critical path and unclaimed, from the perspective of the *falsifier* structure. The overnight plan says priority 1: "Formulation: resolve F0 canonical taxonomy vs companion supplement; refresh F0/F1/F2a/F2b bindings and frozen manifest." Priority 2: "Audit: dispatch two blind reviewers per final frozen hash; invalidate verdicts on any hash drift; close class leakage and protocol false positives."

"close class leakage and protocol false positives" — the audit side. The protocol false positives = CF-16 CLASSSEP metalinguistic mentions (covered). Class leakage = ?

What about the **second blind reviewer requirement**: "two blind reviewers per final frozen hash". A key integrity risk: reviewers are not blind because the review files are in a shared directory and reviewers can see each other's verdicts. Worker-002/040/etc. produce verdicts. Is there an instrument to measure *blindness*? That's more process than measurement.

Alternatively, task: **A1 coverage counter replication** — recompute the controller's coverage matrix at the current measured hashes using the map+reviews, independent of `A1-rebind-coverage.json`, and check whether the controller's count logic (astra_lifecycle.review_coverage) agrees. This tests the gate counter itself. Let me read `review_coverage()` to see if there's a defect worth targeting.

Let me read astra_lifecycle.py lines 176-230.
dsh: reasoning:
Interesting details in `review_coverage`:
- `distinct_accept_reviewers` counts distinct reviewer strings among full accepts.
- `two_distinct_accepts` = ≥2 distinct reviewers.
- **It does not check that the reviewer is different from the artifact author**, nor that the review file's verdict is at the *current* hash beyond a 12-char prefix match either direction (`p.startswith(h[:12]) or h.startswith(p[:12])`) — a prefix collision or truncated hash could bind. Also note `h.startswith(p[:12])` where p could be a 16-hex prefix (fine). If p is shorter than 12, `p[:12]` = p; a 4-char pin could match many targets? wait it's per-target: if a review cites a 4-char pin "cce9" and target F1 h starts with "cce9..." → binds. Could a bogus/short pin bind a review to the wrong target? `_targets_in_review(d)` determines the target, so binding is per stated target. Hmm.

More interesting: **the count is over review files, not over distinct *reviewers* per target, for the "verdicts" list, but full_accepts distinct reviewers ≥2 is the criterion.** A single reviewer could author multiple accept files — deduped. Good.

What about the **same reviewer appearing as both author and reviewer**? E.g., a lead writes the schema and also a review file. `reviewer` field comes from the review JSON; no cross-check against the author of the artifact. That's a genuine independence hole: "2 independent verdicts" should exclude self-reviews. Does the audit lead's `A1-rebind-coverage.json` handle author-vs-reviewer? Let me check its content for F1 entries. If it doesn't, that's a gate-criterion integrity issue. But is it my job? It's instrument calibration for G-AUDIT. Could be a good bounded task: **self-review and alias census in the review corpus** — measure for each target: reviewer identity vs author identity (from map actors/claims/artifacts), duplicate reviewer aliases (deepseek-flash-17 vs flash-17 vs worker-017?), and whether any counted "independent" accept is a self-review or alias duplicate.

Hmm, that's attractive but somewhat speculative and could be seen as process-policing. Also the lead may have covered it.

Let me take a different approach: search the *reviews* index / lead audit notes for "known open" items nobody has picked. `reviews/INDEX.md` and the lead-audit blocker list B-GFORM-1 etc. Also `runtime/state/current_checkpoint.json` may list `pending_events`, `open_blockers`. Let me look at blockers in the map and the latest lead-audit outbox for outstanding asks. The instruction "Read handoff/map and comms. Take one class-bound task" suggests there may be an explicit open queue. Let me check the newest lead comms (astra-lead-audit, astra-lead-formulation) for "needs" / "open" / "request" items, and the map's `escalations`/`resource_requests`.
dsh: reasoning:
Lots of open blockers. Notably:

1. **C4 registration open**: `runtime/state/controller_verification/n0_replication_astra_run2_FIXED.json#6542db93` and `numerics/CONVERGENCE_PROTOCOL.md#1e6cdf04d7a2` not registered in artifact_hashes.json. flash-12 did the C4 registration manifest verification at 00:30. The lead-numerics blocker at 00:37 says still open. The registration is done by `audit_evidence.py` registry? Actually artifact_hashes.json is written by audit_evidence.py which registers fixed directories: schemas, ledger, numerics/tests, numerics/protocol, reviews, evaluation, runtime/state/controller_verification. So `numerics/CONVERGENCE_PROTOCOL.md` is at numerics/ root, NOT in numerics/protocol/ → not registered by design! And `n0_replication_astra_run2_FIXED.json` is in runtime/state/controller_verification/ → should be registered (since C4 fix). Let me check whether it now is. This is an open blocker on the G-NUM critical path. A bounded instrument task could verify the registry coverage rule vs the artifacts the gate depends on: "registry completeness audit" — which gate-cited evidence paths are outside the registered directories, and therefore can never satisfy PROTOCOL rule 2 via audit_evidence.py? That's a bounded, measurable, class-bound (AF-WCC-SCALAR-SPH / N0 / G-NUM) task with high value: the lead says C4 registration is open; the root cause may be structural (registry only scans 7 dirs, missing `numerics/` root, `artifacts/`, `research_map/`, `runtime/state/` root files).

Wait — but is this claimed? flash-12 took W012... "independent verification of the canonical N1 lock guard plus a byte-minimal repair". Worker-067 did G-NUM C8 binding. Let me check the current artifact_hashes.json for the C4 entries and see if something recently repaired it. The lead-numerics blocker at 00:37:22 says C4 still open. It's 00:45ish now. Let me check.

2. **claim retirement gap** in apply_events.py:315 (`m['claims'].append(...)` with no supersede handling) — this is an apply_events defect already reported by the formulation lead (so known). Could still be a task: verify the defect and propose a repair. But it's already reported by the lead, and worker-032/027/042 are in that area. Might be unowned though. The blocker at 00:36:26 is a *known* defect; someone needs to verify/fix. Since my prior instance did approval-binding verification on apply_events.py, this is adjacent and unclaimed. But "known defect" tasks are less valuable than unknown ones... though independent verification of a lead-reported defect is exactly the kind of worker task the swarm wants, and the overnight plan says "controller: apply valid events exactly once".

3. **Map bookkeeping lag**: declared artifact_sha256 for F0/F1/F2a/F2b is pre-rev27 while measured is current; gates[].unmet quote pre-rev27 hashes; 74 future-dated events. Covered by worker-036/032 (mapreg) and worker-042 (order inversion).

4. **A0 detector scope defect**: HF-14 reported at corpus level naming 8 files including archives. Literature lead raises it; worker-075 is doing source_meta census + HF-03; worker-001/006/093/073/035 on L0. The A0 detector (audit rubric check) scope defect might be unclaimed. Hmm.

5. **CONCLUSION_TYPE vocabulary collision**: class_separation.py:170,198 reads conclusion_type as asserted conclusion surface; PROTOCOL rule 1 auto-rejects conclusion_type=theorem without artifact_refs; 30 L0 rows... The literature lead says it cannot be fixed inside the literature group without weakening A1. This is an *instrument/class-separation* issue: `class_separation.py` treats `conclusion_type: theorem` in ledger rows as a claim of a theorem (when it's a classification label). The fix would be checker scoping. Who owns it? CF-4 says detector owner applies changes. An independent worker could measure the false-positive surface and propose a scoped fix — but that overlaps with the CLASSSEP adjudication fleet (021/035/036/093) which focuses on map claims, not ledger rows. Actually worker-036's claim mentions "L0 revisions a1674f094979 / 3e3d35531421 / ce42d205e761" and class_ids containers X1-X5 in the detector — maybe they covered disjunction in class_ids, not conclusion_type collision. Let me read worker-036's full claim to see.

Let me weigh effort. I need to complete in this session. The **artifact registry completeness audit** (C4 open item) seems concrete, bounded, and clearly unclaimed:

Task: W085-REGISTRY-COVERAGE-05
- Question: For every path cited as gate evidence in the map (`gates[].evidence_refs`) and every path in FROZEN.json, is the path covered by the `artifact_hashes.json` registry produced by audit_evidence.py? Which gate-cited evidence paths fall outside the seven scanned directories and therefore can never be registered (so PROTOCOL rule 2 can never be satisfied for them)? Focus on the N0/G-NUM evidence (AF-WCC-SCALAR-SPH): `numerics/CONVERGENCE_PROTOCOL.md`, `numerics/gates.py`, `runtime/state/controller_verification/*`, `artifacts/numerics/n0/*`.
- Also verify the C4 item status: is `n0_replication_astra_run2_FIXED.json#6542db93` now registered? If yes, when/why; if no, prove the structural cause.
- Deliverable: probe + report + claim + checkpoint.

But careful — the registry rule (PROTOCOL rule 2) is about *done nodes*, not all gate evidence. The C4 issue is that a review/verification artifact must be "registered" for rule 2. The fix already made audit_evidence include controller_verification dir. Why is the C4 file still unregistered? Let me check artifact_hashes.json. Note audit_evidence.py's registry only includes those 7 dirs; `numerics/CONVERGENCE_PROTOCOL.md` is at `numerics/` root → not registered. Indeed.

Hmm, but this looks like a "known open blocker" that the numerics lead is tracking; a worker verifying it independently and reporting the structural cause is useful. Yet the controller may just fix by adding dirs. Low-risk, bounded. 

Alternatively, the **claim-retirement defect** in apply_events.py:315 is a concrete code defect already reported but not verified/fixed. A bounded verification + minimal repair proposal would be high value for the controller's "apply valid events exactly once" and for claim hygiene (stale claims lingering → class leakage false positives). But my prior instance already audited apply_events approval matching; this would be a second apply_events task, which is fine and reinforces the "tooling verifier" slot.

Wait, actually let me re-read: "claim retirement gap: the superseding claim ... rephrases the offending labels and passes class_separation (old statement -> 1 hard finding; new statement -> 0), but research_map/apply_events.py:315 does m['claims'].append(...) with no supersede handling". So the map accumulates both the old claim (with a hard CLASSSEP finding) and the new one. The evidence audit's hard count stays at 10/9 because old claims are never retired. That's directly relevant to G-AUDIT and CF-16! And it's *known* but unverified/unsigned. A bounded task: reproduce the append-only behavior on frozen event stream; measure how many claims in the live map are superseded (per their own `supersedes` fields) yet still present; show the class-separation hard count that would clear if retirement were handled; propose minimal patch (mark `retired: true` / status) that doesn't break idempotence; falsifier.

Hmm, but is this too close to what worker-021/035 do (map claim adjudication)? They adjudicate that the 10 hard findings are *false positives* of the detector, and worker-035 proposed rephrasing claims[36]. The retirement gap is a different, tooling-level issue: even a correct rephrase leaves the old claim in the map. Someone must handle it. This is valuable and unclaimed. But the lead already reported it; still, "verify and repair proposal" is exactly a worker's job.

Which to pick? Both are good. Let me consider what's most defensible as "one class-bound task":
- Registry coverage: class-bound via AF-WCC-SCALAR-SPH/N0/G-NUM. Directly addresses an open lead blocker (C4). Bounded: enumerate dirs, check membership, measure which gate evidence is unregistrable, check the C4 entries. Read-only. Concrete falsifiers: if every gate-cited path is inside a scanned dir, or the C4 files are registered, finding falsified.
- Claim retirement: class-bound via AF-SCC-C2/C0 (the composite claim). Also directly relevant (CF-16/G-AUDIT).

Let me quickly check the current artifact_hashes.json for the two C4 paths to see if the registry issue is still live. Also count gate evidence paths outside scanned dirs. This reconnaissance will tell me which task has a live finding. Let me do both measurements quickly.
dsh: reasoning:
The C4 paths ARE registered now (someone repaired audit_evidence's scanned dirs, or worker-024's run rewrote registry). So C4 registry item is closed — the lead's blocker at 00:37:22 is stale. That itself is a finding: "C4 registration is now satisfied at the live revision" — but presumably the controller will see it.

Interesting: `research_map/class_separation.py#907a...` etc. are outside scanned dirs. But registry coverage isn't the rule for arbitrary evidence.

OK, this task is weaker than I thought. Let me focus on the claim-retirement gap. Let me quickly measure the live map: how many claims have `supersedes`/`superseded_by` fields, and whether old superseded claims remain. If there's a live count, that's a concrete finding with an obvious fix.

Actually wait. Before that, let me reconsider a potentially higher-value and cleaner instrument: `apply_events.py` **idempotence** for claim supersede AND the *duplicate-claim accumulation*. The lead reported the gap at 00:36. Nobody has verified it (I think). This is a bounded, reproducible code-behavior measurement on the frozen event stream + a synthetic control, with a repair proposal. It's in my established lane (apply_events.py verification), class-bound to AF-SCC-C2/C0 via the specific superseding claim about C0/C2 labels, and directly affects the evidence audit's hard count (CF-16) and gate G-AUDIT/G-FORM.

Let me inspect `apply_events.py` around line 315 and the live map's claims to confirm the gap, and check whether a newer revision already fixed it (the file changed at 00:31 per earlier listing; worker-024 referenced apply_events.py:19; the lead's blocker at 00:36:26 refers to line 315).

Let me look at the claims list in the live map: find flash02-opencase-claim-0010b-supersede-20260912T003626 and the original.

Then decide the exact task: W085-CLAIM-RETIRE-06? Something like: "independent verification of claim supersession handling in canonical research_map/apply_events.py and the live map's claim corpus; measure orphaned superseded claims, their CLASSSEP hard-finding contribution, and the effect of a minimal non-destructive retirement marker on the audit hard count; controls: idempotent re-apply, no mutation of canonical files."

Hmm — but actually, is the claim-retirement defect already being fixed by the controller? The formulation lead raised it as a blocker at 00:36:26, and apply_events.py is controller-owned. The controller pass-04 already ran at 00:37:18 (after the blocker). Let me check if apply_events.py was modified after 00:36 and whether it handles supersedes now. File mtime earlier: `research_map/apply_events.py` 00:31. Let me re-check mtime/sha now and search for "supersede" in it.
dsh: reasoning:
Interesting: the specific superseding claim `flash02-opencase-claim-0010b-supersede-20260912T003626` is NOT in the live map (the map at 3d45be59 was written at 00:37:18; the claim event may have arrived after and been ingested in a later pass, or the claim event's id differs). Let me check events.jsonl for that event and the live map's current state (research_map.json sha now 11311ab3... wait! Earlier sha256sum showed research_map.json = 11311ab3600514cd34ca7332714a4aa27b97e4fdc124f29179122e11f844974d, but ASTRA_HANDOFF says map sha at pass end 3d45be5969ec. Hmm — the file has changed since (updated at 00:37:18 → now different). Wait, earlier in my first python read (a few minutes ago) it printed "map sha: 3d45be5969ec". Then later `sha256sum research_map/research_map.json` gave 11311ab3... That means the map was updated between my calls (the controller/other agents continue). Let me re-check current mtime and sha. Live traffic continues; I must re-pin at task start.

This changes things: the map is moving. CF-16 hard count etc. change. My task should pin the map revision at freeze time (snapshot copy under artifacts/worker-085/... or record sha and re-verify at end, voiding on drift).

Let me now check the live map for the specific supersede claim and the current hard count. Also check whether apply_events.py has any supersede handling for claims: grep showed none for claims (only review requests `fr` and resource requests). So the defect stands at revision 16820bf206b7.

Let me find the claim event in events.jsonl: `flash02-opencase-claim-0010b-supersede-20260912T003626`. And the original claim. And confirm both are in the map now (after subsequent ingest).
dsh: reasoning:
Confirmed live state (map 11311ab3, updated 00:43:08):
- Claim `flash02-opencase-claim-0010b-20260912T0015` (old, contains the offending composite label, 1 hard CLASSSEP finding per worker-035).
- Claim `w035-claim36-repair-claim-20260912T0021` (a reword) and `flash02-opencase-claim-0010b-supersede-20260912T003552` (the superseding claim). All three coexist; none carries `supersedes` in the map (the lead's blocker references `...T003626`, but the ingested event is `...T003552`; the blocker was written at 00:36:26 and referenced a claim event maybe rejected/re-emitted).

Note: the new claim has field `supersedes` = None? Interesting — the *statement* says it supersedes, but the event's `supersedes` field may be absent. Let me check the raw event: the two matching event lines. The first grep line is a claim event (received 00:36:02) with... let me print the full event to see fields including `supersedes`.

Actually the three claims: the "supersede" statement is the same as the original ("Artifact-and-checker result..."), so the rephrase may be inside. Let me look at the full statements and the raw event fields. And importantly: the map's hard CLASSSEP count now. Let me run audit_evidence.py read-only... but it WRITES runtime/state/artifact_hashes.json (side effect!). I must not run it as-is (writes to canonical runtime state). I can import and call `audit()` in a probe without writing (the __main__ writes; `audit()` itself writes nothing). Prior worker-085 probes imported/exec'd with bytecode writes disabled. Good.

Let me reproduce the CLASSSEP findings on map claims at the current revision and check the count, and check whether the old claim still contributes. This is the core evidence for the task.

Actually, let me now decide the task concretely:

**W085-CLAIM-RETIRE-06 (or -04): independent, read-only verification of claim supersession/retirement handling in the controller ingest path and its effect on the class-separation hard count.**

Deliverables:
1. Freeze snapshot: map revision, apply_events.py revision, class_separation.py revision, events.jsonl prefix hash, entry hashes.
2. Measure: for the live claim corpus, which claims are *declared superseded* (by `supersedes` fields in their own events or statement text) and whether the ingest path retires/marks them. Quantify duplicate-live-claim accumulation.
3. Reproduce the append-only behavior: extract the claim branch verbatim from apply_events.py and exec it on a synthetic map with a supersede event; show old claim remains active (the defect), with controls (non-supersede claim appends; idempotence on re-apply by event id? check `applied_event_ids`).
4. Measure consequence: class_separation finding count on claims that would be retired vs. not (i.e., the hard count before/after a *hypothetical* retirement), so the G-AUDIT/CF-16 count impact is quantified. Use class_separation.findings_for_map.
5. Check `applied_event_ids` dedup: does re-ingesting the same supersede event double-append? (idempotence).
6. Falsifiers: if the claim branch already retires or marks superseded claims at the pinned revision; if the superseded claim does not contribute a CLASSSEP finding; if re-apply duplicates; if any pinned hash drifts.
7. Report + probe + claim + status complete + checkpoint.

That's a solid bounded task, ~0.6h, in my lane, and squarely useful: it verifies the lead's blocker empirically and quantifies the audit consequence, plus proposes a minimal retirement marker (not applied).

But wait — is someone else already on it? Let me search outbox for "retirement"/"supersede" tasks since 00:36.
dsh: reasoning:
No worker has taken the claim-retirement verification as a task (only lead blocker at 00:36). I'll take it.

Let me now plan the work precisely and efficiently, mindful that the fleet is moving. Steps:

1. **Pick task id**: W085-CLAIM-RETIRE-04 (my prior tasks were 01, 02, 03; so 04). Bound classes: AF-SCC-C2-VAC-GEN, AF-SCC-C0-VAC-GEN (the composite claim), plus AF-WCC-VAC-GEN as node F0 context. Gate G-FORM/G-AUDIT? The previous instance used gate G-F0/G-FORM. The claim-retirement affects the evidence audit (G-AUDIT) and the map hygiene; the superseding claim's target is the F0 taxonomy corpus (node F0). I'll set gate G-AUDIT (evidence audit hard count) with node F0 — hmm, gate must match a live gate: G-F0, G-FORM, G-LIT, G-NUM, G-AUDIT. The claim is about F0 taxonomy open-case disposition. I'd say gate G-F0 (the claim belongs to node F0) or G-AUDIT (evidence-audit counter). Prior instance used gate G-F0 for the tokenizer task and G-FORM for approval. I'll use G-AUDIT for the audit-counter consequence and node F0, class_id AF-WCC-VAC-GEN. Actually, the controller assigns gate; my event's gate is informational. I'll use "G-AUDIT" since the deliverable is about the evidence-audit hard count and ingest hygiene. Hmm, but the class binding is SCC composite. Let me use gate "G-FORM" + class_id "AF-SCC-C2-VAC-GEN"? The offending claim is about C0/C2 class-label merging in the F0 taxonomy open-case corpus. Honestly G-AUDIT is the best fit: "A1 has 2 independent verdicts..." no. The evidence audit is part of G-AUDIT's evidence base. I'll go with G-AUDIT and class_id AF-SCC-C2-VAC-GEN, class_ids [AF-SCC-C2-VAC-GEN, AF-SCC-C0-VAC-GEN, AF-WCC-VAC-GEN].

Wait — since the lead's blocker explicitly ties it to apply_events and claim hygiene, maybe "G-F0" is better because node F0 owns the taxonomy cases. Previous worker events used gate "G-F0" for the candidate-diff task on F0's classes... and "G-FORM" for apply_events approval. I'll use G-AUDIT to reflect the evidence-audit consequence. Let me not overthink; the events' gate field is metadata.

2. **Freeze**: copy the relevant pinned inputs into `artifacts/worker-085/claim_retire/snapshot/`:
   - research_map/research_map.json (3MB — copying is OK? 3MB; fine)
   - research_map/apply_events.py
   - research_map/class_separation.py
   - The two claim events extracted verbatim from events.jsonl (small JSONL).
   Actually, to keep artifacts small, I can record sha256 + copy only what's needed: apply_events.py (22KB), class_separation.py, and a claims-only snapshot (the claims array, ~? maybe 1MB). Better: snapshot the full map for reproducibility (3MB is acceptable; prior probes snapshotted map). Let me check disk/quota — plenty.

3. **Probe script** `probe_claim_retire.py`:
   - Loads class_separation.py and apply_events.py by file location (exec with `dont_write_bytecode=True`), never imports canonical modules that would write __pycache__.
   - Verifies sha256 of pinned inputs at start and end; exits 2 on drift.
   - Part A (live measurement at pinned map):
     * claims count; identify claims with `supersedes` field values pointing to other claims; resolve references by event_id/claim_id; count "declared supersedes" vs "target exists" vs "target still active".
     * For the specific claim family `flash02-opencase-claim-0010b-*`: check all variants present; compute class_separation.findings_for_text on each claim's statement; and findings_for_map total hard count at the pinned map.
     * Quantify: the hard count attributable to claims that a supersede-aware ingest would retire/mark.
     * Also check whether any claim has a retirement marker (`retired`, `superseded_by`, `status`).
   - Part B (verbatim claim-branch control):
     * Extract the `elif t == "claim":` branch verbatim from apply_events.py source bytes (lines identified by AST or regex), exec it in isolation with m/ev/now mocked (like my previous approval-binding probe), feed a synthetic map + a supersede event; measure: old claim remains, new claim appended, applied_event_ids semantics.
     * Controls: (C1) non-supersede claim appends once; (C2) same event id re-applied → detect idempotence at the ingest level (this requires the outer wrapper, not just the branch; so measure the branch and separately cite the wrapper's applied_event_ids check by extracting it too, or simply note scope). Simpler: focus the verbatim-branch test on the claim branch behavior; idempotence statement is about the wrapper (`if eid in applied_event_ids: continue`) — I can extract and test the wrapper's guard as a second verbatim block if feasible.
     * (C3) supersede field present in event but target missing → old behavior unchanged (no crash).
     * (C4) "retire-aware" reference implementation: apply a minimal patch to a *copy* of the branch that marks the target `retired=True` (+ `superseded_by`), show it clears exactly the intended claim and does not touch others; and show the class-separation hard count on the patched synthetic map drops accordingly. Not applied to canonical files.
   - Part C (consequence on live map): compute findings_for_map on the frozen live map, then on a *copy* with the declared-superseded claims marked retired — report the hard-count delta. This is an in-memory/temporary-copy measurement, not a canonical write.
   - Part D (event-stream census): from the frozen events.jsonl prefix, count claim events with a `supersedes` field, list them, and check whether any of those targets are still live in the map.

4. **Report.json** machine results + **REPORT.md** one-pager + claim event + status + checkpoint.

5. **Checkpoint**: `runtime/state/w085_checkpoint_4.json` — following prior instances' convention. Let me look at the schema of w085_checkpoint_3.json to match it.

6. **Emit events** to `comms/outbox/worker-085.jsonl` (append): task-claim status, artifact ×3, claim, complete status. Must include event_id, event_type, created_at, actor; class_id/class_ids; node_id F0; gate; evidence_refs; falsifier.

Important rules:
- Write only under artifacts/worker-085/ and runtime/state/w085_checkpoint_4.json and my own outbox file. Do NOT run audit_evidence.py (writes artifact_hashes.json) or apply_events.py (writes map). Do NOT create __pycache__ in research_map (use sys.dont_write_bytecode = True when exec'ing).
- The map may move during the run; pin and re-verify; if drift, void.
- Keep the claim's conclusion_type as `formal_model` (prior instance used that; PROTOCOL requires artifact_refs for `theorem`; we're not claiming a theorem).

Let me check the checkpoint schema from a prior worker instance and prior w085 checkpoint.
dsh: reasoning:
Disk fine. Now, the map is live and moving. I should snapshot the pinned inputs NOW to `artifacts/worker-085/claim_retire/snapshot/` and run the probe against the snapshot (freeze-first approach, like my prior approval_binding task). Wait — but for the live-map measurements I want the current revision. Approach: take an immutable snapshot of the map + apply_events.py + class_separation.py + a bounded events.jsonl prefix into the artifact dir, then all measurements use the snapshot. Record snapshot hashes. At the end, re-verify the *originals*' hashes and report drift as observation only (finding binds to snapshot).

Let me start. First create the task claim event and then do the work. I'll write the probe carefully.

Plan for the probe script `artifacts/worker-085/claim_retire/probe_claim_retire.py`:

```python
#!/usr/bin/env python3
"""W085-CLAIM-RETIRE-04: independent read-only verification of claim supersession
handling in research_map/apply_events.py and its effect on the evidence-audit
class-separation hard count. Freeze-first probe: all measurements run against
snapshots under artifacts/worker-085/claim_retire/snapshot/; canonical files are
never written. Exit 2 on pinned-hash drift."""
```

Components:
1. PINS dict: paths + sha256 of the snapshots (computed at snapshot time, embedded at runtime? Better: compute from snapshot files and compare against entry manifest written by a small snapshot step). Simplest: the probe reads snapshot files and verifies their hashes against `snapshot/manifest.json`; and the *canonical* live files are also hashed to report drift only. manifest records both `snapshot_sha256` and `canonical_sha256_at_freeze`.

2. Load class_separation from snapshot path via importlib with sys.dont_write_bytecode=True:
```python
import importlib.util, sys
sys.dont_write_bytecode = True
spec = importlib.util.spec_from_file_location("cs_snapshot", snapshot/"class_separation.py")
cs = importlib.util.module_from_spec(spec); spec.loader.exec_module(cs)
```
Does exec_module write __pycache__? With dont_write_bytecode=True, no. Good. But class_separation may import other modules (re, json, pathlib) — fine.

3. findings_for_map(snapshot_map) returns list of strings. Check class_separation's API signatures first (findings_for_map, findings_for_text, _class_tokens). Let me read class_separation.py briefly to call correctly and to know finding string formats (CLASSSEP-SOFT prefix vs hard).

4. Claim census:
   - claims = map["claims"]; each has `event_id`, `statement`, `supersedes` (maybe), `class_id`/`class_ids`.
   - Find claim events whose `supersedes` field is non-null; resolve referenced id against claim `event_id`s; and also search statements for "supersede" mentions.
   - Compute per-claim finding count: `cs.findings_for_text(statement, label)` and classify soft/hard.
   - Aggregate: total hard, hard attributable to claims that are targets of a declared supersede.

5. Verbatim branch extraction from snapshot apply_events.py:
   - Read source bytes; use `ast` to locate the `elif t == "claim":` statement inside the apply function, extract exact source segment via `ast.get_source_segment`, and exec it with a synthetic environment. The branch body:
     ```
     elif t == "claim":
         m["claims"].append({**ev, "promotion_status": "unpromoted", "received_at": now()})
     ```
     To exec an `elif` standalone, I can dedent it to `if True:`? Better: wrap with a synthetic `if False: pass\n<branch>`; the branch references `t`, `m`, `ev`, `now`. Exec with a namespace containing `t="claim"`, `m`, `ev`, `now`.
     But the siz is `elif` — extract the body (after the colon), dedent, and exec as a function body:
     ```python
     src = ast.get_source_segment(apply_src, node)  # "elif t == \"claim\":\n    m[...]"
     body = textwrap.dedent("\n".join(src.splitlines()[1:]))
     ```
     This gives the block verbatim (modulo the guard). Controls:
     - S1: claim event without supersedes → appended; len +1.
     - S2: claim event WITH supersedes field → appended; target untouched (the defect) — measure.
     - S3: re-apply the same event (same event_id) through the branch: it appends again → duplicates when the wrapper's dedup is bypassed. But the wrapper dedups by applied_event_ids before dispatch; to be fair, extract the wrapper guard too. Let me look at apply_events.py main loop to extract the guard verbatim: search for `applied_event_ids`. Let me read the relevant part of apply_events.py.
   - Also inspect whether ANY claim-branch code handles `supersedes` or `retired` (grep/AST): assert none.

6. Reference retirement patch (NOT applied):
   - Implement in the probe a `retire_aware_claim_branch` that mirrors the canonical branch plus:
     ```python
     if ev.get("supersedes"):
         for c in m["claims"]:
             if c.get("event_id") == ev["supersedes"] or c.get("claim_id") == ev["supersedes"]:
                 c["retired"] = True; c["superseded_by"] = ev["event_id"]; c["superseded_at"] = now()
     ```
     Apply to a synthetic map with the real old claim statement; show the old claim is marked retired; show class_separation hard count drops by exactly 1 when retired claims are excluded from findings_for_map (but note: findings_for_map scans all claims — excluding retired ones requires a change to class_separation too, or the map patch could set `promotion_status="retired"` and class_separation could skip...). Careful: I should measure the *counterfactual* hard-count delta by constructing a patched map copy with the old claim statement replaced/removed (simulating retirement) — cheaper and honest: "if the superseded claim were not present, hard count would be N-1". That's a bounding measurement, not a fix verification.
   - Present the minimal patch as a *proposal* (text in REPORT.md), not applied.

7. Drift: re-hash snapshot files (must be stable) and canonical files (report if drift).

8. Write `report.json` with all results, checks list, pass/fail per check, pins, timestamps.

Then REPORT.md summarizing, then events.

Also, per PROTOCOL rule 5 "Reject your own output before sending" — ensure artifacts exist and hashes match the events.

Let me first read class_separation.py's public functions and apply_events.py's main loop (applied_event_ids guard) to design precisely. Also check the raw event for the supersede claim to see its fields (`supersedes`, event_id).
dsh: reasoning:
Key detail: the supersede event uses field name **`supersedes_claim_event_id`**, not `supersedes`. The apply_events claim branch does `m["claims"].append({**ev, ...})`, so the field is preserved in the map claim. But `apply_events.py` does NOT retire the target.

Also note: the superseding claim statement is *the same text* as the original (both "Artifact-and-checker result ... 9 open=true cases ..."). Wait, the map's third claim `flash02-opencase-claim-0010b-supersede-20260912T003552` has the same statement prefix. The note says the statement was "rephrased" — let me diff the full statements of the old and new claims to see if the composite token is gone. The old had a hard finding; the new is supposed to have 0. Let me verify with the detector on both full statements from the live map.

Let me now check:
- The exact raw statements and their findings.
- `supersedes_claim_event_id` occurrences in map claims and events.
- Whether the map has any claim with `supersedes_claim_event_id`.
- The wrapper guard: `applied_event_ids`.
- Whether the claim branch copies all event fields (yes: `{**ev, ...}`).

Then write the snapshot and probe.

Also note: the lead's blocker said the specific event id ended T003626 but ingested one is T003552; there may be two events (grep -c showed 2 matching lines: one claim, one blocker). Fine.

Let me measure now (read-only) to confirm the core facts before investing in the probe.
dsh: reasoning:
Confirmed live:
- 6 claims carry supersede fields; 4 targets still live and un-retired (2 targets absent from the map entirely).
- The target `flash02-opencase-claim-0010b-20260912T0015` remains with 1 hard finding; the superseding claim has 0 findings.
- Live map hard count = 17 (up from 10 — traffic continues; the audit's count at 00:43+ is 17).

This is a solid live finding: the ingest path is append-only for claims; superseded claims remain active; the class-separation hard count includes contributions from superseded claim prose. The controller's evidence audit hard count therefore overstates the live defect count by the number of superseded-claim findings (here at least 1 for this corpus; need to check each of the 4 live targets for findings and their superseders).

Note: whether "retired" claims should be excluded from the evidence audit is a policy question (the map should arguably drop or mark them; the detector scans the map's claims). The measurable part: (a) ingest has no supersede handling; (b) 4 declared supersessions leave targets active; (c) N hard findings attributable to those superseded targets; (d) a minimal retirement marker would remove them from any consumer that excludes retired claims, with a count delta.

Now let me also check: does the *target* claim's own `supersedes_claim_event_id` exist from the event? Yes, `{**ev}` preserves it.

Also, is there a **supersede handling convention elsewhere** in the codebase for claims? grep apply_events for `supersedes_claim_event_id` → likely none. Let me check across research_map/*.py.

Then build the snapshot + probe.

Additional controls for the probe:
- Extract the verbatim claim branch and show `supersedes_claim_event_id` passes through into the appended record but no target mutation.
- Extract the wrapper dedup guard verbatim: lines around 373-390. Let me read that part to extract correctly. Actually simpler and stronger: exec the *whole* `apply_events.py` dispatch? Too heavy. Instead: test the claim branch verbatim; and separately verify the wrapper guard by reading source and citing lines (documented, not exec'd). Or extract the guard block: 
```
for ev in events:
    eid = ev.get("event_id")
    if eid in applied_ids: ... continue
```
Let me read lines 373-395.

Also, for the "second supersede event with same event id" idempotence: the wrapper handles it; my probe can simulate: apply the branch twice with the same event id but the wrapper's `applied_ids` set → shows one append. That's a control on the wrapper semantics; I'll implement a faithful mini-replica? No — better to extract the guard verbatim too. Let me read it.
dsh: reasoning:
Confirmed: no `supersedes_claim_event_id` handling anywhere in `research_map/*.py`.

Now let me create the task directory, snapshot files, and write the probe. Time to execute.

Snapshot contents under `artifacts/worker-085/claim_retire/snapshot/`:
- `research_map.json` (3.0MB)
- `apply_events.py`
- `class_separation.py`
- `events_prefix.jsonl` — I'd rather snapshot the whole events.jsonl (4.7MB+ now maybe) — do I need it? For the claim-event census (which claim events carry supersede fields), yes. But I can extract just the claim events into a small JSONL to keep it manageable, plus record the events.jsonl full hash + size at freeze. The probe then reads `snapshot/claim_events.jsonl` (all claim events extracted verbatim from events.jsonl at freeze) and the manifest records the source hash. That's cleaner.
- `manifest.json` with canonical paths + hashes at freeze + snapshot hashes.

Probe `probe_claim_retire.py`:

Sections/checks (aim ~16-20 checks):
A. Pins & freeze
 1. snapshot manifest hashes match snapshot bytes.
 2. snapshot map parses; claims count recorded; canonical originals' hashes reported (drift observation, not failure).
 3. `apply_events.py` claim branch verbatim extraction succeeded (assert text == expected one-liner shape) and contains no supersede token.
B. Live-map census at snapshot
 4. Count claims with `supersedes_claim_event_id`/`supersedes`; resolve targets; count live-unretired targets.
 5. For each superseded-but-live target: findings count (hard) via verbatim class_separation from snapshot.
 6. Total map hard/soft count at snapshot.
 7. Hard count attributable to superseded-live targets (list).
 8. Policy counterfactual: hard count when superseded-live target statements are excluded (in-memory copy) → delta.
C. Verbatim branch controls
 9. S1 non-supersede claim appends once, fields preserved.
 10. S2 supersede event appends the successor AND leaves the target unmutated (no retired/superseded_by/status change) → defect reproduced.
 11. S3 the appended successor record carries `supersedes_claim_event_id` unharmed (so info is present but unused).
 12. S4 wrapper guard (extracted verbatim) skips a replayed event_id → idempotent at ingest level; conversely the branch alone double-appends (scope note).
 13. S5 target missing (dangling supersede id) → no crash, no mutation.
D. Reference retirement behavior (proposal only, on synthetic maps)
 14. A 5-line retirement patch (proposal) applied to the *mock* branch marks exactly the named target retired, leaves all other claims byte-identical, and is idempotent on replay.
 15. A consumer-side counterfactual: with retired claims excluded, the synthetic map hard count drops by exactly the target's finding count.
 16. Control: an event without the supersede field is untouched by the proposal.
E. Exit: drift check of snapshot files at end; report written.

The probe writes `report.json` only.

Then I'll write REPORT.md with results, proposed patch text, falsifiers, non-claims, reproduction command.

Then events + checkpoint.

Design details for verbatim extraction:
- `apply_one` function: find the `If` node whose test is `Compare(left=Name('t'), ops=[Eq], comparators=[Constant('claim')])`. Get source segment. The segment starts with `if t == "claim":\n    m["claims"].append(...)`. Let me confirm the AST structure: the code is `elif t == "claim":`. The AST node is an `If` inside the `orelse` of the previous `If`. `ast.get_source_segment` on it returns `if t == "claim":\n        m["claims"].append(...)`. Wait — in the source it's `elif`, but get_source_segment reconstructs from the node's position: the node's col_offset points at `if` in `elif`? Actually for `elif`, the AST If node's lineno/col_offset point to the `elif` keyword start? In CPython, the nested If node for `elif` has col_offset pointing at the start of `elif`... Hmm, historically `elif` produces an If node whose location spans `elif ...`? Let me check: `ast.get_source_segment` for an elif node returns "elif t == ..." or "if t == ..."? I recall the If node's col_offset points to the `elif` token, so the segment starts with "elif". To be robust, I'll extract by line ranges using the node's lineno/end_lineno and strip a leading `elif`/`if` keyword, then verify the extracted exec'd block has the expected behavior (S1 check validates extraction indirectly).

Simplest robust approach: extract the *body* of the claim branch (the append statement) rather than the whole If. Use the AST: find the `If` with the claim test, take its `body` (list of stmts), `get_source_segment` for each, dedent, and exec. This is verbatim code (the actual statement). The guard (`t == "claim"`) is then implicit (we only invoke it for claim events). I'll record both the extracted text and the source line range.

For the wrapper guard (check 12), extract the `for ev in events:` loop body? That includes `apply_one` call. Simpler: extract the `If` statement `if ev["event_id"] in applied_ids: ... continue` via AST and exec it in a loop replica:
```
applied_ids = set()
applied=[]
for ev in events:
    <guard verbatim: if ev["event_id"] in applied_ids: skipped.append(...); continue>
    <claim branch verbatim>
    applied_ids.add(ev["event_id"])
```
That's a faithful mini-replica combining two verbatim blocks. 

For class_separation snapshot loading: `spec_from_file_location("cs_085_snap", path)`; module-level code in class_separation imports `re` etc. Fine. Note it uses ROOT relative? Let me check the top of class_separation.py to ensure exec_module doesn't write files or depend on cwd. Also `findings_for_map` may reference the taxonomy file? Let me check lines 150-220 quickly to ensure snapshot loading is safe. It probably only uses the dict. Let me read the file quickly (it's ~230 lines).
dsh: reasoning:
Good. `findings_for_map` scans claims in prose mode. Note it does NOT skip `retired` claims (but that's future work).

Now let me build everything. I'll write a small snapshot script first (or do it with bash cp + a python manifest writer), then write the probe.

Careful about file policy: workspace-write allows writing under /data3/guoshaoyang. Good.

Step 1: mkdir + snapshot.

Let me do it now. I'll capture:
- cp research_map/research_map.json snapshot/research_map.json
- cp research_map/apply_events.py snapshot/apply_events.py
- cp research_map/class_separation.py snapshot/class_separation.py
- python: extract claim events from research_map/events.jsonl into snapshot/claim_events.jsonl, and write snapshot/manifest.json with canonical sha256 + snapshot sha256 + sizes + frozen_at + counts.
- Also record events.jsonl full sha/size in manifest.

Then write the probe with the `write` tool.

Then run the probe. Then write report/REPORT.md.

Let me first emit the task-claim event to outbox so the claim is registered early (as prior instances did). I need a timestamp. Use `date +%Y-%m-%dT%H:%M:%S+08:00`. Let me capture time and pins in one go, then append the event with python (safe JSON).

Task id: W085-CLAIM-RETIRE-04.

Event ids:
- w085-cr04-<ts>-task-claim
- w085-cr04-<ts>-artifact-probe
- w085-cr04-<ts>-artifact-report
- w085-cr04-<ts>-artifact-readme
- w085-cr04-<ts>-claim-supersede-gap
- w085-cr04-<ts>-complete

Let me write the snapshot + claim event now. I'll use a python heredoc to append to the outbox and write manifest atomically.

Actually, ordering: snapshot must happen as close as possible to the claim event; do snapshot first, then emit claim event citing the manifest.

Let me execute step 1.
dsh: reasoning:
Snapshot frozen at map 11311ab3, apply_events 16820bf2, class_separation c266dbce, events prefix sha 1f0d84ef.

Now emit the task-claim event to my outbox immediately. I'll write a small helper to append JSON lines.

Then write the probe.

Let me now emit the claim event (ts 2026-09-12T00:47:xx). Use the frozen_at time + a few seconds. I'll get current time.
dsh: reasoning:
Now write the probe. This is the core deliverable. Let me design it carefully and completely.

```python
#!/usr/bin/env python3
"""W085-CLAIM-RETIRE-04 ..."""
from __future__ import annotations
import ast, copy, hashlib, importlib.util, json, re, sys, textwrap
from pathlib import Path
sys.dont_write_bytecode = True

HERE = Path(__file__).resolve().parent
SNAP = HERE / "snapshot"
ROOT = HERE.parents[2]   # artifacts/worker-085/claim_retire -> repo root: parents[0]=claim_retire, [1]=worker-085, [2]=artifacts, [3]=repo root
```
Careful: probe path = repo/artifacts/worker-085/claim_retire/probe.py. HERE=.../claim_retire. HERE.parents[0]=worker-085, [1]=artifacts, [2]=repo root. So ROOT = HERE.parents[2].

Functions:
- sha256(path)
- load_module(path, name)
- extract_claim_branch(src_text): parse AST, find apply_one FunctionDef, find If with test `t == "claim"`, return (source_segment_of_body_statements, lineno range). Body statements: get_source_segment for each, dedent.
- extract_dedup_guard(src_text): find the `for ev in events:` For node inside main, find its first If child; get segment.
- Verify extraction: the claim branch text must contain `m["claims"].append(` and the guard must contain `applied_ids`.

Checks list with ids, each {"id","desc","ok","detail"}.

Section A: pins
- A1: manifest parses; each snapshot file hash matches manifest.
- A2: snapshot map updated_at/claims count recorded; canonical live map/apply_events hashes vs freeze recorded (drift_info; not a failure unless drift of snapshot).
- A3: class_separation module loads from snapshot; KNOWN_CLASSES == 4 frozen ids (control).
- A4: verbatim claim branch extracted; contains no supersede/retire tokens (proves absence of handling).
- A5: verbatim dedup guard extracted; contains applied_ids.

Section B: live census at snapshot
- B1: claims count, count with supersede fields (supersedes_claim_event_id or supersedes).
- B2: targets resolution: for each supersede claim, target exists in map? retired? Already measured: 6 supersede claims, 4 live targets, 2 dangling.
- B3: per live-unretired target findings (findings_for_text prose) — count hard.
- B4: total map findings hard/soft at snapshot.
- B5: hard findings attributable to live-unretired supersede targets; list.
- B6: counterfactual: remove those target claims from an in-memory copy -> hard count delta. (Note: findings_for_map includes claims by index; removal is fine.)
- B7: claim-event census from snapshot/claim_events.jsonl: claim events with supersede field; supersede events whose target event id appears in the map claims; supersede events applied AFTER target (ordering) — maybe simpler: report counts and list.

Section C: verbatim branch controls (synthetic)
- C1: without supersede field -> appends once; len+1; record equals event + promotion_status/received_at.
- C2: with `supersedes_claim_event_id` -> appends successor; target record byte-identical before/after (no retirement) -> defect reproduced. Also verify successor carries the field.
- C3: dangling target -> no crash, no mutation.
- C4: mini-replica with verbatim guard: replay same event id twice -> exactly 1 append; guard works (ingest-level idempotence intact).
- C5: branch alone (no guard) double-append -> scope note (the dedup is at ingest level, not branch level). This distinguishes the finding: idempotence is fine; supersession is absent.

Section D: reference retirement behavior (proposal, synthetic only)
- D1: `retire_aware` function (proposal) marks exactly the named target retired=True+superseded_by+superseded_at; other claims unchanged (deep compare).
- D2: idempotent: applying successor event twice does not change target beyond first application; retired target gets no duplicate markers.
- D3: consumer counterfactual: a `findings_for_map` variant excluding retired claims returns hard count minus target's findings (measure on synthetic map with the real target statement from the snapshot).
- D4: negative control: supersede-free event leaves all claims untouched under the proposal.
- D5: proposal text hash recorded (patch not applied; canonical apply_events hash unchanged at end).

Section E: drift + write report
- E1: snapshot file hashes unchanged at end (re-hash).
- E2: canonical live map/apply_events drift relative to freeze recorded (informational; report `canonical_drift`).
- E3: report.json written.

Result JSON structure:
```
{
 "task_id", "actor", "generated_at", "verdict", "checks": [...], "n_checks", "n_pass",
 "pins": {...}, "live_census": {...}, "branch": {...}, "controls": {...},
 "proposal": {"name", "description", "patch_text", "applied": false},
 "falsifiers": [...], "non_claims": [...], "drift": {...}
}
```
Write report.json. Exit 0 if all checks pass; 2 if snapshot drift at start; 3 if any check failed.

Let me now write the actual file. I need to be careful with the exec of the extracted branch: it references `m`, `ev`, `now`. Use namespace dict and exec(compile(text, "<verbatim apply_events.py:315>", "exec"), ns). `now` = lambda: ts. Use `m` as dict with "claims": [].

For deep compare of target record before/after: json.dumps(target, sort_keys=True).

For the mini-replica with guard: ns has `applied_ids`, `skipped`, `applied`, `m`, `now`. Replicate:
```
def ingest(events, m, applied_ids=None):
    applied_ids = set(applied_ids or [])
    skipped, applied = [], []
    for ev in events:
        <guard verbatim>
        <branch verbatim>
        applied_ids.add(ev["event_id"])
    return applied_ids, applied, skipped
```
The guard verbatim uses `continue`, so it must be inside the loop — good. The branch verbatim is the body statements (`m["claims"].append(...)`). Indentation: dedented to 4 spaces inside for loop? `exec` of source with `continue` at top level of the loop requires the text be indented at least 1 space relative to nothing? Inside a function, the code is at indentation 8; if I embed the guard text into a function body string, I control indentation. Simplest: build the mini-replica as a source string with the verbatim blocks dedented to 4 spaces and exec the whole function definition:

```python
replica_src = "def _replica(events, m, now, applied_ids=None):\n    applied_ids=set(applied_ids or [])\n    skipped=[]; applied=[]\n    for ev in events:\n" + textwrap.indent(guard, "        ") + "\n" ...
```
But `continue` after guard — the guard text itself is:
```
if ev["event_id"] in applied_ids:
    skipped.append(ev["event_id"])
    continue
```
When embedded with 8-space indent, works. The branch text is dedented already; indent to 8. Then `applied_ids.add(ev["event_id"])` at 8. Good.

Actually simpler: build the replica source by extracting source lines *verbatim with original indentation* and dedenting a block that includes the for loop. But the for loop contains other branches (elif chains) we don't want. Building the synthetic function is fine — the guard and the branch are verbatim (dedented and re-indented); I'll record their exact text and hashes in the report.

For the extraction of the branch body: `ast.get_source_segment(src, stmt)` for each stmt in the If.body. Then textwrap.dedent of the joined lines. Original is indented 12 spaces (inside elif inside for...). get_source_segment returns lines with original leading whitespace? It returns the segment starting at the node's col_offset, so the first line has no leading spaces but continuation lines do. textwrap.dedent then removes common leading whitespace of continuation lines. Safer: use line-based extraction from src lines using node.lineno-1 .. end_lineno, then textwrap.dedent. The first line would be `        m["claims"].append(...)` (full indentation) → dedent removes 8. Let me use line-based extraction for both.

Branch = lines[node.lineno-1 : node.end_lineno], dedent → `m["claims"].append({**ev, "promotion_status": "unpromoted",\n                        "received_at": now()})`. Good.

Guard = lines[if_node.lineno-1 : if_node.end_lineno], dedent.

AST search for the If in apply_one: find FunctionDef named apply_one; walk its body recursively for If nodes with test compare. The claim If is at top level of the function (elif chain). Find via ast.walk and pick test matching `t == 'claim'`. Also guard: For node in main with target Name 'ev' and iter Call(func=Attribute 'load_events'? Actually `events = comms.load_events()` then `for ev in events:`). Find For node whose first stmt is an If with `ev["event_id"] in applied_ids` test. I'll search all If nodes in main for a Compare/In containing Subscript `ev` `"event_id"` and Name `applied_ids`.

Now the consumer-side counterfactual (D3): define `findings_for_map_excluding(m, cs, pred)` copying cs.findings_for_map but skipping claims where pred true. But I must be careful not to reimplement the detector; the point is to show the *delta*. I can do it more simply and defensibly: build a patched map copy where the retired target claims are removed, call the snapshot `cs.findings_for_map(patched)` (verbatim detector), and report the difference. That's the "if the superseded claim were not present" counterfactual, using the verbatim detector. Same for B6. Good — no reimplementation.

For D3 specifically (proposal consumer effect), remove retired-marked claims from the copy and call findings_for_map → same delta. Fine.

Live census details: For each supersede claim, fields `supersedes_claim_event_id` (primary) and `supersedes`. Resolve target by `event_id`. Count:
- total claims
- n_supersede_claims
- n_targets_in_map
- n_targets_retired (any of retired/superseded_by/status=='superseded')
- n_dangling
- attributions: list of {"target_event_id","successor_event_id","findings":[...]}

Also findings from `findings_for_text` (prose) matches the map's claim scan semantics exactly (findings_for_map uses findings(c, mode="prose") which scans DECLARATION_KEYS incl statement/note/assumptions? assumptions is not in DECLARATION_KEYS... let me not over-engineer: I'll use `cs.findings(claim, f"claims[{i}]", mode="prose")` for each claim to get exactly the map-scan findings per claim. That's the verbatim per-claim function. Then total hard = sum over claims + nodes + groups + portfolio events. Actually simplest: use findings_for_map for the total, and use findings(claim,...) per claim for attribution. Both from the snapshot module.

Check per-claim: `cs.findings(c, where, mode="prose")`.

Now the event-stream census (B7): claim events in snapshot/claim_events.jsonl with `supersedes_claim_event_id`; count; and check whether the supersede event appears in map claims (by event_id) — "applied". Also count applied_event_ids membership from the snapshot map. Include a couple of sample ids.

One more valuable check: **ordering** — does the target claim precede the successor in `m["claims"]` (append order)? Supersession semantics would require the successor to come after; report counts where successor precedes target (would matter for a last-write-wins retirement). Since claims are appended in ingest order, successor should be after. Quick check.

Also measure: the *lead-reported* claim id `flash02-opencase-claim-0010b-supersede-20260912T003626` — is it in the event stream / applied ids? The ingested one is T003552. Report as an observation: the blocker's cited id predates the actual applied event id (a separate id, not applied). Let me include a check: search claim_events for T003626 → likely absent; search applied_event_ids → absent. This is relevant to avoid a false "gap" attribution. Include in report as census detail, not a failure.

Let me write the file now. It'll be ~350 lines. Then run it.
dsh: reasoning:
Wait, there's a bug in D2: after replay, I expect 2 successors with event_id "t-new" (one from each application) — that's consistent with the canonical branch behavior (append-only). The check asserts len==4 and count of t-new == 2 and marker stable. That's what the proposal does (it only marks, doesn't dedup successors). Fine, but the description says "no duplicate successor" which contradicts — let me fix the description: the proposal is idempotent *on the target marker*; it does not dedup the successor (guard handles that upstream). Let me adjust the check text.

Also D1: I compare `json.dumps(m6["claims"][1], sort_keys=True) == other_before` — but claims[1] is "other" and after the retirement append, indices: [target, other, successor]. Yes claims[1] still other. Good.

Also in D3 I create `synth_retired` unused — remove? Harmless but sloppy. Let me clean.

Also C4: `replica(evs, mr, ...)` — the replica signature is (events, m, now, applied_ids=None) so positional works.

One concern: `find_dedup_guard` searches for an If whose test dump contains "applied_ids" and "event_id" — in main there's `if ev["event_id"] in applied_ids:` → yes. But there might be other If nodes earlier with those strings (e.g., `if "applied_event_ids" ...`?). `ast.walk(fn)` order is breadth-first; the first match should be the guard. Let me verify by running.

Another concern: `find_claim_branch` – `apply_one` function's If with test `t == "claim"`. In ast.walk order, other Ifs inside apply_one have tests like `if eid in seen` etc. The filter is precise.

Another: `source_block(src, node.body[0])` — body[0] is the append statement; `node.body[0]` for an elif If node has lineno of the statement inside. Good.

Also, `ast.get_source_segment` not used; line-based extraction fine.

Also check `cs.findings(claim, ..., mode="prose")` signature: findings(obj, where, mode="declaration"). Good.

`cs.findings_for_map(synth)` requires groups/portfolio_events keys — provided.

Now the `PROPOSAL_PATCH_TEXT` has a weird first line with `@@ elif t == "claim":` followed by ` elif t == "claim":`; it's cosmetic. Fine but let me clean it a bit.

Potential issue: in C2, `before == after` compares the target dict; branch appends successor. Good.

Potential issue: B6 check requires every supersede claim event to be applied. There were 6 superseders in the map; the stream has 239 claim events; some supersede claim events might not be applied yet (arrived after the last ingest). Let me not require all — make it informational: check ok if `n_supersede_events > 0` and `n_applied >= 1`, and report equality as a detail. Actually if some are unapplied, that's fine (traffic). Let me relax to `len(ev_sup_applied) >= 1`. But the check text says "(mostly) are applied". Let me change to `len(ev_sup) > 0 and len(ev_sup_applied) >= 1` with detail.

Also, the lead cited T003626: my check looks for claim events with that id in the stream. If it's absent (likely), `lead_cited_T003626_in_stream` False — informational only.

Let me fix these issues with edits, plus D2 wording, plus remove the unused `synth_retired`.

Also: in B5, `stripped_hard` — removing target claims from the map; but note `findings_for_map` includes group directions, nodes, portfolio events; removing claims only affects claim findings. delta equals the targets' findings. Good.

One more: B2's detail prints all superseders — fine.

Let me apply edits.
dsh: reasoning:
Now the D2 semantics: my retire_aware implementation marks target retired only if... it doesn't check `not c.get("retired")` — the PROPOSAL_PATCH_TEXT does include `and not _c.get("retired")`, but the Python function `retire_aware` unconditionally sets `superseded_at = now()` on replay, which would update it to t6b-now → D2 check fails. I need the function to match the proposed patch: only set if not already retired. Let me fix `retire_aware`:

```python
def _apply(m, ev, now):
    _sup = ...? 
```
It takes target_id; implement:
```python
if c.get("event_id") == target_id and not c.get("retired"):
    c["retired"]=True; c["superseded_by"]=...; c["superseded_at"]=now()
```
Good.

Also remove unused `synth_retired`. Let me edit.
dsh: reasoning:
23/23 pass. Let me read the report.json key numbers to cite in the claim and REPORT.md.
dsh: reasoning:
Excellent. Note: "lines 315-369" for the claim branch — because `node.body[0]` is the append statement but end_lineno extends to 369? That seems odd: the append statement spans lines 315-316, but end_lineno 369 suggests the If node chosen isn't the one I think. Wait — `find_claim_branch` returns `source_block(src, node.body[0])`, but it printed lines 315-369 and the text is just the two-line append. Hmm, `node.body[0]` for the elif If is the append; its end_lineno should be 316. Unless there's another `t == "claim"` If node: in `reconcile_structure` maybe? Let me check. The text printed is exactly the append (2 lines), so node.body[0].lineno=315, end_lineno=316... but I stored `f"{b_lo}-{b_hi}"` where b_lo,b_hi are the **If node's** lineno/end_lineno (315-369), not the body's. Right: b_lo/b_hi come from the If node (the elif chain's If node spans from line 315 to the end of the entire elif chain at 369? Actually the If node for `elif t == "claim"` includes its orelse chain (subsequent elifs), so end_lineno=369. The text extracted is from node.body[0] (line 315-316). Slight label inaccuracy: I report the If node's span but the text is the body statement. Let me fix to report the body statement's actual lines to avoid confusion. Also the sha of the text is fine.

Let me fix: return `source_block(src, node.body[0]), node.body[0].lineno, node.body[0].end_lineno`. Same for guard (guard's If has only if+2 stmts, no orelse; its span is probably exact; but let me consistently use the returned node's lines). For find_dedup_guard I use the If node itself as text; its end_lineno is correct. OK.

Also the events.jsonl drift is True — expected: the live event stream keeps growing (append-only). The map did not drift during the ~2 min run (good). I should note events.jsonl is append-only, so its drift is growth, not mutation. I can check prefix property: the snapshot's events bytes are a prefix of the live file. Let me add that as an explicit check to distinguish growth from rewrite — valuable (and matches my prior instance's approach: "the frozen snapshot is a prefix of the live stream (checked)").

Let me add check E3: snapshot events.jsonl bytes are a byte-prefix of live events.jsonl (append-only confirmed) — if drift is False, prefix is trivially true. Add to report.

Also, the `report.json` includes `proposal.patch_text`. Fine.

Let me make these two small edits and re-run. Re-running is fine; the snapshot is stable and canonical files unchanged (apply_events/map/class_sep). events will have grown (prefix check still passes). Note re-running overwrites report.json.

Edit 1: find_claim_branch return body lines.
Edit 2: add E3 prefix check.
dsh: reasoning:
Wait: I copied the full events.jsonl into the snapshot? No! The snapshot has `claim_events.jsonl` and `research_map.json`, `apply_events.py`, `class_separation.py` — I did NOT copy events.jsonl (only extracted claim events). So `(SNAP/"events.jsonl")` doesn't exist and snap_events=b"" → prefix_ok=True vacuously. That's wrong/weak. Better: add a `events_prefix.bin`? Copying the full 5.5MB events.jsonl into the snapshot is acceptable (5.5MB), but I deliberately avoided it. Alternative: record in the manifest the *full* events.jsonl sha/size at freeze (done: canonical_at_freeze). The prefix check needs bytes. I could create the snapshot copy now — but then manifest/snapshot hashes change and A1 would fail unless I update the manifest, which changes the freeze (events keep growing, but copying the *current* live file would be a later revision than the freeze → census mismatch: my claim_events were extracted at freeze; if I snapshot events now, there'd be slight inconsistency but prefix property still holds for the earlier revision... no, the manifest records events at freeze sha).

Simplest: drop E3 and instead note the append-only property via the claim_events subset? Not rigorous. Or: keep E3 but base it on checking that `live_now["events"]["bytes"] >= frozen bytes` and that the first N bytes... we don't have the bytes.

Option: Re-freeze properly now — copy events.jsonl into snapshot, update manifest (snapshot entries + claim_events re-extract). But that changes the frozen revisions (map may have moved too). Actually the map hasn't drifted. Events have grown. Since my claim-event census used the freeze-time events (T0), re-extracting at T1 adds events — the census numbers would change, and my already-run probe results (B6: 239 claim events) would change. That's fine if I re-run everything with the new snapshot; but then the freeze time shifts, and I'd want to re-emit nothing (claim already cites manifest path, not hashes — good). Simpler: keep the current snapshot as-is (events not copied) and make E3 an *informational* check that the live events file grew and its **tail contains no rewrite evidence**? Can't prove prefix without bytes.

Cleanest: I already recorded the events full sha at freeze. The probe's E2 reports events drift=True (growth). I can additionally verify that the *claim events extracted at freeze* are still a subset of the live stream by re-extracting claim events from the live file and checking that every frozen claim event (by event_id + byte-canonical json) is still present — that proves append-only for the claim channel, which is the relevant channel. That's rigorous and cheap (json parse of 5.5MB). Even better: check that the frozen `claim_events.jsonl` lines all appear in the live claim event set by event_id and that statements are unchanged.

Let me replace E3 with:
```
frozen_claim_ids = {e["event_id"]: json.dumps(e, sort_keys=True) for e in claim_events}
live_claim = extract claim events from live events.jsonl (read-only)
missing = ids not in live; changed = ids whose canonical json differs
check E3 ok = not missing and not changed
```
This proves the frozen claim-event snapshot remains a consistent subset of the live stream (append-only for claims; no rewrite of claim events). It's a meaningful stability check. Reading the live 5.5MB file is fine.

Let me implement. Also note the live events file grows; extraction takes a second.
dsh: reasoning:
24/24 checks pass. Branch lines 316-317 (the append statement; earlier I labeled 315-369 incorrectly, now fixed).

Now write REPORT.md (one-page) and then emit the events (artifact ×3, claim, complete), then the checkpoint.

REPORT.md content:
- Task, question, verdict.
- Pins (hashes).
- Method (freeze-first, verbatim blocks).
- Results table: live census (207 claims, 6 superseders, 4 live targets, 2 dangling, 1 with hard finding, map hard 17 → 16 counterfactual).
- Defect: claim branch verbatim lines 316-317; no supersede handling; append-only; ingest guard dedups by event_id, so idempotence is intact; supersession is simply absent.
- Consequence: the evidence audit's hard count includes findings from claims their own successors declare superseded; at the frozen map, one of 17 (CF-16 family). Note live counts move.
- Proposal patch (not applied) + consumer-side note (class_separation would also need to skip retired, or the map could mark promotion_status=retired; the audit count then reflects active claims only).
- Controls.
- Falsifiers (copy from report).
- Scope/non-claims.
- Reproduction command.

Then events. Let me write REPORT.md.
dsh: reasoning:
Wait — I wrote `artifacts/worker-085/claim_retire/snapshot/manifest.json` sha256 as `946a2d...` without measuring. Let me check the actual hash and fix. Also verify probe/report hashes for the events.

Let me compute the three artifact hashes: probe_claim_retire.py, report.json, REPORT.md, and manifest.json.
dsh: reasoning:
The manifest hash is `084654eb2ed3...`, not `946a2d...`. Fix REPORT.md line. Let me edit.
dsh: reasoning:
Now compute final hashes of the three deliverables (REPORT.md changed), then emit the events: artifact-probe, artifact-report, artifact-readme, claim, complete. Also check that the probe/report hashes recorded in the checkpoint/events match on-disk.

Let me get the final hashes and the current time, then append all events in one python call. The claim event content:

- statement: measured property of the tooling at pinned revisions:
  (i) the claim branch in apply_events.py 16820bf206b7 (lines 316-317) appends `{**ev, promotion_status, received_at}` and contains no supersede/retire handling (verbatim block hash 2c992bf162cc); 
  (ii) at frozen map 11311ab36005 (updated_at 00:43:08, 207 claims): 6 supersede-carrying claims, 4 live un-retired targets, 2 dangling; exactly 1 live target (flash02-opencase-claim-0010b-20260912T0015, 1 hard CLASSSEP finding) contributes to the 17 hard / 0 soft map count; baseline counterfactual removal → 16 hard (delta 1);
  (iii) all 6 supersede claim events in the 239-claim frozen stream are applied; the blocker's cited id ...T003626 is not in the stream (applied id ...T003552);
  (iv) ingest-level idempotence is intact: the verbatim guard skips a replayed event_id (1 apply / 1 skip), so the defect is missing supersession semantics, not double-apply;
  (v) the reference retirement marker (proposal only, synthetic maps) flags exactly the named target, is replay-stable, and its consumer counterfactual lowers the hard count by exactly 1.
  Controls: C1-C5, D1-D5; canonical apply_events/class_separation/map unchanged during the run; events.jsonl append-only for claim events (E3: 239 frozen claim events all present, 0 changed).
  Instrument/tooling calibration evidence; not a mathematics/physics claim, not a node completion, not a gate verdict.

- assumptions
- falsifier (list)
- evidence_refs + artifact_refs
- conclusion_type: formal_model (not theorem)

Events with the class_id/class_ids, gate G-AUDIT, node F0, task_id.

The prior instance used `"created_at": "..."` ISO with +08:00 and event ids like `w085-cr04-...`. Let me use one timestamp for all events to keep them grouped (prior instance used identical ts for the batch). I'll use the current time.

Let me now append.
dsh: reasoning:
Note the readme hash changed after my edit (f3822630...), which is what got emitted — good, the emitted hashes were computed after the edit. Let me verify: the event readme hash f3822630... matches current REPORT.md? Earlier sha was cc2d2220 before the manifest-hash edit; after edit it should be f3822630. Let me verify on disk. Also validate my outbox lines are valid JSON and that hashes match.

Then write the checkpoint `runtime/state/w085_checkpoint_4.json` in the prior schema style, then final verification.

Also PROTOCOL rule: "A node is done only when its declared artifact exists on disk, carries a sha256 in runtime/state/artifact_hashes.json..." — that's for done nodes; I'm not claiming done. My artifacts are registered in the registry only if under scanned dirs; artifacts/worker-085/... is not scanned. Prior instance's checkpoint recorded artifact hashes in runtime/state/w085_checkpoint_3.json (custom). I'll do the same.

Let me now validate the emitted JSONL + hashes, then write the checkpoint.
dsh: reasoning:
Two issues in my verification script: it iterates keys and treats `sha256` as a path. And the probe sha mismatches: emitted `5b1a21bb...` vs current disk? Let me check: I computed h at the time of emission; had the probe changed after? I edited the probe (E3 change) and then ran it — the last edit was before the final run. Hmm, the emitted probe hash 5b1a21bb was computed in the emission script. Let me directly compare current probe hash to the emitted value. The verification script's "match: False" is comparing current hash to d['sha256'] for path probe... wait it printed `path artifacts/.../probe_claim_retire.py match: False` — that means `sha256(file) != d['sha256']`? No — look at the loop: for k in ('path','sha256'): if d.get(k): cur=sha256(Path(d[k])). For k='path', it computes sha256 of the probe file and compares to d['path'] (a string!) → always False. My verification script is buggy, not the event. The k='sha256' iteration crashed because it tried to open the hash string as a path (in the last loop iteration it crashed before printing).

Let me redo verification properly.
dsh: reasoning:
All artifact hashes match. Now write the checkpoint `runtime/state/w085_checkpoint_4.json` in the style of my prior instance, including:
- task_id, checkpoint_at, actor, class ids, gate
- pins (canonical at freeze + snapshot hashes)
- artifacts with sha256
- events_emitted list
- finding_kinds / result summary
- falsifiers
- authority_note
- canonical_drift_at_end

Then final: re-run nothing; ensure checkpoint references correct hashes. Then verify checkpoint JSON valid and finish with a final summary. Also maybe check `research_map/checkpoint.py` exists for the "checkpoint" requirement — prior instances wrote custom w085_checkpoint_N.json, and the global checkpoint log is controller-driven. The instruction says "checkpoint, then exit". My prior instance's checkpoint files were custom named. I'll follow that convention (runtime/state/w085_checkpoint_4.json) and additionally I could append to my outbox complete event citing it (already done).

Let me write the checkpoint.
dsh: reasoning:
Checkpoint written. Now final verification pass:
1. All artifacts exist and hashes match events (done).
2. Snapshot unchanged.
3. Canonical files: verify I didn't modify map/apply_events/class_separation (compare with freeze; events grown only). The probe's E2 confirms.
4. Outbox JSON valid (23 lines).
5. The report's claims about map hard count = 17 — the map is live and may have changed by now (controller ingest). But the finding binds to the frozen snapshot; the report's A2/E2 record drift. Good.

One more consideration: the instruction said "emit valid JSON with IDs evidence hash falsifier, checkpoint, then exit". Done: event ids, evidence_refs, hashes, falsifier, checkpoint.

Should I also ensure the checkpoint's canonical_drift_at_end is accurate (events.jsonl will show True)? It was computed at checkpoint time; fine.

Let me do a final integrity check and print a compact summary. Also verify no stray files were created (e.g., __pycache__ in research_map). Let me check `research_map/__pycache__` mtime — the probe set sys.dont_write_bytecode=True before loading the snapshot module, so no new pycache. But running `python3 research_map/validate_map.py` earlier — no, I ran it early on; that imports schemas from research_map → may have written __pycache__! That was before my task, though (my first exploration). It's read-only-ish side effect; the __pycache__ already existed (listed in research_map/__pycache__ at the start). Fine.

Also: did running the probe write anything outside artifacts/worker-085? No: it reads snapshot and live events, writes only report.json. Good.

Final check and summary.
dsh: reasoning:
All integrity checks pass. The map has drifted since freeze (controller ingest continues — expected); the finding binds to the pinned snapshot and E2 records the drift. The checkpoint's `canonical_drift_at_end` already recorded map: True (it was computed at checkpoint time when the map had already moved).

Wait: checkpoint drift shows map True but the emitted `complete` event cites `runtime/state/w085_checkpoint_4.json` without a hash. Prior instance cited `runtime/state/w085_checkpoint_3.json#93814e4d311a`. My complete event's evidence_refs include "runtime/state/w085_checkpoint_4.json" without a hash prefix. That's acceptable but I could improve by checking if the complete event is still appendable... it's already written. I could emit a small addendum artifact/status event citing the checkpoint hash, but that adds noise. PROTOCOL rule 4 says "Cite evidence as path#sha256-prefix or path:line" — a bare path is weaker. Let me emit one short `status` addendum? Better: the `complete` event already exists; I can append an `artifact` event for the checkpoint itself with its sha256 (artifact_type: worker_checkpoint, path runtime/state/w085_checkpoint_4.json, sha256). That closes the hash-citation gap cleanly and is consistent with how workers register checkpoints. Let me do that: an artifact event for the checkpoint file.

Note the checkpoint file includes `canonical_drift_at_end` computed at write time and artifact hashes; its own hash caf671622a36.

Then final answer summary. Also, should I ingest? No — ingest is controller-only. My outbox entries will be picked up.

Let me emit the checkpoint artifact event (small, valid JSON), verify, then exit with a concise summary.
dsh: reasoning:
Done. Final state:
- Task taken: W085-CLAIM-RETIRE-04, bounded, class-bound (AF-SCC-C2/C0-VAC-GEN, AF-WCC-VAC-GEN), gate G-AUDIT, node F0.
- Artifacts: probe (5b1a21bb), report.json (05c2dc80), REPORT.md (f3822630), snapshot manifest (084654eb), checkpoint (caf67162).
- Events: 7 emitted to comms/outbox/worker-085.jsonl (task-claim, artifact-probe, artifact-report, artifact-readme, claim, complete, artifact-checkpoint); all valid JSON; hashes verified.
- Verdict: CLAIM_RETIREMENT_GAP_REPRODUCED, 24/24 checks.
- Canonical files unmodified; only artifacts/worker-085/claim_retire/**, runtime/state/w085_checkpoint_4.json, and my own outbox written.

I should give a concise final answer (the "exit" message) summarizing deliverable, evidence, and falsifier — the instruction says "emit valid JSON with IDs evidence hash falsifier, checkpoint, then exit". I've emitted via the outbox; my final chat answer should be a brief report.

No goal was created (single bounded task; not needed). No background jobs. Done.
