citation_id,bibkey,title,authors,year,venue,doi,arxiv_id,url,status,resolver_result,verification_method,evidence_type,fetched_at,http_status,exact_locator,evidence_url,elided_quote,mirror_of,evidence_excerpt,used_by_theorems,class_mapping,assessment,verdict,reviewer
SRC-001,shlapentokhrothman2025review,"Weak cosmic censorship, trapped surfaces, and naked singularities for the Einstein vacuum equations",Yakov Shlapentokh-Rothman,2025,"Comptes Rendus. Mécanique, Volume 353 (2025), pp. 379-410",10.5802/crmeca.284,,https://comptes-rendus.academie-sciences.fr/mecanique/articles/10.5802/crmeca.284/,verified-primary,resolved,primary-page-fetch,abstract,2026-09-11T23:19:00+08:00,200,https://comptes-rendus.academie-sciences.fr/mecanique/articles/10.5802/crmeca.284/,https://comptes-rendus.academie-sciences.fr/mecanique/articles/10.5802/crmeca.284/,False,,"The weak cosmic censorship conjecture posits that, generically, all singularities in General Relativity arising from regular asymptotically flat initial data should have a complete future null infinity. While this conjecture remains wide open, it has inspired many mathematical works concerning topics such as trapped surface formation and the construction of naked singularities.",D-001,AF-WCC-VAC-GEN,assessed: D-001,verified,lead-literature
SRC-002,rodnianski2023naked,Naked Singularities for the Einstein Vacuum Equations: The Exterior Solution,Igor Rodnianski; Yakov Shlapentokh-Rothman,2023,"Annals of Mathematics (2) 198(1), 231-391 (2023); arXiv v2 2022",10.4007/annals.2023.198.1.3,1912.08478,https://arxiv.org/abs/1912.08478,verified-primary,resolved,primary-page-fetch,abstract,2026-09-11T23:18:00+08:00,200,https://arxiv.org/abs/1912.08478,https://arxiv.org/abs/1912.08478,True,,"In this work we initiate the mathematical study of naked singularities for the Einstein vacuum equations in 3+1 dimensions by constructing solutions which correspond to the exterior region of a naked singularity. A key element is our introduction of a new type of self-similarity for the Einstein vacuum equations. ... Prior to this work, the only known examples of naked singularities were the solutions constructed by Christodoulou for the spherically symmetric Einstein-scalar-field system, as well as other solutions explored numerically for either the spherically symmetric Einstein equations co",T-208,AF-WCC-VAC-GEN,assessed: T-208,verified,lead-literature
SRC-003,shlapentokhrothman2022interior,Naked Singularities for the Einstein Vacuum Equations: The Interior Solution,Yakov Shlapentokh-Rothman,2022,"arXiv preprint (v1, 21 Apr 2022)",10.48550/arXiv.2204.09891,2204.09891,https://arxiv.org/abs/2204.09891,verified-primary,resolved,primary-page-fetch,abstract,2026-09-11T23:22:00+08:00,200,https://arxiv.org/abs/2204.09891,https://arxiv.org/abs/2204.09891,False,,"In a previous work [I. Rodnianski and Y. Shlapentokh-Rothman, Naked Singularities for the Einstein Vacuum Equations: The Exterior Solution, arXiv:1912.08478] we constructed solutions to the Einstein vacuum equations in 3+1 dimensions which corresponded to the exterior region of a naked singularity. In this work we construct solutions which correspond to the interior region and show that the two solutions may be glued together to produce a naked singularity.",T-208;T-209,AF-WCC-VAC-GEN,assessed: T-208;T-209,verified,lead-literature
SRC-004,dafermos2025interiorI,The interior of dynamical vacuum black holes I: The C^0-stability of the Kerr Cauchy horizon,Mihalis Dafermos; Jonathan Luk,2025,"Annals of Mathematics (2) 202(2), 309-630 (September 2025); arXiv v1 2017",10.4007/annals.2025.202.2.1,1710.01722,https://arxiv.org/abs/1710.01722,verified-primary,resolved,primary-page-fetch,abstract,2026-09-11T23:19:00+08:00,200,https://arxiv.org/abs/1710.01722,https://arxiv.org/abs/1710.01722,True,,"We prove that for all such data, the maximal Cauchy evolution can be extended across a non-trivial piece of Cauchy horizon as a Lorentzian manifold with continuous metric. ... In particular, if the exterior region of the Kerr family is proven to be dynamically stable---as is widely expected---then it will follow that the C^0-inextendibility formulation of Penrose's celebrated strong cosmic censorship conjecture is in fact false. The proof suggests, however, that the C^0-metric Cauchy horizons thus arising are generically singular in an essential way, representing so-called weak null singularit",D-002;T-301;T-305;T-401;T-402,AF-SCC-C0-VAC-GEN;AF-SCC-C2-VAC-GEN,assessed: D-002;T-301;T-305;T-401;T-402,verified,lead-literature
SRC-005,sbierski2018c0,The C^0-inextendibility of the Schwarzschild spacetime and the spacelike diameter in Lorentzian Geometry,Jan Sbierski,2018,"Journal of Differential Geometry 108(2), 319-378 (2018); arXiv:1507.00601",10.4310/jdg/1518490820,1507.00601,https://arxiv.org/abs/1507.00601,verified-api,resolved,arxiv-api,abstract,2026-09-11T23:20:00+08:00,200,https://export.arxiv.org/api/query?search_query=ti:%22inextendibility%22+AND+all:Schwarzschild&start=0&max_results=10,https://arxiv.org/abs/1507.00601,True,,"The maximal analytic Schwarzschild spacetime is manifestly inextendible as a Lorentzian manifold with a twice continuously differentiable metric. In this paper, we prove the stronger statement that it is even inextendible as a Lorentzian manifold with a continuous metric. ... The investigation of low-regularity inextendibility criteria is motivated by the strong cosmic censorship conjecture.",T-302,AF-SCC-C0-VAC-GEN,assessed: T-302,verified,lead-literature
SRC-006,sbierski2018proof,On the proof of the C^0-inextendibility of the Schwarzschild spacetime,Jan Sbierski,2018,"Journal of Physics: Conference Series 968, 012012 (2018)",10.1088/1742-6596/968/1/012012,1711.11380,https://arxiv.org/abs/1711.11380,verified-api,resolved,arxiv-api,abstract,2026-09-11T23:20:00+08:00,200,https://export.arxiv.org/api/query?search_query=ti:%22inextendibility%22+AND+all:Schwarzschild&start=0&max_results=10,https://arxiv.org/abs/1711.11380,True,,This article presents a streamlined version of the author's original proof of the C^0-inextendibility of the maximal analytic Schwarzschild spacetime. ... we give a more flexible and shorter argument for the inextendibility through the interior region.,T-301;T-302,AF-SCC-C0-VAC-GEN,assessed: T-301;T-302,verified,lead-literature
SRC-007,miethke2024kasner,C^0-inextendibility of the Kasner spacetime,Benedikt Miethke,2024,"Master's thesis, Universität Wien (arXiv:2408.05257)",10.25365/thesis.76304,2408.05257,https://arxiv.org/abs/2408.05257,verified-api,resolved,arxiv-api,abstract,2026-09-11T23:20:00+08:00,200,https://export.arxiv.org/api/query?search_query=ti:%22inextendibility%22+AND+all:Schwarzschild&start=0&max_results=10,https://arxiv.org/abs/2408.05257,False,,The Kasner spacetime is a cosmological model of an anisotropic expanding universe without matter and is an exact solution of the Einstein vacuum equations Ric(g) = 0. It is manifestly inextendible as a Lorentzian manifold with a twice differentiable metric. In this thesis we proof that it is even inextendible as a Lorentzian manifold with merely continuous metric.,T-529,(evidence/tag only),assessed: T-529,verified,lead-literature
SRC-008,graf2024flrw,C^0-inextendibility of FLRW spacetimes within a subclass of axisymmetric spacetimes,Melanie Graf; Marco van den Beld-Serrano,2024,"arXiv preprint (v1, 20 Sep 2024)",10.48550/arXiv.2409.13799,2409.13799,https://arxiv.org/abs/2409.13799,verified-api,resolved,arxiv-api,abstract,2026-09-11T23:20:00+08:00,200,https://export.arxiv.org/api/query?search_query=ti:%22inextendibility%22+AND+all:Schwarzschild&start=0&max_results=10,https://arxiv.org/abs/2409.13799,True,,"Starting from the proof of the C^0-inextendibility of Schwarzschild by Sbierski, the past decade has seen renewed interest in showing low-regularity inextendibility for known spacetime models. ... we present an extension of work by Galloway and Ling on C^0-inextendibility of certain FLRW spacetimes within a subclass of spherically symmetric spacetimes, to C^0-inextendibility within a subclass of axisymmetric spacetimes.",T-529,(evidence/tag only),assessed: T-529,verified,lead-literature
SRC-009,mosani2026warped,C^0-inextendibility of a class of warped-product black hole spacetimes,Karim Mosani,2026,"arXiv preprint (v1, 24 Jun 2026)",10.48550/arXiv.2606.25755,2606.25755,https://arxiv.org/abs/2606.25755,verified-api,resolved,arxiv-api,abstract,2026-09-11T23:20:00+08:00,200,https://export.arxiv.org/api/query?search_query=ti:%22inextendibility%22+AND+all:Schwarzschild&start=0&max_results=10,https://arxiv.org/abs/2606.25755,True,,"We adapt Sbierski's proof of C^0-inextendibility of the maximal analytic Schwarzschild spacetime to a broad class of warped-product black hole spacetimes with a static exterior region. ... Under suitable assumptions, including that the fibre is closed (compact without boundary), connected, homogeneous, and orientable, we establish future C^0-inextendibility for spacetimes in this class.",T-529,(evidence/tag only),assessed: T-529,verified,lead-literature
SRC-010,penrose1965,Gravitational collapse and space-time singularities,Roger Penrose,1965,"Physical Review Letters 14, 57-59 (1965)",10.1103/PhysRevLett.14.57,,https://inspirehep.net/api/literature/9038,verified-api,resolved,inspirehep-api,metadata,2026-09-11T23:29:00+08:00,200,"https://inspirehep.net/api/literature?q=t%20Gravitational%20collapse%20and%20space-time%20singularities&fields=titles,authors,publication_info,dois,abstracts&size=3",https://inspirehep.net/api/literature/9038,False,,"INSPIRE recid 9038: title 'Gravitational collapse and space-time singularities'; author Penrose, Roger (Birkbeck Coll.); Phys.Rev.Lett. 14 (1965) 57-59; DOI 10.1103/PhysRevLett.14.57.",D-009,(evidence/tag only),assessed: D-009,verified,lead-literature
SRC-011,penrose1969,Gravitational collapse: The role of general relativity,Roger Penrose,1969,"Rivista del Nuovo Cimento 1, 252-276 (1969); reprinted Gen. Rel. Grav. 34, 1141-1165 (2002)",10.1023/A:1016578408204,,https://inspirehep.net/api/literature/54979,verified-api,resolved,inspirehep-api,metadata,2026-09-11T23:29:00+08:00,200,https://inspirehep.net/api/literature?q=...role%20of%20general%20relativity...,https://inspirehep.net/api/literature/54979,False,,"INSPIRE recid 54979: 'Gravitational collapse: The role of general relativity', Penrose, R.; Riv.Nuovo Cim. 1 (1969) 252-276; reprinted Gen.Rel.Grav. 34 (2002) 1141-1165; DOI 10.1023/A:1016578408204.",D-001,AF-WCC-VAC-GEN,assessed: D-001,verified,lead-literature
SRC-012,hawking1970,The singularities of gravitational collapse and cosmology,Stephen W. Hawking; Roger Penrose,1970,"Proceedings of the Royal Society of London A 314, 529-548 (1970)",10.1098/rspa.1970.0021,,https://inspirehep.net/api/literature/55131,verified-api,resolved,inspirehep-api,metadata,2026-09-11T23:29:00+08:00,200,https://inspirehep.net/api/literature?q=...singularities%20of%20gravitational%20collapse...,https://inspirehep.net/api/literature/55131,False,,"INSPIRE recid 55131: 'The Singularities of gravitational collapse and cosmology', Hawking, S.W.; Penrose, R.; Proc.Roy.Soc.Lond.A 314 (1970) 529-548; DOI 10.1098/rspa.1970.0021.",D-009,(evidence/tag only),assessed: D-009,verified,lead-literature
SRC-013,christodoulou1994,Examples of naked singularity formation in the gravitational collapse of a scalar field,Demetrios Christodoulou,1994,"Annals of Mathematics (2) 140(3), 607-653 (1994)",10.2307/2118619,,https://inspirehep.net/api/literature/391017,verified-api,resolved,inspirehep-api,metadata,2026-09-11T23:29:00+08:00,200,https://inspirehep.net/api/literature?q=...Examples%20of%20naked%20singularity%20formation...,https://inspirehep.net/api/literature/391017,False,,"INSPIRE recid 391017: 'Examples of naked singularity formation in the gravitational collapse of a scalar field', Christodoulou, Demetrios; Annals Math. 140 (1994) 607-653; DOI 10.2307/2118619.",T-102,AF-WCC-SCALAR-SPH,assessed: T-102,verified,lead-literature
SRC-014,christodoulou1999,The instability of naked singularities in the gravitational collapse of a scalar field,Demetrios Christodoulou,1999,"Annals of Mathematics (2) 149(1), 183-217 (1999)",10.2307/121023,math/9901147,https://arxiv.org/abs/math/9901147,verified-primary,resolved,primary-page-fetch,abstract,2026-09-11T23:30:00+08:00,200,https://arxiv.org/abs/math/9901147,https://arxiv.org/abs/math/9901147,False,,"Abstract: 'One of the fundamental unanswered questions in the general theory of relativity is whether ``naked'' singularities, that is singular events which are visible from infinity, may form with positive probability in the process of gravitational collapse. The conjecture that the answer to this question is in the negative has been called ``cosmic censorship.'' The present paper, which is a continuation previous work, addresses this question in the context of the spherical gravitational collapse of a scalar field.' Journal ref: Ann. of Math. (2) 149 (1999), no. 1, 183-217.",T-101;D-007;T-523;T-525,AF-WCC-SCALAR-SPH (WCC-side scalar tag retained with scope caveat); SCC-side frozen vacuum binding AF-SCC-C2-VAC-GEN removed; model-class: Einstein-massless-scalar spherical collapse; scope_use: do-not-transfer; no AF-SCC-*-VAC-GEN binding,assessed: T-101;D-007;T-523;T-525,verified,lead-literature
SRC-015,christodoulou1984dust,Violation of cosmic censorship in the gravitational collapse of a dust cloud,Demetrios Christodoulou,1984,"Communications in Mathematical Physics 93(2), 171-195 (1984)",10.1007/BF01223743,,https://inspirehep.net/api/literature/211917,verified-api,resolved,inspirehep-api,abstract,2026-09-11T23:29:00+08:00,200,https://inspirehep.net/api/literature?q=...dust%20cloud...,https://inspirehep.net/api/literature/211917,False,,"Springer abstract: 'The behaviour of the outgoing light rays in the gravitational collapse of an inhomogeneous spherically symmetric dust cloud is analyzed. It is shown that, for an open subset of initial density distributions, the first singular event, which occurs at the center of symmetry, is the vertex of an infinity of future null geodesic cones which intersect future null infinity. The frequency of the corresponding light rays is infinitely redshifted.'",T-104,(evidence/tag only),assessed: T-104,verified,lead-literature
SRC-016,choptuik1993,Universality and scaling in gravitational collapse of a massless scalar field,Matthew W. Choptuik,1993,"Physical Review Letters 70(1), 9-12 (1993)",10.1103/PhysRevLett.70.9,,https://inspirehep.net/api/literature/33714,verified-api,resolved,inspirehep-api,abstract,2026-09-11T23:29:00+08:00,200,https://inspirehep.net/api/literature?q=...Universality%20and%20scaling...,https://inspirehep.net/api/literature/33714,False,,"APS abstract: 'I summarize results from a numerical study of spherically symmetric collapse of a massless scalar field. I consider families of solutions, scrS[p], with the property that a critical parameter value, p*, separates solutions containing black holes from those which do not. I present evidence in support of conjectures that (1) the strong-field evolution in the p->p* limit is universal and generates structure on arbitrarily small spatiotemporal scales and (2) the masses of black holes which form satisfy a power law MBH ~ ||p-p*||^gamma, where gamma ~= 0.37 is a universal exponent.' [",T-103,AF-WCC-SCALAR-SPH,assessed: T-103,verified,lead-literature
SRC-017,moncrief1983,Symmetries of cosmological Cauchy horizons,Vincent Moncrief; James Isenberg,1983,"Communications in Mathematical Physics 89(3), 387-413 (1983)",10.1007/BF01214662,,https://inspirehep.net/api/literature/1235595,verified-api,resolved,inspirehep-api,abstract,2026-09-11T23:29:00+08:00,200,https://inspirehep.net/api/literature?q=...Symmetries%20of%20cosmological%20Cauchy%20horizons...,https://inspirehep.net/api/literature/1235595,True,,"Springer abstract: 'We consider analytic vacuum and electrovacuum spacetimes which contain a compact null hypersurface ruled by closed null generators. We prove that each such spacetime has a non-trivial Killing symmetry. We distinguish two classes of null surfaces, degenerate and non-degenerate ones... We show that the non-degenerate null surfaces are always Cauchy horizons across which the Killing fields change from spacelike (in the globally hyperbolic regions) to timelike (in the acausal, analytic extensions).'",T-509,(evidence/tag only),assessed: T-509,verified,lead-literature
SRC-018,isenberg1985,Symmetries of cosmological Cauchy horizons with exceptional orbits,James Isenberg; Vincent Moncrief,1985,"Journal of Mathematical Physics 26(5), 1024-1027 (1985)",10.1063/1.526587,,https://inspirehep.net/api/literature/2862908,verified-api,resolved,inspirehep-api,abstract,2026-09-11T23:29:00+08:00,200,https://inspirehep.net/api/literature?q=...Symmetries%20of%20cosmological%20Cauchy%20horizons...,https://inspirehep.net/api/literature/2862908,False,,"CrossRef abstract: 'We show here that if an analytic space-time satisfying the vacuum (or electrovacuum) Einstein equations contains a compact null hypersurface with closed generators, then the space-time must have a nontrivial Killing vector field. This result is an extension of an earlier theorem, which required that the generators of the hypersurface must not only be closed, but in addition must satisfy a local product bundle (LPB) condition.'",T-509,(evidence/tag only),assessed: T-509,verified,lead-literature
SRC-019,moncrief2019,Symmetries of cosmological Cauchy horizons with non-closed orbits,Vincent Moncrief; James Isenberg,2019,"Communications in Mathematical Physics 374(1), 145-186 (2019)",10.1007/s00220-019-03571-9,,https://inspirehep.net/api/literature/1684261,verified-api,resolved,inspirehep-api,abstract,2026-09-11T23:29:00+08:00,200,https://inspirehep.net/api/literature?q=...Symmetries%20of%20cosmological%20Cauchy%20horizons...,https://inspirehep.net/api/literature/1684261,True,,"Springer abstract: 'We consider analytic, vacuum spacetimes that admit compact, non-degenerate Cauchy horizons... In this article we relax the closure assumption and analyze vacuum spacetimes in which the generic horizon generating null geodesic densely fills a 2-torus lying in the horizon... we prove that analytic, 4-dimensional, vacuum spacetimes with such (non-ergodic) compact Cauchy horizons always admit (at least) two independent, commuting Killing vector fields of which a special linear combination is horizon generating.'",T-509,(evidence/tag only),assessed: T-509,verified,lead-literature
SRC-020,dafermos2003,Stability and instability of the Cauchy horizon for the spherically symmetric Einstein-Maxwell-scalar field equations,Mihalis Dafermos,2003,"Annals of Mathematics (2) 158(3), 875-928 (2003)",,,https://inspirehep.net/api/literature/1767922,verified-api,resolved,inspirehep-api,metadata,2026-09-11T23:29:00+08:00,200,https://inspirehep.net/api/literature?q=...Stability%20and%20instability%20of%20the%20Cauchy%20horizon...,https://inspirehep.net/api/literature/1767922,False,,"INSPIRE recid 1767922: 'Stability and Instability of the Cauchy Horizon for the Spherically Symmetric Einstein-Maxwell-Scalar Field Equations', Dafermos, Mihalis; Ann.Math. 158 (2003) 875-928.",T-521,(evidence/tag only),assessed: T-521,verified,lead-literature
SRC-021,dafermos2005cpam,The interior of charged black holes and the problem of uniqueness in general relativity,Mihalis Dafermos,2005,"Communications on Pure and Applied Mathematics 58(4), 445-504 (2005)",10.1002/cpa.20071,,https://inspirehep.net/api/literature/622602,verified-api,resolved,inspirehep-api,abstract,2026-09-11T23:29:00+08:00,200,https://inspirehep.net/api/literature?q=...interior%20of%20charged%20black%20holes...,https://inspirehep.net/api/literature/622602,True,,"WILEY abstract: '...the maximal future development has a future boundary over which the space-time is extendible as a C0 metric but along which the Hawking mass blows up identically; thus, the space-time is inextendible as a C1 metric. ... This shows that under Christodoulou's C0 formulation, the strong cosmic censorship conjecture is false for this system.'",D-002;T-501,(evidence/tag only; model-class: Einstein-Maxwell-scalar; variant CH parent AF-SCC-C0-VAC-GEN; scope_use: do-not-transfer; no class-id binding),assessed: D-002;T-501,verified,lead-literature
SRC-022,luk2018jams,Weak null singularities in general relativity,Jonathan Luk,2018,"Journal of the American Mathematical Society 31(1), 1-63 (2018)",10.1090/jams/888,,https://inspirehep.net/api/literature/1265214,verified-api,resolved,inspirehep-api,abstract,2026-09-11T23:29:00+08:00,200,https://inspirehep.net/api/literature?q=...Weak%20null%20singularities%20in%20general%20relativity...,https://inspirehep.net/api/literature/1265214,False,,AMS abstract: 'We construct a class of spacetimes (without symmetry assumptions) satisfying the vacuum Einstein equations with singular boundaries on two null hypersurfaces intersecting in the future on a 2-sphere. The metric of these spacetimes extends continuously beyond the singularities while the Christoffel symbols fail to be square integrable in a neighborhood of any point on the singular boundaries. The construction shows moreover that the singularities are stable in a suitable sense.',T-303;T-401;T-402,AF-SCC-C0-VAC-GEN;AF-SCC-C2-VAC-GEN,assessed: T-303;T-401;T-402,verified,lead-literature
SRC-023,lukoh2017duke,Proof of linear instability of the Reissner-Nordstrom Cauchy horizon under scalar perturbations,Jonathan Luk; Sung-Jin Oh,2017,"Duke Mathematical Journal 166(3), 437-493 (2017)",10.1215/00127094-3715189,,https://inspirehep.net/api/literature/1340082,verified-api,resolved,inspirehep-api,abstract,2026-09-11T23:29:00+08:00,200,https://inspirehep.net/api/literature?q=...linear%20instability%20of%20the%20Reissner-Nordstrom%20Cauchy%20horizon...,https://inspirehep.net/api/literature/1340082,True,,"Duke University Press abstract: 'We prove that generic smooth and compactly supported initial data on a Cauchy hypersurface indeed give rise to solutions with infinite nondegenerate energy near the Cauchy horizon in the interior of the black hole. In particular, the solution generically does not belong to W^{1,2}_{loc}. This instability is related to the celebrated blue-shift effect in the interior of the black hole. ... we also show as a consequence of the proof that Price's law decay is generically sharp along the event horizon.'",T-504;T-506,(evidence/tag only),assessed: T-504;T-506,verified,lead-literature
SRC-024,sbier2020holonomy,"On holonomy singularities in general relativity and the C^{0,1}_loc-inextendibility of spacetimes",Jan Sbierski,2022,"arXiv:2007.12049 (v2), accepted by Duke Mathematical Journal (per arXiv comment)",,2007.12049,https://arxiv.org/abs/2007.12049,verified-api,resolved,arxiv-api,abstract,2026-09-11T23:40:00+08:00,200,https://export.arxiv.org/api/query?search_query=all:%22inextendibility%22+AND+all:%22Cauchy+horizon%22,https://arxiv.org/abs/2007.12049,True,,"Abstract: '...using an unbounded local holonomy we also give a general theorem establishing the C^{0,1}_{loc}-inextendibility of spherically symmetric weak null singularities which arise at the Cauchy horizon in the interior of black holes. Our theorem does not presuppose the mass-inflation scenario and in particular applies to the Reissner-Nordstrom-Vaidya spacetimes as well as to spacetimes which arise from small and generic spherically symmetric perturbations of two-ended subextremal Reissner-Nordstrom initial data for the Einstein-Maxwell-scalar field system. In [26], [27] Luk and Oh prove",D-003;D-005;T-304;T-506,(evidence/tag only; model-class: FLRW / Reissner-Nordstrom-Vaidya / Einstein-Maxwell-scalar; variant LIP parent AF-SCC-C0-VAC-GEN; scope_use: do-not-transfer; no class-id binding),assessed: D-003;D-005;T-304;T-506,verified,lead-literature
SRC-025,vandemoortel2020c2,Mass inflation and the C^2-inextendibility of spherically symmetric charged scalar field dynamical black holes,Maxime Van de Moortel,2021,"Communications in Mathematical Physics 382, 1263-1341 (2021); arXiv:2001.11156",10.1007/s00220-020-03923-w,2001.11156,https://arxiv.org/abs/2001.11156,verified-api,resolved,arxiv-api,abstract,2026-09-11T23:40:00+08:00,200,https://export.arxiv.org/api/query?search_query=all:%22inextendibility%22+AND+all:%22Cauchy+horizon%22,https://arxiv.org/abs/2001.11156,True,,"arXiv abstract (exact excerpt): 'We establish a 'mass inflation/ridigity' dichotomy. More precisely, we prove assuming (sufficiently slow) decay of the charged scalar field on the event horizon, that the Cauchy horizon emanating from time-like infinity is CH_{i+} = D union S for two (possibly empty) disjoint connected sets D and S such that: D (the dynamical set) is a past set on which the Hawking mass blows up (mass inflation scenario). S (the static set) is a future set isometric to a Reissner-Nordstrom Cauchy horizon ... As a consequence, we establish a novel classification of Cauchy horizo",D-003;T-505,(evidence/tag only; model-class: Einstein-Maxwell-Klein-Gordon spherical; scope_use: do-not-transfer; no class-id binding),assessed: D-003;T-505,verified,lead-literature
SRC-026,cgns2015part1,On the global uniqueness for the Einstein-Maxwell-scalar field system with a cosmological constant. Part 1: Well posedness and breakdown criterion,Joao L. Costa; Pedro M. Girao; Jose Natario; Jorge Drumond Silva,2015,"Classical and Quantum Gravity 32(1), 015017 (2015); arXiv:1406.7245",10.1088/0264-9381/32/1/015017,1406.7245,https://arxiv.org/abs/1406.7245,verified-api,resolved,arxiv-api,abstract,2026-09-11T23:21:00+08:00,200,https://export.arxiv.org/api/query?search_query=au:%22Costa%22+AND+all:%22Einstein-Maxwell-scalar%22+AND+all:%22cosmological+constant%22,https://arxiv.org/abs/1406.7245,True,,"Abstract: 'This paper is the first part of a trilogy dedicated to the following problem: given spherically symmetric characteristic initial data for the Einstein-Maxwell-scalar field system with a cosmological constant Lambda, with the data on the outgoing initial null hypersurface given by a subextremal Reissner-Nordstrom black hole event horizon, study the future extendibility of the corresponding maximal globally hyperbolic development (MGHD) as a suitably regular Lorentzian manifold. In this first part we establish well posedness ... and determine breakdown criteria.'",T-502,(evidence/tag only),assessed: T-502,verified,lead-literature
SRC-027,cgns2015part2,On the global uniqueness for the Einstein-Maxwell-scalar field system with a cosmological constant. Part 2: Structure of the solutions and stability of the Cauchy horizon,Joao L. Costa; Pedro M. Girao; Jose Natario; Jorge Drumond Silva,2015,"Communications in Mathematical Physics 339, 903-947 (2015); arXiv:1406.7253",10.1007/s00220-015-2433-6,1406.7253,https://arxiv.org/abs/1406.7253,verified-api,resolved,arxiv-api,abstract,2026-09-11T23:21:00+08:00,200,https://export.arxiv.org/api/query?search_query=au:%22Costa%22+AND+all:%22Einstein-Maxwell-scalar%22+AND+all:%22cosmological+constant%22,https://arxiv.org/abs/1406.7253,True,,"Abstract: 'In this second paper, we generalize the results of Dafermos on the stability of the radius function at the Cauchy horizon by including a cosmological constant. ... In the third and final paper, we will consider the issue of mass inflation and extendibility of solutions beyond the Cauchy horizon.'",T-502,(evidence/tag only),assessed: T-502,verified,lead-literature
SRC-028,cgns2017part3,On the global uniqueness for the Einstein-Maxwell-scalar field system with a cosmological constant. Part 3: Mass inflation and extendibility of the solutions,Joao L. Costa; Pedro M. Girao; Jose Natario; Jorge Drumond Silva,2017,"Annals of PDE 3, 8 (2017); arXiv:1406.7261",10.1007/s40818-017-0028-6,1406.7261,https://arxiv.org/abs/1406.7261,verified-api,resolved,arxiv-api,abstract,2026-09-11T23:21:00+08:00,200,https://export.arxiv.org/api/query?search_query=au:%22Costa%22+AND+all:%22Einstein-Maxwell-scalar%22+AND+all:%22cosmological+constant%22,https://arxiv.org/abs/1406.7261,True,,"Abstract: '...depending on the decay rate of the initial data, mass inflation may or may not occur. When the mass is controlled, it is possible to obtain continuous extensions of the metric across the Cauchy horizon with square integrable Christoffel symbols. Under slightly stronger conditions, we can bound the gradient of the scalar field. This allows the construction of (non-isometric) extensions of the maximal development which are classical solutions of the Einstein equations. Our results provide evidence against the validity of the strong cosmic censorship conjecture when Lambda>0.'",T-502;T-519,(evidence/tag only),assessed: T-502;T-519,verified,lead-literature
SRC-029,costa2018mass,On the occurrence of mass inflation for the Einstein-Maxwell-scalar field system with a cosmological constant and an exponential Price law,Joao L. Costa; Pedro M. Girao; Jose Natario; Jorge Drumond Silva,2018,"Communications in Mathematical Physics 361, 289-341 (2018); arXiv:1707.08975",10.1007/s00220-018-3122-z,1707.08975,https://arxiv.org/abs/1707.08975,verified-api,resolved,arxiv-api,abstract,2026-09-11T23:21:00+08:00,200,https://export.arxiv.org/api/query?search_query=au:%22Costa%22+AND+all:%22Einstein-Maxwell-scalar%22+AND+all:%22cosmological+constant%22,https://arxiv.org/abs/1707.08975,False,,"Abstract: 'More precisely, we construct open sets of characteristic data which, on the outgoing initial null hypersurface (taken to be the event horizon), converges exponentially to a reference Reissner-Nordstrom black hole at infinity. We prove the stability of the radius function at the Cauchy horizon, and show that, depending on the decay rate of the initial data, mass inflation may or may not occur. In the latter case, we find that the solution can be extended across the Cauchy horizon with continuous metric and Christoffel symbols in L^2_loc, thus violating the Christodoulou-Chrusciel ver",D-004;T-503;T-519,"(evidence/tag only; model-class: Einstein-Maxwell-real-scalar with Lambda>0, spherical characteristic data; scope_use: do-not-transfer; no class-id binding)",assessed: D-004;T-503;T-519,verified,lead-literature
SRC-030,luna2019nonlinear,Strong cosmic censorship: The nonlinear story,Raimon Luna; Miguel Zilhao; Vitor Cardoso; Joao L. Costa; Jose Natario,2019,"Physical Review D 99, 064014 (2019); arXiv:1810.00886",10.1103/PhysRevD.99.064014,1810.00886,https://arxiv.org/abs/1810.00886,verified-api,resolved,arxiv-api,abstract,2026-09-11T23:21:00+08:00,200,https://export.arxiv.org/api/query?search_query=au:%22Costa%22+AND+all:%22Einstein-Maxwell-scalar%22+AND+all:%22cosmological+constant%22,https://arxiv.org/abs/1810.00886,False,,"Abstract: 'Here, we numerically evolve the nonlinear Einstein-Maxwell-scalar field equations with a positive cosmological constant, under spherical symmetry, and provide strong evidence that mass inflation indeed does not occur in the near extremal regime. This shows that nonlinear effects might not suffice to save the Strong Cosmic Censorship Conjecture.'",T-507,(evidence/tag only),assessed: T-507,verified,lead-literature
SRC-031,cardoso2018qnm,Quasinormal modes and strong cosmic censorship,Vitor Cardoso; Joao L. Costa; Kyriakos Destounis; Peter Hintz; Aron Jansen,2018,"Physical Review Letters 120(3), 031103 (2018)",10.1103/PhysRevLett.120.031103,,https://inspirehep.net/api/literature/1639422,verified-api,resolved,inspirehep-api,abstract,2026-09-11T23:29:00+08:00,200,https://inspirehep.net/api/literature?q=...Quasinormal%20modes%20and%20strong%20cosmic%20censorship...,https://inspirehep.net/api/literature/1639422,True,,"APS abstract: '...we study massless scalar fields in the exterior of Reissner-Nordstrom-de Sitter black holes. ... We identify three families of modes in these spacetimes ... We give a detailed description of linear scalar perturbations of such black holes, and conjecture that SCC is violated in the near extremal regime.'",T-507,(evidence/tag only),assessed: T-507,verified,lead-literature
SRC-032,dias2018rough,Strong cosmic censorship: taking the rough with the smooth,Oscar J. C. Dias; Harvey S. Reall; Jorge E. Santos,2018,"Journal of High Energy Physics 10, 001 (2018)",10.1007/JHEP10(2018)001,,https://inspirehep.net/api/literature/1685783,verified-api,resolved,inspirehep-api,abstract,2026-09-11T23:29:00+08:00,200,https://inspirehep.net/api/literature?q=...taking%20the%20rough%20with%20the%20smooth...,https://inspirehep.net/api/literature/1685783,True,,"Springer abstract: '...for near-extremal black holes, generic scalar field perturbations arising from smooth initial data have finite energy at the Cauchy horizon even though they are not continuously differentiable there. In this paper, we consider the analogous problem for coupled gravitational and electromagnetic perturbations. We find that such perturbations exhibit a much worse violation of strong cosmic censorship: for a sufficiently large near-extremal black hole, perturbations arising from smooth initial data can be extended through the Cauchy horizon in an arbitrarily smooth way. ... ",D-006;T-507,(evidence/tag only),assessed: D-006;T-507,verified,lead-literature
SRC-033,dafermos2018rough,Rough initial data and the strength of the blue-shift instability on cosmological black holes with Lambda > 0,Mihalis Dafermos; Yakov Shlapentokh-Rothman,2018,"Classical and Quantum Gravity 35(19), 195010 (2018)",10.1088/1361-6382/aadbcf,,https://inspirehep.net/api/literature/1674350,verified-api,resolved,inspirehep-api,abstract,2026-09-11T23:29:00+08:00,200,https://inspirehep.net/api/literature?q=...Rough%20initial%20data%20and%20the%20strength%20of%20the%20blue-shift...,https://inspirehep.net/api/literature/1674350,True,,"IOP abstract: '...by slightly relaxing the smoothness assumption on initial data, we are able to prove the analogue of the Christodoulou statement in the affirmative, i.e. we show that for generic data in our allowed class, the local energy blow-up statement indeed holds at the Cauchy horizon, for all subextremal black hole parameter ranges. ... This suggests thus that it is finally this class -- and not smoother data -- which may provide the correct setting to formulate the genericity condition in strong cosmic censorship.'",D-006;T-508;D-007,"(evidence/tag only; model-class: linear wave equation on a fixed subextremal Reissner-Nordstrom-de Sitter / Kerr-Newman-de Sitter background, Lambda>0; scope_use: do-not-transfer; no class-id binding)",assessed: D-006;T-508;D-007,verified,lead-literature
SRC-034,miguel2021interior,Interior quasinormal modes and strong cosmic censorship,Filipe S. Miguel,2021,"Physical Review D 103(6), 064077 (2021)",10.1103/PhysRevD.103.064077,,https://inspirehep.net/api/literature/1837621,verified-api,resolved,inspirehep-api,abstract,2026-09-11T23:29:00+08:00,200,https://inspirehep.net/api/literature?q=...Interior%20Quasinormal%20Modes%20and%20Strong%20Cosmic%20Censorship...,https://inspirehep.net/api/literature/1837621,True,,"APS abstract: '...it is demonstrated that this coincidence does not occur for RNdS or Kerr-dS, and so the conclusions of the earlier work remain valid.'",T-507,(evidence/tag only),assessed: T-507,verified,lead-literature
SRC-035,hintzvasy2018kds,The global non-linear stability of the Kerr-de Sitter family of black holes,Peter Hintz; Andras Vasy,2018,"Acta Mathematica 220(1), 1-206 (2018)",10.4310/acta.2018.v220.n1.a1,,https://inspirehep.net/api/literature/1469117,verified-api,resolved,inspirehep-api,abstract,2026-09-11T23:29:00+08:00,200,https://inspirehep.net/api/literature?q=...global%20non-linear%20stability%20of%20the%20Kerr-de%20Sitter...,https://inspirehep.net/api/literature/1469117,False,,"International Press abstract: 'We establish the full global non-linear stability of the Kerr-de Sitter family of black holes, as solutions of the initial value problem for the Einstein vacuum equations with positive cosmological constant, for small angular momenta, and without any symmetry assumptions on the initial data.'",T-207;T-515,AF-SCC-C0-VAC-GEN;AF-WCC-VAC-GEN,assessed: T-207;T-515,verified,lead-literature
SRC-036,dhr2019linstab,The linear stability of the Schwarzschild solution to gravitational perturbations,Mihalis Dafermos; Gustav Holzegel; Igor Rodnianski,2019,"Acta Mathematica 222(1), 1-214 (2019)",10.4310/acta.2019.v222.n1.a1,,https://inspirehep.net/api/literature/1416803,verified-api,resolved,inspirehep-api,abstract,2026-09-11T23:29:00+08:00,200,https://inspirehep.net/api/literature?q=...linear%20stability%20of%20the%20Schwarzschild%20solution...,https://inspirehep.net/api/literature/1416803,False,,"International Press abstract: 'We prove in this paper the linear stability of the celebrated Schwarzschild family of black holes in general relativity: Solutions to the linearisation of the Einstein vacuum equations around a Schwarzschild metric arising from regular initial data remain globally bounded on the black hole exterior, and in fact decay to a linearised Kerr metric.'",T-204,AF-WCC-VAC-GEN,assessed: T-204,verified,lead-literature
SRC-037,dhrt2021nonlinear,The non-linear stability of the Schwarzschild family of black holes,Mihalis Dafermos; Gustav Holzegel; Igor Rodnianski; Martin Taylor,2021,"arXiv:2104.08222 (v1, 16 Apr 2021), 513 pages",10.48550/arXiv.2104.08222,2104.08222,https://arxiv.org/abs/2104.08222,verified-api,resolved,arxiv-api,abstract,2026-09-11T23:25:00+08:00,200,https://export.arxiv.org/api/query?search_query=ti:%22non-linear+stability+of+the+Schwarzschild%22,https://arxiv.org/abs/2104.08222,True,,"Abstract: 'We prove the non-linear asymptotic stability of the Schwarzschild family as solutions to the Einstein vacuum equations in the exterior of the black hole region: general vacuum initial data, with no symmetry assumed, sufficiently close to Schwarzschild data evolve to a vacuum spacetime which (i) possesses a complete future null infinity I+ (whose past J-(I+) is moreover bounded by a regular future complete event horizon H+), (ii) remains close to Schwarzschild in its exterior, and (iii) asymptotes back to a member of the Schwarzschild family ... provided that the data are themselves ",T-204;T-301,AF-SCC-C0-VAC-GEN;AF-WCC-VAC-GEN,assessed: T-204;T-301,verified,lead-literature
SRC-038,klainermanszeftel2017polarized,Global nonlinear stability of Schwarzschild spacetime under polarized perturbations,Sergiu Klainerman; Jeremie Szeftel,2020,"Annals of Mathematics Studies 210, Princeton University Press (2020), ISBN 9780691212425; arXiv:1711.07597",10.23943/princeton/9780691212425.001.0001,1711.07597,https://inspirehep.net/api/literature/1637357,verified-api,resolved,inspirehep-api,abstract,2026-09-11T23:29:00+08:00,200,https://inspirehep.net/api/literature?q=...Global%20nonlinear%20stability%20of%20Schwarzschild%20spacetime...,https://inspirehep.net/api/literature/1637357,True,,"arXiv abstract: 'We prove the nonlinear stability of the Schwarzschild spacetime under axially symmetric polarized perturbations, i.e. solutions of the Einstein vacuum equations for asymptotically flat 1+3 dimensional Lorentzian metrics which admit a hypersurface orthogonal spacelike Killing vectorfield with closed orbits. ... Our work here is the first to prove the nonlinear stability of Schwarzschild in a restricted class of nontrivial perturbations.'",T-205,AF-WCC-VAC-GEN,assessed: T-205,verified,lead-literature
SRC-039,gks2020formalism,A general formalism for the stability of Kerr,Elena Giorgi; Sergiu Klainerman; Jeremie Szeftel,2020,"arXiv:2002.02740 (v1, 7 Feb 2020)",10.48550/arXiv.2002.02740,2002.02740,https://arxiv.org/abs/2002.02740,verified-api,resolved,arxiv-api,abstract,2026-09-11T23:25:00+08:00,200,https://export.arxiv.org/api/query?search_query=au:Giorgi+AND+au:Szeftel,https://arxiv.org/abs/2002.02740,True,,Abstract: 'The goal of this paper is to provide a geometric framework for analyzing the uniform decay properties of solutions to the Teukolsky equation in the fully nonlinear setting of perturbations of Kerr. It contains the first nonlinear version of the Chandrasekhar transformation ... with the intent to use it in our ongoing project to prove the full nonlinear stability of slowly rotating Kerr as solution to the Einstein vacuum equations.',T-206,AF-WCC-VAC-GEN,assessed: T-206,verified,lead-literature
SRC-040,gks2022wave,Wave equations estimates and the nonlinear stability of slowly rotating Kerr black holes,Elena Giorgi; Sergiu Klainerman; Jeremie Szeftel,2022,"arXiv:2205.14808 (v1, 30 May 2022)",10.48550/arXiv.2205.14808,2205.14808,https://arxiv.org/abs/2205.14808,verified-api,resolved,arxiv-api,abstract,2026-09-11T23:25:00+08:00,200,https://export.arxiv.org/api/query?search_query=au:Giorgi+AND+au:Szeftel,https://arxiv.org/abs/2205.14808,True,,"Abstract: 'This is the last part of our proof of the nonlinear stability of the Kerr family for small angular momentum, i.e |a|/m << 1, in which we deal with the nonlinear wave type estimates needed to complete the project. ... Together with [KS:Kerr] and the GCM papers ... this work completes proof of the Main Theorem stated in Section 3.4 of [KS:Kerr].'",T-206;T-301;T-305;T-515;T-528,AF-SCC-C0-VAC-GEN;AF-SCC-C2-VAC-GEN;AF-WCC-VAC-GEN,assessed: T-206;T-301;T-305;T-515;T-528,verified,lead-literature
SRC-041,christodoulou2009bh,The formation of black holes in general relativity,Demetrios Christodoulou,2012,"The Twelfth Marcel Grossmann Meeting (MG12), World Scientific, pp. 24-34 (2012)",10.1142/9789814374552_0002,,https://inspirehep.net/api/literature/786592,verified-api,resolved,inspirehep-api,abstract,2026-09-11T23:29:00+08:00,200,https://inspirehep.net/api/literature?q=...The%20Formation%20of%20Black%20Holes%20in%20General%20Relativity...,https://doi.org/10.1142/9789814374552_0002,False,,"arXiv abstract (via INSPIRE): 'The subject of this work is the formation of black holes in pure general relativity, by the focusing of incoming gravitational waves. The theorems established in this monograph constitute the first foray into the long time dynamics of general relativity in the large, that is, when the initial data are no longer confined to a suitably small neighborhood of Minkowskian data. The theorems are general, no symmetry conditions on the initial data being imposed.'",T-201,AF-WCC-VAC-GEN,assessed: T-201,verified,lead-literature
SRC-042,klainermanrodnianski2012,On the formation of trapped surfaces,Sergiu Klainerman; Igor Rodnianski,2012,"Acta Mathematica 208(2), 211-333 (2012)",10.1007/s11511-012-0077-3,,https://inspirehep.net/api/literature/841287,verified-api,resolved,inspirehep-api,abstract,2026-09-11T23:29:00+08:00,200,https://inspirehep.net/api/literature?q=...On%20the%20formation%20of%20trapped%20surfaces...,https://inspirehep.net/api/literature/841287,True,,arXiv abstract: 'In a recent important breakthrough D. Christodoulou has solved a long standing problem of General Relativity of evolutionary formation of trapped surfaces in the Einstein-vacuum space-times. He has identified an open set of regular initial conditions on an outgoing null hypersurface ... leading to a formation a trapped surface ... In this paper we give a simpler proof for a finite problem by enlarging the admissible set of initial conditions ... We also reduce the number of derivatives needed in the argument from two derivatives of the curvature to just one.',T-201;T-202,AF-WCC-VAC-GEN,assessed: T-201;T-202,verified,lead-literature
SRC-043,liyu2015,Construction of Cauchy data of vacuum Einstein field equations evolving to black holes,Junbin Li; Pin Yu,2015,"Annals of Mathematics (2) 181(2), 699-768 (2015); arXiv:1207.3164",10.4007/annals.2015.181.2.6,1207.3164,https://arxiv.org/abs/1207.3164,verified-api,resolved,primary-page-fetch,abstract,2026-09-11T23:39:00+08:00,200,https://arxiv.org/abs/1207.3164,https://arxiv.org/abs/1207.3164,False,,"arXiv abstract: 'We show the existence of complete, asymptotically flat Cauchy initial data for the vacuum Einstein field equations, free of trapped surfaces, whose future development must admit a trapped surface. Moreover, the datum is exactly a constant time slice in Minkowski space-time inside and exactly a constant time slice in Kerr space-time outside. The proof makes use of the full strength of Christodoulou's work on the dynamical formation of black holes and Corvino-Schoen's work on the constructions of initial data set.' Comments: 63 pages, 1 figure.",T-203,AF-WCC-VAC-GEN,assessed: T-203,verified,lead-literature
SRC-044,an2025censor,Naked singularity censoring with anisotropic apparent horizon,Xinliang An,2025,"Annals of Mathematics (2) 201(3), 775-908 (2025)",,,https://inspirehep.net/api/literature/2743272,verified-api,resolved,inspirehep-api,abstract,2026-09-11T23:29:00+08:00,200,https://inspirehep.net/api/literature?q=...Naked%20singularity%20censoring...,https://inspirehep.net/api/literature/2743272,False,,"arXiv abstract (via INSPIRE): 'Employing the Einstein-scalar field system, we demonstrate an approach for proving high co-dimensional nonlinear instability of naked-singularity solutions as constructed by Christodoulou in [18]. We further investigate the censorship of Christodoulou's naked singularity and show that a tiny anisotropic perturbation arising from the outgoing characteristic initial data would lead to the emergence of an anisotropic apparent horizon, which covers and censors the naked singularity.'",T-101;T-105,AF-WCC-SCALAR-SPH,assessed: T-101;T-105,verified,lead-literature
SRC-045,anwu2026nonsph,Naked singularities beyond spherical symmetry: Singular inner Cauchy horizons for the Einstein-scalar field system,Xinliang An; Shengrong Wu,2026,"arXiv:2607.07134 (v1, 8 Jul 2026), 116 pages",10.48550/arXiv.2607.07134,2607.07134,https://arxiv.org/abs/2607.07134,verified-api,resolved,arxiv-api,abstract,2026-09-11T23:22:00+08:00,200,https://export.arxiv.org/api/query?search_query=all:%22weak+cosmic+censorship%22&sortBy=submittedDate,https://arxiv.org/abs/2607.07134,True,,"Abstract: 'In this work, we investigate the formation of naked singularities for the 3+1-dimensional Einstein-scalar field system without symmetry assumptions. We generalize the spherically symmetric and self-similar naked-singularity solution constructed by Christodoulou ... We show that the constructed spacetimes retain a global naked-singularity structure, characterized by an incomplete future null infinity and a singular inner Cauchy horizon. Moreover, we derive detailed asymptotics near the inner Cauchy horizon and prove the desired C^{1,kappa/(1-kappa)+} inextendibility ... This indicate",T-106,AF-WCC-SCALAR-SPH,assessed: T-106,verified,lead-literature
SRC-046,zheng2026stability,Nonlinear stability of continuously self-similar naked singularities for the Einstein-scalar field equations I: main results,Weihao Zheng,2026,"arXiv:2605.16235 (v1, 15 May 2026), 54 pages",10.48550/arXiv.2605.16235,2605.16235,https://arxiv.org/abs/2605.16235,verified-api,resolved,arxiv-api,abstract,2026-09-11T23:22:00+08:00,200,https://export.arxiv.org/api/query?search_query=all:%22weak+cosmic+censorship%22&sortBy=submittedDate,https://arxiv.org/abs/2605.16235,True,,"arXiv abstract (exact excerpt): 'This is the first part of a series of papers proving the nonlinear stability of a one-parameter family of continuously self-similar C^{1,alpha} naked singularity solutions, with 0<alpha<<1, to the spherically symmetric Einstein-scalar field equations. The stability holds for initial perturbations lying in a small open neighborhood of the data generating these naked singularity solutions, measured in a localized Holder topology. ... In complete contrast, in this paper, we obtain the first nonlinear stability of these naked singularity spacetimes under general pe",D-006;T-101;T-102;T-107,AF-WCC-SCALAR-SPH,assessed: D-006;T-101;T-102;T-107,verified,lead-literature
SRC-047,gurriaran2026kerr,Non-linear instability of the Kerr Cauchy horizon near i_+,Sebastian Gurriaran,2026,"arXiv:2603.17911 (v2, 23 Mar 2026)",10.48550/arXiv.2603.17911,2603.17911,https://arxiv.org/abs/2603.17911,verified-api,resolved,arxiv-api,abstract,2026-09-11T23:22:00+08:00,200,https://export.arxiv.org/api/query?search_query=all:%22strong+cosmic+censorship%22&sortBy=submittedDate,https://arxiv.org/abs/2603.17911,False,,"Abstract: 'We consider solutions of the Einstein vacuum equations which arise from smooth initial data on a hypersurface slightly inside a dynamical black hole settling down to a subextremal Kerr black hole, and satisfying a precise non-linear Price's law-type estimate (which we expect to hold generically). We prove that the corresponding maximal globally hyperbolic development admits a non-trivial piece of future null boundary - the Cauchy horizon - emanating from timelike infinity i_+, which exhibits a kind of curvature blow-up, and across which the spacetime metric is Lipschitz-inextendible",D-005;T-305;T-401,AF-SCC-C0-VAC-GEN;AF-SCC-C2-VAC-GEN,assessed: D-005;T-305;T-401,verified,lead-literature
SRC-048,cameron2026wns,Spherically symmetric inextendibility of weak null singularities with Christoffel symbols in L^s_loc,Peter Cameron; Jan Sbierski,2026,"arXiv:2609.05167 (v1, 4 Sep 2026)",10.48550/arXiv.2609.05167,2609.05167,https://arxiv.org/abs/2609.05167,verified-api,resolved,arxiv-api,abstract,2026-09-11T23:22:00+08:00,200,https://export.arxiv.org/api/query?search_query=all:%22strong+cosmic+censorship%22&sortBy=submittedDate,https://arxiv.org/abs/2609.05167,True,,"Abstract: 'Motivated by the strong cosmic censorship conjecture in general relativity, we prove the inextendibility of spherically symmetric weak null singularities as spherically symmetric Lorentzian manifolds with a continuous metric and Christoffel symbols in L^s_loc for s>1. ... In particular we show that these assumptions are satisfied by the Reissner-Nordstrom-Vaidya spacetime as well as by a class of spacetimes arising from small and generic spherically symmetric perturbations of subextremal Reissner-Nordstrom under the Einstein-Maxwell-scalar field system.'",D-005;T-304,"(evidence/tag only; model-class: Reissner-Nordstrom-Vaidya and Einstein-Maxwell-scalar spherical two-ended perturbations; extension class C^0 cap W^{1,s}_loc, s>1; scope_use: do-not-transfer; no class-id binding)",assessed: D-005;T-304,verified,lead-literature
SRC-049,cameron2025unique,On the uniqueness of continuous spacetime extensions in 1+1 dimensions with applications to weak null singularities,Peter Cameron; Jan Sbierski,2025,"arXiv:2511.13422 (v2, 23 Jun 2026)",10.48550/arXiv.2511.13422,2511.13422,https://arxiv.org/abs/2511.13422,verified-api,resolved,arxiv-api,abstract,2026-09-11T23:40:00+08:00,200,https://export.arxiv.org/api/query?search_query=all:%22inextendibility%22+AND+all:%22Cauchy+horizon%22,https://arxiv.org/abs/2511.13422,True,,"Abstract: 'Motivated by weak null singularities in black hole interiors, we study 1+1 dimensional Lorentzian manifolds (M,g) which admit a continuous spacetime extension across a null boundary v=0 ... we find that in general not even the C^0-structure of the extension is uniquely determined by the assumption that the metric extends continuously. However, we exhibit an interesting local-global relation regarding the C^0-structure which in particular entails its rigidity for strongly spherically symmetric continuous extensions across the Cauchy horizon of the Reissner-Nordstrom spacetime.'",T-304;T-306,(evidence/tag only),assessed: T-304;T-306,verified,lead-literature
SRC-050,lukoh2022scattering,A scattering theory approach to Cauchy horizon instability and applications to mass inflation,Jonathan Luk; Sung-Jin Oh; Yakov Shlapentokh-Rothman,2022,"Annales Henri Poincare 24, 363-411 (2023); arXiv:2201.12294",10.1007/s00023-022-01216-7,2201.12294,https://arxiv.org/abs/2201.12294,verified-api,resolved,arxiv-api,abstract,2026-09-11T23:40:00+08:00,200,https://export.arxiv.org/api/query?search_query=all:%22inextendibility%22+AND+all:%22Cauchy+horizon%22,https://arxiv.org/abs/2201.12294,True,,"Abstract: '...we prove a conditional mass inflation result for a nonlinear system, namely, the Einstein-Maxwell-(real)-scalar field system in spherical symmetry. For this model, it is known that for a generic class of Cauchy data G, the maximal globally hyperbolic future developments are C^2-future-inextendible. We prove that if a (conjectural) improved decay result holds in the exterior region, then for the maximal globally hyperbolic developments arising from initial data in G, the Hawking mass blows up identically on the Cauchy horizon.'",D-003;T-510,(evidence/tag only; model-class: Reissner-Nordstrom charged scalar / Einstein-Maxwell-real-scalar; scope_use: do-not-transfer; no class-id binding),assessed: D-003;T-510,verified,lead-literature
SRC-051,ma2023precise,Precise late-time asymptotics of scalar field in the interior of a subextreme Kerr black hole and its application in Strong Cosmic Censorship conjecture,Siyuan Ma; Lin Zhang,2023,Transactions of the AMS 376 (2023); DOI 10.1090/tran/8957; arXiv:2208.08702,10.1090/tran/8957,2208.08702,https://arxiv.org/abs/2208.08702,verified-api,resolved,arxiv-api,abstract,2026-09-11T23:40:00+08:00,200,https://export.arxiv.org/api/query?search_query=all:%22inextendibility%22+AND+all:%22Cauchy+horizon%22,https://arxiv.org/abs/2208.08702,True,,"Abstract: 'In this work, we compute the precise late-time asymptotics for the scalar field in the interior of a non-static subextreme Kerr black hole ... This provides a new proof of the generic H^1_loc-inextendibility of the Kerr Cauchy horizon against scalar perturbations that is first shown by Luk--Sbierski (J. Func. Anal., 2016).'",T-511;T-518,(evidence/tag only),assessed: T-511;T-518,verified,lead-literature
SRC-052,gautam2024tails,Late-time tails and mass inflation for the spherically symmetric Einstein-Maxwell-scalar field system,Onyx Gautam,2024,"arXiv:2412.17927 (v1, 23 Dec 2024), 84 pages",10.48550/arXiv.2412.17927,2412.17927,https://arxiv.org/abs/2412.17927,verified-api,resolved,arxiv-api,abstract,2026-09-11T23:40:00+08:00,200,https://export.arxiv.org/api/query?search_query=all:%22inextendibility%22+AND+all:%22Cauchy+horizon%22,https://arxiv.org/abs/2412.17927,True,,"Abstract: 'We establish a decay result in the black hole exterior region of spherically symmetric solutions to the Einstein-Maxwell-scalar field system arising from compactly supported admissible data. ... Indeed, Luk--Oh (arxiv:1702.05715, arxiv:1702.05716) identify a generic class of initial data that produces C^2-future-inextendible solutions. However, they leave open the question of mass inflation ... By work of Luk--Oh--Shlapentokh-Rothman (arxiv:2201.12294), our decay result implies mass inflation for sufficiently regular solutions in the generic class considered by Luk--Oh.'",T-510,(evidence/tag only),assessed: T-510,verified,lead-literature
SRC-053,chrysostomou2025note,A note on Strong Cosmic Censorship and its violation in Reissner-Nordstrom de Sitter black hole space-times,Anna Chrysostomou; Alan S. Cornell; Aldo Deandrea; Seong Chan Park,2025,"Classical and Quantum Gravity 42, 107001 (2025); arXiv:2501.12968",10.1088/1361-6382/add5b4,2501.12968,https://arxiv.org/abs/2501.12968,verified-api,resolved,arxiv-api,abstract,2026-09-11T23:40:00+08:00,200,https://export.arxiv.org/api/query?search_query=all:%22inextendibility%22+AND+all:%22Cauchy+horizon%22,https://arxiv.org/abs/2501.12968,True,,"Abstract: 'Attempts to provide a rigorous mathematical proof of Strong Cosmic Censorship has led to the formulation of several Strong Cosmic Censorship conjectures of varying strengths, which seem to be discussed rarely outside of the mathematical relativity literature. In this note, we review some of the arguments for and against Strong Cosmic Censorship preservation, with a focus on the Reissner-Nordstrom de Sitter context ...'",T-507;T-512,(evidence/tag only),assessed: T-507;T-512,verified,lead-literature
SRC-054,christodoulou2008arxiv,The Formation of Black Holes in General Relativity,Demetrios Christodoulou,2008,"arXiv:0805.3880 (v1, 26 May 2008), 594 pages; EMS Monographs in Mathematics (2009)",,0805.3880,https://arxiv.org/abs/0805.3880,verified-primary,resolved,primary-page-fetch,abstract,2026-09-11T23:52:00+08:00,200,https://arxiv.org/abs/0805.3880,https://arxiv.org/abs/0805.3880,False,SRC-041,"Abstract: 'The subject of this work is the formation of black holes in pure general relativity, by the focusing of incoming gravitational waves. The theorems established in this monograph constitute the first foray into the long time dynamics of general relativity in the large, that is, when the initial data are no longer confined to a suitably small neighborhood of Minkowskian data. The theorems are general, no symmetry conditions on the initial data being imposed.' Comments: 594 pages, 5 figures.",T-201,AF-WCC-VAC-GEN,assessed: T-201,verified,lead-literature
SRC-055,lukoh2015arxiv,Proof of linear instability of the Reissner-Nordstrom Cauchy horizon under scalar perturbations (arXiv version with journal ref),Jonathan Luk; Sung-Jin Oh,2017,"Duke Mathematical Journal 166(3), 437-493 (2017); arXiv:1501.04598",10.1215/00127094-3715189,1501.04598,https://arxiv.org/abs/1501.04598,verified-primary,resolved,primary-page-fetch,abstract,2026-09-11T23:52:00+08:00,200,https://arxiv.org/abs/1501.04598,https://arxiv.org/abs/1501.04598,False,SRC-023,"arXiv abstract (verbatim, same as published): 'We prove that generic smooth and compactly supported initial data on a Cauchy hypersurface indeed give rise to solutions with infinite nondegenerate energy near the Cauchy horizon in the interior of the black hole. In particular, the solution generically does not belong to W^{1,2}_{loc}.' Journal reference on page: Duke Math. J. 166, no. 3 (2017), 437-493; Related DOI 10.1215/00127094-3715189.",T-504,(evidence/tag only),assessed: T-504,verified,lead-literature
SRC-056,dafermos2005arxiv,The interior of charged black holes and the problem of uniqueness in general relativity (arXiv version with journal ref),Mihalis Dafermos,2005,"Communications on Pure and Applied Mathematics 58, 0445-0504 (2005); arXiv:gr-qc/0307013 (v3)",10.1002/cpa.20071,gr-qc/0307013,https://arxiv.org/abs/gr-qc/0307013,verified-primary,resolved,primary-page-fetch,abstract,2026-09-11T23:52:00+08:00,200,https://arxiv.org/abs/gr-qc/0307013,https://arxiv.org/abs/gr-qc/0307013,True,SRC-021,"Abstract: 'We establish that the heuristic mass inflation scenario put forth by Israel and Poisson is mathematically correct in the context of this initial value problem. In particular, the maximal domain of development has a future boundary, over which the spacetime is extendible as a continuous metric, but along which the Hawking mass blows up identically; thus, the spacetime is inextendible as a differentiable metric. ... This shows that under Christodoulou's C^0 formulation, the strong cosmic censorship conjecture is false for this system.' Journal reference: Comm. Pure Appl. Math. 58 (200",D-002;T-501;T-514;T-516;T-521,(evidence/tag only; model-class: Einstein-Maxwell-scalar; variant CH parent AF-SCC-C0-VAC-GEN; scope_use: do-not-transfer; no class-id binding),assessed: D-002;T-501;T-514;T-516;T-521,verified,lead-literature
SRC-057,lukoh2017partI,Strong cosmic censorship in spherical symmetry for two-ended asymptotically flat initial data I. The interior of the black hole region,Jonathan Luk; Sung-Jin Oh,2019,"arXiv:1702.05715 (v2, 22 Feb 2019), 70 pages; version accepted for publication",10.48550/arXiv.1702.05715,1702.05715,https://arxiv.org/abs/1702.05715,verified-primary,resolved,primary-page-fetch,abstract,2026-09-12T00:05:00+08:00,200,https://arxiv.org/abs/1702.05715,https://arxiv.org/abs/1702.05715,False,,"Abstract: 'This is the first and main paper of a two-part series, in which we prove the C^2-formulation of the strong cosmic censorship conjecture for the Einstein-Maxwell-(real)-scalar-field system in spherical symmetry for two-ended asymptotically flat data. For this model, it is known through the works of Dafermos and Dafermos-Rodnianski that the maximal globally hyperbolic future development of any admissible two-ended asymptotically flat Cauchy initial data set possesses a non-empty Cauchy horizon, across which the spacetime is C^0-future-extendible (in particular, the C^0-formulation of ",T-510;D-007;T-514;T-516,(evidence/tag only; model-class: Einstein-Maxwell-real-scalar spherical two-ended; scope_use: do-not-transfer; no class-id binding),assessed: T-510;D-007;T-514;T-516,verified,lead-literature
SRC-058,lukoh2017partII,Strong cosmic censorship in spherical symmetry for two-ended asymptotically flat initial data II. The exterior of the black hole region,Jonathan Luk; Sung-Jin Oh,2019,"Annals of PDE 5(1), paper no. 6, 194 pp (2019); DOI 10.1007/s40818-019-0062-7; arXiv:1702.05716",10.1007/s40818-019-0062-7,1702.05716,https://arxiv.org/abs/1702.05716,verified-primary,resolved,primary-page-fetch,abstract,2026-09-12T00:05:00+08:00,200,https://arxiv.org/abs/1702.05716,https://arxiv.org/abs/1702.05716,True,,"Abstract: '...we prove the C^2-formulation of the strong cosmic censorship conjecture for the Einstein-Maxwell-(real)-scalar-field system in spherical symmetry for two-ended asymptotically flat data. ... In this paper, we show that this lower bound is indeed satisfied for solutions arising from a generic set of Cauchy initial data. Roughly speaking, the generic set is open with respect to a (weighted) C^1 topology and is dense with respect to a (weighted) C^infinity topology.'",T-510;D-007;T-514,(evidence/tag only; model-class: Einstein-Maxwell-real-scalar spherical two-ended; scope_use: do-not-transfer; no class-id binding),assessed: T-510;D-007;T-514,verified,lead-literature
SRC-059,ringstrom2009gowdy,Strong cosmic censorship in T^3-Gowdy spacetimes,Hans Ringstrom,2009,"Annals of Mathematics (2) 170(3), 1181-1240 (2009)",10.4007/annals.2009.170.1181,,https://api.crossref.org/works/10.4007/annals.2009.170.1181,verified-api,resolved,crossref-api,metadata,2026-09-12T00:03:00+08:00,200,https://api.crossref.org/works/10.4007/annals.2009.170.1181,https://api.crossref.org/works/10.4007/annals.2009.170.1181,False,,"Crossref record: title 'Strong cosmic censorship in T^3-Gowdy spacetimes'; author Hans Ringstrom; Annals of Mathematics, volume 170, issue 3, pages 1181-1240, published 2009-11-01; DOI 10.4007/annals.2009.170.1181; reference-count 21.",T-513;T-517;T-520,(evidence/tag only),assessed: T-513;T-517;T-520,verified,lead-literature
SRC-060,dafermos2003annals,Stability and instability of the Cauchy horizon for the spherically symmetric Einstein-Maxwell-scalar field equations (Crossref record),Mihalis Dafermos,2003,"Annals of Mathematics (2) 158(3), 875-928 (2003)",10.4007/annals.2003.158.875,,https://api.crossref.org/works/10.4007/annals.2003.158.875,verified-api,resolved,crossref-api,metadata,2026-09-12T00:03:00+08:00,200,https://api.crossref.org/works/10.4007/annals.2003.158.875,https://api.crossref.org/works/10.4007/annals.2003.158.875,False,SRC-020,"Crossref record: title 'Stability and instability of the Cauchy horizon for the spherically symmetric Einstein-Maxwell-scalar field equations'; author Mihalis Dafermos; Annals of Mathematics, volume 158, issue 3, pages 875-928, published 2003-11-01; DOI 10.4007/annals.2003.158.875.",T-501;T-521,(evidence/tag only),assessed: T-501;T-521,verified,lead-literature
SRC-061,dafermos2005price,A proof of Price's law for the collapse of a self-gravitating scalar field,Mihalis Dafermos; Igor Rodnianski,2005,"Inventiones Mathematicae 162, 381-457 (2005); arXiv:gr-qc/0309115 (v3)",10.1007/s00222-005-0450-3,gr-qc/0309115,https://arxiv.org/abs/gr-qc/0309115,verified-primary,resolved,primary-page-fetch,abstract,2026-09-12T00:12:00+08:00,200,https://arxiv.org/abs/gr-qc/0309115,https://arxiv.org/abs/gr-qc/0309115,True,,"Abstract: 'In this paper, we prove a well-defined (upper bound) formulation of Price's law for the collapse of a self-gravitating scalar field with spherically symmetric initial data. We also allow the presence of an additional gravitationally coupled Maxwell field. ... When combined with previous work of the first author (gr-qc/0307013) concerning the internal structure of charged black holes, which assumed the validity of Price's law, our results can be applied to the strong cosmic censorship conjecture for the Einstein-Maxwell-real scalar field system with complete spacelike asymptotically ",D-002;T-501;T-516,AF-WCC-SCALAR-SPH (scalar-side tag retained; T-516 registers this source for the neutral-scalar case with optional Maxwell field); SCC-side frozen vacuum binding AF-SCC-C0-VAC-GEN removed; model-class: Einstein-Maxwell-(real)-scalar spherical; scope_use: do-not-transfer; no AF-SCC-*-VAC-GEN binding,assessed: D-002;T-501;T-516,verified,lead-literature
SRC-062,klainermanszeftel2021kerr,Kerr stability for small angular momentum,Sergiu Klainerman; Jeremie Szeftel,2021,"arXiv:2104.11857 (v1, 24 Apr 2021), 801 pages",10.48550/arXiv.2104.11857,2104.11857,https://arxiv.org/abs/2104.11857,verified-api,resolved,arxiv-api,abstract,2026-09-12T00:12:00+08:00,200,https://export.arxiv.org/api/query?search_query=au:Klainerman+AND+ti:Kerr,https://arxiv.org/abs/2104.11857,True,,"Abstract: 'This is our main paper in a series in which we prove the full, unconditional, nonlinear stability of the Kerr family Kerr(a,m) for small angular momentum, i.e. |a|/m << 1, in the context of asymptotically flat solutions of the Einstein vacuum equations (EVE). ... We note that the restriction to small angular momentum appears only in connection to Morawetz type estimates in [GKS2] and [KS:Kerr-B].' 801 pages.",T-206;T-301;T-515;T-528,AF-SCC-C0-VAC-GEN;AF-WCC-VAC-GEN,assessed: T-206;T-301;T-515;T-528,verified,lead-literature
SRC-063,hafner2025linear,Linear stability of Kerr black holes in the full subextremal range,Dietrich Hafner; Peter Hintz; Andras Vasy,2025,"arXiv:2506.21183 (v1, 26 Jun 2025), 25 pages",10.48550/arXiv.2506.21183,2506.21183,https://arxiv.org/abs/2506.21183,verified-api,resolved,arxiv-api,abstract,2026-09-12T00:12:00+08:00,200,https://export.arxiv.org/api/query?search_query=ti:%22stability+of+Kerr%22,https://arxiv.org/abs/2506.21183,False,,"Abstract: 'We prove, unconditionally, the linear stability of the Kerr family in the full subextremal range. On an analytic level, our proof is the same as that of our earlier paper in the slowly rotating case. The additional ingredients we use are, firstly, the mode stability result proved by Andersson, Whiting, and the first author and, secondly, computations related to the zero energy behavior of the linearized gauge-fixed Einstein equation in work by the second author.'",T-301;T-515;T-528,AF-SCC-C0-VAC-GEN;AF-WCC-VAC-GEN,assessed: T-301;T-515;T-528,verified,lead-literature
SRC-064,hintz2025conditional,Conditional non-linear stability of Kerr-de Sitter spacetimes in the full subextremal range,Peter Hintz; Oliver Petersen; Andras Vasy,2025,"arXiv:2508.06620 (v1, 8 Aug 2025), 69 pages",10.48550/arXiv.2508.06620,2508.06620,https://arxiv.org/abs/2508.06620,verified-api,resolved,arxiv-api,abstract,2026-09-12T00:12:00+08:00,200,https://export.arxiv.org/api/query?search_query=ti:%22stability+of+Kerr%22,https://arxiv.org/abs/2508.06620,False,,"Abstract: 'We show the stability of Kerr-de Sitter black holes, in the full subextremal range, as solutions of the vacuum Einstein equation with a positive cosmological constant under the assumption that mode stability holds for these spacetimes. The method is similar to the (unconditional) proof in the slowly rotating case by Hintz and Vasy.'",T-515,AF-SCC-C0-VAC-GEN;AF-WCC-VAC-GEN,assessed: T-515,verified,lead-literature
SRC-065,chen2024horizon,Regularity of the future event horizon in perturbations of Kerr,Xuantao Chen; Sergiu Klainerman,2024,"arXiv:2409.05700 (v1, 9 Sep 2024)",10.48550/arXiv.2409.05700,2409.05700,https://arxiv.org/abs/2409.05700,verified-api,resolved,arxiv-api,abstract,2026-09-12T00:12:00+08:00,200,https://export.arxiv.org/api/query?search_query=au:Klainerman+AND+ti:Kerr,https://arxiv.org/abs/2409.05700,False,,"Abstract: 'The goal of the paper is to show that the event horizons of the spacetimes constructed in [KS], see also [KS-Schw], in the proof of the nonlinear stability of slowly rotating Kerr spacetimes K(a0,m0), are necessarily smooth null hypersurfaces. Moreover we show that the result remains true for the entire range of |a0|/m0 for which stability can be established.'",T-301;T-515,AF-SCC-C0-VAC-GEN;AF-WCC-VAC-GEN,assessed: T-301;T-515,verified,lead-literature
SRC-066,luksbierski2016,Instability results for the wave equation in the interior of Kerr black holes,Jonathan Luk; Jan Sbierski,2016,"arXiv:1512.08259 (v2, 30 Jun 2016); Journal of Functional Analysis (2016) per secondary citation",,1512.08259,https://arxiv.org/abs/1512.08259,verified-api,resolved,arxiv-api,abstract,2026-09-12T00:20:00+08:00,200,https://export.arxiv.org/api/query?search_query=ti:%22Instability+results+for+the+wave+equation%22,https://arxiv.org/abs/1512.08259,True,,"Abstract: 'We prove that a large class of smooth solutions psi to the linear wave equation Box_g psi=0 on subextremal rotating Kerr spacetimes which are regular and decaying along the event horizon become singular at the Cauchy horizon. More precisely, we show that assuming appropriate upper and lower bounds on the energy along the event horizon, the solution has infinite (non-degenerate) energy on any spacelike hypersurfaces intersecting the Cauchy horizon transversally. ... the assumed upper and lower bounds required for our theorem are conjectured to hold for solutions arising from generic ",T-511;T-518,(evidence/tag only),assessed: T-511;T-518,verified,lead-literature
SRC-067,an2025annals,Naked singularity censoring with anisotropic apparent horizon (Crossref record),Xinliang An,2025,"Annals of Mathematics (2) 201(3), 775-908 (2025)",10.4007/annals.2025.201.3.3,,https://api.crossref.org/works/10.4007/annals.2025.201.3.3,verified-api,resolved,crossref-api,metadata,2026-09-12T00:20:00+08:00,200,https://api.crossref.org/works/10.4007/annals.2025.201.3.3,https://api.crossref.org/works/10.4007/annals.2025.201.3.3,False,SRC-044,"Crossref record: title 'Naked singularity censoring with anisotropic apparent horizon'; author Xinliang An (National University of Singapore); Annals of Mathematics, volume 201, issue 3, published 2025-05-01; DOI 10.4007/annals.2025.201.3.3.",T-105,AF-WCC-SCALAR-SPH,assessed: T-105,verified,lead-literature
SRC-068,rodnianski2023annals,Naked singularities for the Einstein vacuum equations: The exterior solution (Crossref record),Igor Rodnianski; Yakov Shlapentokh-Rothman,2023,"Annals of Mathematics (2) 198(1), 231-391 (2023)",10.4007/annals.2023.198.1.3,1912.08478,https://api.crossref.org/works/10.4007/annals.2023.198.1.3,verified-api,resolved,crossref-api,metadata,2026-09-12T00:20:00+08:00,200,https://api.crossref.org/works/10.4007/annals.2023.198.1.3,https://api.crossref.org/works/10.4007/annals.2023.198.1.3,False,SRC-002,"Crossref record: title 'Naked singularities for the Einstein vacuum equations: The exterior solution'; authors Igor Rodnianski (Princeton) and Yakov Shlapentokh-Rothman (Toronto); Annals of Mathematics, volume 198, issue 1, published 2023-07-01; DOI 10.4007/annals.2023.198.1.3.",T-208,AF-WCC-VAC-GEN,assessed: T-208,verified,lead-literature
SRC-069,chrusciel1990gowdy,Strong cosmic censorship in polarised Gowdy spacetimes,Piotr T. Chrusciel; James Isenberg; Vincent Moncrief,1990,"Classical and Quantum Gravity 7(10), 1671-1680 (1990)",10.1088/0264-9381/7/10/003,,https://inspirehep.net/api/literature/311851,verified-api,resolved,inspirehep-api,abstract,2026-09-12T00:22:00+08:00,200,https://inspirehep.net/api/literature?q=a%20Chrusciel%20and%20t%20%22strong%20cosmic%20censorship%22,https://inspirehep.net/api/literature/311851,False,,"IOP abstract: 'The strong cosmic censorship conjecture says that most spacetimes developed as solutions of Einstein's equations from prescribed initial data cannot be extended outside of their domains of dependence. Here, the authors discuss results which show that if they restrict attention to the polarised Gowdy spacetimes, strong cosmic censorship holds. More specifically, these results show that in the space of Cauchy data for polarised Gowdy spacetimes, there is an open dense subset for which the maximal globally hyperbolic development is inextendible. Among the Gowdy spacetimes which can",T-513;T-517,(evidence/tag only),assessed: T-513;T-517,verified,lead-literature
SRC-070,rossetti2025scc,Strong cosmic censorship for the spherically symmetric Einstein-Maxwell-charged-Klein-Gordon system with positive Lambda: stability of the Cauchy horizon and H^1 extensions,Flavio Rossetti,2025,"Annales Henri Poincare 26, 675-753 (2025); arXiv:2309.14420 (v3)",10.1007/s00023-024-01454-x,2309.14420,https://arxiv.org/abs/2309.14420,verified-primary,resolved,arxiv-api,abstract,2026-09-12T00:30:00+08:00,200,https://export.arxiv.org/api/query?search_query=ti:%22Strong+Cosmic+Censorship+for+the+Spherically+Symmetric%22,https://arxiv.org/abs/2309.14420,True,,"Abstract: 'We investigate the interior of a dynamical black hole as described by the Einstein-Maxwell-charged-Klein-Gordon system ... In this context, we show the existence of C^0 spacetime extensions beyond CH^+. Moreover, if the scalar field decays at a sufficiently fast rate along H^+, we show that the renormalized Hawking mass remains bounded for a large set of initial data. ... In this no-mass-inflation scenario, which includes near-extremal solutions, we further prove that the spacetime can be extended across the Cauchy horizon with continuous metric, Christoffel symbols in L^2_loc and s",T-519,(evidence/tag only),assessed: T-519,verified,lead-literature
SRC-071,ringstrom2009gowdy-abstract,Strong cosmic censorship in T^3-Gowdy spacetimes (OpenAlex abstract reconstruction),Hans Ringstrom,2009,"Annals of Mathematics (2) 170(3), 1181-1240 (2009)",10.4007/annals.2009.170.1181,,https://api.openalex.org/works/doi:10.4007/annals.2009.170.1181,verified-api,resolved,openalex-api,abstract,2026-09-12T00:32:00+08:00,200,https://api.openalex.org/works/doi:10.4007/annals.2009.170.1181,https://api.openalex.org/works/doi:10.4007/annals.2009.170.1181,True,SRC-059,"Reconstructed abstract (OpenAlex inverted index): '...it is then natural to make the strong cosmic censorship conjecture, which states that for generic initial data, the MGHD is inextendible. ... Here, we [consider] T^3-Gowdy spacetimes. In a previous paper, we introduced a set [of initial data] ... proved [it] is open ... C^1-topology. The solutions corresponding ... have the following properties. First, [they are C^2]-inextendible. Second, [for a] causal geodesic [with] time direction, it is either complete, or [a] curvature invariant, [the] Kretschmann scalar, is unbounded along [it] ... Th",T-520,(evidence/tag only),assessed: T-520,verified,lead-literature
SRC-072,dafermos2003-abstract,Stability and instability of the Cauchy horizon for the spherically symmetric Einstein-Maxwell-scalar field equations (OpenAlex abstract reconstruction),Mihalis Dafermos,2003,"Annals of Mathematics (2) 158(3), 875-928 (2003)",10.4007/annals.2003.158.875,,https://api.openalex.org/works/doi:10.4007/annals.2003.158.875,verified-api,resolved,openalex-api,abstract,2026-09-12T00:32:00+08:00,200,https://api.openalex.org/works/doi:10.4007/annals.2003.158.875,https://api.openalex.org/works/doi:10.4007/annals.2003.158.875,False,SRC-020,"Reconstructed abstract (OpenAlex inverted index): 'This paper considers a trapped characteristic initial value problem for the spherically symmetric Einstein-Maxwell-scalar field equations. For an open set of initial data whose closure contains in particular Reissner-Nordstrom data, the future boundary of the maximal domain of development is found to be a light-like surface along which the curvature blows up, and yet the metric can be continuously extended beyond it. This result is related to the strong cosmic censorship conjecture of Roger Penrose.'",D-002;T-521,AF-SCC-C0-VAC-GEN,assessed: D-002;T-521,verified,lead-literature
SRC-073,choquetbruhat1969,Global aspects of the Cauchy problem in general relativity,Yvonne Choquet-Bruhat; Robert P. Geroch,1969,"Communications in Mathematical Physics 14(4), 329-335 (1969)",10.1007/BF01645389,,https://inspirehep.net/api/literature/59617,verified-api,resolved,inspirehep-api,abstract,2026-09-12T00:45:00+08:00,200,https://inspirehep.net/api/literature?q=t%20%22Global%20aspects%20of%20the%20Cauchy%20problem%22...,https://inspirehep.net/api/literature/59617,False,,"Springer abstract: 'It is shown that, given any set of initial data for Einstein's equations which satisfy the constraint conditions, there exists a development of that data which is maximal in the sense that it is an extension of every other development. These maximal developments form a well-defined class of solutions of Einstein's equations. Any solution of Einstein's equations which has a Cauchy surface may be embedded in exactly one such maximal development.'",D-008,(evidence/tag only),assessed: D-008,verified,lead-literature
SRC-074,guo2023euler,Naked singularities in the Einstein-Euler system,Yan Guo; Mahir Hadzic; Juhi Jang,2023,"Annals of PDE 9(1), 4 (2023)",10.1007/s40818-022-00144-3,,https://inspirehep.net/api/literature/1994913,verified-api,resolved,inspirehep-api,abstract,2026-09-12T00:45:00+08:00,200,https://inspirehep.net/api/literature?q=t%20%22Naked%20singularities%20in%20the%20Einstein-Euler%20system%22...,https://inspirehep.net/api/literature/1994913,True,,"Springer abstract: 'In 1990, based on numerical and formal asymptotic analysis, Ori and Piran predicted the existence of selfsimilar spacetimes, called relativistic Larson-Penston solutions, that can be suitably flattened to obtain examples of spacetimes that dynamically form naked singularities from smooth initial data, and solve the radially symmetric Einstein-Euler system. ... We provide a rigorous mathematical proof. ... we reformulate the problem in double-null gauge to flatten the selfsimilar profile and thus obtain an asymptotically flat spacetime with an isolated naked singularity.'",T-522,(evidence/tag only),assessed: T-522,verified,lead-literature
SRC-075,liu2018robust,A robust proof of the instability of naked singularities of a scalar field in spherical symmetry,Jue Liu; Junbin Li,2018,"Communications in Mathematical Physics 363(2), 561-578 (2018)",10.1007/s00220-018-3157-1,1710.02922,https://arxiv.org/abs/1710.02922,verified-api,resolved,inspirehep-api,abstract,2026-09-12T00:45:00+08:00,200,https://inspirehep.net/api/literature?q=t%20%22robust%20proof%20of%20the%20instability%20of%20naked%20singularities%22...,https://arxiv.org/abs/1710.02922,False,,"Springer abstract: 'Published in 1999, Christodoulou proved that the naked singularities of a self-gravitating scalar field are not stable in spherical symmetry and therefore the cosmic censorship conjecture is true in this context. The original proof is by contradiction and sharp estimates are obtained strictly depending on spherical symmetry. In this paper, appropriate a priori estimates for the solution are obtained. These estimates are more relaxed but sufficient for giving another robust argument in proving the instability, in particular not by contradiction.'",T-523;T-524,AF-WCC-SCALAR-SPH,assessed: T-523;T-524,verified,lead-literature
SRC-076,li2022perturbations,Instability of spherical naked singularities of a scalar field under gravitational perturbations,Junbin Li; Jue Liu,2022,"Journal of Differential Geometry 120(1), 97-197 (2022)",10.4310/jdg/1641413698,,https://inspirehep.net/api/literature/1628972,verified-api,resolved,inspirehep-api,abstract,2026-09-12T00:45:00+08:00,200,https://inspirehep.net/api/literature?q=t%20%22Instability%20of%20spherical%20naked%20singularities%22...,https://inspirehep.net/api/literature/1628972,True,,"Lehigh University abstract: 'In this paper, we initiate the study of the instability of naked singularities beyond spherical symmetry. ... It is shown that, arbitrarily fixing the initial scalar field, the set of the initial conformal metrics on the outgoing null cone such that the maximal future development does not have any sequences of closed trapped surfaces approaching the singularity, is of first category in the whole space in which the shear tensors are continuous. ... the set of the initial conformal metrics such that the maximal future development has at least one closed trapped surfa",T-524,AF-WCC-SCALAR-SPH,assessed: T-524,verified,lead-literature
SRC-077,singh2025approx,A construction of approximately self-similar naked singularities for the spherically symmetric Einstein-scalar field system,Jaydeep Singh,2025,"Annales Henri Poincare 26(7), 2355-2465 (2025)",10.1007/s00023-024-01489-0,,https://inspirehep.net/api/literature/2168006,verified-api,resolved,inspirehep-api,abstract,2026-09-12T00:45:00+08:00,200,https://inspirehep.net/api/literature?q=t%20%22approximately%20self-similar%20naked%20singularities%22...,https://inspirehep.net/api/literature/2168006,True,,"Springer abstract: 'In this work, we identify stable perturbations of k-self-similar naked singularities, in the full parameter range k^2 in (0,1/3). As a consequence, we provide a dynamical construction of naked singularity interior and exterior regions outside of exact self-similarity ... This data is required to satisfy conditions consistent with the absence of a blue-shift instability and is therefore non-generic. The argument combines a backwards stability argument in the interior region with a global existence problem in the exterior region, adapting techniques developed by Rodnianski an",T-525,AF-WCC-SCALAR-SPH,assessed: T-525,verified,lead-literature
SRC-078,hintz2026kerrstab,Nonlinear stability of subextremal Kerr black holes,Peter Hintz,2026,"arXiv:2606.28253 (v2, 3 Aug 2026), 339 pages; preprint",10.48550/arXiv.2606.28253,2606.28253,https://arxiv.org/abs/2606.28253,verified-api,resolved,arxiv-api,abstract,2026-09-11T23:36:00+08:00,200,https://export.arxiv.org/api/query?search_query=ti:%22nonlinear+stability%22+AND+ti:Kerr,https://arxiv.org/abs/2606.28253,True,,"Abstract: 'We settle the global nonlinear stability problem for the family of Kerr black holes in the full subextremal range: spacetimes evolving from initial data close to those of a subextremal Kerr black hole as solutions of the Einstein vacuum equation Ric(g)=0 settle down to a nearby member of the Kerr family at the rate O(t_*^{-2-eps}) in spatially compact regions. For the initial data, we require O(r^{-1-eps_0})-decay for eps_0>0 ... We work directly with the tensorial equation ...' Comments: 339 pages, 21 figures. v2: fixed typos, updated references, improved exposition.",T-401;T-515;T-528,AF-SCC-C0-VAC-GEN;AF-SCC-C2-VAC-GEN;AF-WCC-VAC-GEN,assessed: T-401;T-515;T-528,verified,lead-literature
SRC-079,hintz2026constraint,Constraint damping on subextremal Kerr spacetimes,Peter Hintz,2026,"arXiv:2606.27658 (v1, 26 Jun 2026), 100 pages; preprint",10.48550/arXiv.2606.27658,2606.27658,https://arxiv.org/abs/2606.27658,verified-api,resolved,arxiv-api,abstract,2026-09-11T23:36:00+08:00,200,https://export.arxiv.org/api/query?search_query=au:Hintz+AND+ti:%22constraint+damping%22,https://arxiv.org/abs/2606.27658,True,,Abstract: '...we show that an enhanced form of constraint damping can be implemented for the linearization of the Einstein equations around any subextremal Kerr black hole metric. The results proved here are a key ingredient in the author's proof of the nonlinear stability of the subextremal Kerr family.',T-515;T-528,AF-SCC-C0-VAC-GEN;AF-WCC-VAC-GEN,assessed: T-515;T-528,verified,lead-literature
SRC-080,luksbierski2026wns,The formation of a weak null singularity in the interior of generic rotating black holes,Jonathan Luk; Jan Sbierski,2026,"arXiv:2604.04877 (v1, 6 Apr 2026); preprint",10.48550/arXiv.2604.04877,2604.04877,https://arxiv.org/abs/2604.04877,verified-primary,resolved,primary-page-fetch,abstract,2026-09-11T23:37:00+08:00,200,https://arxiv.org/abs/2604.04877,https://arxiv.org/abs/2604.04877,False,,"Abstract: 'Given a characteristic initial value problem with smooth data representing a dynamical event horizon settling down to that of Kerr in the subextremal, strictly rotating range with suitable upper and lower bounds, we prove that a weak null singularity forms, across which the spacetime metric is continuously extendible but not Lipschitz extendible. The bulk of the proof is a stability argument showing that a dynamical Teukolsky field can be approximated by a linear Teukolsky field, whose linear instability was proved in previous works.'",T-401;T-526;T-527,AF-SCC-C0-VAC-GEN;AF-SCC-C2-VAC-GEN,assessed: T-401;T-526;T-527,verified,lead-literature
SRC-081,sbierski2025lipschitz,Lipschitz inextendibility of weak null singularities from curvature blow-up,Jan Sbierski,2025,"arXiv:2409.18838 (v2, Nov 2025), 25 pages; accepted for publication in Inventiones Mathematicae (per arXiv comment)",10.48550/arXiv.2409.18838,2409.18838,https://arxiv.org/abs/2409.18838,verified-api,resolved,arxiv-api,abstract,2026-09-11T23:36:00+08:00,200,https://export.arxiv.org/api/query?search_query=au:Sbierski&sortBy=submittedDate,https://arxiv.org/abs/2409.18838,True,,"Abstract: 'We prove the C^{0,1}_loc-inextendibility of weak null singularities without any symmetry assumptions. The proof introduces a new strategy to infer C^{0,1}_loc-inextendibility from the blow-up of curvature. The assumed blow-up is expected to be satisfied for weak null singularities in the interior of generic rotating black holes. Thus, we expect the result presented here to directly contribute to the resolution of the C^{0,1}_loc-formulation of the strong cosmic censorship conjecture in a neighbourhood of subextremal Kerr.' Comments: v2: 25 pages, 4 figures, significantly expanded ve",T-401;T-526;T-527,AF-SCC-C0-VAC-GEN;AF-SCC-C2-VAC-GEN,assessed: T-401;T-526;T-527,verified,lead-literature
SRC-082,sbierski2026note,A note on the instability of the Kerr Cauchy horizon under linearised gravitational perturbations,Jan Sbierski,2026,"arXiv:2604.06283 (v1, 7 Apr 2026), preprint",10.48550/arXiv.2604.06283,2604.06283,https://arxiv.org/abs/2604.06283,verified-api,resolved,arxiv-api,abstract,2026-09-11T23:36:00+08:00,200,https://export.arxiv.org/api/query?search_query=all:%22Kerr+Cauchy+horizon%22&sortBy=submittedDate,https://arxiv.org/abs/2604.06283,False,,Abstract: 'This note slightly strengthens the result of arXiv:2201.12295 on the linear instability of the Kerr Cauchy horizon. This strengthened result is used in the proof arXiv:2604.04877 of the non-linear instability of the Kerr Cauchy horizon.',T-526,AF-SCC-C0-VAC-GEN;AF-SCC-C2-VAC-GEN,assessed: T-526,verified,lead-literature
SRC-083,gurriaran2025spin2,Precise asymptotics of the spin +2 Teukolsky field in the Kerr black hole interior,Sebastian Gurriaran,2025,"Communications in Mathematical Physics 406, 152 (2025); arXiv:2409.02670",10.1007/s00220-025-05332-3,2409.02670,https://arxiv.org/abs/2409.02670,verified-api,resolved,arxiv-api,abstract,2026-09-11T23:36:00+08:00,200,https://export.arxiv.org/api/query?search_query=all:%22Kerr+Cauchy+horizon%22&sortBy=submittedDate,https://arxiv.org/abs/2409.02670,True,,"Abstract: 'Using a purely physical-space analysis, we prove the precise oscillatory blow-up asymptotics of the spin +2 Teukolsky field in the interior of a subextremal Kerr black hole. In particular, this work gives a new proof of the blueshift instability of the Kerr Cauchy horizon against linearized gravitational perturbations ... In that sense, this work supports the Strong Cosmic Censorship conjecture in Kerr spacetimes.' Journal ref: Commun. Math. Phys. 406 (2025) 152; DOI 10.1007/s00220-025-05332-3.",T-526,AF-SCC-C0-VAC-GEN;AF-SCC-C2-VAC-GEN,assessed: T-526,verified,lead-literature
SRC-084,gurriaran2025spinminus2,Generic linearized curvature singularity at the perturbed Kerr Cauchy horizon,Sebastian Gurriaran,2025,"arXiv:2503.24114 (v1, 31 Mar 2025), preprint",10.48550/arXiv.2503.24114,2503.24114,https://arxiv.org/abs/2503.24114,verified-api,resolved,arxiv-api,abstract,2026-09-11T23:36:00+08:00,200,https://export.arxiv.org/api/query?search_query=all:%22Kerr+Cauchy+horizon%22&sortBy=submittedDate,https://arxiv.org/abs/2503.24114,False,,"Abstract: 'We prove the precise asymptotics of the spin -2 Teukolsky field in the interior and along the Cauchy horizon of a subextremal Kerr black hole. Together with the oscillatory blow-up asymptotics of the spin +2 Teukolsky field proven in our previous work, our result suggests that generic perturbations of a Kerr black hole build up to form a coordinate-independent curvature singularity at the Cauchy horizon. This supports the Strong Cosmic Censorship conjecture in Kerr spacetimes.'",T-526,AF-SCC-C0-VAC-GEN;AF-SCC-C2-VAC-GEN,assessed: T-526,verified,lead-literature
SRC-085,sbierski2022linear,Instability of the Kerr Cauchy horizon under linearised gravitational perturbations,Jan Sbierski,2023,Annals of PDE (accepted per arXiv comment); arXiv:2201.12295 (v2),10.48550/arXiv.2201.12295,2201.12295,https://arxiv.org/abs/2201.12295,verified-api,resolved,arxiv-api,abstract,2026-09-11T23:36:00+08:00,200,https://export.arxiv.org/api/query?search_query=all:%22Kerr+Cauchy+horizon%22&sortBy=submittedDate,https://arxiv.org/abs/2201.12295,False,,"Abstract: 'This paper establishes a mathematical proof of the blue-shift instability at the sub-extremal Kerr Cauchy horizon for the linearised vacuum Einstein equations. More precisely, we exhibit conditions on the s=+2 Teukolsky field, consisting of suitable integrated upper and lower bounds on the decay along the event horizon, that ensure that the Teukolsky field, with respect to a frame that is regular at the Cauchy horizon, becomes singular. The conditions are in particular satisfied by solutions of the Teukolsky equation arising from generic and compactly supported initial data by the r",T-526,AF-SCC-C0-VAC-GEN;AF-SCC-C2-VAC-GEN,assessed: T-526,verified,lead-literature
SRC-086,lukoh2019annals,"Strong cosmic censorship in spherical symmetry for two-ended asymptotically flat initial data I (Crossref record, published version)",Jonathan Luk; Sung-Jin Oh,2019,"Annals of Mathematics (2) 190(1), 1-111 (2019)",10.4007/annals.2019.190.1.1,1702.05715,https://api.crossref.org/works/10.4007/annals.2019.190.1.1,verified-api,resolved,crossref-api,metadata,2026-09-11T23:41:00+08:00,200,https://api.crossref.org/works/10.4007/annals.2019.190.1.1,https://api.crossref.org/works/10.4007/annals.2019.190.1.1,False,SRC-057,"Crossref record: title 'Strong cosmic censorship in spherical symmetry for two-ended asymptotically flat initial data I. The interior of the black hole region'; authors Jonathan Luk, Sung-Jin Oh; Annals of Mathematics (2), volume 190, issue 1, published 2019-07-01; DOI 10.4007/annals.2019.190.1.1.",T-514,(evidence/tag only),assessed: T-514,verified,lead-literature
SRC-087,sbierski2022duke,"On holonomy singularities in general relativity and the C^{0,1}_loc-inextendibility of space-times (Crossref record, published version)",Jan Sbierski,2022,Duke Mathematical Journal 171(14) (2022),10.1215/00127094-2022-0040,2007.12049,https://api.crossref.org/works/10.1215/00127094-2022-0040,verified-api,resolved,crossref-api,metadata,2026-09-11T23:41:00+08:00,200,https://api.crossref.org/works/10.1215/00127094-2022-0040,https://api.crossref.org/works/10.1215/00127094-2022-0040,False,SRC-024,"Crossref record: title 'On holonomy singularities in general relativity and the C^{0,1}_loc-inextendibility of space-times'; author Jan Sbierski (Oxford); Duke Mathematical Journal, volume 171, issue 14, published 2022-10-01; DOI 10.1215/00127094-2022-0040.",T-506,(evidence/tag only),assessed: T-506,verified,lead-literature
SRC-088,dafermos2018arxiv,Rough initial data and the strength of the blue-shift instability on cosmological black holes with Lambda > 0 (arXiv record),Mihalis Dafermos; Yakov Shlapentokh-Rothman,2018,"arXiv:1805.08764 (v2, 18 Jun 2018); Class. Quantum Grav. 35 (2018) 195010",10.1088/1361-6382/aadbcf,1805.08764,https://arxiv.org/abs/1805.08764,verified-primary,resolved,primary-page-fetch,abstract,2026-09-11T23:41:00+08:00,200,https://arxiv.org/abs/1805.08764,https://arxiv.org/abs/1805.08764,True,SRC-033,"arXiv page confirms title and abstract: '...by slightly relaxing the smoothness assumption on initial data, we are able to prove the analogue of the Christodoulou statement in the affirmative, i.e. we show that for generic data in our allowed class, the local energy blow-up statement indeed holds at the Cauchy horizon, for all subextremal black hole parameter ranges.' Related DOI: 10.1088/1361-6382/aadbcf.",T-508,(evidence/tag only),assessed: T-508,verified,lead-literature
SRC-089,luksbierski2016jfa,Instability results for the wave equation in the interior of Kerr black holes (Crossref record),Jonathan Luk; Jan Sbierski,2016,"Journal of Functional Analysis 271(7), 1948-1995 (2016)",10.1016/j.jfa.2016.06.013,1512.08259,https://api.crossref.org/works/10.1016/j.jfa.2016.06.013,verified-api,resolved,crossref-api,metadata,2026-09-11T23:41:00+08:00,200,https://api.crossref.org/works/10.1016/j.jfa.2016.06.013,https://api.crossref.org/works/10.1016/j.jfa.2016.06.013,False,SRC-066,"Crossref record: title 'Instability results for the wave equation in the interior of Kerr black holes'; authors Jonathan Luk, Jan Sbierski; Journal of Functional Analysis, volume 271, issue 7, pages 1948-1995, published 2016-10; DOI 10.1016/j.jfa.2016.06.013.",T-511;T-518,(evidence/tag only),assessed: T-511;T-518,verified,lead-literature
SRC-090,chrusciel1991candidate,"On uniqueness in the large of solutions of Einstein's equations (""strong cosmic censorship"")",Piotr T. Chrusciel,1992,"Contemporary Mathematics 132, Mathematical Aspects of Classical Field Theory, American Mathematical Society, pp. 235-273 (1992); open copy of the same title: Proc. Centre Math. Appl. Austral. Nat. Univ. 27 (1991), ISBN 0 7315 0443 7, 136 pp",10.1090/conm/132/1188443,,https://www.math.tecnico.ulisboa.pt/~jnatar/nonarxivpapers/Chrusciel.pdf,verified-primary,resolved,open-copy PDF + OCR text-layer extraction (worker-09); quote re-checked by lead against the extracted text,full-text,2026-09-12T00:07:52+08:00,200,"https://www.math.tecnico.ulisboa.pt/~jnatar/nonarxivpapers/Chrusciel.pdf (§1.3, p. 19)",https://www.math.tecnico.ulisboa.pt/~jnatar/nonarxivpapers/Chrusciel.pdf,False,,"Section 1.3, p. 19: ""Strong Cosmic Censorship Conjecture (SCCC): Every maximal Hausdorff development of a generic Cauchy data set (Sigma,g,K), with (Sigma,g) compact or asymptotically flat, is globally hyperbolic."" Followed by: ""This conjecture is often formulated in the C^k context, and a breakdown of C^k differentiability class of the metric on a globally hyperbolic manifold is considered as a breakdown of validity of the conjecture."" [OCR-normalised: the scan renders Sigma as 'L'; lead verified this passage in artifacts/worker-09/extracted/chrusciel1992_text.txt line 575.]",,(evidence/tag only),assessed_no_binding: Section 1.3 p. 19 read: SCCC stated for an unspecified C^k class. It cannot be quoted as the C^0 or the C^2 formulation and does not define D-004's L^2-Christoffel version; no theorem row cites it. The 1991 ANU edition and the 1992 AMS version are the same title in different proceedings.,verified,astra-lead-literature
SRC-091,hintz2026wavesII,"(Non-)Linear waves on asymptotically flat spacetimes. II: trapping, bound states, nonlinear applications",Peter Hintz,2026,"arXiv:2606.28008 (v1, 26 Jun 2026), 285 pages; preprint",10.48550/arXiv.2606.28008,2606.28008,https://arxiv.org/abs/2606.28008,verified-api,resolved,arxiv-api,abstract,2026-09-11T23:45:00+08:00,200,https://export.arxiv.org/api/query?search_query=au:Hintz&sortBy=submittedDate,https://arxiv.org/abs/2606.28008,True,,"Abstract: 'We study wave-type equations on dynamical spacetimes that settle down to a subextremal Kerr black hole spacetime. ... this estimate is moreover tame in the b-regularity order, as needed for its applicability in a Nash-Moser iteration scheme. ... The results proved here are, moreover, crucial ingredients in the author's proof of the nonlinear stability of subextremal Kerr black holes.' 285 pages.",T-515;T-528,AF-SCC-C0-VAC-GEN;AF-WCC-VAC-GEN,assessed: T-515;T-528,verified,lead-literature
SRC-092,christodoulou1999cqg,On the global initial value problem and the issue of singularities,Demetrios Christodoulou,1999,"Classical and Quantum Gravity 16(12A), A23-A35 (1999)",10.1088/0264-9381/16/12A/302,,https://api.crossref.org/works/10.1088/0264-9381/16/12A/302,verified-api,resolved,openalex-api abstract (reconstructed from inverted index); crossref-api identifier,abstract,2026-09-12T00:07:52+08:00,200,https://api.openalex.org/works/doi:10.1088/0264-9381/16/12A/302,https://api.openalex.org/works/doi:10.1088/0264-9381/16/12A/302,False,,"OpenAlex abstract: ""In the first part of the paper we discuss what is known at present about the global initial value problem for the vacuum Einstein equations with general asymptotically flat initial data. We then give precise formulations of cosmic censorship conjectures. ... In the second part I discuss my work on the spherically symmetric Einstein equations with a real massless scalar field as a material model.""",,(evidence/tag only),assessed_no_binding: Abstract-level only (OpenAlex reconstruction). The exact wording of the 'precise formulations' is behind the IOP paywall and not machine-readable; the abstract does not entail either D-002 or D-003. Must not be quoted for the C^0 or C^2 formulation until page-checked.,verified,astra-lead-literature
SRC-093,dafermos2009redshift,The red-shift effect and radiation decay on black hole spacetimes,Mihalis Dafermos; Igor Rodnianski,2009,"Communications on Pure and Applied Mathematics 62, 859-919 (2009); arXiv:gr-qc/0512119",10.1002/cpa.20281,gr-qc/0512119,https://arxiv.org/abs/gr-qc/0512119,verified-api,resolved,arxiv-abs-page + crossref-api (lead re-fetch),abstract,2026-09-12T00:07:52+08:00,200,https://arxiv.org/abs/gr-qc/0512119,https://arxiv.org/abs/gr-qc/0512119,False,SRC-033,"Abstract: ""We consider solutions to the linear wave equation on a (maximally extended) Schwarzschild spacetime, assuming only that the solution decays suitably at spatial infinity on a complete Cauchy hypersurface. (In particular, we allow the support of the solution to contain the bifurcate event horizon.) We prove uniform decay bounds for the solution in the exterior regions, including the uniform bound Cv_+^{-1}, where v_+ denotes max{v,1} and v denotes Eddington-Finkelstein advanced time. We also prove uniform decay bounds for the flux of energy through the event horizon and null infinity.",,(evidence/tag only),"assessed_no_binding: Background perturbative red-shift/decay estimate; deliberately not attached to a theorem row. It must NOT be cited as evidence for or against SCC, C^0-inextendibility, or C^2-inextendibility. T-516 (Price's law) cites the companion 2005 paper (SRC-061/SRC-056/SRC-057), not this one.",verified,astra-lead-literature
SRC-094,gundlach2007critical,Critical phenomena in gravitational collapse,Carsten Gundlach; Jose M. Martin-Garcia,2007,Living Reviews in Relativity 10:5 (2007); arXiv:0711.4620,10.12942/lrr-2007-5,0711.4620,https://arxiv.org/abs/0711.4620,verified-primary,resolved,primary-page-fetch,abstract,2026-09-12T00:40:00+08:00,200,https://arxiv.org/abs/0711.4620,,False,,"Abstract: 'As first discovered by Choptuik, the black hole threshold in the space of initial data for general relativity shows both surprising structure and surprising simplicity. Universality, power-law scaling of the black hole mass, and scale echoing have given rise to the term critical phenomena. They are explained by the existence of exact solutions which are attractors within the black hole threshold, that is, attractors of codimension one in phase space, and which are typically self-similar. Critical phenomena give a natural route from smooth initial data to arbitrarily large curvatures",T-103,AF-WCC-SCALAR-SPH,assessed: T-103,verified,lead-literature
SRC-095,vandemoortel2018rnkg,Stability and instability of the sub-extremal Reissner-Nordstrom black hole interior for the Einstein-Maxwell-Klein-Gordon equations in spherical symmetry,Maxime Van de Moortel,2018,"Communications in Mathematical Physics 360(1), 103-168 (2018); arXiv:1704.05790",10.1007/s00220-017-3079-3,1704.05790,https://arxiv.org/abs/1704.05790,verified-primary,resolved,primary-page-fetch,abstract,2026-09-12T00:40:00+08:00,200,https://arxiv.org/abs/1704.05790,,False,,"Abstract: 'We show non-linear stability and instability results in spherical symmetry for the interior of a charged black hole ... in presence of a massive and charged scalar field ... 1. Stability: ... sufficiently decaying polynomial decay rate on the event horizon gives rise to a space-time possessing a Cauchy horizon ... if the decay is even stronger, we prove that the spacetime metric admits a continuous extension to the Cauchy horizon. ... 2. Instability: ... the non-degenerate energy is infinite on any null surface crossing the Cauchy horizon and the curvature of a geodesic vector field",T-505,(evidence/tag only),assessed: T-505,verified,lead-literature
SRC-096,grant2020future,The future is not always open,James D. E. Grant; Michael Kunzinger; Clemens Saemann; Roland Steinbauer,2020,"Letters in Mathematical Physics 110(1), 83-103 (2020); arXiv:1901.07996",10.1007/s11005-019-01213-8,1901.07996,https://arxiv.org/abs/1901.07996,verified-primary,resolved,primary-page-fetch (arXiv abs) + crossref-api,abstract,2026-09-12T00:07:52+08:00,200,https://arxiv.org/abs/1901.07996,https://arxiv.org/abs/1901.07996,False,,"Abstract: ""We demonstrate the breakdown of several fundamentals of Lorentzian causality theory in low regularity. Most notably, chronological futures (defined naturally using locally Lipschitz curves) may be non-open, and may differ from the corresponding sets defined via piecewise C^1-curves. By refining the notion of a causal bubble ... we characterize spacetimes for which such phenomena can occur ... The phenomena described here are, in particular, relevant for recent synthetic approaches to low regularity Lorentzian geometry ...""",,(evidence/tag only),"assessed_no_binding: F1 pointer on C^0 causal-structure degeneracy. This is a low-regularity causality-theory result, not a statement about asymptotically flat developments of the Einstein equations; it is therefore NOT attached to any of the four classes and must not be cited as evidence that the AF-SCC-C0 class is degenerate. The formulation lead owns any class-level use.",verified,astra-lead-literature
SRC-097,rendall2005survey,The nature of spacetime singularities,Alan D. Rendall,2005,"100 Years of Relativity - Space-Time Structure: Einstein and Beyond (A. Ashtekar, ed.), World Scientific, pp. 76-92 (2005); arXiv:gr-qc/0503112 (survey)",10.1142/9789812700988_0003,gr-qc/0503112,https://arxiv.org/abs/gr-qc/0503112,verified-primary,resolved,primary-page-fetch (arXiv abs) + crossref-api,abstract,2026-09-12T00:07:52+08:00,200,https://arxiv.org/abs/gr-qc/0503112,https://arxiv.org/abs/gr-qc/0503112,False,,"Abstract: ""Present knowledge about the nature of spacetime singularities in the context of classical general relativity is surveyed. The status of the BKL picture of cosmological singularities and its relevance to the cosmic censorship hypothesis are discussed. It is shown how insights on cosmic censorship also arise in connection with the idea of weak null singularities inside black holes. ... Remarks are made on possible future directions in research on spacetime singularities.""",,(evidence/tag only),"assessed_no_binding: F1 pointer on Kerr-data extendibility and genericity. Survey-level only: it proves no theorem and must NOT be cited as evidence that Kerr data admit a smooth extension, nor as class evidence for AF-SCC-C0. Usable only as background framing, if at all.",verified,astra-lead-literature
