dsh: reasoning:
Let me start by exploring the workspace to find the handoff/map and comms mentioned.
dsh: reasoning:
The glob didn't find handoff. Let me look for "handoff" directories, especially in the recent modified areas like anm_scratch, ${I}, .agents, ca_worldmodels, deepseek-harness.
dsh: reasoning:
Found /data3/guoshaoyang/workdir/ai4math-swarm/comms. Let me explore the ai4math-swarm directory structure.
dsh: reasoning:
The main working dir appears to be /data3/guoshaoyang/workdir/ai4math-swarm. Let me read HANDOFF.md, README.md, comms/PROTOCOL.md, and check the research_map, inbox/outbox.

Let me start reading key files.
dsh: reasoning:
Now let me read the research_map (the authoritative state) and inbox for worker=001 (deepseek-flash-01?). The task says "worker=001", so my agent id is likely `deepseek-flash-01`.

Let me check:
- research_map/research_map.json
- comms/inbox/ (list files)
- comms/outbox/ (my outbox and maybe others)
- runtime/ state

Let me explore.
dsh: reasoning:
Let me read the ASTRA_HANDOFF.md (in research_map), and the inbox for deepseek-flash-01, and worker-01.jsonl. The task says "worker=001". There's an inbox file `worker-01.jsonl` and `deepseek-flash-01.jsonl`. Let me check both.

Also let's look at the runtime/state for checkpoint mechanism and the class-bound tasks. Let me read:
- research_map/ASTRA_HANDOFF.md
- comms/inbox/deepseek-flash-01.jsonl
- comms/inbox/worker-01.jsonl
- research_map/ARCHITECTURE.md
dsh: reasoning:
The task: "You are a bounded execution worker. Read handoff/map and comms. Take one class-bound task, emit valid JSON with IDs evidence hash falsifier, checkpoint, then exit. worker=001"

My agent id is likely `worker-001` (or deepseek-flash-01). Let me check comms/inbox/worker-01.jsonl and also for worker-001. Also the current checkpoint state.

The instruction says "worker=001". There's `worker-01.jsonl` in inbox and outbox has deepseek-flash-01. Let me check both and the current map state to see which worker id is active and what class-bound tasks are available.

Let me read:
- comms/inbox/worker-01.jsonl
- runtime/state/current_checkpoint.json
- Check for a recent "runtime/state/control" area with worker assignments.

Also need to understand what "class-bound task" means: tasks bound to a class_id (e.g., F1, F2, L0, N0). Let me inspect the research_map.json summary. It's 5.5MB, so let me query it with Python.

Let me first check the inbox items for worker-001 / worker-01 and any recent unassigned class-bound tasks in the map.
dsh: reasoning:
The task says worker=001. There's a `worker-01` inbox (deepseek-flash-01?) and a `deepseek-flash-01` inbox. The worker naming has evolved: worker-012, worker-015, worker-035, etc. The map has assignments. I need to find "one class-bound task" — an assignment whose assignee is worker-001 or that is unassigned/available.

Let me query the research_map.json for assignments and their statuses, especially ones assigned to worker-001 or worker-01. Also look at the most recent outbox files to see the shape of worker outputs (JSON with IDs, evidence hash, falsifier) and checkpoints.

Let me use Python to inspect the map.
dsh: reasoning:
There's already a `worker-001.jsonl` outbox. Let me look at it to understand what worker-001 did and where. Also the task says "Take one class-bound task" — likely there are open tasks/assignments that need workers. Let me inspect the assignments in the map: open vs done, and the outbox worker-001.jsonl tail.

Also, the harness seems to be running an autonomous swarm with worker processes; my instruction is a worker prompt: read handoff/map and comms, take one class-bound task, emit valid JSON with IDs evidence hash falsifier, checkpoint, then exit, worker=001.

Let me examine:
1. comms/outbox/worker-001.jsonl (full)
2. assignments list (latest, open ones)
3. The most recent outbox patterns e.g. worker-098 (recently active), and a recent checkpoint example (w002_*).
4. runner state: runtime/state/supervisor.log tail to see assignment policy.

Let me proceed with Python analyses.
dsh: reasoning:
Worker-001 already did two tasks: W001-F2B-INDEX-DEFERRAL-ADJUDICATION-01 and W001-T1-TRANSFER-PRECONDITION-01. The last event at 01:04:42. Now the current time — let me check. The session says worker=001, take one class-bound task. So I'm worker-001 continuing. I need to pick one class-bound task (a task bound to a class id, e.g., F2b/AF-SCC-C0-VAC-GEN, F2a/AF-SCC-C2-VAC-GEN, F1/AF-WCC-VAC-GEN), do it, emit valid JSON with IDs, evidence hash, falsifier, checkpoint, then exit.

Key constraints from ASTRA_HANDOFF:
- Worker events cannot set status=done, validation_status=passed, or gate verdict.
- Write to own canonical paths: artifacts/worker-001/...
- numerics_lock locked: N0 flat-space only; do not create numerics/spherical_solver/.
- G-F0: any write to research_map/formulation_taxonomy.yaml voids G-F0 — do NOT write there.
- Detector writes are frozen (class_separation.py) — don't touch.
- FROZEN is a moving target; cite class pins.

I need to find an open class-bound task that is not already covered by other workers' recent assignments. Let me look at the recent worker activity to avoid duplication: what have workers 012, 015, 035, 041, 046, 052, 084, 085, 089, 091, 098 done recently? Also the audit lead's checks. The most recent output might show open hard findings that need adjudication.

Key candidates from handoff (pass-06):
1. G-FORM r3 verification — lead-audit owns.
2. F2b coverage F2b 0 accepts → needs an F2b full-schema verdict. Wait: "coverage F1 4 accepts, F2a 3, F2b 0". Worker-001's earlier F2b review was voided by hash move. Hmm, in the audit-inbox line: "Existing accepts (lead-audit F1 r2, worker-047 F2a, worker-001 F2b) count only if re-pinned to the new hash." So worker-001 previously produced an F2b verdict that is now void. But re-pinning is lead-audit's job.

3. The T1 transfer precondition audit (worker-001 just did, verdict T1_PRECONDITION_UNMET). Follow-up: possibly a second class-bound measurement that is independent and useful.

What class-bound tasks remain open? Let me look at the most recent events in events.jsonl (or outbox) from other workers to see what's been done, and check for tasks assigned to worker-001 specifically (maybe the audit lead sent something in the inbox... but inbox/worker-001.jsonl doesn't exist; there's only deepseek-flash-01.jsonl and worker-01.jsonl). Actually wait — maybe I should check whether there's an inbox for worker-001 elsewhere. There isn't in comms/inbox (no worker-001.jsonl). Let me check the audit lead's inbox file for the worker-001 reference and any recent task cards.

Let me check the latest events from lead-audit outbox and other workers to identify open work. Also check `runtime/state/counts.tsv` and the map's `gates`, `controller_gate_audit` for what's missing.

Given the swarm is heavily into F1/F2/L0/N0/A0/A1 work, and worker-001 has a track record in F2b class-bound audits (index deferral, T1 transfer preconditions), a natural next class-bound task is another T-rule transfer precondition audit in the taxonomy: e.g., T2 (C2 => C0?) or other transfer rules. Let me examine the formulation taxonomy for the transfer rules T1..Tn and choose an unmeasured one. The T1 audit found preconditions unmet. Perhaps there are guards/rules T2, T3... A bounded, independent measurement of another transfer rule's preconditions is exactly "class-bound".

Let me read the taxonomy file and the class schemas, plus the last T1 report to understand the shape.

Also, let me check the latest worker outbox activity to avoid duplicating someone else's current work. Recent files: worker-015, worker-035, worker-041, worker-046, worker-052 inbox files updated 00:44-00:47. And outbox for 012 (00:46), 015 (00:47), 035, 041, 046, 052. Let me look at what those tasks were. Also the newest worker outboxes (098 revision etc.).

Let me scan the tail of the most recent outbox files for other workers to see current in-flight tasks.
dsh: reasoning:
The swarm is very active: many workers self-selecting bounded class-bound tasks. I'm worker-001; I've done two tasks. Now I need to take ONE class-bound task, emit valid JSON with IDs evidence hash falsifier, checkpoint, exit.

I need to pick something that is:
1. Class-bound (bound to a class_id like AF-SCC-C0-VAC-GEN, AF-SCC-C2-VAC-GEN, AF-WCC-VAC-GEN, AF-WCC-SCALAR-SPH).
2. Not a duplicate of recent work by other workers.
3. Feasible in bounded time and measurable with hashes.

Let me check what's happening with G-FORM coverage: F1 4 accepts, F2a 3, F2b 0. Recent events at 01:04-01:06: worker-097 did "first hash-bound full-schema verdict for F2b at rev13 (b2ab6acb2bbe) - revise 3.5, one hard failure (line-246 inverted conta...". Worker-082 did "A1-XTARGET-INDEP-CENSUS-01 coverage F1=revise, F2a=accept, F2b=revise". So F2b still needs an accept.

Since my slot is worker-001 with a track record of F2b class-bound adjudications (index deferral, T1 transfer preconditions), an F2b full-schema independent review would be valuable but might overlap with worker-097's review and the lead-audit's r3 verification. The handoff says F2b 0 accepts, and the r3 verification needs 2 independent accepts per class. But worker-097's revise is one verdict; another independent full-schema verdict at rev13 for F2b would help — but careful: I authored parts of the F2b-related adjudications; am I considered an "author of the artifact"? The F2b schema was authored by worker-047/others. My earlier worker-001 F2b review (reviews/F2b-review-worker-001.json) existed and counted as an accept at the old hash. The requirement: "at least two full-schema verdicts from distinct reviewers who did not author the artifact". I did author reviews, not the schema. So a second full-schema verdict from worker-001 at rev13 could count, though ideally independent of my own prior work.

Alternatively, a cleaner new class-bound measurement: the T1 audit found T1 preconditions unmet (index not frozen, norm not declared, data_class not byte-identical). A natural follow-up, which is genuinely new and class-bound: audit the *other* transfer rules in the taxonomy (e.g., T2/C0->C2 with different guards, or excluded patterns X1..Xn), or audit the "C0=>C2" transfer rule's guards against the class texts. Let me read the taxonomy and T1 report to see.

Actually, a strong candidate: worker-001's T1 audit concluded that the G-FORM unmet phrasing that includes F1 overstates the precondition. That's a specific observation for the controller. A follow-up task: enumerate ALL transfer/forbidden rules in the taxonomy (T-rules and X-patterns) and measure their preconditions/guards at the frozen rev13 bytes — a "transfer-rule precondition census" — class-bound (C0/C2/WCC), independent, bounded, and useful to the G-FORM adjudication. Worker-099 did "FORM-DIRECTION-CENSUS-01" and worker-043 "F2A-EXTCAT-ADJUDICATION-01", so there's some overlap risk. Let me check worker-099's census to avoid duplication.

Also, the most direct high-value: F2b full-schema independent verdict at rev13 (b2ab6acb2bbe) since F2b has 0 accepts and G-FORM is pending F2b ≥2. But worker-097 just produced a revise 3.5 with a hard failure at line 246. A second reviewer might confirm or contest. That's precisely what a bounded class-bound task is. And my prior F2b review exists at an older hash; I can re-issue at the new hash with a fresh hash-pinned review. Hmm, "distinct reviewers" — I'd be the same reviewer as the old one, but the old one is void; the r3 verification needs two verdicts from distinct reviewers who didn't author the artifact. If worker-097 and worker-001 both submit, that's two distinct reviewers. That works nicely.

But wait: is worker-097's revise 3.5 with one hard failure a problem for acceptance? The G-FORM gate criteria per handoff: "G-FORM at rev13 ... coverage F1 4 accepts, F2a 3, F2b 0; withheld pending astra-life05-verify-gform-r3 non-author independence + F2b ≥2". So F2b needs 2 accepts. A revise verdict doesn't count as accept. If there's a genuine hard failure (line-246 inverted containment), the fix must go through the formulation lead. My review would need to be independent and honest; if I find the same hard failure, I'd also revise.

Alternatively, maybe there's a specific defect-fix verification task: worker-097's hard failure at line 246 — check whether the schema has since been fixed, or adjudicate whether it's material. Actually, there's a whole "hard finding closure" process.

Let me look at the F2b schema (schemas/af_scc_c0_vacuum.yaml), the worker-097 review, and the lead-audit's r3 task. Also check the G-FORM gate criteria and current coverage in the map. Then decide on the single task.

Let me also check the "class separation detection" open incident — but that's lead-audit's.

Let me gather:
1. Map gates and controller_gate_audit current state.
2. Worker-097's F2b review artifact.
3. The F2b schema file.
4. My prior F2b review to reuse methodology.

Let me do this efficiently.
dsh: reasoning:
F2b at rev13 has 0 accepts, but worker-097 just produced a full-schema verdict revise 3.5 (first hash-bound full-schema verdict for F2b at rev13). Where did worker-097 write? Let me find the review artifact. Let me check worker-097's outbox events for the path.

Also worker-018 rev13 review exists (F2b-review-worker-018-rev13.json). Let me check its verdict. And the map's reviews list for F2b at b2ab6acb2bbe.

I need to decide the one task. Options:

A. Independent full-schema verdict for F2b at rev13 (b2ab6acb2bbe) — G-FORM needs 2 independent accepts; currently 0 accepts. My verdict could be accept or revise. If worker-097 found a hard failure at line 246 (inverted containment?), I should verify that finding. This is high-value: it resolves whether the hard failure is real, and if the schema is actually fine at that line, an accept would unblock.

B. Transfer-rule census of all T-rules — moderate value, but worker-099 and others are doing direction censuses.

C. Verify worker-097's hard failure independently and adjudicate — that's a bounded defect adjudication with real value for G-FORM.

Let me look at worker-097's review, the F2b schema line 246, and the most recent F2b reviews' verdicts in the map. Let me also check the current coverage counting method.

Let me examine the map's reviews for the F2b hash b2ab6acb2bbe.
dsh: reasoning:
Now the situation is clear: F2b at rev13 has 0 accepts and many revise verdicts. Worker-097 found one hard failure at line 246: "C2 is a strictly larger extension class" inverting the containment. Worker-066 also did containment/normativity reviews. Worker-008 did "containment_direction" audit (00:55) with revise 2.5 — citing lines 245, 151, 238.

So there's a live dispute: is the line-246 statement a genuine hard class-contract failure (F2b revise) or is it something else (e.g., "C2" there meaning something else, or the containment relation being misread)? Many reviewers (worker-097, worker-066, worker-017, worker-008, worker-018, worker-044) revise on containment grounds. F2b has 0 accepts. If the F2b schema is actually correct and the reviewers are misreading a deliberately different relation, an independent adjudication would be valuable. If it's genuinely wrong, adjudication confirms a concrete defect for the formulation lead to fix.

Given worker-001's lane (F2b class-bound, rev13 pins, T1 transfer preconditions, index deferral), the natural single bounded class-bound task now: **independent adjudication of the F2b containment-direction defect (W097-H1 line-246 / worker-008 lines 245/151/238 / worker-066 containment entries)** — decide, at pinned rev13 bytes, whether the flagged "C2 is a strictly larger extension class" statement actually contradicts the frozen containment declarations, and whether it is material to the G-FORM criteria. Emit report + review + checkpoint events, hashes, falsifier.

This is exactly class-bound (AF-SCC-C0-VAC-GEN, with C2 cross-ref), bounded, independent, and high-value: it either confirms a hard failure blocking G-FORM (and gives the lead a precise defect) or dissolves a false positive that is suppressing F2b accepts.

Before committing, let me read:
1. schemas/af_scc_c0_vacuum.yaml (the whole file, or at least the implication_ledger and extension_class_containment sections).
2. worker-097's report.json and REVIEW.json.
3. worker-008's containment_direction report (the other lines).
4. worker-066's containment reports.
5. The F0 taxonomy's containment/transfer definitions.

Then design the audit: a fail-closed harness with pins, controls, and a pre-registered decision rule. Write artifacts under artifacts/worker-001/f2b_containment_adjudication/. Then emit JSONL events into comms/outbox/worker-001.jsonl (append), a checkpoint under runtime/state/ (and artifact-dir CHECKPOINT.json), then exit.

Also per instruction: "emit valid JSON with IDs evidence hash falsifier, checkpoint, then exit". I should keep it bounded — one task, not endless.

Let me first read the F2b schema. Let me check its size.

Also note: there may already be an adjudication of this by worker-066 ("f2b_containment_adjudication" at 00:43) and worker-017 "rev13-containment". Since F2b has 0 accepts and multiple independent reviewers flag the same line, a focused adjudication that reconciles them would be the highest-value bounded task. But is it duplicative? Worker-066's containment adjudication at 00:43 was at rev12 hash 55d0a1ea9bda (superseded). Worker-097's report is at rev13. An independent adjudication of worker-097's H1 at rev13 hasn't been done yet (worker-097's own run 1 H1/H5 were adjudicated instrument false positives, but that's their own).

Actually wait. Let me re-read: "Run 1 (score 2.5) preserved; its H1/H5 were adjudicated instrument false positives." So worker-097's final H1 is the line-246 inverted containment premise. Other reviewers (017, 008, 018, 066, 044) also revise F2b. 

Let me read the schema and the reports. Let me be efficient: read the schema sections and worker-097's REVIEW.json + report.json summary, worker-008's report, and worker-066's report.
dsh: reasoning:
Now I can see the exact dispute. Line 239 says: `extension_class_containment: "E_C0 contains E_H2loc contains E_{C^1,1} contains E_C2..."`. So E_C2 ⊆ E_C1,1 ⊆ E_H2loc ⊆ E_C0 — C2 extension class is the smallest. Line 246 says: `forbidden_transfers[0] = {from: "no proper future C2 extension", to: "this class", reason: "C2 is a strictly larger extension class, so C2-inextendibility is strictly weaker"}`.

Hmm. Now let's think mathematically. E_X = class of extensions with regularity X. E_C0 contains E_H2loc contains E_{C^1,1} contains E_C2. So E_C2 is the *smallest* extension class (fewest extensions). "C2 is a strictly larger extension class" — is that consistent? The phrase "C2 is a strictly larger extension class" is ambiguous: it could mean "the class of C2 extensions is larger" (false per line 239: E_C2 is smallest), or "C2-extendibility is a strictly larger (more permissive) property" — i.e., the set of spacetimes admitting a C2 extension is larger than those admitting a C0 extension. Indeed: "no proper future C2 extension" (i.e., C2-inextendibility) is strictly *weaker* than "no proper future C0 extension". So in terms of *extendibility* (the existence property), C2-extendibility is a larger/more permissive property. The statement "C2 is a strictly larger extension class" could be read as "the class of spacetimes that are C2-extendible"... hmm.

Actually the reason says: "C2 is a strictly larger extension class, so C2-inextendibility is strictly weaker". If "C2 is a strictly larger extension class" means the set of C2-extendible objects is larger (i.e., extendibility at C2 is easier), then C2-inextendibility is weaker. That's correct in the *extendibility* reading. But the schema's own `extension_class_containment` defines E_C2 as a subset of E_C0 — the set of C2 extensions is smaller. The reason line uses "extension class" in the opposite sense (extendibility property set vs extension object set).

So the adjudication question: is line 246 a genuine internal contradiction (hard failure), or a notation/predicate ambiguity that is logically consistent under the intended reading, i.e., a phrasing defect (minor/major)? That's exactly the kind of class-bound adjudication worker-001 can do at pinned bytes with a precise, falsifiable decision rule.

Also note line 80: "the extension regularity is lower than in the C2 sibling, but the logical strength is not lower... The one-way entailment C0 => C2 is recorded in implication_ledger; the converse is forbidden." Line 189 and 191 similar. And line 225/233: forbidden weakenings.

The reading: "E_C0 contains E_H2loc contains E_{C^1,1} contains E_C2" — E denotes extension objects/sets. "this class requires the LOWEST regularity, so its inexistence statement is the STRONGEST". So "inexistence" = "no proper future extension". The "extension class" in the containment chain is the class of metric extensions (objects). The forbidden_transfers reason says C2 is "a strictly larger extension class" — under the object reading it's false (E_C2 is the smallest member of the containing chain); under the *spacetime/extendibility* reading ("the class of spacetimes that admit C2 extensions") it's true, since C2-extendibility is more permissive, so C2-inextendibility is strictly weaker. The intended meaning of the reason is correct; the phrase is formally inverted relative to the definition it cites.

So the likely verdict: the *transfer rule* is correct (no proper C2 extension does not imply this class), but the *gloss* "strictly larger extension class" conflicts semantically with `extension_class_containment` where "extension class" is defined as the set of extensions. It's a wording defect: the sentence should say "C2-extendibility is a strictly weaker property" or "E_C2 is the smallest extension class". Whether it's "hard" (blocking) or "minor" is the adjudication.

Given many reviewers calling it hard and F2b at 0 accepts, my adjudication would be valuable: it can confirm as a defect with precise repair text, and it can distinguish "does not block the mathematical content, but blocks the artifact's internal consistency claim" — which the controller needs.

Hmm, but is this the best use? The instruction says take one class-bound task and emit JSON. This is bounded and useful. Let me also consider: maybe the truly high-value thing is to check whether there is an F2b clause that's actually mathematically wrong vs just wording. The adjudication can enumerate every occurrence of "larger/smaller/weaker/stronger/contains/subsumes" in F2b + F2a + taxonomy and classify direction, checking consistency with the frozen containment chain. That's a strong, mechanical, falsifiable task: a "containment-direction vocabulary census" with a pre-registered decision rule over all direction-bearing statements.

Let me read the full relevant sections of the F2b schema: lines 70-100, 145-200, 220-280. Also F2a's corresponding lines 148, 237. And the taxonomy's implication ledger / transfer rules. Then build the harness.

Let me also look at worker-008's containment_direction audit since it cited lines 245/151/238 — maybe it already did a broad census. Let me read its report quickly. Avoid duplicating: if worker-008 already did a mechanical census at rev13, my adjudication should focus on the *decision* (hard vs advisory) and reconcile the reviewers. Actually worker-008's was at rev12 (55d0a1ea9bda) per the review list. The rev13 bytes changed (b2ab6acb2bbe), and the line numbers may have shifted slightly. An independent rev13 adjudication is fine.

Let me read worker-008's report to see what it concluded and reduce duplication. And worker-066's containment adjudication. Then decide.
dsh: reasoning:
Worker-008 already built a comprehensive containment-direction census at rev12 (55d0a1ea9bda) with 8 checks and found CD-01 and CD-02. At rev13, the hash moved to b2ab6acb2bbe. Did rev13 fix these? Let me check line 246 in rev13: still says "C2 is a strictly larger extension class". And line 152 (regularity.must_not_conflate[0]) still says "No containment with C2 or C0 is asserted here." So both findings persist at rev13.

So the mechanical part is established: the two defects persist at rev13. What's *not* done: an independent adjudication of the *materiality/disposition* — i.e., is CD-01 a hard class-contract failure that must block G-FORM, or is it a non-semantic gloss whose correction is editorial (the transfer row is correct)? Worker-097 calls it hard; worker-008 calls it "blocking-for-clean-accept"; worker-066 revise 2.5; workers 017, 018, 044 revise. F2b has 0 accepts at rev13.

My value-add as worker-001: an independent, bounded adjudication at the rev13 pins that:
1. Re-measures the exact bytes and confirms which direction-bearing statements exist (a full census of all size/direction predicates in F2b, F2a, F1, F0 pair).
2. Decides the semantic question with a pre-registered rule: under the schema's own definition of "extension class" (the set of extensions, E_X), "C2 is a strictly larger extension class" is false; under the alternative reading ("the class of data/spacetimes admitting a C2 extension"), it is true. Determine which reading the document elsewhere binds to the phrase "extension class", and whether the sentence is therefore internally inconsistent (hard) or merely ambiguous (advisory).
3. Reconcile the two findings' severity: is the repair purely lexical (replace "larger"→"smaller" or restate), with zero semantic content of the class changing? If so, record it as a "hard internal-consistency defect with a one-token repair" — a precise disposition the formulation lead can act on.
4. Check whether the *transfer rule* itself (the forbidden transfer) is correct and whether the F2b→C2 one-way entailment is intact.

Actually, wait. Is the "strictly larger extension class" sentence really false under the document's own reading? Let's look: `extension_class_containment: "E_C0 contains E_H2loc contains E_{C^1,1} contains E_C2; this class requires the LOWEST regularity, so its inexistence statement is the STRONGEST of the three and entails the others."` Note E_C0 contains ... contains E_C2. So E_C2 is the smallest set of *extensions*.

But the forbidden_transfers reason: "C2 is a strictly larger extension class, so C2-inextendibility is strictly weaker". If "extension class" means E_X (set of extensions), then "C2 is a larger extension class" contradicts line 239 (E_C2 is smallest). The conclusion "C2-inextendibility is strictly weaker" is nonetheless correct because no-C2-extension is a weaker statement (E_C2 smallest means "there exists no C2 extension" is implied by "there exists no C0 extension", i.e., C2-inextendibility is weaker). So the premise phrase is inverted but the consequence is right. The intended meaning was probably "C2-extendibility is a larger class (of spacetimes)".

So this is a *hard internal inconsistency* in the document's terminology but a *non-material* defect for the class's mathematical content: the transfer rule direction and the entailment conclusion are correct. The precise disposition question is what the G-FORM gate should do: does "hard finding" mean gate stays pending until repaired (yes, under the closing rules: "Every hard finding in this pass's closure round is confirmed fixed or carried as an open objection").

Hmm, so my adjudication would likely land on: confirmed defect, lexical repair needed, transfer semantics correct. That is useful but perhaps duplicates worker-008's finding plus worker-097's.

Alternative high-value task: the F2b "0 accepts" problem. What would it take to accept F2b at rev13? The blockers: (a) the CD-01 lexical defect, (b) CD-02 "no containment" denial, (c) other advisories. If the two lexical defects are the only hard blockers, then a precise adjudication could enable a controller repair (a two-token edit → new revision) and then F2b could pass. My task could be to produce the *pre-registered minimal repair* and verify it: create a rebased candidate (in my own artifact dir, NOT canonical) with the exact two edits and run the pinned checkers on it, showing the candidate is clean and byte-different only at those lines. That's a concrete, bounded, class-bound contribution: "minimal lexical repair candidate + verification", giving the formulation lead an actionable patch. But note: worker-008 did exactly that at rev12 (candidate 98f9ec83c487 clean). At rev13, nobody has produced the rev13 rebased repair candidate. Hmm, that might be duplicative but at the live bytes.

Also note CF-16 (dominant false-positive pattern) and CF-26 detector freeze. The swarm already has many reviewers. The instruction to me is bounded: take ONE task, emit JSON, checkpoint, exit. I should pick something valuable, low-duplication, and feasible in this session.

Let me check what the controller/lifecycle most needs right now. Let me look at the latest lifecycle decisions (astra-lifecycle-06-decisions.json, REC-22..28) and the most recent lead-audit/lead-formulation blockers to see the current bottleneck. Also check runtime/state/controller_verification/lifecycle_20260912-010117.json.

Also, maybe the most useful is the F2b repair-candidate at rev13 (minimal lexical repair, independently verified). Let me first see recent events about F2b repair: is there an open "repair" assignment or a formulation lead repair in progress? Check outbox astra-lead-formulation tail and any recent "F2b repair" events.
dsh: reasoning:
Very useful: at 00:57:43, the formulation lead's repair status: "F2b rev13: f0_binding refreshed; L-FORM-01 (line 245 inverted containment premise) NOT repaired - outside the four bounded items." So the defect is known to the formulation lead and deliberately left unrepaired at rev13 (out of scope for that repair). Also "Base re-pinned 55d0a1ea9bda -> b2ab6acb2bbe (mechanical); 'strictly WEAKER' direction checked correct."

So the live bottleneck: F2b rev13 cannot reach accept coverage because of L-FORM-01 (and perhaps CD-02/L-FORM-02). The repair is a one-token lexical change, but any write needs an authorized revision by the formulation lead.

What is the highest-value bounded task for worker-001 that isn't duplication?

Option 1: A **controller-ready repair card**: produce a minimal, pre-registered, independently verified repair candidate at the rev13 bytes (two lexical edits: line 246 "strictly larger"→"strictly smaller" or restate; line 152 "No containment with C2 or C0 is asserted here" fix), with exact before/after hashes, a change manifest, a re-run of all pinned formulation checkers on the candidate, and an impact/regression analysis. This gives the formulation lead a ready-to-apply patch and pre-verification. It is class-bound (F2b), bounded, and directly targets the F2b 0-accept bottleneck. Risk: it's a "canonical artifact edit proposal" — but I would write it under artifacts/worker-001/, never touching the canonical file. That's allowed and even encouraged (worker-064 produced patch_candidates/wcc_candidate_E1a.yaml).

Option 2: Adjudicate the materiality/disposition of L-FORM-01 (hard vs advisory) and produce a precise decision rule. Much of this is done by worker-008 (at rev12) and worker-097 (at rev13). Lower marginal value.

Option 3: Something in the numerics or literature group. N0 is allowed (flat-space). But the lock is on N1 and solver absent; G-NUM protocol adjudication is lead-audit. A class-bound task in N0 could be verifying the convergence order replication — heavily covered already (worker-046, -057, -081, -012, etc.).

Option 4: F2a coverage: F2a has 3 accepts but all bound to older hashes? Controller says F2a [3 distinct accepts] at e9a27996dfd3 (worker-017, 072, 075). Recent worker-075 F2a revise 3.5, worker-028/040/047/090/091/092 revise. Hmm.

Option 5: F1: 4 accepts at d9cebb9404b2. Fine.

So the critical path to G-FORM is F2b. The single most useful bounded task: **produce a verified minimal repair candidate for F2b's two lexical containment defects at the live rev13 bytes**, with:
- pin guard (fail-closed on drift),
- the exact two edits (pre-registered),
- candidate in my artifact dir (not canonical),
- re-run of the frozen checkers (check_class_schema.py, check_taxonomy_consistency.py, check_variant_deltas.py, and the containment-direction census from worker-008's instrument — but I should write my own independent checker),
- a mutation/sensitivity control set: reverting each edit reproduces the finding; the candidate passes the census; a deliberately over-broad edit (e.g., changing the transfer direction) is caught,
- byte-diff showing exactly 2 lines changed,
- impact statement: which downstream artifacts would need re-pinning if adopted (the formulation lead already has a rebase tool for 55d0a1ea→b2ab6acb; adopting my candidate creates a new rev14 hash and requires the standard re-base).

Actually wait: is it appropriate for a worker to propose an edit to another class's schema? Worker-064 did exactly that for F1 (patch_candidates/wcc_candidate_E1a.yaml) after the R03 cause audit. So yes, bounded repair candidates are an established pattern. And it directly unblocks F2b coverage: once the lead applies the patch and re-publishes, reviewers can accept.

Hmm, but hold on. Let's check whether the doc's own line 80/189/191 already say the correct direction and whether the *only* issues are the two lexical ones. If I fix "larger"→"smaller" at line 246, then the reason reads: "C2 is a strictly smaller extension class, so C2-inextendibility is strictly weaker." That is correct under E-set reading (E_C2 smallest → S_C2 weakest). Good.

Line 152 (CD-02): "H2_loc ... No containment with C2 or C0 is asserted here; the informal phrase 'strictly between' is not used and must not be cited". But line 239 declares E_H2loc contains E_{C^1,1} contains E_C2 and E_C0 contains E_H2loc. So the sentence "No containment with C2 or C0 is asserted here" refers to the *regularity axis value* H2_loc vs C2/C0 as regularity classes? Hmm — in context: "H2_loc ... is a distinct regularity-axis value phrased in terms of CURVATURE, not metric differentiability. No containment with C2 or C0 is asserted here". Actually the containment chain at line 239 is about *extension classes* E_H2loc etc. The must_not_conflate says no containment *of the regularity classes* is asserted. But the doc itself does declare containment edges involving H2loc (line 239, 242). So it's either a straight contradiction (worker-008 CD-02) or a scoped statement ("in this leaf, no containment is asserted" — i.e., a local disclaimer, not a global denial). Hmm. This is genuinely ambiguous, and maybe worker-008's CD-02 is a false positive of the CF-16 metalinguistic-mention variety. Interesting — the adjudication could go either way. That's exactly the kind of careful decision that's valuable: is CD-02 real?

Note that worker-097's final H1 was the line-246 issue; worker-097's earlier H1/H5 were "instrument false positives". Worker-097 listed 4 minor advisories including "alias tokens", "hash-free consistency evidence", "F0 contract (s,delta) vs D0 smooth branch", "revision-history collapse". So worker-097 did *not* flag line 152 as hard.

So the live dispute set at rev13 for F2b:
- L-FORM-01 / W097-F2B-HF3 / worker-008 CD-01: line 246 "strictly larger" (hard; many reviewers).
- worker-008 CD-02: line 152 "No containment..." (major; not flagged by worker-097).

A repair candidate needs to be careful with CD-02: changing line 152's scope wording to "No containment of the regularity-axis values is asserted by this bullet" would remove the contradiction without changing semantics. But is that edit necessary? If CD-02 is a false positive, the repair could be a no-op. The best deliverable: an adjudication + candidate that includes ONLY the confirmed defect (line 246), and a separately-marked *optional* second edit for line 152 with its own justification, so the lead can choose minimal vs complete.

Given bounded effort, here's my plan for the single task:

**W001-F2B-CONTAINMENT-REPAIR-CANDIDATE-01**
- Node: F2b; Class: AF-SCC-C0-VAC-GEN (cross-ref F2a/F0).
- Gate: G-FORM.
- Deliverable: `artifacts/worker-001/f2b_containment_repair/`
  - `REPAIR_CANDIDATE.yaml` — byte copy of canonical F2b rev13 with exactly the pre-registered lexical edits (minimal patch: line 246; extended patch: line 152), placed under my artifact dir.
  - `adjudicate_containment_repair.py` — fail-closed harness: pin guard (exit 3 on drift), applies the pre-registered edits to the pinned base, runs direction checks on base/patched, sensitivity controls (each edit reverted → finding returns; a direction-inverting mutation → caught; byte-identity except edited lines; no other line changes), and checks that the patched candidate passes the checker tools.
  - `report.json` — decision record with IDs, evidence hashes, falsifiers, dispositions.
  - `README.md`, `PINNED.json`, `CHECKPOINT.json`.
- Also run the canonical frozen tools on the candidate: `artifacts/formulation/tools/check_class_schema.py`, `check_taxonomy_consistency.py`, `check_variant_deltas.py` (need to see their CLI). If tools require a path arg or work on canonical only, handle accordingly.
- Emit events: artifact(s), claim (conclusion_type formal_model, not theorem), status; all with full-path evidence refs and sha256. Worker events cannot set done/passed.
- Checkpoint: write `runtime/state/worker-001_checkpoint_f2brepair.json` byte-identical to the artifact-dir CHECKPOINT.json.

Wait — before settling, let me consider the *instruction*: "Take one class-bound task, emit valid JSON with IDs evidence hash falsifier, checkpoint, then exit."

Yes, this fits. It also aligns with worker-001's lane and the project's "prefer fewer accepted claims" ethos.

But there's a subtlety: The project's repair flow has CF-4: "the controller does not edit another agent's artifact or claim text". A worker proposing a candidate patch is fine (worker-064 did it). Also CF-27: FROZEN moving target. I must pin the current FROZEN hash at run time (815e08079aefbc16...) and the F2b b2ab6acb2bbe, F2a e9a27996dfd3, F0 0abb9ed8a961, supplement d7419b4e8963, plus the tools' hashes.

Let me check the checker tools, then design the harness.

Actually — wait. Let me reconsider whether a repair candidate is the best single task vs. adjudicating "is the transfer row itself semantically right". The candidate task includes that adjudication as part of it. Good.

One more consideration: Is there an existing "L-FORM-01" repair card open? The lead said it was out of scope of life05. The lead-audit r3 verification (astra-life05-verify-gform-r3) is due 02:45. If I produce a verified candidate quickly (~bounded), it can feed the lead's repair. Time now 01:06; deadline pressure exists. Let me be efficient.

Let me check the checker tools and F2a's corresponding lines (for the cross-check), then write the harness.

Actually, one important check: the two "defects" — are they in the *canonical* schema at schemas/af_scc_c0_vacuum.yaml, and is the mirror at artifacts/formulation/schemas/af_scc_c0_vacuum.yaml byte-identical? Publication status says F2b mirror aligned. Let me verify with sha256.

Let me also check `artifacts/formulation/tools/check_class_schema.py` CLI and `check_taxonomy_consistency.py`, `check_variant_deltas.py` (paths?), and the `rule_spec.json`.

Let me do these checks in parallel.
dsh: reasoning:
Good. `check_class_schema.py SCHEMA.yaml` takes a path — can run it on my candidate copy. Note: it loads SPEC and KEY_MANIFEST relative to itself (tool dir parents[1] = artifacts/formulation), so running it from anywhere is fine.

check_taxonomy_consistency.py has no argparse — it probably works on fixed canonical paths. Let me check it. Also check_variant_deltas.py. And check whether check_class_schema passes on the current canonical F2b (it probably does, since the gate test passed) — my candidate must also pass.

Now, let me decide the exact task. Actually, let me reconsider once more.

Risk of the repair-candidate task: proposing edits to another owner's artifact might be considered "class-bound task" but could collide with the formulation lead's ownership (CF-4 / CF-12 "one canonical path, one owner"). However producing a candidate under my own artifacts dir is explicitly non-canonical and worker-064 set precedent. Also the lead already declared L-FORM-01 "NOT repaired - outside the four bounded items", suggesting a repair card may be coming. A pre-verified candidate is useful but the lead may have its own tool (evidence_binding_repair_rev29.py, dry-run/apply, fail-closed pin assertions). Hmm — the lead's tool is for evidence binding, not this.

Alternative: The instruction says "Take one class-bound task". It doesn't say it must be a repair. It could be an *independent verification* task. The most obvious and useful independent verification right now: **verify at rev13 that the F2b containment direction is the ONLY remaining hard class-contract defect**, i.e., a full-schema independent verdict counting toward G-FORM coverage. If I do a full-schema review (like worker-097) but reach **accept with the L-FORM-01 corrected?** No — I can't accept a schema with a known inverted premise; that would be dishonest. A revise verdict is what any honest reviewer gives.

Hmm, but wait. Is "C2 is a strictly larger extension class" *really* false? Let me think again very carefully, because this determines everything.

Definitions in F2b:
- `extension_class_containment: "E_C0 contains E_H2loc contains E_{C^1,1} contains E_C2"`.
- What is E_X? Presumably the set of proper future extensions of the given development with regularity X. E_C0 = all continuous extensions (largest set). E_C2 = C2 extensions (smallest set). Yes.
- The statement "C2 is a strictly larger extension class" — grammatically, "C2" names the class (the regularity class of extensions, i.e., E_C2)? "C2 is a strictly larger extension class" ~ "the C2 extension class is strictly larger [than C0's]". By line 239 it's the smallest. So under that reading, false.
- But the consequence "so C2-inextendibility is strictly weaker" is true. For the consequence to follow, the premise must be read as "the set of spacetimes admitting a C2 extension is strictly larger" (i.e., extendibility is easier/more permissive). The sentence conflates "extension class" (set of extensions) with "class of extendible spacetimes".

Actually hmm, is it possible that the doc's convention is the opposite: E_X is the class of *data/spacetimes* that admit an X extension? Then "E_C0 contains E_H2loc contains E_{C^1,1} contains E_C2" would be false, because C2-extendibility is *easier* (more data admit it), so E_C2 would be the largest. But line 239 explicitly says "this class requires the LOWEST regularity, so its inexistence statement is the STRONGEST"—which is consistent with E_C2 ⊂ E_C0 (smallest set of extension objects). And line 242: "{from: no proper future H2_loc extension, to: no proper future C2 extension, reason: E_C2 subset of E_H2loc (a C2 metric has locally bounded curvature)}". There it explicitly says "E_C2 subset of E_H2loc". So the doc binds E_X to sets of extensions, ordered by inclusion: E_C2 ⊂ E_H2loc. Hence the line-246 claim "C2 is a strictly larger extension class" directly contradicts "E_C2 subset of E_H2loc" — same document, same ledger. That's an unambiguous internal inconsistency. It's real. Confirmed.

So the repair: line 246 should read e.g. "C2 is a strictly smaller extension class, so C2-inextendibility is strictly weaker" — wait, careful: if E_C2 is strictly smaller, then the statement "there is no C2 extension" is strictly weaker than "there is no C0 extension". Yes, "C2-inextendibility is strictly weaker" remains correct. So using "smaller" makes the sentence coherent. Or better: restate as "E_C2 is a proper subset of E_C0 (a C2 extension is a C0 extension), so C2-inextendibility is strictly weaker". This avoids "larger/smaller class" phrasing entirely.

For line 152: "H2_loc ... No containment with C2 or C0 is asserted here". Given line 239 declares E_C0 ⊃ E_H2loc ⊃ E_{C^1,1} ⊃ E_C2, the sentence is only defensible under the reading "this leaf asserts no *regularity-axis* containment" (i.e., no claim that H2_loc is between C2 and C0 in the axis ordering). But the literal wording is contradicted by the document's own containment ledger. It's a scope/diction ambiguity. Recommendation: qualify it ("this bullet asserts no containment *among the regularity-axis values*; the extension-class containment is declared once in implication_ledger.extension_class_containment"). Whether it's hard or major is a judgment; I can classify it as "hard-for-literalism, advisory-with-a-scoped-reading" and give both.

Now, the deliverable. I think the *best* single bounded task is:

**W001-F2B-REV13-CONTAINMENT-CLOSURE-01** — independent, hash-pinned closure of the F2b containment-direction defect set at rev13:
1. Confirm/deny each open containment claim mechanically (line 246, line 152, and every direction predicate in the doc + F2a + F0 pair) using a pre-registered oracle and my own independent instrument (not worker-008's).
2. Produce the pre-registered minimal repair candidate(s) at the live bytes under artifacts/worker-001/ (not canonical), with byte-level diff, sensitivity controls, and canonical checker results.
3. Emit a precise disposition: the transfer row direction is correct; the defect is the size gloss; repair options with exact replacement text; adoption impact (new revision → re-base needed).
4. Emit JSON events + checkpoint.

Hmm, but is "produce a repair candidate" overstepping? The user's instruction is to take a class-bound task; the swarm's pattern includes exactly such candidates. I'll keep the candidate clearly labeled "NON-CANONICAL, proposal only". That's the safest highest-value action.

Hold on — maybe there's an even better fit given "one class-bound task": the class-bound task could be assigned via an inbox card. My inbox (deepseek-flash-01 / worker-01) has no new card beyond F0. There's no worker-001 card. The convention for recycled slots: "No inbox card for slot worker-XXX; took ONE bounded class-bound task". So self-selection is normal.

Let me also consider budget: the worker budget is ~4h for F0 card; tasks take ~0.5-0.75h. I should keep this bounded: 1 instrument, 1 report, events, checkpoint. Fine.

Before writing, let me check:
1. `check_taxonomy_consistency.py` behavior (fixed paths?).
2. `rule_spec.json` relevant R-rules about containment/transfer (does the gate check containment direction? If there's an R-rule, the repair candidate must pass it).
3. F2a lines 148/237 (the sibling's correct phrasing) to model the repair text.
4. FROZEN.json structure to know which downstream pins reference F2b (for the adoption-impact statement).

Let me look at these.
dsh: reasoning:
Excellent. Now I have complete clarity:

- F2a (C2 class) handles containment correctly: `extension_class_containment` says E_C2 ⊂ E_{C^1,1} ⊂ E_H2loc ⊂ E_C0, "the lower the required regularity, the larger the set of admissible extensions" — note here "larger set of admissible extensions" again refers to... hmm. Wait: "the lower the required regularity, the larger the set of admissible extensions". Lower regularity = C0 → larger set of admissible extensions (E_C0 contains all). Right. So E_C0 is the largest extension set. And line 246 in F2b says "C2 is a strictly larger extension class". Under this vocabulary, "extension class" = set of admissible extensions → C2's set is strictly *smaller*. Contradiction confirmed. F2a's forbidden transfer correctly says "the converse containment is false" without the size gloss.

- F2a line 152 has a parenthetical noting the earlier wrong denial: "[R2 major: the earlier 'no containment with C2 is asserted' was wrong]". F2b line 152 still contains the unqualified denial "No containment with C2 or C0 is asserted here" — but wait, this is in a different context. F2a's must_not_conflate[1] is exactly the corrected version. F2b's must_not_conflate[0] says H2_loc "is a distinct regularity-axis value phrased in terms of CURVATURE, not metric differentiability. No containment with C2 or C0 is asserted here; the informal phrase 'strictly between' is not used and must not be cited". Hmm, so F2b's bullet denies containment (while declaring the chain at line 239), whereas F2a's corresponding bullet asserts the nesting and explicitly says the earlier denial was wrong. So worker-008's CD-02 is a real inconsistency between siblings: F2b's line 152 carries a denial that F2a's line 152 marks as *wrong*.

Wait, actually, let me read F2b line 152 again: "H2_loc (locally square-integrable curvature) is a distinct regularity-axis value phrased in terms of CURVATURE, not metric differentiability. No containment with C2 or C0 is asserted here; the informal phrase 'strictly between' is not used and must not be cited (worker-16 F2b-16-02 accepted)."

And F2b line 239 declares containment. So the doc simultaneously says "no containment ... asserted here" and "E_C0 contains E_H2loc contains E_{C^1,1} contains E_C2". These can be reconciled only under a narrow reading: "here" = in the `regularity` block / at the level of regularity-axis values (i.e., H2_loc is not ordered *by differentiability* between C2 and C0); the containment is declared at the level of *extension sets* in the implication ledger. The sentence says "regularity-axis value ... No containment with C2 or C0 is asserted here" — i.e., as *regularity classes* they are not nested. That is defensible: H2_loc is a curvature condition, not a metric-differentiability class.

So CD-02 is genuinely ambiguous — the F2a sibling bullet explicitly adds the nesting, making the F2b wording look stale. A minimal repair could add the same clarifying clause: "No containment among the regularity-AXIS values is asserted here; the extension-SET containment is declared in implication_ledger.extension_class_containment."

Now, my deliverable design. I want it bounded, mechanical, and pre-registered. Let me define:

**Task W001-F2B-REV13-CONTAINMENT-CLOSURE-01**

Pins (measured at run time, fail-closed):
- P1 schemas/af_scc_c0_vacuum.yaml (canonical F2b mirror) b2ab6acb2bbe...
- P2 artifacts/formulation/schemas/af_scc_c0_vacuum.yaml mirror == P1
- P3 schemas/af_scc_c2_vacuum.yaml e9a27996dfd3
- P4 schemas/af_wcc_vacuum.yaml d9cebb9404b2
- P5 research_map/formulation_taxonomy.yaml 0abb9ed8a961
- P6 artifacts/formulation/formulation_taxonomy.yaml d7419b4e8963
- P7 artifacts/formulation/FROZEN.json 815e08079aefbc
- P8 artifacts/formulation/tools/check_class_schema.py 000e09e46b2f
- P9 artifacts/formulation/evidence/taxonomy_consistency.json 9e335e9ba1bf
- P10 schemas/taxonomy_cases.jsonl ccf7041bd0ff
- P11 artifacts/worker-008/containment_direction/evidence/report.json 773858a088d3 (prior finding, for reconciliation — optional; I should cite it as *prior art*, not as a pin needed for my oracle. Actually pinning it is fine.)
- P12 report path of worker-097 (a5d62a67... check_f2b_rev13.py, 85310685be6f report) — prior verdict.

Checks (pre-registered):
- C1: the oracle: F2b/E-set ordering from the document's own `extension_class_containment` and `one_way_entailments[].reason` (E_C2 ⊂ E_{C^1,1} ⊂ E_H2loc ⊂ E_C0). Parse the chain from the YAML text.
- C2: every occurrence in F2b of a size/direction predicate applied to an extension class ("strictly larger/smaller extension class", "contains", "subset of", "larger set"), classify against oracle. Expect exactly one inversion: line 246.
- C3: every forbidden_transfer row: the oracle must not license it (i.e., the "from" statement must not entail the "to" statement). F2b rows: (no C2 → this class): oracle says E_C2 ⊂ E_C0, so no-C0 (this class) DOES entail no-C2; thus no-C2 does not entail no-C0 → forbidden correct. (no C2 → no H2loc): no-C2 doesn't entail no-H2loc → forbidden correct.
- C4: every one_way_entailment row: oracle licenses it.
- C5: cross-document: F2a's containment declarations induce the same order; no cross-document contradiction. Also F2a's forbidden rows.
- C6: the specific defect rows: (a) L-FORM-01/W097-F2B-HF3/CD-01 at line 246 → reproduces; (b) CD-02 at line 152 → classify: "denial present" + sibling F2a's corrected form; decide resolvability under scoped reading.
- C7: repair candidate: apply pre-registered edits to a byte copy; candidate must (i) contain no oracle-inverted size predicate, (ii) preserve all declared rows' transfer directions, (iii) differ from base ONLY on the edited lines, (iv) pass `check_class_schema.py` (exit 0), (v) fail-closed if any pin moves.
- C8: sensitivity controls (each is a mutation that must be caught):
  - K1: revert edit A (line 246 fix) in the candidate → C2 inversion reappears (detected).
  - K2: revert edit B (line 152 clarification) → CD-02 flag reappears.
  - K3: swap the transfer direction in the candidate (make "no C0 → no C2" forbidden) → C3 detects.
  - K4: change E_C2 ⊂ E_C0 to E_C0 ⊂ E_C2 → oracle/consistency detects.
  - K5: apply edits to a *different* rev (e.g., rev12 bytes if available, or just assert hash mismatch) → pin guard exits 3.
  - K6: byte-diff must show exactly the two edited lines.
  - K7: determinism: run twice, same output hash.
  - K8: candidate must be bit-identical to base outside the edited lines.
- Decision rule (pre-registered):
  - If C2 finds ≥1 inversion AND C3/C4 pass AND candidate checks pass → verdict: `L_FORM_01_CONFIRMED_REPAIR_CANDIDATE_VERIFIED`.
  - If no inversion → `L_FORM_01_NOT_REPRODUCED`.
  - If transfer directions fail → `TRANSFER_SEMANTICS_DEFECT` (different repair needed).
  - Exit codes: 0 verdict produced; 3 pin drift (no verdict); 4 control failure (no verdict).

Edits (pre-registered, exact strings):
- Edit A (required): in `implication_ledger.forbidden_transfers[0].reason`:
  from: `"C2 is a strictly larger extension class, so C2-inextendibility is strictly weaker"`
  to:   `"E_C2 is a strictly smaller extension set than E_C0, so C2-inextendibility is strictly weaker"`
  This avoids "class" ambiguity and matches line 239's E-set vocabulary. Note the YAML line is a flow mapping; the exact substring within it. Let me use a literal replacement of the reason string.
- Edit B (recommended, scoped clarification): in `regularity.must_not_conflate[0]`:
  from: `No containment with C2 or C0 is asserted here;`
  to:   `No containment among the regularity-axis values is asserted here; the extension-set containment is declared in implication_ledger.extension_class_containment;`
  Hmm, but that changes the meaning of "must not be cited" part. Let's keep it minimal: replace `No containment with C2 or C0 is asserted here;` with `No containment among the regularity-axis values is asserted here (the extension-set containment is declared once in implication_ledger.extension_class_containment);`.

Both edits are lexical, no semantic change to the class' mathematical content.

Then adoption impact: new file hash → F2b rev14; downstream pins in FROZEN (50 pins), variant deltas, taxonomy cases, evidence binding report, etc. The lead has rebase tooling. I'll compute how many FROZEN pins reference `af_scc_c0_vacuum.yaml` and list them.

Important: I must NOT write to canonical paths. All candidate files go under `artifacts/worker-001/f2b_containment_repair/`.

Also, per protocol, evidence refs should be `path#sha256-prefix`. Emit:
- artifact events for REPAIR_CANDIDATE.yaml, adjudicate_containment_repair.py, report.json, PINNED.json, README.md, CHECKPOINT.json, runtime copy.
- claim event with conclusion_type formal_model (not theorem), noting counts_as_full_schema_verdict=false (it's an adjudication/repair proposal, not a full-schema verdict). Actually it's a "measurement" claim. Use `conclusion_type: "observation"` or "formal_model"? Worker-001's prior claims used both. The schema requires conclusion_type in {theorem, observation, formal_model, ...}? Let me check events.schema.json for allowed conclusion types. Protocol says `claim` — class_id, statement, conclusion_type, assumptions, falsifier, evidence_refs, artifact_refs (required for theorem). I'll use `observation` with artifact_refs (harmless) — or "formal_model" since it's a formal artifact measurement like my prior T1 claim. I'll follow my prior pattern: `conclusion_type: "formal_model"`, `counts_as_full_schema_verdict: false`.
- status event with next_falsifier.

Then append to comms/outbox/worker-001.jsonl. Then checkpoint: artifact-dir CHECKPOINT.json + runtime/state/worker-001_checkpoint_f2brepair.json byte-identical. Then a final status event + maybe a checkpoint event referencing it. Then exit.

Let me also check the events.schema.json for required event fields and allowed conclusion_type values.

One more thing: should I also check `run_gate_tests.py`? It probably runs all three schemas against fixed canonical paths. Running it on a candidate may not be feasible. `check_class_schema.py <candidate>` is enough; plus I can run it on canonical as a baseline. Let me also run `check_variant_deltas.py` — probably fixed paths. I'll check quickly.

Now, before building, I should verify the candidate YAML parses and that check_class_schema passes on base and candidate. The tool imports yaml — available presumably.

Plan of execution:
1. Create artifact dir.
2. Write PRE_REGISTRATION.md + PINNED.json (pin measurement done by the harness, but PINNED written by harness run).
3. Write `adjudicate_containment_repair.py` — the harness that:
   - measures pins (fail-closed, exit 3),
   - parses F2b YAML,
   - builds oracle from declared chain,
   - runs checks C1..C7,
   - applies edits → writes REPAIR_CANDIDATE.yaml (with a header? No — a YAML comment header changes bytes; the candidate should be the schema YAML with only the 2 edits. I can put provenance in a separate REPAIR_CANDIDATE.meta.json).
   - runs controls K1..K8 by mutating in-memory copies,
   - runs `check_class_schema.py --json` as subprocess on base and candidate,
   - writes report.json (JSON with IDs, evidence hashes, falsifiers).
   - prints a summary; exit 0/3/4.
4. Run harness.
5. Write README.md (summary) and CHECKPOINT.json (with final hashes) — need to write CHECKPOINT after knowing hashes; I'll have the harness write CHECKPOINT.json itself? Simpler: harness writes report.json; then I write CHECKPOINT.json with measured hashes; then copy to runtime/state.
   But checkpoint should reference report hash etc. I'll write a small finalize step in the harness that computes all artifact hashes and writes CHECKPOINT.json. Hmm, but README must exist before hashing. Let me have the harness write report.json + PINNED.json + candidate; then I write README.md manually; then run a second small step (part of the same harness with `--finalize`) that writes CHECKPOINT.json. Simpler: harness writes everything except README and CHECKPOINT; I write README; then run `python3 adjudicate_containment_repair.py --finalize` which writes CHECKPOINT.json and prints hashes; then copy to runtime/state; then emit events with those hashes.

Actually simpler and more robust: write one `build.py` that does the full pipeline including generating README.md text and CHECKPOINT.json from results. But README content is narrative; I can generate it deterministically from the report. Let me do that: the harness generates README.md and CHECKPOINT.json. Then I only need to emit events manually (a small emit script or manual Python appending to JSONL). That's clean and bounded.

Let me now check the schema for events and the check_class_schema exit behavior with the candidate. Also check whether `check_class_schema.py` prints JSON with `--json`.

Let me look at events.schema.json quickly and then write code.
dsh: reasoning:
Good. The baseline checker passes on F2b. Now let me write the harness. I need to be careful and efficient. Let me create the directory and files.

Key design of `adjudicate_containment_repair.py`:

```python
#!/usr/bin/env python3
"""W001-F2B-REV13-CONTAINMENT-CLOSURE-01 ..."""
import hashlib, json, re, subprocess, sys, os
from pathlib import Path
import yaml  # maybe not needed; use text-based checks + yaml where useful

ROOT = Path(...)  # repo root = parents[2] of this file? This file will live at artifacts/worker-001/f2b_containment_repair/adjudicate_containment_repair.py -> parents[3] is repo root. Let me compute from __file__.resolve().parents[3].
```

Wait: artifacts/worker-001/f2b_containment_repair/adjudicate_containment_repair.py
parents[0] = f2b_containment_repair
parents[1] = worker-001
parents[2] = artifacts
parents[3] = repo root. Yes.

PINS: dict path->sha256. Pin guard: measure all, exit 3 if any mismatch or missing.

Oracle: parse F2b `implication_ledger.extension_class_containment` string and `one_way_entailments` reasons using yaml. Build order rank: C2 < C^1,1 < H2loc < C0 (rank = inclusion size). The document's own words: "E_C0 contains E_H2loc contains E_{C^1,1} contains E_C2". Parse regex `E_(\S+)` sequence → [C0, H2loc, C^1,1, C2]. Set rank[E]=index in sequence (0 = largest).

Also parse F2a's chain string `E_C2 subset of E_{C^1,1} subset of E_H2loc subset of E_C0` → [C2, C^1,1, H2loc, C0].

Check they induce the same order: F2b sequence reversed == F2a sequence, after normalizing tokens (C^1,1 vs C^{1,1}). Normalize: strip braces/spaces → "C1,1". Map tokens: C0→C0, C2→C2, H2loc→H2loc, C^1,1→C1,1.

C2 scan (size-predicate census) on F2b: find all regex matches for `(E_)?(C0|C2|C\^?\{?1,1\}?|H2loc)[^.\n]{0,80}?(strictly\s+)?(larger|smaller|bigger|contains|subset|superset)` and the reverse order, plus phrases "strictly larger extension class". Rather than over-engineer, I'll implement a targeted set of rules:
- Rule S1: sentence containing "extension class" and ("larger"|"smaller"|"bigger") with a class token. For each hit, determine the intended comparison: if "larger" and the referenced token is C2 while the doc's E_C2 is smallest → inversion. Generalize: the predicate "X is a strictly larger extension class" without a comparison target is ambiguous; but from context (forbidden transfer from no-C2), the comparison is against C0/this class. Decision rule: any unqualified "X is a strictly larger extension class" in F2b where rank(X) < rank(C0) → flag (since "larger extension class" in this doc's vocabulary means larger extension SET; C0 is the largest).
- Rule S2: "contains" chain statements → check chain order matches oracle (E_a contains E_b requires rank(a) <= rank(b), i.e. a is larger).
- Rule S3: "subset of" statements → check.
- Rule S4: forbidden_transfers rows: derive the strength order of the from/to statements. For "no proper future X extension" statements, strength(X) = rank_X (larger rank = stronger statement). A forbidden transfer from A to B is correctly forbidden iff strength(A) < strength(B)? Wait: forbidden means A does NOT entail B. A entails B iff S_A stronger than S_B iff rank(A) > rank(B)? Let's define: E_C0 largest set; S_C0 = "no C0 extension" strongest. rank in the F2b sequence [C0, H2loc, C^1,1, C2]: pos(C0)=0 (largest set, strongest statement). So strength = -pos? Let me just define size_order: size_rank(C0)=3 largest, H2loc=2, C1,1=1, C2=0 smallest. Then S_X entails S_Y iff E_X ⊇ E_Y iff size_rank(X) >= size_rank(Y). Forbidden row (from no-C2 to no-C0): size_rank(C2)=0 < size_rank(C0)=3 → does not entail → correctly forbidden. Row (from no-C2 to no-H2loc): 0 < 2 → correctly forbidden. For F2b `one_way_entailments`: (no-H2loc → no-C2): 2>=0 ✓; (no-C0 → no-C2): 3>=0 ✓.
  Rows where `to` is "this class" = no-C0: size_rank(C0)=3.
- Rule S5: `must_not_conflate` denial: search for "No containment" in F2b; if present while document declares ≥2 containment edges → flag as CD-02 class.
- Rule S6: cross-doc: F2a's declared chain and entailments/forbiddens consistent; compare induced orders.

Edits:
- A: exact substring in F2b text: `C2 is a strictly larger extension class, so C2-inextendibility is strictly weaker` → `E_C2 is a strictly smaller extension set than E_C0, so C2-inextendibility is strictly weaker`
- B: `No containment with C2 or C0 is asserted here;` → `No containment among the regularity-axis values is asserted here (the extension-set containment is declared once in implication_ledger.extension_class_containment);`

Let me verify these exact substrings exist in the file. Line 246 (from grep): `- {from: "no proper future C2 extension", to: "this class", reason: "C2 is a strictly larger extension class, so C2-inextendibility is strictly weaker"}`. So substring `C2 is a strictly larger extension class, so C2-inextendibility is strictly weaker` exists exactly once? Need to check uniqueness. "strictly larger" appears once probably. Edit B substring on line 152: `No containment with C2 or C0 is asserted here;` — check uniqueness (F2a has "no containment with C2 is asserted" in a different file, so within F2b unique).

Controls (mutations, in-memory):
- K1: base + edit A only, revert A → i.e., take candidate and replace the fixed string back to the original → check S1 fires again.
- K2: candidate with B reverted → S5 fires again.
- K3: candidate with forbidden transfer direction inverted (swap `from`/`to` in row 0) → S4 flags.
- K4: candidate with chain order inverted (`E_C2 contains ... contains E_C0`) → S2 flags.
- K5: pin-guard control: a copy of the pin dict with one hash changed → guard must exit 3 (simulate function).
- K6: apply edits to a wrong base (e.g., F2a text) → expect substring not found → fail-closed (function returns error).
- K7: determinism: candidate bytes built twice → equal sha256.
- K8: diff-only: unified diff between base and candidate has exactly 2 changed lines (and a specific count of +/- lines).

Also run canonical checker on candidate via subprocess: `python3 artifacts/formulation/tools/check_class_schema.py --json <candidate>` → read JSON verdict == pass (exit 0). Run on base too as baseline.

Also maybe run `check_class_schema.py` on candidate with the candidate placed at a temp path — it reads SPEC relative to tool, fine.

Decision rule:
- checks C1..C6: C1 oracle parse OK; C2 inversion count == 1 (exactly the known line); C3 forbidden rows all correctly forbidden; C4 entailment rows all licensed; C5 cross-doc order equal; C6 CD-01 reproduced and CD-02 present.
- candidate checks: no inversions; check_class_schema pass; diff-only 2 lines; controls K1..K8 all as expected.
- verdict: `L_FORM_01_CD01_CONFIRMED__REPAIR_CANDIDATE_VERIFIED` and `CD02_SCOPED_AMBIGUITY__CLARIFICATION_CANDIDATE_VERIFIED`.

Report JSON structure with IDs: task_id, actor, node_id, class_id, gate, pins, oracle, checks (each with id, predicate, result, evidence), findings (F-01..F-05 with ids, severity, where, measured, contradicts, recommended_repair), repair (edits with before/after and line numbers), candidate hashes, controls, falsifier (per finding and overall), decision rule, verdict, disposition, authority_note, adoption_impact.

Also compute adoption impact: count FROZEN pins that reference the F2b file. Let me include a scan: parse FROZEN.json and count pins whose path matches `af_scc_c0_vacuum` / F2b; list them.

Let me now write the harness. Keep it robust but not enormous (~300 lines). Time to write.

One consideration on file permissions: files created by me will be 644; other artifacts are various. Fine.

Also: the `yaml` module — check it's available (tools use it, yes).

Let me write the harness file. I'll be careful with the report generation and hashing (hash of report can't include its own hash; only artifacts hashed are candidate/tools/base). CHECKPOINT.json will include report.json hash — but if CHECKPOINT is generated after report, fine. However, the report should include the candidate hash, which it computes. Good.

Actually, to avoid a self-reference loop: report.json contains candidate sha256 and README/CHECKPOINT are generated after report; CHECKPOINT contains report sha256. README contains report hash too? README is generated before report? Let me structure:
1. Build candidate & run checks → results.
2. Write REPAIR_CANDIDATE.yaml, PINNED.json.
3. Write report.json (includes candidate hash, pin hashes, control results).
4. Write README.md (includes report hash + candidate hash).
5. Write CHECKPOINT.json (includes hashes of report, README, candidate, harness itself).
6. Print JSON summary with all hashes.

The harness file's own hash would be in CHECKPOINT; computing own hash is doable (read own file). Fine.

Let me write it now. I'll use a helper sha256(path). Pins measured first; if mismatch → print JSON {verdict:"PIN_DRIFT", ...} and exit 3.

Repo root detection: `ROOT = Path(__file__).resolve().parents[3]`.

For subprocess check_class_schema: `[sys.executable, str(ROOT/'artifacts/formulation/tools/check_class_schema.py'), '--json', str(candidate)]`, cwd=ROOT.

Line numbers: compute by finding the 1-based index of the line containing the substring.

Diff: use difflib.unified_diff on splitlines(keepends=True).

Let me also add the "size predicate census" regexes:
- For "larger/smaller" near class tokens: regex `(?P<tok>C0|C2|C\^?\{?1,1\}?|H2loc)[^;\n]{0,60}?(?:strictly\s+)?(?:larger|smaller|bigger)\s+extension` and the reverse `(?:strictly\s+)?(?:larger|smaller|bigger)\s+extension\s+class[^;\n]{0,40}?(?P<tok>...)`. Simpler: scan each line for `larger|smaller|bigger` + `extension`; then find class tokens in the same line. For the flagged line 246 we get tokens {C2}; determine comparison target: if only one token and it's C2 with "larger" → inversion (since C2 is smallest; comparing to this class C0). Hmm, to be principled I'll pre-register: in F2b, any line containing "larger extension" and token C2 is an inversion because the doc's C0 is the largest extension class and the line compares C2 with this class (C0). I'll encode this as a specific predicate with the doc-derived justification, plus a general chain check.

To keep it defensible, I'll implement S1 as: for each sentence containing ("larger"|"smaller") AND "extension" AND exactly one regularity token X: the implied comparison is against "this class" (C0) if in a forbidden_transfers row whose `to` is "this class"; then require size_rank(X) relation to match the adjective. That's precise for the actual case, and I'll also scan the rest of the doc for similar patterns with an explicit comparison token.

Let me write:

```
def size_predicate_findings(text, size_rank):
    findings=[]
    for i,line in enumerate(text.splitlines(),1):
        low=line.lower()
        if 'extension' in low and re.search(r'\b(larger|smaller|bigger)\b', low):
            toks=CLASS_TOK.findall(line)
            ...
```
CLASS_TOK regex: `\b(C0|C2|H2loc|C\^?\{?1,1\}?)\b` — careful with "C^1,1" and "C^{1,1}". Use `(C0|C2|H2loc|C\^\{?1,1\}?)`.

For line 246: tokens found: from "no proper future C2 extension", to "this class", reason "C2 is a strictly larger extension class...". Tokens = [C2, C2]. Both C2. The comparison is against `this class` = C0 (mapped from the transfer row `to: this class`). So: if 'larger' and size_rank(C2)=0 < size_rank(C0)=3 → inversion. I'll map "this class" → the file's primary class AF-SCC-C0-VAC-GEN → C0.

Generalize: determine candidates list = tokens in the line excluding the "from" clause? Too complex. I'll hard-code a small rule set keyed by line context but derived from parsed YAML: for each forbidden_transfers row, inspect reason text. If reason contains size adjective and claimed relation conflicts with size_rank of the from-class vs to-class, flag. For row 0: from-class C2, to-class "this class" → C0. reason says "larger" for C2 → claimed size_rank(C2) > size_rank(C0); actual 0 < 3 → flag. For row 1: from C2, to H2loc, reason "the converse containment is false" — no adjective → no flag. 

And `one_way_entailments` reasons: row reasons mention "E_C2 subset of E_H2loc", "transitivity..." — no size adjectives. Good.

Also scan the whole doc for other size-adjective lines as an informational census (must be exactly 1 hit → the known line).

OK. Also the CD-02 check: search for the substring "No containment with C2 or C0 is asserted here" in F2b → present; and F2a has "the earlier 'no containment with C2 is asserted' was wrong" marking it as an error. Flag CD-02 with severity "major-ambiguity" and disposition "scoped reading available; recommend clarification".

Let me now also prepare the events. After running the harness, I'll create an `emit_events.py`? Simpler: write events via a small Python here-doc that reads the emitted summary JSON and appends lines to comms/outbox/worker-001.jsonl. Events needed:
1. artifact: adjudication_harness (py)
2. artifact: input_pin_manifest (PINNED.json)
3. artifact: repair_candidate (REPAIR_CANDIDATE.yaml)
4. artifact: repair_diff (REPAIR_CANDIDATE.diff) — I'll have the harness write the unified diff file too.
5. artifact: adjudication_report (report.json)
6. artifact: adjudication_summary (README.md)
7. artifact: worker_checkpoint (CHECKPOINT.json)
8. artifact: worker_checkpoint_state_copy (runtime/state/...) — copy first.
9. claim (formal_model) with IDs, evidence hashes, falsifier.
10. status (active, hours, next_falsifier, completion_scope).

All appended with created_at timestamps. Then optional: also verify the JSONL lines parse and that map ingest would accept? Running `python3 research_map/comms.py ingest` would ingest the whole outbox — is that allowed? PROTOCOL says controller commands; ingest is done by the controller. Workers just write to outbox. I will NOT run ingest. But I should validate my own JSON lines parse (json.loads each).

Also the instruction says "emit valid JSON with IDs evidence hash falsifier, checkpoint, then exit". Good.

One thing: the events must not claim `validation_status: passed`, not set node status done, not set gate verdict. I'll use validation_status "unverified" like my prior events.

Let me write the harness now. I'll write it with the `write` tool.

Also: the candidate file must be a valid YAML. I'll verify by yaml.safe_load and check the repaired reason string.

Let me also double check the exact text on line 152 and 246 by extracting them precisely.
dsh: reasoning:
Good. FROZEN.json has "files" mapping path→{sha256,bytes}. Let me count how many FROZEN pins reference F2b paths. I'll do that in the harness.

Now, let me set up a todo list and write the harness. Let me first record the plan as todos.

Then write:
1. `/data3/guoshaoyang/workdir/ai4math-swarm/artifacts/worker-001/f2b_containment_repair/adjudicate_containment_repair.py`
2. Run it.
3. Verify outputs.
4. Write/emit events to comms/outbox/worker-001.jsonl.
5. Copy checkpoint to runtime/state.
6. Final validation & exit summary.

Let me write the harness now. I'll aim for a clean, complete implementation.

Details for the harness:

```python
#!/usr/bin/env python3
"""W001-F2B-REV13-CONTAINMENT-CLOSURE-01 — independent containment-direction
closure and non-canonical repair candidate for F2b at rev13.

Fail-closed: exit 3 on any pin drift (no verdict); exit 4 if any control fails (no verdict);
exit 0 only when a pre-registered disposition is produced.

Worker authority: writes only under artifacts/worker-001/f2b_containment_repair/ and
runtime/state/worker-001_checkpoint_f2bcontainment.json. Never edits canonical paths.
"""
```

Pins to measure: as listed. Also include the two base files canonical + mirror; check mirror equality.

Checks:
- C1 oracle: parse both chains; assert F2b chain set == F2a chain set and orders consistent.
- C2 size-adjective census in F2b; count inversion rows.
- C3 forbidden transfers: for F2b rows and F2a rows.
- C4 entailment rows.
- C5 cross-doc order consistency + no F2a/F2b contradiction.
- C6 CD-01/CD-02 reproduction.
- C7 candidate construction + canonical checker.
- K controls.

Decision rule:
- verdict A: "CD01_CONFIRMED__INVERTED_SIZE_GLOSS__TRANSFER_ROW_DIRECTION_CORRECT"
- verdict B: "CD02_PRESENT__SCOPED_READING_AVAILABLE__CLARIFICATION_RECOMMENDED"
- candidate verdict: "REPAIR_CANDIDATE_VERIFIED" if candidate has 0 inversions, checker pass, diff exactly 2 lines, all controls pass.
- disposition: "advisory-to-hard wording defect at line 246; one-line lexical repair; adoption requires an authorized rev14 + rebase (list count)."

Overall verdict string: "L_FORM_01_CONFIRMED__MINIMAL_REPAIR_CANDIDATE_VERIFIED".

Exit codes: 0 success; 3 pin drift; 4 control failure; 5 decision-rule violation (e.g., expected finding did not reproduce → that's also a verdict "NOT_REPRODUCED" with exit 0? Better: if CD-01 does not reproduce, produce verdict NOT_REPRODUCED with exit 0 — the measurement is still a valid verdict. But controls failing → exit 4.)

Let me define `fail_closed(msg, code)`: print JSON, exit code.

Structure:
```python
def main():
    pins = measure_pins()  # raises PinDrift
    ...
```
I'll write it straightforwardly.

Falsifiers per finding:
- F-01 (line 246): "Falsified by a reading of 'extension class' in F2b that makes 'C2 is a strictly larger extension class' true while compatible with line 239's 'E_C0 contains E_H2loc contains E_{C^1,1} contains E_C2' and line 242's 'E_C2 subset of E_H2loc' — e.g., a documented convention that 'X extension class' denotes the data admitting X extensions rather than the extension sets E_X. The document declares no such convention; its own E-notation and containments bind the opposite."
- F-02 (line 152): "Falsified if the sentence is read as scoped to the regularity-axis values (H2_loc is a curvature condition, not a differentiability rung) — then it is consistent with the ledger's extension-SET containment and only the wording is stale relative to F2a's corrected sibling bullet."
- Repair candidate: "Falsified by re-running this harness: any pin move exits 3; at the pins, the candidate is falsified if the canonical checker fails on it, if the diff touches any line other than 246 (and optionally 152), or if a control mutation is not detected."

Adoption impact: count FROZEN files entries whose path contains 'af_scc_c0_vacuum' or 'f2b' — list them. Also mention the lead's rebase tooling and that a new revision hash voids prior F2b verdicts (advisory only).

Let me write the code now. I need to be careful with YAML parsing of F2b to extract forbidden_transfers and one_way_entailments. The YAML file has top-level keys; `yaml.safe_load` should work. Let me confirm the structure keys: implication_ledger.forbidden_transfers is a list of dicts with from/to/reason. The `to: "this class"`.

Map class tokens: from strings like "no proper future C2 extension", "this class", "no proper future H2_loc extension", "no proper future C0 extension", "no proper future C^1,1 extension". Extract token via regex `(C0|C2|H2loc|C\^?\{?1,1\}?)`. "this class" → primary token C0.

Strength: size_rank = {C0:3, H2loc:2, C1,1:1, C2:0}.
Entails(A,B) = size_rank[A] >= size_rank[B].
Forbidden correct iff not Entails.

F2a forbidden rows include (no-C2 → no-C0), (no-C2 → no-H2loc), (AF-WCC→this class) — the last has no regularity token for from; skip (mark n/a).

F2b one_way rows: (no-H2loc→no-C2), (no-C0→no-C2) + one row with from "no proper future C^1,1 extension"? F2b lines 242-243 showed two rows: H2loc→C2 and C0→C2. Let me handle any.

Now the size-adjective scan:
```python
ADJ = re.compile(r'\b(strictly\s+)?(larger|smaller|bigger)\b', re.I)
TOK = re.compile(r'(C0|C2|H2loc|C\^\{?1,1\}?)')
def scan_size_adjectives():
    hits=[]
    for i,line in enumerate(f2b_lines,1):
        if 'extension' in line.lower() and ADJ.search(line):
            hits.append((i,line.strip()))
    return hits
```
Expect exactly 1 hit (line 246). Then classify its inversion via parsed forbidden row (row with reason == the hit text). I'll implement:
```python
def classify_size_claim(row, line_text):
    # find adjective
    m = ADJ.search(line_text); adj = m.group(2).lower()
    frm = TOK.search(row['from']); to = 'this class' if row['to']=='this class' else row['to']
    to_tok = 'C0' if to=='this class' else (TOK.search(to).group(1) if TOK.search(to) else None)
    frm_tok = normalize(frm.group(1))
    claimed_larger = adj in ('larger','bigger')
    actual_larger = size_rank[frm_tok] > size_rank[to_tok]
    return claimed_larger != actual_larger  # True => inconsistent
```
For row 0: to='this class' → C0; frm=C2; claimed_larger=True; actual_larger = 0>3 False → inconsistent True. 

But careful: row['reason'] is the text; I should use the reason text for the adjective scan, not the whole line. Use row['reason'].

Also scan all size-adjective text in the doc (census) but only the ledger row classification drives the verdict; other hits are reported informationally.

CD-02 check: substring "No containment with C2 or C0 is asserted here" in f2b text; and confirm f2a contains the corrected note "the earlier 'no containment with C2 is asserted' was wrong".

Candidate construction:
```python
EDIT_A = ("C2 is a strictly larger extension class, so C2-inextendibility is strictly weaker",
          "E_C2 is a strictly smaller extension set than E_C0, so C2-inextendibility is strictly weaker")
EDIT_B = ("No containment with C2 or C0 is asserted here;",
          "No containment among the regularity-axis values is asserted here (the extension-set containment is declared once in implication_ledger.extension_class_containment);")
```
Apply both to base → candidate_min (both). Also build candidate_A_only for a control. Count replacements must be exactly 1 each; else fail closed (exit 4? It's a precondition violation — but the base is pinned, so if not found, it's a harness error → exit 5). I'll use exit 5 for "precondition/decision-rule violation".

Diff: compute unified diff; assert changed lines == 2 (lines 152 and 246) and no other hunks. Note: the diff might show each edited line as -1/+1, two hunks → 2 changed lines total.

Canonical checker: run on candidate and on base; both must pass; candidate must be a valid YAML.

Controls:
- K1: revert edit A on candidate → size-claim scan must flag 1 inconsistency.
- K2: revert edit B on candidate (i.e., candidate_A_only) → CD-02 flag must be True.
- K3: invert direction of forbidden_transfers[0] (swap from/to in the YAML text of candidate) → entailment checker must flag row as wrongly forbidden (i.e., not forbidden). Implementation: parse a mutated candidate text where the row is replaced with `- {from: "no proper future C0 extension", to: "no proper future C2 extension", reason: "..."}` and check checker flags it as licensed (should be forbidden but isn't).
- K4: invert the declared chain in candidate (replace "E_C0 contains E_H2loc contains E_{C^1,1} contains E_C2" with "E_C2 contains E_{C^1,1} contains E_H2loc contains E_C0") → oracle parser must detect the chain as contradicting F2a's chain → check C5 flags.
- K5: pin-drift simulation → guard function must reject a mutated pin dict.
- K6: edit-substring-not-found simulation → apply_edits on F2a text must raise/return no-hit.
- K7: determinism: build candidate twice; sha256 equal.
- K8: outside-region identity: candidate_base == base except the 2 edited lines (checked by diff and by comparing lines).

Then write files. Let me write the code.

After the run, I'll manually review report.json, then emit events.

One more thing: the harness must not write outside my dirs. It will write:
- artifacts/worker-001/f2b_containment_repair/{REPAIR_CANDIDATE.yaml, REPAIR_CANDIDATE_A_only.yaml (control artifact? maybe not needed on disk — keep on disk for transparency but it's a mutated artifact; better keep only the final candidate and put mutation texts in report), REPAIR_CANDIDATE.diff, PINNED.json, report.json, README.md, CHECKPOINT.json, SUMMARY.json}
- runtime/state/worker-001_checkpoint_f2bcontainment.json

Let me write it.
dsh: reasoning:
Now write the harness. Let me carefully write the file.
dsh: reasoning:
Wait, I have a bug: the PINS entry for worker-008 prior art has a fake hash ("773858a088d3c2abff5d6e0f0a5b0eb9e4e6f4d0f63b6a3e73e8b8b0e0f0a5b0" — I invented the tail). Since it's in PRIOR_ART, mismatches are skipped, but missing would fail. The file exists, so measured is fine; no mismatch check. OK. But it's sloppy to put a fabricated expected hash. Better to compute the real hash and store it. Let me get the real sha256 of that file and worker-097 files, and update PINS. Actually, prior art pins are informational; but a fabricated expected value in a pinned manifest is bad practice. Let me measure and fix.

Also `p2a["order"]` in control K4: I wrote `k4_order[::-1] != p2a["order"]`. F2b order is largest→smallest [C0,H2loc,C1,1,C2]; F2a order is smallest→largest [C2,C1,1,H2loc,C0]. So k4 (inverted chain) order would be [C2,C1,1,H2loc,C0]; k4_order[::-1] = [C0,H2loc,C1,1,C2] != p2a order → detected. Good.

But careful: in K4, the replacement string `E_C2 contains E_{C^1,1} contains E_H2loc contains E_C0` — the original text on line 239 is `E_C0 contains E_H2loc contains E_{C^1,1} contains E_C2` exactly? Let me verify with grep: line 239: `extension_class_containment: "E_C0 contains E_H2loc contains E_{C^1,1} contains E_C2; this class requires...`. Yes exact substring exists.

Another bug: In K2, I compute `k1_text.replace(EDIT_A[1], EDIT_A[0])` = base (since candidate = base + A + B; reverting A gives base with B edit; then replacing A[1]→A[0] would find nothing because A[1] is not there after revert). Actually `k1_text = cand_both.replace(EDIT_A[1], EDIT_A[0])` is the A-reverted text (base with B only... wait: cand_both = base with A→A' and B→B'. Replacing A' back to A gives base with B→B' only). Then `k1_text.replace(EDIT_A[1], EDIT_A[0])` finds A'? No—A' was already reverted. So this replace does nothing; k1_text still has B'. The check `denial in k1_text...` = `denial in (base with B')` → denial is absent (B was edited) → control FAIL. Bug!

K2 should use `cand_a` (base + A only, B unedited) and check `denial in cand_a` → True. Let me fix: `control("K2_REVERT_EDIT_B_REDETECTS", denial in cand_a, ...)`.

Also `inv[0]` access is guarded by `cd01 = len(inv)==1 and ...` — Python's short-circuit means if len(inv)!=1, cd01 False and `inv[0]` in c6 is not evaluated? c6 uses `"cd01_detail": inv[0] if inv else None` — that's fine (guarded by truthiness of inv, not by cd01). Good.

Also in the PINS dict, `artifacts/worker-008/...` fabricated hash — fix.

Also I should double check: does `yaml.safe_load` on the F2b schema succeed with duplicate keys? The worker-097 review mentioned "K5 duplicate-key injection" as a control, meaning their checker handles duplicates; PyYAML silently allows duplicates. Fine.

Another potential issue: `check_class_schema.py` writes nothing; running with candidate path under artifacts/worker-001 — fine.

Also `measure_pins` has an unused `extra_warn_only` param; harmless but let me clean.

Also the runtime copy write: `runtime/state/` — allowed. It's inside workspace. Good.

Also note the artifact dir didn't exist when `write` created the file — it created parent dirs? The write tool reported "Created file", and it seems it created the directory. Let me verify.

Let me fix the two bugs (K2, prior-art hashes) and run.

Let me get real hashes for prior art.
dsh: reasoning:
The worker-008 report hash actually starts with 773858a088d3... interesting — my fabricated tail was wrong but the prefix matched (I had copied the prefix from the map's evidence ref `773858a088d3`). Let me fix the full hash and add the worker-097 hashes, and fix K2.

Let me make the edits.
dsh: reasoning:
Also remove the unused parameter `extra_warn_only` for cleanliness. Minor. Let me also double-check the "C2 is a strictly larger extension class" edit target is inside the YAML flow mapping and the replacement won't break YAML (the reason string is quoted, my replacement has no double quotes — contains commas? "E_C2 is a strictly smaller extension set than E_C0, so C2-inextendibility is strictly weaker" — comma inside a quoted string is fine).

Edit B replacement: contains parentheses and semicolon inside quoted string — fine.

Now run the harness.
dsh: reasoning:
The candidate failed. Controls passed. Let me inspect the report to see why C7 failed. Likely the canonical checker failed on the candidate, or candidate_inversions > 0, or changed line count.

Let me look at report.json checks C7 and the candidate.
dsh: reasoning:
The candidate itself is good: 0 inversions, checker pass. The `changed_line_count` is 4 because difflib counts the removed and added lines separately (2 removed + 2 added = 4 entries). My check `len(changed)==2` was wrong: it should be "exactly 2 changed line positions", i.e., 2 removed and 2 added = 4 +/- entries, or better: exactly 2 hunks, each 1-/1+, and K8 already verifies differing line positions == [152, 246].

Note also the diff shows line 243 context with rows I hadn't seen (distributional-vacuum rows) — interesting, but fine.

Fix C7: `len(changed) == 4 and sum(1 for c in changed if c.startswith('-'))==2 and sum(...startswith('+'))==2`, plus require the diff hunks count == 2. Simpler and stricter: use K8-style direct line comparison: differing line numbers == [152,246] and no insert/delete (len equal). Let me change the condition to:

```python
added = [c for c in changed if c.startswith('+')]
removed = [c for c in changed if c.startswith('-')]
line_positions = [i for i,(a,b) in enumerate(zip(base.splitlines(), cand_both.splitlines()),1) if a!=b]
c7_ok = (not cand_inv and checker_cand.get("verdict")=="pass"
         and len(added)==2 and len(removed)==2 and line_positions==[152,246]
         and len(base.splitlines())==len(cand_both.splitlines()))
```

Also record `changed_lines` positions in the report.

Note: the report/README/checkpoint were already written with the FAIL verdict; I'll re-run after the fix, which regenerates everything (report.json etc.). The candidate file will be rewritten identically. The harness hash changes, that's fine — but note: CHECKPOINT.json includes the harness hash computed at runtime, so consistent.

One issue: re-running regenerates `created_at`/`finished_at`. Fine.

Also I notice the diff header "--- base +++ candidate" from difflib with lineterm="". Good.

Let me fix and rerun.
dsh: reasoning:
I moved the checker runs after their use in c7_ok. Fix the ordering: run checkers before computing c7_ok.
dsh: reasoning:
The harness now produces: CD01_CONFIRMED, CD02_PRESENT, REPAIR_CANDIDATE_VERIFIED, controls 8/8, exit 0.

Let me review the full report once for correctness and check key details (checks, findings, candidate, diff, adoption impact), then re-run once more to confirm determinism of the whole pipeline (and pin stability). Then emit events.

Let me read report.json (it's ~?) and verify README and CHECKPOINT. Also verify the runtime copy is byte-identical.
dsh: reasoning:
Everything is verified. Note one detail: FROZEN rev29 affected files = 2 (canonical + mirror). Good.

Now let me run the harness once more to confirm end-to-end determinism/pin stability (the candidate hash should stay the same; report hash may change due to timestamps, which is expected). Actually re-running would change report/readme/checkpoint hashes due to timestamps — that would invalidate the hashes I'm about to emit. I should NOT re-run after emitting. To test determinism I already have K7 (candidate determinism). Pin stability was verified at run time. Let me skip a full re-run.

Hmm, but wait: I might want to check the diff file and candidate validity one more time. Already verified via checker pass and diff positions. Let me quickly check the REPAIR_CANDIDATE.yaml parses and its changed lines are exactly at 152/246 (K8 did this).

Now, the checkpoint requirement: "checkpoint". I have CHECKPOINT.json + runtime copy. Good.

Next: emit events into comms/outbox/worker-001.jsonl. I'll write a small emit script that appends 10 events with:
- created_at timestamps (now, +08:00)
- actor worker-001
- task_id
- node_id F2b, class_id AF-SCC-C0-VAC-GEN (and class_ids list where useful)
- gate G-FORM

Events:
1. artifact — `t1_containment_adjudication_harness`? artifact_type string: "containment_closure_harness", path artifacts/worker-001/f2b_containment_repair/adjudicate_containment_repair.py, sha256 8d58b6a8c39f..., validation_status "unverified".
2. artifact — "input_pin_manifest" PINNED.json sha 9610fa74163a...
3. artifact — "repair_candidate" REPAIR_CANDIDATE.yaml sha 90ede5c9516b...
4. artifact — "repair_diff" REPAIR_CANDIDATE.diff sha a45fbae3a8af...
5. artifact — "adjudication_report" report.json sha d6d57e9bbda7...
6. artifact — "adjudication_summary" README.md sha 0e73d8b4f63c...
7. artifact — "worker_checkpoint" CHECKPOINT.json sha e5da283cb7c9...
8. artifact — "worker_checkpoint_state_copy" runtime/state/worker-001_checkpoint_f2bcontainment.json sha e5da283cb7c9...
9. claim — conclusion_type "formal_model", counts_as_full_schema_verdict false, statement with IDs/verdict/pins, artifact_refs, evidence_refs full-path#sha256-prefix, assumptions, falsifier, not_claimed.
10. status — status "active", hours ~0.5, summary, evidence_refs, next_falsifier, completion_scope, authority_note.

Also maybe a `review` event? My output is an adjudication that can serve as a *review* of L-FORM-01 finding, target_id "schemas/af_scc_c0_vacuum.yaml#b2ab6acb2bbe" with reviewer worker-001, verdict... Hmm: review verdict field expects accept|revise|reject|inconclusive. A review of the *artifact* would be "revise" (because of the confirmed defect). That would add a 0-accept F2b verdict (revise) — honest. But careful: `counts_as_full_schema_verdict` false; the review is scoped to the containment finding, not a full-schema verdict. Should I emit a `review` event? It might get counted in the map's review coverage incorrectly as a full-schema F2b verdict. The map's coverage scan likely counts any review event whose target matches the hash. That could add a "revise" for F2b — which is fine and accurate (worker-097 already added one). But it could also confuse the controller's coverage logic. My prior pattern: worker-001's F2b-index-deferral emitted a claim + status, not a review. The report itself contains the adjudication. I'll skip the `review` event to avoid double-counting semantics, and clearly state in the claim/status that this is not a full-schema verdict. Actually... hmm, the controller's G-FORM coverage counts reviews from outbox `review` events with verdict accept. Since mine would be revise, it wouldn't affect accept coverage. It would be informative. But the risk: the map's "review scan" may treat a revise from worker-001 as voiding/reducing something? No, it just records. Still, to keep strictly within "one bounded class-bound task" and avoid review-count inflation, I'll include the adjudication in the claim and explicitly note it's not a full-schema verdict, and not emit a review event. Hmm.

Wait — actually, is there value in a `review` event? The G-FORM r3 verification needs "at least two full-schema verdicts from distinct reviewers who did not author the artifact". Mine is not a full-schema verdict (only the containment axis), so it must NOT count. Emitting a `review` event with `counts_as_full_schema_verdict:false` might still be picked up by a naive counter. Better to not emit a review event. Good.

Let me now write the emit script and run it. I'll append to comms/outbox/worker-001.jsonl. Also include `supersedes` nothing (new task).

Note: my prior events in that file had `task_id` and fields. I'll follow the same style. The `evidence_refs` should be full paths with #sha256-prefix.

Also: should I emit events for the `SUMMARY.json`? Not necessary; report is authoritative. I'll mention SUMMARY not needed.

One more consideration: the file `comms/outbox/worker-001.jsonl` currently has 57 lines. I'll append.

Let me write the emit script inline via bash python here-doc (not a persisted file) — or persist it under my artifact dir? A persisted emit script is nice for provenance but then its hash changes the checkpoint... I already have the checkpoint; adding a new file after checkpoint would be inconsistent ("artifacts" listed in checkpoint wouldn't include it). Simpler: use an inline here-doc to append events. The events reference existing artifacts only. That keeps the checkpoint accurate.

But wait: order matters. The events must be valid JSON per line with required fields per event type:
- artifact: required node_id, artifact_type, path, sha256, validation_status. ✓
- claim: required class_id, statement, conclusion_type, assumptions, falsifier, evidence_refs. ✓
- status: protocol downward/upward says status — node_id, status, hours, summary, evidence_refs, next_falsifier. ✓

Also the schema is oneOf and additionalProperties true, so extra fields fine.

Let me build the events carefully with real hashes:
- harness: 8d58b6a8c39f729200bce74ebe5e4ed9d51d3b202dcd0d08a29573dc98ac9f97
- candidate: 90ede5c9516b5b4d18346bed6224561d06194b3c485067976be9aab55dd5a328
- diff: a45fbae3a8afc01f0e7d5b64bc773a2c34aeb984e734dd092e30dc04f0fd6bde
- pinned: 9610fa74163acfc3f4886fce9c8c66c1e68a126d076f83a45f0f31503535c8bf
- report: d6d57e9bbda77781b699bf4c4c7b4aea28da535a96e2efbdce593b18d6853995
- readme: 0e73d8b4f63cbb82b14bb73fd462d994cb8ac9e88c390de5de3d620bfe3617e0
- checkpoint: e5da283cb7c90208856aa8cc425b39e667ae265e0ac1a9b6175b84d1e15f8495

Pins: F2b b2ab6acb2bbe..., F2a e9a27996dfd3..., F1 d9cebb9404b2..., F0 0abb9ed8a961..., supplement d7419b4e8963..., FROZEN 815e08079aef..., checker tool 000e09e46b2f..., taxonomy_consistency 9e335e9ba1bf...

Timestamps: use current time. Let me compute with Python at emit time.

Let me draft the claim statement text (must be precise, with IDs and hash evidence):

"At the pinned rev13 bytes (F2b schemas/af_scc_c0_vacuum.yaml#b2ab6acb2bbe, F2a schemas/af_scc_c2_vacuum.yaml#e9a27996dfd3, F1 d9cebb9404b2, canonical F0 0abb9ed8a961, supplement d7419b4e8963, FROZEN rev29 815e08079aef), independent fail-closed adjudication W001-F2B-REV13-CONTAINMENT-CLOSURE-01 finds: (F-01) implication_ledger.forbidden_transfers[0].reason line 246 — 'C2 is a strictly larger extension class, so C2-inextendibility is strictly weaker' — inverts the document's own E-set order (line 239 'E_C0 contains E_H2loc contains E_{C^1,1} contains E_C2'; line 242 'E_C2 subset of E_H2loc'), confirmed as an internal-consistency defect; the row's transfer direction is correct and the consequence ('C2-inextendibility is strictly weaker') is true, so this is a lexical size-gloss defect, not a class-semantics defect. (F-02) line 152's literal denial 'No containment with C2 or C0 is asserted here' coexists with the declared chain and with F2a's sibling note marking that denial wrong; a scoped reading (regularity-axis values) is available, so it is carried as major ambiguity, not a confirmed class-semantic failure. Non-canonical minimal repair candidate REPAIR_CANDIDATE.yaml (sha256 90ede5c9516b) = base + 2 lexical edits at lines 152/246: 0 size inversions, canonical check_class_schema.py verdict pass (base and candidate), diff confined to those 2 line positions, controls 8/8 PASS (K1-K8). Checks C1-C7 PASS; forbidden-transfer and one-way-entailment audits pass on both F2b and F2a. Adoption would create a new F2b revision hash, requires astra-lead-formulation authorization + downstream re-base, and voids rev13-bound F2b verdicts as advisory only (2 FROZEN rev29 entries reference the F2b path)."

Assumptions: document's own E-notation binds "extension class" to the set of extensions; transfer-row direction and consequence are separable from the size gloss; measurement is about artifact text, not mathematical truth.

Falsifier: "Re-run artifacts/worker-001/f2b_containment_repair/adjudicate_containment_repair.py at the recorded pins: any pin move exits 3 without a verdict. At the pins: F-01 falsified by a documented convention in F2b under which 'X extension class' denotes data admitting X extensions (consistent with lines 239/242); F-02 by evidence the literal denial is contract-required; the candidate by a failed canonical checker run, a diff touching lines other than 152/246, or any control K1-K8 not behaving as pre-registered."

not_claimed: no gate verdict, no node status, no canonical edit, no mathematical claim, not a full-schema verdict (counts_as_full_schema_verdict=false).

Status summary: "One bounded class-bound task complete at worker level: W001-F2B-REV13-CONTAINMENT-CLOSURE-01 (F2b/AF-SCC-C0-VAC-GEN, G-FORM). Verdicts CD01_CONFIRMED (line 246 inverted size gloss; transfer direction correct) + CD02_PRESENT (line 152 stale denial; scoped reading available) + REPAIR_CANDIDATE_VERIFIED (non-canonical 2-edit candidate 90ede5c9516b, canonical checker pass, diff confined to 152/246, controls 8/8). Candidate is a proposal for astra-lead-formulation; no canonical write. Worker lifecycle ends; node F2b status not moved."

OK. Let me write the emit here-doc. I'll construct events as Python dicts and append with json.dumps(..., ensure_ascii=False). Then verify all lines parse and count.

Also: should I add a `supersedes_event_id`? No.

Let me also double check that jsonl lines must be one JSON object per line. Yes.

After emitting, I'll verify: (a) last N lines parse; (b) all paths in evidence refs exist and hashes match prefixes. Let me include that verification in the emit script (assert each referenced path#sha256 prefix matches measured).

One caution: `runtime/state/worker-001_checkpoint_f2bcontainment.json` is a runtime file — the protocol says runtime/state is where checkpoints go. Fine.

Let me write the emit script.
dsh: reasoning:
The event IDs have a doubled "+0800+0800" because `%z` already includes +0800 and I appended "+0800". That's ugly but not invalid (event_id is just a string). However, for cleanliness and consistency with prior worker-001 event ids (e.g., `w001-f2bidx-artifact-harness-f-20260912T010000+0800`), the stamp should be `20260912T011011+0800`. Let me fix the appended lines: rewrite the last 9 lines replacing the doubled suffix. That's a targeted text fix.

Also note the 9 events: 8 artifacts + claim + status = 10? Wait: 8 artifact keys, plus claim, plus status = 10. But it printed 9 events and the list shows 8 artifact + 1 claim — the status event is missing! Let me look: the list has harness, pinned, candidate, diff, report, readme, checkpoint, state (8) + claim (1) = 9. The status event... I did `events.append(status)`. But the list shows only 9 ids and no `w001-f2bc-status...`. Hmm, wait the printed list ends at claim. Did I append status? Yes: `events.append(status)` after defining status. But the output shows 9 events and the 9th is claim. Let me recount the printed ids: harness, pinned, candidate, diff, report, readme, checkpoint, state = 8; then claim = 9. Status missing → 10 expected. Why?

Oh! I see — I appended the claim to `events` before the status definition, then `events.append(status)`. The print says appended 9. So status wasn't appended? Let me re-read the script... Actually I see: after `events.append(claim)` I define status and `events.append(status)`. That should be 10. Unless... the `status` event was appended but the print list comprehension only shows... no, it shows all events.

Wait, maybe the heredoc got truncated? No. Let me check the actual file: tail -12 lines and count. Let me inspect. Maybe there's an exception? No, it printed.

Hmm, actually looking at my script text again: I wrote

```
events.append(claim)

status = dict(common)
status.update({...})
...
})

out = "comms/outbox/worker-001.jsonl"
```

Wait — did I actually include `events.append(status)`? Let me scroll: after the status.update({...}) closing `})`, the next line is `out = ...`. I think I forgot `events.append(status)`. Yes — in the script above, after the status dict update block, there's no append. Let me verify by checking the file and then append the status event separately with a corrected event_id.

Also fix the doubled +0800 in the 9 already-written lines. Let me do both: 
1. Read the last 9 lines, fix event_id, rewrite file.
2. Append the status event.

Let me verify what's in the file first.
dsh: reasoning:
Now all 10 events are in place. Let me validate:
1. Every line in the last 10 parses (done).
2. Schema-validate the new events against research_map/events.schema.json? jsonschema may be available. Let me try a quick validation with jsonschema if installed; otherwise basic required-field checks. Actually the protocol's ingest does its own validation. I can at least verify required fields per event type.
3. Verify evidence refs resolve (path#sha256 prefix matches measured) for all refs in the new events.
4. Verify the checkpoint hash still matches the artifacts (nothing changed since checkpoint: the artifacts were written by the harness before CHECKPOINT; I appended events to outbox, which is not referenced in the checkpoint artifacts — fine).

But wait: the CHECKPOINT.json lists harness hash 8d58b6a8... — that was measured at harness run time (after my last edit, since hash was computed during the run). The file hasn't changed since. Good. But note: I edited the harness after the failing run and then ran successfully; the checkpoint's harness hash is from the successful run. And the emit script verified 8d58b6a8 == sha(harness). ✓.

Also, the `SUMMARY.json` exists but isn't referenced in events — that's fine (it's an internal convenience file). Hmm, but the checkpoint doesn't list SUMMARY.json either. It's an extra file in my artifact dir. That's acceptable but could confuse "no unreferenced artifacts"? Not a rule. Fine.

Let me do a final validation pass:
- Required-field check per event type for the last 10 events.
- Evidence-ref resolution for all full-path refs in the last 10 events.
- Confirm no canonical files were modified: check sha256 of the canonical F2b/F2a/F1/F0/FROZEN still match the pins (the harness's pin guard did this at run time, but let me re-verify now).
- Confirm the only files I created/modified: artifacts/worker-001/f2b_containment_repair/*, runtime/state/worker-001_checkpoint_f2bcontainment.json, comms/outbox/worker-001.jsonl.

Then update todos and give the final answer.

One more thought: the instruction says "checkpoint, then exit". Done: CHECKPOINT.json + runtime copy, and it's hashed in the events. 

Also, should I take the class-bound task and emit *only* valid JSON? The outbox events are valid JSON. Good.

Let me run the validation.
dsh: reasoning:
Everything validates:
- 10 new events, required fields PASS.
- 30 evidence refs resolve with matching hashes.
- Pins stable.
- Checkpoint copy identical.

One last sanity check: did I accidentally modify any canonical file? The list of files I wrote:
1. artifacts/worker-001/f2b_containment_repair/* (8 files)
2. runtime/state/worker-001_checkpoint_f2bcontainment.json
3. comms/outbox/worker-001.jsonl (append)

No canonical writes. Pin check confirms canonical hashes unchanged.

Let me also check whether the map/other state needs updating — no, workers write only to outbox; ingest is controller-only.

Update todos to completed and give the final answer with a concise summary: task taken, verdicts, artifacts/hashes, events, checkpoint, falsifier, and exit. The user asked for a bounded execution worker: emit valid JSON with IDs evidence hash falsifier, checkpoint, then exit. So my final message should summarize what was emitted.

Let me finalize todos.
